local_time,quote_time,code,name,price,pct,open,high,low,prev_close,amount,trigger_price,invalid_price
2026-06-22T09:25:02,2026-06-22 09:25:00,001223,欧克科技,49.54,0.999,49.54,49.54,49.54,49.05,3334042.0,49.05,45.3
2026-06-22T09:25:02,2026-06-22 09:25:00,002906,华阳集团,28.99,-0.6852,28.99,28.99,28.99,29.19,4470258.0,29.19,26.27
2026-06-22T09:25:02,2026-06-22 09:25:00,600183,生益科技,186.6,1.4847,186.6,186.6,186.6,183.87,181863159.0,179.15,164.818
2026-06-22T09:26:04,2026-06-22 09:25:44,603020,爱普股份,13.89,-0.5014,13.89,13.89,13.89,13.96,4604535.0,13.96,12.88
2026-06-22T09:26:04,2026-06-22 09:25:00,001223,欧克科技,49.54,0.999,49.54,49.54,49.54,49.05,3334042.0,49.05,45.3
2026-06-22T09:26:04,2026-06-22 09:25:00,002906,华阳集团,28.99,-0.6852,28.99,28.99,28.99,29.19,4470258.0,29.19,26.27
2026-06-22T09:26:04,2026-06-22 09:25:42,603637,镇海股份,18.72,0.0,18.72,18.72,18.72,18.72,2781792.0,18.72,16.66
2026-06-22T09:26:04,2026-06-22 09:25:49,600183,生益科技,186.6,1.4847,186.6,186.6,186.6,183.87,181863159.0,179.15,164.818
2026-06-22T09:27:05,2026-06-22 09:26:44,603020,爱普股份,13.89,-0.5014,13.89,13.89,13.89,13.96,4604535.0,13.96,12.88
2026-06-22T09:27:05,2026-06-22 09:25:00,001223,欧克科技,49.54,0.999,49.54,49.54,49.54,49.05,3334042.0,49.05,45.3
2026-06-22T09:27:05,2026-06-22 09:25:00,002906,华阳集团,28.99,-0.6852,28.99,28.99,28.99,29.19,4470258.0,29.19,26.27
2026-06-22T09:27:05,2026-06-22 09:26:42,603637,镇海股份,18.72,0.0,18.72,18.72,18.72,18.72,2781792.0,18.72,16.66
2026-06-22T09:27:05,2026-06-22 09:26:49,600183,生益科技,186.6,1.4847,186.6,186.6,186.6,183.87,181863159.0,179.15,164.818
2026-06-22T09:28:06,2026-06-22 09:27:44,603020,爱普股份,13.89,-0.5014,13.89,13.89,13.89,13.96,4604535.0,13.96,12.88
2026-06-22T09:28:06,2026-06-22 09:25:00,001223,欧克科技,49.54,0.999,49.54,49.54,49.54,49.05,3334042.0,49.05,45.3
2026-06-22T09:28:06,2026-06-22 09:25:00,002906,华阳集团,28.99,-0.6852,28.99,28.99,28.99,29.19,4470258.0,29.19,26.27
2026-06-22T09:28:06,2026-06-22 09:27:42,603637,镇海股份,18.72,0.0,18.72,18.72,18.72,18.72,2781792.0,18.72,16.66
2026-06-22T09:28:06,2026-06-22 09:27:49,600183,生益科技,186.6,1.4847,186.6,186.6,186.6,183.87,181863159.0,179.15,164.818
2026-06-22T09:29:07,2026-06-22 09:28:44,603020,爱普股份,13.89,-0.5014,13.89,13.89,13.89,13.96,4604535.0,13.96,12.88
2026-06-22T09:29:07,2026-06-22 09:25:00,001223,欧克科技,49.54,0.999,49.54,49.54,49.54,49.05,3334042.0,49.05,45.3
2026-06-22T09:29:07,2026-06-22 09:25:00,002906,华阳集团,28.99,-0.6852,28.99,28.99,28.99,29.19,4470258.0,29.19,26.27
2026-06-22T09:29:07,2026-06-22 09:28:42,603637,镇海股份,18.72,0.0,18.72,18.72,18.72,18.72,2781792.0,18.72,16.66
2026-06-22T09:29:07,2026-06-22 09:28:49,600183,生益科技,186.6,1.4847,186.6,186.6,186.6,183.87,181863159.0,179.15,164.818
2026-06-22T09:30:08,2026-06-22 09:30:04,603020,爱普股份,13.94,-0.1433,13.89,14.0,13.89,13.96,5189575.0,13.96,12.88
2026-06-22T09:30:08,2026-06-22 09:30:06,001223,欧克科技,49.1,0.1019,49.54,49.64,49.1,49.05,5414068.2,49.05,45.3
2026-06-22T09:30:08,2026-06-22 09:30:06,002906,华阳集团,28.99,-0.6852,28.99,29.0,28.82,29.19,14879945.0,29.19,26.27
2026-06-22T09:30:08,2026-06-22 09:30:05,603637,镇海股份,18.78,0.3205,18.72,18.78,18.72,18.72,3350548.0,18.72,16.66
2026-06-22T09:30:08,2026-06-22 09:30:06,600183,生益科技,186.65,1.5119,186.6,187.39,186.6,183.87,249657293.0,179.15,164.818
2026-06-22T09:31:12,2026-06-22 09:31:10,603020,爱普股份,14.06,0.7163,13.89,14.2,13.89,13.96,14852087.0,13.96,12.88
2026-06-22T09:31:12,2026-06-22 09:31:09,001223,欧克科技,48.9,-0.3058,49.54,49.64,48.9,49.05,9365423.4,49.05,45.3
2026-06-22T09:31:12,2026-06-22 09:31:09,002906,华阳集团,28.67,-1.7814,28.99,29.15,28.67,29.19,25844930.0,29.19,26.27
2026-06-22T09:31:12,2026-06-22 09:31:11,603637,镇海股份,19.08,1.9231,18.72,19.08,18.7,18.72,8751235.0,18.72,16.66
2026-06-22T09:31:12,2026-06-22 09:31:09,600183,生益科技,183.86,-0.0054,186.6,187.39,183.2,183.87,639680669.0,179.15,164.818
2026-06-22T09:32:14,2026-06-22 09:32:10,603020,爱普股份,14.25,2.0774,13.89,14.26,13.89,13.96,23887809.0,13.96,12.88
2026-06-22T09:32:14,2026-06-22 09:32:12,001223,欧克科技,48.46,-1.2029,49.54,49.64,48.41,49.05,14617344.57,49.05,45.3
2026-06-22T09:32:14,2026-06-22 09:32:12,002906,华阳集团,28.55,-2.1925,28.99,29.15,28.39,29.19,40043170.0,29.19,26.27
2026-06-22T09:32:14,2026-06-22 09:32:11,603637,镇海股份,19.22,2.6709,18.72,19.29,18.7,18.72,15786340.0,18.72,16.66
2026-06-22T09:32:14,2026-06-22 09:32:10,600183,生益科技,185.05,0.6418,186.6,187.39,181.96,183.87,966503627.0,179.15,164.818
2026-06-22T09:33:15,2026-06-22 09:33:13,603020,爱普股份,14.15,1.361,13.89,14.26,13.89,13.96,29341890.0,13.96,12.88
2026-06-22T09:33:15,2026-06-22 09:33:12,001223,欧克科技,48.34,-1.4475,49.54,49.64,48.33,49.05,16650129.57,49.05,45.3
2026-06-22T09:33:15,2026-06-22 09:33:12,002906,华阳集团,28.56,-2.1583,28.99,29.15,28.39,29.19,50280991.0,29.19,26.27
2026-06-22T09:33:15,2026-06-22 09:33:11,603637,镇海股份,19.15,2.297,18.72,19.29,18.7,18.72,20469374.0,18.72,16.66
2026-06-22T09:33:15,2026-06-22 09:33:13,600183,生益科技,184.58,0.3861,186.6,187.39,181.96,183.87,1198506921.0,179.15,164.818
2026-06-22T09:34:16,2026-06-22 09:34:13,603020,爱普股份,14.02,0.4298,13.89,14.26,13.89,13.96,32447244.0,13.96,12.88
2026-06-22T09:34:16,2026-06-22 09:34:15,001223,欧克科技,48.25,-1.631,49.54,49.64,48.22,49.05,19080803.17,49.05,45.3
2026-06-22T09:34:16,2026-06-22 09:34:15,002906,华阳集团,28.55,-2.1925,28.99,29.15,28.39,29.19,58647379.0,29.19,26.27
2026-06-22T09:34:16,2026-06-22 09:34:14,603637,镇海股份,19.39,3.5791,18.72,19.39,18.7,18.72,24407773.0,18.72,16.66
2026-06-22T09:34:16,2026-06-22 09:34:12,600183,生益科技,184.93,0.5765,186.6,187.39,181.96,183.87,1454657346.0,179.15,164.818
2026-06-22T09:35:17,2026-06-22 09:35:13,603020,爱普股份,14.01,0.3582,13.89,14.26,13.89,13.96,37426999.0,13.96,12.88
2026-06-22T09:35:17,2026-06-22 09:35:15,001223,欧克科技,48.26,-1.6106,49.54,49.64,48.2,49.05,21064387.17,49.05,45.3
2026-06-22T09:35:17,2026-06-22 09:35:15,002906,华阳集团,28.6,-2.0212,28.99,29.15,28.39,29.19,63379361.0,29.19,26.27
2026-06-22T09:35:17,2026-06-22 09:35:14,603637,镇海股份,19.48,4.0598,18.72,19.49,18.7,18.72,32739511.0,18.72,16.66
2026-06-22T09:35:17,2026-06-22 09:35:15,600183,生益科技,186.21,1.2726,186.6,187.39,181.96,183.87,1648846935.0,179.15,164.818
2026-06-22T09:36:18,2026-06-22 09:36:16,603020,爱普股份,14.07,0.788,13.89,14.26,13.89,13.96,39737360.0,13.96,12.88
2026-06-22T09:36:18,2026-06-22 09:36:15,001223,欧克科技,48.29,-1.5494,49.54,49.64,48.2,49.05,22368352.17,49.05,45.3
2026-06-22T09:36:18,2026-06-22 09:36:15,002906,华阳集团,28.58,-2.0898,28.99,29.15,28.39,29.19,68723732.0,29.19,26.27
2026-06-22T09:36:18,2026-06-22 09:36:14,603637,镇海股份,19.5,4.1667,18.72,19.59,18.7,18.72,40791779.0,18.72,16.66
2026-06-22T09:36:18,2026-06-22 09:36:16,600183,生益科技,186.67,1.5228,186.6,187.39,181.96,183.87,1844294471.0,179.15,164.818
2026-06-22T09:37:19,2026-06-22 09:37:16,603020,爱普股份,14.27,2.2206,13.89,14.29,13.89,13.96,42307777.0,13.96,12.88
2026-06-22T09:37:19,2026-06-22 09:37:18,001223,欧克科技,48.5,-1.1213,49.54,49.64,48.2,49.05,23872651.13,49.05,45.3
2026-06-22T09:37:19,2026-06-22 09:37:18,002906,华阳集团,28.78,-1.4046,28.99,29.15,28.39,29.19,72253091.0,29.19,26.27
2026-06-22T09:37:19,2026-06-22 09:37:17,603637,镇海股份,19.62,4.8077,18.72,19.67,18.7,18.72,46864338.0,18.72,16.66
2026-06-22T09:37:19,2026-06-22 09:37:19,600183,生益科技,188.35,2.4365,186.6,188.5,181.96,183.87,2064865610.0,179.15,164.818
2026-06-22T09:38:20,2026-06-22 09:38:19,603020,爱普股份,14.25,2.0774,13.89,14.34,13.89,13.96,47297154.0,13.96,12.88
2026-06-22T09:38:20,2026-06-22 09:38:18,001223,欧克科技,48.24,-1.6514,49.54,49.64,48.2,49.05,27467166.33,49.05,45.3
2026-06-22T09:38:20,2026-06-22 09:38:18,002906,华阳集团,28.73,-1.5759,28.99,29.15,28.39,29.19,75806580.0,29.19,26.27
2026-06-22T09:38:20,2026-06-22 09:38:17,603637,镇海股份,19.42,3.7393,18.72,19.67,18.7,18.72,50721992.0,18.72,16.66
2026-06-22T09:38:20,2026-06-22 09:38:18,600183,生益科技,187.0,1.7023,186.6,188.5,181.96,183.87,2254602833.0,179.15,164.818
2026-06-22T09:39:22,2026-06-22 09:39:19,603020,爱普股份,14.34,2.7221,13.89,14.36,13.89,13.96,50690023.0,13.96,12.88
2026-06-22T09:39:22,2026-06-22 09:39:18,001223,欧克科技,48.49,-1.1417,49.54,49.64,48.18,49.05,29054328.73,49.05,45.3
2026-06-22T09:39:22,2026-06-22 09:39:18,002906,华阳集团,28.74,-1.5416,28.99,29.15,28.39,29.19,78431978.0,29.19,26.27
2026-06-22T09:39:22,2026-06-22 09:39:20,603637,镇海股份,19.38,3.5256,18.72,19.67,18.7,18.72,55465960.0,18.72,16.66
2026-06-22T09:39:22,2026-06-22 09:39:18,600183,生益科技,186.5,1.4304,186.6,188.5,181.96,183.87,2433292555.0,179.15,164.818
2026-06-22T09:40:23,2026-06-22 09:40:19,603020,爱普股份,14.32,2.5788,13.89,14.4,13.89,13.96,56128959.0,13.96,12.88
2026-06-22T09:40:23,2026-06-22 09:40:21,001223,欧克科技,48.62,-0.8767,49.54,49.64,48.18,49.05,29947583.73,49.05,45.3
2026-06-22T09:40:23,2026-06-22 09:40:21,002906,华阳集团,28.57,-2.124,28.99,29.15,28.39,29.19,82566802.75,29.19,26.27
2026-06-22T09:40:23,2026-06-22 09:40:20,603637,镇海股份,19.49,4.1132,18.72,19.67,18.7,18.72,58176942.0,18.72,16.66
2026-06-22T09:40:23,2026-06-22 09:40:21,600183,生益科技,187.92,2.2026,186.6,188.5,181.96,183.87,2611253573.0,179.15,164.818
2026-06-22T09:41:25,2026-06-22 09:41:22,603020,爱普股份,14.4,3.1519,13.89,14.42,13.89,13.96,61007905.0,13.96,12.88
2026-06-22T09:41:25,2026-06-22 09:41:21,001223,欧克科技,48.08,-1.9776,49.54,49.64,48.08,49.05,31449683.73,49.05,45.3
2026-06-22T09:41:25,2026-06-22 09:41:21,002906,华阳集团,28.45,-2.5351,28.99,29.15,28.39,29.19,89041457.0,29.19,26.27
2026-06-22T09:41:25,2026-06-22 09:41:23,603637,镇海股份,19.42,3.7393,18.72,19.67,18.7,18.72,59849853.0,18.72,16.66
2026-06-22T09:41:25,2026-06-22 09:41:21,600183,生益科技,187.24,1.8328,186.6,188.78,181.96,183.87,2824224711.0,179.15,164.818
2026-06-22T09:42:26,2026-06-22 09:42:22,603020,爱普股份,14.58,4.4413,13.89,14.59,13.89,13.96,74994369.0,13.96,12.88
2026-06-22T09:42:26,2026-06-22 09:42:24,001223,欧克科技,48.28,-1.5698,49.54,49.64,48.01,49.05,33173230.13,49.05,45.3
2026-06-22T09:42:26,2026-06-22 09:42:24,002906,华阳集团,28.31,-3.0147,28.99,29.15,28.3,29.19,96319565.0,29.19,26.27
2026-06-22T09:42:26,2026-06-22 09:42:23,603637,镇海股份,19.31,3.1517,18.72,19.67,18.7,18.72,62013099.0,18.72,16.66
2026-06-22T09:42:26,2026-06-22 09:42:24,600183,生益科技,189.0,2.79,186.6,189.0,181.96,183.87,3042325662.0,179.15,164.818
2026-06-22T09:43:27,2026-06-22 09:43:25,603020,爱普股份,14.66,5.0143,13.89,14.68,13.89,13.96,81101252.0,13.96,12.88
2026-06-22T09:43:27,2026-06-22 09:43:24,001223,欧克科技,48.26,-1.6106,49.54,49.64,48.01,49.05,34143541.13,49.05,45.3
2026-06-22T09:43:27,2026-06-22 09:43:24,002906,华阳集团,28.22,-3.3231,28.99,29.15,28.21,29.19,103693583.0,29.19,26.27
2026-06-22T09:43:27,2026-06-22 09:43:23,603637,镇海股份,19.36,3.4188,18.72,19.67,18.7,18.72,64570224.0,18.72,16.66
2026-06-22T09:43:27,2026-06-22 09:43:25,600183,生益科技,189.81,3.2305,186.6,190.28,181.96,183.87,3242258404.0,179.15,164.818
2026-06-22T09:44:28,2026-06-22 09:44:25,603020,爱普股份,14.69,5.2292,13.89,14.77,13.89,13.96,86885718.0,13.96,12.88
2026-06-22T09:44:28,2026-06-22 09:44:27,001223,欧克科技,48.46,-1.2029,49.54,49.64,48.01,49.05,35796437.13,49.05,45.3
2026-06-22T09:44:28,2026-06-22 09:44:27,002906,华阳集团,28.23,-3.2888,28.99,29.15,28.18,29.19,109891229.0,29.19,26.27
2026-06-22T09:44:28,2026-06-22 09:44:26,603637,镇海股份,19.45,3.8996,18.72,19.67,18.7,18.72,68119823.0,18.72,16.66
2026-06-22T09:44:28,2026-06-22 09:44:25,600183,生益科技,188.9,2.7356,186.6,190.28,181.96,183.87,3387195738.0,179.15,164.818
2026-06-22T09:45:30,2026-06-22 09:45:25,603020,爱普股份,14.59,4.5129,13.89,14.77,13.89,13.96,89210016.0,13.96,12.88
2026-06-22T09:45:30,2026-06-22 09:45:27,001223,欧克科技,48.7,-0.7136,49.54,49.64,48.01,49.05,37035390.13,49.05,45.3
2026-06-22T09:45:30,2026-06-22 09:45:27,002906,华阳集团,28.1,-3.7342,28.99,29.15,28.09,29.19,116525470.25,29.19,26.27
2026-06-22T09:45:30,2026-06-22 09:45:26,603637,镇海股份,19.45,3.8996,18.72,19.67,18.7,18.72,69625037.0,18.72,16.66
2026-06-22T09:45:30,2026-06-22 09:45:28,600183,生益科技,190.35,3.5242,186.6,190.47,181.96,183.87,3516098185.0,179.15,164.818
2026-06-22T09:46:32,2026-06-22 09:46:28,603020,爱普股份,14.52,4.0115,13.89,14.77,13.89,13.96,91811867.0,13.96,12.88
2026-06-22T09:46:32,2026-06-22 09:46:30,001223,欧克科技,48.25,-1.631,49.54,49.64,48.01,49.05,37913320.13,49.05,45.3
2026-06-22T09:46:32,2026-06-22 09:46:30,002906,华阳集团,28.02,-4.0082,28.99,29.15,28.02,29.19,125849739.25,29.19,26.27
2026-06-22T09:46:32,2026-06-22 09:46:29,603637,镇海股份,19.24,2.7778,18.72,19.67,18.7,18.72,76513267.0,18.72,16.66
2026-06-22T09:46:32,2026-06-22 09:46:31,600183,生益科技,189.66,3.149,186.6,191.18,181.96,183.87,3768291341.0,179.15,164.818
2026-06-22T09:47:33,2026-06-22 09:47:31,603020,爱普股份,14.54,4.1547,13.89,14.77,13.89,13.96,93331953.0,13.96,12.88
2026-06-22T09:47:33,2026-06-22 09:47:30,001223,欧克科技,48.27,-1.5902,49.54,49.64,48.01,49.05,39351839.13,49.05,45.3
2026-06-22T09:47:33,2026-06-22 09:47:30,002906,华阳集团,28.04,-3.9397,28.99,29.15,27.96,29.19,135450159.25,29.19,26.27
2026-06-22T09:47:33,2026-06-22 09:47:29,603637,镇海股份,19.36,3.4188,18.72,19.67,18.7,18.72,80487158.0,18.72,16.66
2026-06-22T09:47:33,2026-06-22 09:47:30,600183,生益科技,188.81,2.6867,186.6,191.18,181.96,183.87,3881757281.0,179.15,164.818
2026-06-22T09:48:34,2026-06-22 09:48:31,603020,爱普股份,14.6,4.5845,13.89,14.77,13.89,13.96,95677635.0,13.96,12.88
2026-06-22T09:48:34,2026-06-22 09:48:33,001223,欧克科技,48.25,-1.631,49.54,49.64,48.01,49.05,40037142.13,49.05,45.3
2026-06-22T09:48:34,2026-06-22 09:48:30,002906,华阳集团,27.97,-4.1795,28.99,29.15,27.95,29.19,141558871.25,29.19,26.27
2026-06-22T09:48:34,2026-06-22 09:48:32,603637,镇海股份,19.38,3.5256,18.72,19.67,18.7,18.72,82080255.0,18.72,16.66
2026-06-22T09:48:34,2026-06-22 09:48:30,600183,生益科技,188.97,2.7737,186.6,191.18,181.96,183.87,4004601248.0,179.15,164.818
2026-06-22T09:49:36,2026-06-22 09:49:34,603020,爱普股份,14.52,4.0115,13.89,14.77,13.89,13.96,96933292.0,13.96,12.88
2026-06-22T09:49:36,2026-06-22 09:49:33,001223,欧克科技,48.23,-1.6718,49.54,49.64,48.01,49.05,40750932.13,49.05,45.3
2026-06-22T09:49:36,2026-06-22 09:49:33,002906,华阳集团,28.01,-4.0425,28.99,29.15,27.93,29.19,146979261.19,29.19,26.27
2026-06-22T09:49:36,2026-06-22 09:49:32,603637,镇海股份,19.43,3.7927,18.72,19.67,18.7,18.72,83257548.0,18.72,16.66
2026-06-22T09:49:36,2026-06-22 09:49:34,600183,生益科技,189.1,2.8444,186.6,191.18,181.96,183.87,4101163976.0,179.15,164.818
2026-06-22T09:50:37,2026-06-22 09:50:34,603020,爱普股份,14.46,3.5817,13.89,14.77,13.89,13.96,100711164.0,13.96,12.88
2026-06-22T09:50:37,2026-06-22 09:50:36,001223,欧克科技,48.21,-1.7125,49.54,49.64,48.01,49.05,42170859.93,49.05,45.3
2026-06-22T09:50:37,2026-06-22 09:50:33,002906,华阳集团,28.12,-3.6656,28.99,29.15,27.93,29.19,151777768.19,29.19,26.27
2026-06-22T09:50:37,2026-06-22 09:50:35,603637,镇海股份,19.46,3.953,18.72,19.67,18.7,18.72,86392038.0,18.72,16.66
2026-06-22T09:50:37,2026-06-22 09:50:34,600183,生益科技,189.1,2.8444,186.6,191.18,181.96,183.87,4179162892.0,179.15,164.818
2026-06-22T09:51:38,2026-06-22 09:51:34,603020,爱普股份,14.56,4.298,13.89,14.77,13.89,13.96,102573505.0,13.96,12.88
2026-06-22T09:51:38,2026-06-22 09:51:36,001223,欧克科技,48.3,-1.5291,49.54,49.64,48.01,49.05,44370024.93,49.05,45.3
2026-06-22T09:51:38,2026-06-22 09:51:36,002906,华阳集团,28.14,-3.5971,28.99,29.15,27.93,29.19,155027450.36,29.19,26.27
2026-06-22T09:51:38,2026-06-22 09:51:35,603637,镇海股份,19.35,3.3654,18.72,19.67,18.7,18.72,87824807.0,18.72,16.66
2026-06-22T09:51:38,2026-06-22 09:51:37,600183,生益科技,189.0,2.79,186.6,191.18,181.96,183.87,4260176660.0,179.15,164.818
2026-06-22T09:52:39,2026-06-22 09:52:37,603020,爱普股份,14.52,4.0115,13.89,14.77,13.89,13.96,104862082.0,13.96,12.88
2026-06-22T09:52:39,2026-06-22 09:52:36,001223,欧克科技,48.18,-1.7737,49.54,49.64,48.01,49.05,45822473.93,49.05,45.3
2026-06-22T09:52:39,2026-06-22 09:52:36,002906,华阳集团,27.99,-4.111,28.99,29.15,27.93,29.19,158035604.94,29.19,26.27
2026-06-22T09:52:39,2026-06-22 09:52:35,603637,镇海股份,19.39,3.5791,18.72,19.67,18.7,18.72,89559210.0,18.72,16.66
2026-06-22T09:52:39,2026-06-22 09:52:37,600183,生益科技,188.51,2.5235,186.6,191.18,181.96,183.87,4351158580.0,179.15,164.818
2026-06-22T09:53:40,2026-06-22 09:53:37,603020,爱普股份,14.39,3.0802,13.89,14.77,13.89,13.96,107910283.0,13.96,12.88
2026-06-22T09:53:40,2026-06-22 09:53:36,001223,欧克科技,48.21,-1.7125,49.54,49.64,48.01,49.05,46556111.93,49.05,45.3
2026-06-22T09:53:40,2026-06-22 09:53:36,002906,华阳集团,27.99,-4.111,28.99,29.15,27.93,29.19,160257022.94,29.19,26.27
2026-06-22T09:53:40,2026-06-22 09:53:38,603637,镇海股份,19.45,3.8996,18.72,19.67,18.7,18.72,90054850.0,18.72,16.66
2026-06-22T09:53:40,2026-06-22 09:53:37,600183,生益科技,189.07,2.8281,186.6,191.18,181.96,183.87,4418198251.0,179.15,164.818
2026-06-22T09:54:41,2026-06-22 09:54:37,603020,爱普股份,14.38,3.0086,13.89,14.77,13.89,13.96,109560558.0,13.96,12.88
2026-06-22T09:54:41,2026-06-22 09:54:39,001223,欧克科技,48.08,-1.9776,49.54,49.64,48.01,49.05,49603260.93,49.05,45.3
2026-06-22T09:54:41,2026-06-22 09:54:39,002906,华阳集团,27.9,-4.4193,28.99,29.15,27.9,29.19,168569415.94,29.19,26.27
2026-06-22T09:54:41,2026-06-22 09:54:38,603637,镇海股份,19.37,3.4722,18.72,19.67,18.7,18.72,90731316.0,18.72,16.66
2026-06-22T09:54:41,2026-06-22 09:54:40,600183,生益科技,189.8,3.2251,186.6,191.18,181.96,183.87,4517497537.0,179.15,164.818
2026-06-22T09:55:42,2026-06-22 09:55:40,603020,爱普股份,14.31,2.5072,13.89,14.77,13.89,13.96,111295885.0,13.96,12.88
2026-06-22T09:55:42,2026-06-22 09:55:42,001223,欧克科技,48.12,-1.896,49.54,49.64,48.01,49.05,50266951.93,49.05,45.3
2026-06-22T09:55:42,2026-06-22 09:55:39,002906,华阳集团,27.98,-4.1453,28.99,29.15,27.87,29.19,171231777.94,29.19,26.27
2026-06-22T09:55:42,2026-06-22 09:55:38,603637,镇海股份,19.33,3.2585,18.72,19.67,18.7,18.72,91748732.0,18.72,16.66
2026-06-22T09:55:42,2026-06-22 09:55:39,600183,生益科技,190.37,3.5351,186.6,191.18,181.96,183.87,4651600847.0,179.15,164.818
2026-06-22T09:56:46,2026-06-22 09:56:43,603020,爱普股份,14.33,2.6504,13.89,14.77,13.89,13.96,113507289.0,13.96,12.88
2026-06-22T09:56:46,2026-06-22 09:56:42,001223,欧克科技,48.14,-1.8552,49.54,49.64,48.01,49.05,51450974.93,49.05,45.3
2026-06-22T09:56:46,2026-06-22 09:56:42,002906,华阳集团,27.93,-4.3165,28.99,29.15,27.87,29.19,173087544.94,29.19,26.27
2026-06-22T09:56:46,2026-06-22 09:56:44,603637,镇海股份,19.31,3.1517,18.72,19.67,18.7,18.72,92768723.0,18.72,16.66
2026-06-22T09:56:46,2026-06-22 09:56:43,600183,生益科技,190.98,3.8669,186.6,191.88,181.96,183.87,4786168840.0,179.15,164.818
2026-06-22T09:57:47,2026-06-22 09:57:43,603020,爱普股份,14.33,2.6504,13.89,14.77,13.89,13.96,115690423.0,13.96,12.88
2026-06-22T09:57:47,2026-06-22 09:57:45,001223,欧克科技,48.09,-1.9572,49.54,49.64,48.01,49.05,52120268.93,49.05,45.3
2026-06-22T09:57:47,2026-06-22 09:57:45,002906,华阳集团,27.86,-4.5564,28.99,29.15,27.82,29.19,176306204.94,29.19,26.27
2026-06-22T09:57:47,2026-06-22 09:57:44,603637,镇海股份,19.29,3.0449,18.72,19.67,18.7,18.72,94606283.0,18.72,16.66
2026-06-22T09:57:47,2026-06-22 09:57:46,600183,生益科技,190.91,3.8288,186.6,191.88,181.96,183.87,4907802098.0,179.15,164.818
2026-06-22T09:58:48,2026-06-22 09:58:46,603020,爱普股份,14.28,2.2923,13.89,14.77,13.89,13.96,117076285.0,13.96,12.88
2026-06-22T09:58:48,2026-06-22 09:58:45,001223,欧克科技,47.85,-2.4465,49.54,49.64,47.85,49.05,56326357.33,49.05,45.3
2026-06-22T09:58:48,2026-06-22 09:58:45,002906,华阳集团,27.78,-4.8304,28.99,29.15,27.76,29.19,180646716.94,29.19,26.27
2026-06-22T09:58:48,2026-06-22 09:58:44,603637,镇海股份,19.21,2.6175,18.72,19.67,18.7,18.72,96212866.0,18.72,16.66
2026-06-22T09:58:48,2026-06-22 09:58:46,600183,生益科技,191.52,4.1605,186.6,191.88,181.96,183.87,5003740657.0,179.15,164.818
2026-06-22T09:59:49,2026-06-22 09:59:46,603020,爱普股份,14.31,2.5072,13.89,14.77,13.89,13.96,118159373.0,13.96,12.88
2026-06-22T09:59:49,2026-06-22 09:59:48,001223,欧克科技,47.75,-2.6504,49.54,49.64,47.72,49.05,58026180.33,49.05,45.3
2026-06-22T09:59:49,2026-06-22 09:59:45,002906,华阳集团,27.76,-4.8989,28.99,29.15,27.75,29.19,183792858.94,29.19,26.27
2026-06-22T09:59:49,2026-06-22 09:59:47,603637,镇海股份,19.21,2.6175,18.72,19.67,18.7,18.72,99145874.0,18.72,16.66
2026-06-22T09:59:49,2026-06-22 09:59:46,600183,生益科技,191.0,3.8777,186.6,191.88,181.96,183.87,5155437730.0,179.15,164.818
2026-06-22T10:00:50,2026-06-22 10:00:46,603020,爱普股份,14.26,2.149,13.89,14.77,13.89,13.96,119058250.0,13.96,12.88
2026-06-22T10:00:50,2026-06-22 10:00:48,001223,欧克科技,47.6,-2.9562,49.54,49.64,47.6,49.05,59252296.33,49.05,45.3
2026-06-22T10:00:50,2026-06-22 10:00:48,002906,华阳集团,27.73,-5.0017,28.99,29.15,27.7,29.19,187439852.94,29.19,26.27
2026-06-22T10:00:50,2026-06-22 10:00:47,603637,镇海股份,19.15,2.297,18.72,19.67,18.7,18.72,100230123.0,18.72,16.66
2026-06-22T10:00:50,2026-06-22 10:00:49,600183,生益科技,189.83,3.2414,186.6,191.88,181.96,183.87,5243234009.0,179.15,164.818
2026-06-22T10:01:52,2026-06-22 10:01:49,603020,爱普股份,14.34,2.7221,13.89,14.77,13.89,13.96,119704093.0,13.96,12.88
2026-06-22T10:01:52,2026-06-22 10:01:51,001223,欧克科技,47.66,-2.8338,49.54,49.64,47.59,49.05,61182350.33,49.05,45.3
2026-06-22T10:01:52,2026-06-22 10:01:51,002906,华阳集团,27.74,-4.9675,28.99,29.15,27.7,29.19,192174193.94,29.19,26.27
2026-06-22T10:01:52,2026-06-22 10:01:50,603637,镇海股份,19.28,2.9915,18.72,19.67,18.7,18.72,101905582.0,18.72,16.66
2026-06-22T10:01:52,2026-06-22 10:01:52,600183,生益科技,190.19,3.4372,186.6,191.88,181.96,183.87,5308338284.0,179.15,164.818
2026-06-22T10:02:53,2026-06-22 10:02:49,603020,爱普股份,14.34,2.7221,13.89,14.77,13.89,13.96,120187151.0,13.96,12.88
2026-06-22T10:02:53,2026-06-22 10:02:51,001223,欧克科技,47.67,-2.8135,49.54,49.64,47.59,49.05,62116524.33,49.05,45.3
2026-06-22T10:02:53,2026-06-22 10:02:51,002906,华阳集团,27.87,-4.5221,28.99,29.15,27.66,29.19,194880375.94,29.19,26.27
2026-06-22T10:02:53,2026-06-22 10:02:50,603637,镇海股份,19.24,2.7778,18.72,19.67,18.7,18.72,102587108.0,18.72,16.66
2026-06-22T10:02:53,2026-06-22 10:02:51,600183,生益科技,190.49,3.6004,186.6,191.88,181.96,183.87,5359314043.0,179.15,164.818
2026-06-22T10:03:54,2026-06-22 10:03:52,603020,爱普股份,14.35,2.7937,13.89,14.77,13.89,13.96,121736663.0,13.96,12.88
2026-06-22T10:03:54,2026-06-22 10:03:54,001223,欧克科技,47.69,-2.7727,49.54,49.64,47.59,49.05,63312988.33,49.05,45.3
2026-06-22T10:03:54,2026-06-22 10:03:51,002906,华阳集团,27.88,-4.4878,28.99,29.15,27.66,29.19,196391007.94,29.19,26.27
2026-06-22T10:03:54,2026-06-22 10:03:53,603637,镇海股份,19.28,2.9915,18.72,19.67,18.7,18.72,104470612.0,18.72,16.66
2026-06-22T10:03:54,2026-06-22 10:03:51,600183,生益科技,189.8,3.2251,186.6,191.88,181.96,183.87,5430272383.0,179.15,164.818
2026-06-22T10:04:56,2026-06-22 10:04:52,603020,爱普股份,14.37,2.937,13.89,14.77,13.89,13.96,122525414.0,13.96,12.88
2026-06-22T10:04:56,2026-06-22 10:04:54,001223,欧克科技,47.79,-2.5688,49.54,49.64,47.59,49.05,64334988.33,49.05,45.3
2026-06-22T10:04:56,2026-06-22 10:04:54,002906,华阳集团,27.9,-4.4193,28.99,29.15,27.66,29.19,198562285.94,29.19,26.27
2026-06-22T10:04:56,2026-06-22 10:04:53,603637,镇海股份,19.25,2.8312,18.72,19.67,18.7,18.72,106747216.0,18.72,16.66
2026-06-22T10:04:56,2026-06-22 10:04:54,600183,生益科技,189.81,3.2305,186.6,191.88,181.96,183.87,5504055541.0,179.15,164.818
2026-06-22T10:05:57,2026-06-22 10:05:52,603020,爱普股份,14.38,3.0086,13.89,14.77,13.89,13.96,123972609.0,13.96,12.88
2026-06-22T10:05:57,2026-06-22 10:05:54,001223,欧克科技,47.76,-2.63,49.54,49.64,47.59,49.05,65319621.33,49.05,45.3
2026-06-22T10:05:57,2026-06-22 10:05:54,002906,华阳集团,27.88,-4.4878,28.99,29.15,27.66,29.19,200411031.94,29.19,26.27
2026-06-22T10:05:57,2026-06-22 10:05:53,603637,镇海股份,19.22,2.6709,18.72,19.67,18.7,18.72,107610716.0,18.72,16.66
2026-06-22T10:05:57,2026-06-22 10:05:55,600183,生益科技,190.08,3.3774,186.6,191.88,181.96,183.87,5583293529.0,179.15,164.818
2026-06-22T10:06:59,2026-06-22 10:06:55,603020,爱普股份,14.36,2.8653,13.89,14.77,13.89,13.96,124406506.0,13.96,12.88
2026-06-22T10:06:59,2026-06-22 10:06:57,001223,欧克科技,47.74,-2.6707,49.54,49.64,47.59,49.05,66547460.33,49.05,45.3
2026-06-22T10:06:59,2026-06-22 10:06:57,002906,华阳集团,27.86,-4.5564,28.99,29.15,27.66,29.19,201612415.94,29.19,26.27
2026-06-22T10:06:59,2026-06-22 10:06:56,603637,镇海股份,19.22,2.6709,18.72,19.67,18.7,18.72,108198588.0,18.72,16.66
2026-06-22T10:06:59,2026-06-22 10:06:58,600183,生益科技,187.94,2.2135,186.6,191.88,181.96,183.87,5695364143.0,179.15,164.818
2026-06-22T10:08:00,2026-06-22 10:07:58,603020,爱普股份,14.26,2.149,13.89,14.77,13.89,13.96,127245560.0,13.96,12.88
2026-06-22T10:08:00,2026-06-22 10:07:57,001223,欧克科技,47.83,-2.4873,49.54,49.64,47.59,49.05,67431234.33,49.05,45.3
2026-06-22T10:08:00,2026-06-22 10:07:57,002906,华阳集团,27.84,-4.6249,28.99,29.15,27.66,29.19,203305785.94,29.19,26.27
2026-06-22T10:08:00,2026-06-22 10:07:56,603637,镇海股份,19.25,2.8312,18.72,19.67,18.7,18.72,108988943.0,18.72,16.66
2026-06-22T10:08:00,2026-06-22 10:07:58,600183,生益科技,187.33,1.8818,186.6,191.88,181.96,183.87,5797633621.0,179.15,164.818
2026-06-22T10:09:01,2026-06-22 10:08:58,603020,爱普股份,14.26,2.149,13.89,14.77,13.89,13.96,128912561.0,13.96,12.88
2026-06-22T10:09:01,2026-06-22 10:09:00,001223,欧克科技,47.5,-3.16,49.54,49.64,47.5,49.05,69324667.93,49.05,45.3
2026-06-22T10:09:01,2026-06-22 10:08:57,002906,华阳集团,27.76,-4.8989,28.99,29.15,27.66,29.19,204970444.94,29.19,26.27
2026-06-22T10:09:01,2026-06-22 10:08:59,603637,镇海股份,19.16,2.3504,18.72,19.67,18.7,18.72,110729916.0,18.72,16.66
2026-06-22T10:09:01,2026-06-22 10:08:58,600183,生益科技,187.8,2.1374,186.6,191.88,181.96,183.87,5902617775.0,179.15,164.818
2026-06-22T10:10:02,2026-06-22 10:09:58,603020,爱普股份,14.24,2.0057,13.89,14.77,13.89,13.96,129783357.0,13.96,12.88
2026-06-22T10:10:02,2026-06-22 10:10:00,001223,欧克科技,47.36,-3.4455,49.54,49.64,47.24,49.05,71630270.93,49.05,45.3
2026-06-22T10:10:02,2026-06-22 10:10:00,002906,华阳集团,27.74,-4.9675,28.99,29.15,27.66,29.19,206271994.94,29.19,26.27
2026-06-22T10:10:02,2026-06-22 10:09:59,603637,镇海股份,19.19,2.5107,18.72,19.67,18.7,18.72,111146178.0,18.72,16.66
2026-06-22T10:10:02,2026-06-22 10:10:01,600183,生益科技,186.84,1.6153,186.6,191.88,181.96,183.87,5998889654.0,179.15,164.818
2026-06-22T10:11:03,2026-06-22 10:11:01,603020,爱普股份,14.18,1.5759,13.89,14.77,13.89,13.96,131645324.0,13.96,12.88
2026-06-22T10:11:03,2026-06-22 10:11:00,001223,欧克科技,47.27,-3.629,49.54,49.64,47.23,49.05,73896019.93,49.05,45.3
2026-06-22T10:11:03,2026-06-22 10:11:00,002906,华阳集团,27.7,-5.1045,28.99,29.15,27.66,29.19,209782991.94,29.19,26.27
2026-06-22T10:11:03,2026-06-22 10:11:02,603637,镇海股份,19.08,1.9231,18.72,19.67,18.7,18.72,113156650.0,18.72,16.66
2026-06-22T10:11:03,2026-06-22 10:11:01,600183,生益科技,186.58,1.4739,186.6,191.88,181.96,183.87,6114487104.0,184.075,169.349
2026-06-22T10:11:08,2026-06-22 10:11:04,603020,爱普股份,14.18,1.5759,13.89,14.77,13.89,13.96,131768690.0,13.96,12.88
2026-06-22T10:11:08,2026-06-22 10:11:06,001223,欧克科技,47.29,-3.5882,49.54,49.64,47.23,49.05,74085405.93,49.05,45.3
2026-06-22T10:11:08,2026-06-22 10:11:06,002906,华阳集团,27.72,-5.036,28.99,29.15,27.66,29.19,209857815.94,29.19,26.27
2026-06-22T10:11:08,2026-06-22 10:11:05,603637,镇海股份,19.08,1.9231,18.72,19.67,18.7,18.72,113200534.0,18.72,16.66
2026-06-22T10:11:08,2026-06-22 10:11:03,600183,生益科技,186.58,1.4739,186.6,191.88,181.96,183.87,6119096066.0,184.075,169.349
2026-06-22T10:12:04,2026-06-22 10:12:01,603020,爱普股份,14.21,1.7908,13.89,14.77,13.89,13.96,132244147.0,13.96,12.88
2026-06-22T10:12:04,2026-06-22 10:12:03,001223,欧克科技,47.45,-3.262,49.54,49.64,47.23,49.05,74636723.53,49.05,45.3
2026-06-22T10:12:04,2026-06-22 10:12:00,002906,华阳集团,27.78,-4.8304,28.99,29.15,27.66,29.19,212436546.94,29.19,26.27
2026-06-22T10:12:04,2026-06-22 10:12:02,603637,镇海股份,19.02,1.6026,18.72,19.67,18.7,18.72,115059857.0,18.72,16.66
2026-06-22T10:12:04,2026-06-22 10:12:01,600183,生益科技,187.5,1.9742,186.6,191.88,181.96,183.87,6192637353.0,184.075,169.349
2026-06-22T10:13:05,2026-06-22 10:13:01,603020,爱普股份,14.19,1.6476,13.89,14.77,13.89,13.96,133330708.0,13.96,12.88
2026-06-22T10:13:05,2026-06-22 10:13:03,001223,欧克科技,47.36,-3.4455,49.54,49.64,47.23,49.05,75186543.53,49.05,45.3
2026-06-22T10:13:05,2026-06-22 10:13:03,002906,华阳集团,27.78,-4.8304,28.99,29.15,27.66,29.19,214110695.94,29.19,26.27
2026-06-22T10:13:05,2026-06-22 10:13:02,603637,镇海股份,19.0,1.4957,18.72,19.67,18.7,18.72,116542062.0,18.72,16.66
2026-06-22T10:13:05,2026-06-22 10:13:03,600183,生益科技,185.91,1.1095,186.6,191.88,181.96,183.87,6310444175.0,184.075,169.349
2026-06-22T10:14:06,2026-06-22 10:14:04,603020,爱普股份,14.3,2.4355,13.89,14.77,13.89,13.96,136549831.0,13.96,12.88
2026-06-22T10:14:06,2026-06-22 10:14:03,001223,欧克科技,47.35,-3.4659,49.54,49.64,47.23,49.05,75759451.53,49.05,45.3
2026-06-22T10:14:06,2026-06-22 10:14:03,002906,华阳集团,27.79,-4.7962,28.99,29.15,27.66,29.19,215893815.94,29.19,26.27
2026-06-22T10:14:06,2026-06-22 10:14:05,603637,镇海股份,18.95,1.2286,18.72,19.67,18.7,18.72,117535544.0,18.72,16.66
2026-06-22T10:14:06,2026-06-22 10:14:03,600183,生益科技,185.36,0.8104,186.6,191.88,181.96,183.87,6479885688.0,184.075,169.349
2026-06-22T10:15:07,2026-06-22 10:15:04,603020,爱普股份,14.28,2.2923,13.89,14.77,13.89,13.96,137055346.0,13.96,12.88
2026-06-22T10:15:07,2026-06-22 10:15:06,001223,欧克科技,47.36,-3.4455,49.54,49.64,47.23,49.05,76076696.53,49.05,45.3
2026-06-22T10:15:07,2026-06-22 10:15:06,002906,华阳集团,27.75,-4.9332,28.99,29.15,27.66,29.19,217455375.94,29.19,26.27
2026-06-22T10:15:07,2026-06-22 10:15:05,603637,镇海股份,19.01,1.5491,18.72,19.67,18.7,18.72,118310171.0,18.72,16.66
2026-06-22T10:15:07,2026-06-22 10:15:04,600183,生益科技,184.74,0.4732,186.6,191.88,181.96,183.87,6654805604.0,184.075,169.349
2026-06-22T10:16:08,2026-06-22 10:16:04,603020,爱普股份,14.24,2.0057,13.89,14.77,13.89,13.96,137753493.0,13.96,12.88
2026-06-22T10:16:08,2026-06-22 10:16:06,001223,欧克科技,47.22,-3.7309,49.54,49.64,47.22,49.05,77994768.93,49.05,45.3
2026-06-22T10:16:08,2026-06-22 10:16:06,002906,华阳集团,27.7,-5.1045,28.99,29.15,27.66,29.19,219003978.94,29.19,26.27
2026-06-22T10:16:08,2026-06-22 10:16:05,603637,镇海股份,18.95,1.2286,18.72,19.67,18.7,18.72,119236547.0,18.72,16.66
2026-06-22T10:16:08,2026-06-22 10:16:04,600183,生益科技,183.96,0.0489,186.6,191.88,181.96,183.87,6833597250.0,184.075,169.349
2026-06-22T10:17:08,2026-06-22 10:17:04,603020,爱普股份,14.23,1.9341,13.89,14.77,13.89,13.96,138206445.0,13.96,12.88
2026-06-22T10:17:08,2026-06-22 10:17:06,001223,欧克科技,47.23,-3.7105,49.54,49.64,47.2,49.05,78679475.93,49.05,45.3
2026-06-22T10:17:08,2026-06-22 10:17:06,002906,华阳集团,27.73,-5.0017,28.99,29.15,27.66,29.19,221600685.94,29.19,26.27
2026-06-22T10:17:08,2026-06-22 10:17:05,603637,镇海股份,18.96,1.2821,18.72,19.67,18.7,18.72,119844964.0,18.72,16.66
2026-06-22T10:17:08,2026-06-22 10:17:07,600183,生益科技,183.64,-0.1251,186.6,191.88,181.96,183.87,7005644607.0,184.075,169.349
2026-06-22T10:18:08,2026-06-22 10:18:04,603020,爱普股份,14.26,2.149,13.89,14.77,13.89,13.96,138792917.0,13.96,12.88
2026-06-22T10:18:08,2026-06-22 10:18:06,001223,欧克科技,47.32,-3.527,49.54,49.64,47.2,49.05,79191048.93,49.05,45.3
2026-06-22T10:18:08,2026-06-22 10:18:06,002906,华阳集团,27.71,-5.0702,28.99,29.15,27.66,29.19,222797546.94,29.19,26.27
2026-06-22T10:18:08,2026-06-22 10:18:05,603637,镇海股份,19.04,1.7094,18.72,19.67,18.7,18.72,121117010.0,18.72,16.66
2026-06-22T10:18:08,2026-06-22 10:18:07,600183,生益科技,183.99,0.0653,186.6,191.88,181.96,183.87,7172447368.0,184.075,169.349
2026-06-22T10:19:09,2026-06-22 10:19:07,603020,爱普股份,14.23,1.9341,13.89,14.77,13.89,13.96,139835751.0,13.96,12.88
2026-06-22T10:19:09,2026-06-22 10:19:06,001223,欧克科技,47.38,-3.4047,49.54,49.64,47.2,49.05,79465825.93,49.05,45.3
2026-06-22T10:19:09,2026-06-22 10:19:06,002906,华阳集团,27.69,-5.1387,28.99,29.15,27.66,29.19,224063143.94,29.19,26.27
2026-06-22T10:19:09,2026-06-22 10:19:05,603637,镇海股份,19.1,2.0299,18.72,19.67,18.7,18.72,122776946.0,18.72,16.66
2026-06-22T10:19:09,2026-06-22 10:19:07,600183,生益科技,184.3,0.2339,186.6,191.88,181.96,183.87,7269196643.0,184.075,169.349
2026-06-22T10:20:09,2026-06-22 10:20:07,603020,爱普股份,14.24,2.0057,13.89,14.77,13.89,13.96,140560440.0,13.96,12.88
2026-06-22T10:20:09,2026-06-22 10:20:06,001223,欧克科技,47.37,-3.4251,49.54,49.64,47.2,49.05,79868536.93,49.05,45.3
2026-06-22T10:20:09,2026-06-22 10:20:06,002906,华阳集团,27.72,-5.036,28.99,29.15,27.66,29.19,224902999.94,29.19,26.27
2026-06-22T10:20:09,2026-06-22 10:20:08,603637,镇海股份,19.05,1.7628,18.72,19.67,18.7,18.72,123278845.0,18.72,16.66
2026-06-22T10:20:09,2026-06-22 10:20:07,600183,生益科技,183.66,-0.1142,186.6,191.88,181.96,183.87,7409026748.0,184.075,169.349
2026-06-22T10:21:11,2026-06-22 10:21:07,603020,爱普股份,14.21,1.7908,13.89,14.77,13.89,13.96,141236552.0,13.96,12.88
2026-06-22T10:21:11,2026-06-22 10:21:09,001223,欧克科技,47.37,-3.4251,49.54,49.64,47.2,49.05,80214321.93,49.05,45.3
2026-06-22T10:21:11,2026-06-22 10:21:09,002906,华阳集团,27.71,-5.0702,28.99,29.15,27.66,29.19,226133206.94,29.19,26.27
2026-06-22T10:21:11,2026-06-22 10:21:08,603637,镇海股份,19.01,1.5491,18.72,19.67,18.7,18.72,123828657.0,18.72,16.66
2026-06-22T10:21:11,2026-06-22 10:21:10,600183,生益科技,182.53,-0.7288,186.6,191.88,181.96,183.87,7596259059.0,184.075,169.349
2026-06-22T10:22:11,2026-06-22 10:22:07,603020,爱普股份,14.19,1.6476,13.89,14.77,13.89,13.96,142777467.0,13.96,12.88
2026-06-22T10:22:11,2026-06-22 10:22:09,001223,欧克科技,47.22,-3.7309,49.54,49.64,47.2,49.05,81664150.53,49.05,45.3
2026-06-22T10:22:11,2026-06-22 10:22:09,002906,华阳集团,27.7,-5.1045,28.99,29.15,27.66,29.19,227822323.94,29.19,26.27
2026-06-22T10:22:11,2026-06-22 10:22:08,603637,镇海股份,18.99,1.4423,18.72,19.67,18.7,18.72,124276915.0,18.72,16.66
2026-06-22T10:22:11,2026-06-22 10:22:10,600183,生益科技,182.84,-0.5602,186.6,191.88,181.96,183.87,7764543701.0,184.075,169.349
2026-06-22T10:23:11,2026-06-22 10:23:07,603020,爱普股份,14.25,2.0774,13.89,14.77,13.89,13.96,143436439.0,13.96,12.88
2026-06-22T10:23:11,2026-06-22 10:23:09,001223,欧克科技,47.16,-3.8532,49.54,49.64,47.16,49.05,83853808.53,49.05,45.3
2026-06-22T10:23:11,2026-06-22 10:23:09,002906,华阳集团,27.73,-5.0017,28.99,29.15,27.66,29.19,229315677.94,29.19,26.27
2026-06-22T10:23:11,2026-06-22 10:23:08,603637,镇海股份,19.03,1.656,18.72,19.67,18.7,18.72,125023883.0,18.72,16.66
2026-06-22T10:23:11,2026-06-22 10:23:09,600183,生益科技,182.54,-0.7233,186.6,191.88,181.96,183.87,7859652311.0,184.075,169.349
2026-06-22T10:24:12,2026-06-22 10:24:10,603020,爱普股份,14.23,1.9341,13.89,14.77,13.89,13.96,143923747.0,13.96,12.88
2026-06-22T10:24:12,2026-06-22 10:24:09,001223,欧克科技,47.34,-3.4862,49.54,49.64,47.16,49.05,84134463.73,49.05,45.3
2026-06-22T10:24:12,2026-06-22 10:24:09,002906,华阳集团,27.69,-5.1387,28.99,29.15,27.66,29.19,231230248.94,29.19,26.27
2026-06-22T10:24:12,2026-06-22 10:24:08,603637,镇海股份,19.04,1.7094,18.72,19.67,18.7,18.72,125522616.0,18.72,16.66
2026-06-22T10:24:12,2026-06-22 10:24:10,600183,生益科技,182.15,-0.9354,186.6,191.88,181.96,183.87,7946169617.0,184.075,169.349
2026-06-22T10:25:12,2026-06-22 10:25:10,603020,爱普股份,14.25,2.0774,13.89,14.77,13.89,13.96,144158821.0,13.96,12.88
2026-06-22T10:25:12,2026-06-22 10:25:06,001223,欧克科技,47.32,-3.527,49.54,49.64,47.16,49.05,84436399.33,49.05,45.3
2026-06-22T10:25:12,2026-06-22 10:25:09,002906,华阳集团,27.66,-5.2415,28.99,29.15,27.65,29.19,234146410.94,29.19,26.27
2026-06-22T10:25:12,2026-06-22 10:25:11,603637,镇海股份,19.08,1.9231,18.72,19.67,18.7,18.72,126475567.0,18.72,16.66
2026-06-22T10:25:12,2026-06-22 10:25:10,600183,生益科技,182.19,-0.9137,186.6,191.88,181.59,183.87,8126353129.0,184.075,169.349
2026-06-22T10:26:13,2026-06-22 10:26:10,603020,爱普股份,14.24,2.0057,13.89,14.77,13.89,13.96,144733312.0,13.96,12.88
2026-06-22T10:26:13,2026-06-22 10:26:09,001223,欧克科技,47.27,-3.629,49.54,49.64,47.16,49.05,85269943.73,49.05,45.3
2026-06-22T10:26:13,2026-06-22 10:26:09,002906,华阳集团,27.65,-5.2758,28.99,29.15,27.64,29.19,236129060.94,29.19,26.27
2026-06-22T10:26:13,2026-06-22 10:26:11,603637,镇海股份,19.12,2.1368,18.72,19.67,18.7,18.72,127306719.0,18.72,16.66
2026-06-22T10:26:13,2026-06-22 10:26:10,600183,生益科技,181.5,-1.289,186.6,191.88,181.09,183.87,8237587980.0,184.075,169.349
2026-06-22T10:27:13,2026-06-22 10:27:10,603020,爱普股份,14.32,2.5788,13.89,14.77,13.89,13.96,145319986.0,13.96,12.88
2026-06-22T10:27:13,2026-06-22 10:27:09,001223,欧克科技,47.33,-3.5066,49.54,49.64,47.16,49.05,85747892.73,49.05,45.3
2026-06-22T10:27:13,2026-06-22 10:27:09,002906,华阳集团,27.61,-5.4128,28.99,29.15,27.6,29.19,237162363.94,29.19,26.27
2026-06-22T10:27:13,2026-06-22 10:27:11,603637,镇海股份,19.1,2.0299,18.72,19.67,18.7,18.72,128261370.0,18.72,16.66
2026-06-22T10:27:13,2026-06-22 10:27:10,600183,生益科技,181.33,-1.3814,186.6,191.88,181.06,183.87,8320173777.0,184.075,169.349
2026-06-22T10:28:13,2026-06-22 10:28:10,603020,爱普股份,14.44,3.4384,13.89,14.77,13.89,13.96,147355892.0,13.96,12.88
2026-06-22T10:28:13,2026-06-22 10:28:12,001223,欧克科技,47.32,-3.527,49.54,49.64,47.16,49.05,86358420.73,49.05,45.3
2026-06-22T10:28:13,2026-06-22 10:28:12,002906,华阳集团,27.58,-5.5156,28.99,29.15,27.58,29.19,239315675.94,29.19,26.27
2026-06-22T10:28:13,2026-06-22 10:28:11,603637,镇海股份,19.08,1.9231,18.72,19.67,18.7,18.72,129110971.0,18.72,16.66
2026-06-22T10:28:13,2026-06-22 10:28:10,600183,生益科技,180.74,-1.7023,186.6,191.88,180.66,183.87,8468338274.0,184.075,169.349
2026-06-22T10:29:14,2026-06-22 10:29:10,603020,爱普股份,14.59,4.5129,13.89,14.77,13.89,13.96,152690598.0,13.96,12.88
2026-06-22T10:29:14,2026-06-22 10:29:12,001223,欧克科技,47.16,-3.8532,49.54,49.64,47.16,49.05,87080830.73,49.05,45.3
2026-06-22T10:29:14,2026-06-22 10:29:12,002906,华阳集团,27.54,-5.6526,28.99,29.15,27.53,29.19,240779313.94,29.19,26.27
2026-06-22T10:29:14,2026-06-22 10:29:11,603637,镇海股份,19.04,1.7094,18.72,19.67,18.7,18.72,129897679.0,18.72,16.66
2026-06-22T10:29:14,2026-06-22 10:29:10,600183,生益科技,179.99,-2.1102,186.6,191.88,179.99,183.87,8636199266.0,184.075,169.349
2026-06-22T10:30:14,2026-06-22 10:30:10,603020,爱普股份,14.56,4.298,13.89,14.77,13.89,13.96,158625714.0,13.96,12.88
2026-06-22T10:30:14,2026-06-22 10:30:12,001223,欧克科技,47.06,-4.0571,49.54,49.64,47.03,49.05,88070684.73,49.05,45.3
2026-06-22T10:30:14,2026-06-22 10:30:12,002906,华阳集团,27.51,-5.7554,28.99,29.15,27.48,29.19,244149187.94,29.19,26.27
2026-06-22T10:30:14,2026-06-22 10:30:11,603637,镇海股份,18.98,1.3889,18.72,19.67,18.7,18.72,131027280.0,18.72,16.66
2026-06-22T10:30:14,2026-06-22 10:30:12,600183,生益科技,180.26,-1.9633,186.6,191.88,179.5,183.87,8802339045.0,184.075,169.349
2026-06-22T10:31:17,2026-06-22 10:31:16,603020,爱普股份,14.69,5.2292,13.89,14.77,13.89,13.96,163239298.0,13.96,12.88
2026-06-22T10:31:17,2026-06-22 10:31:15,001223,欧克科技,47.22,-3.7309,49.54,49.64,47.03,49.05,89418594.53,49.05,45.3
2026-06-22T10:31:17,2026-06-22 10:31:15,002906,华阳集团,27.54,-5.6526,28.99,29.15,27.48,29.19,245187198.94,29.19,26.27
2026-06-22T10:31:17,2026-06-22 10:31:14,603637,镇海股份,18.95,1.2286,18.72,19.67,18.7,18.72,131918547.0,18.72,16.66
2026-06-22T10:31:17,2026-06-22 10:31:16,600183,生益科技,180.97,-1.5772,186.6,191.88,179.5,183.87,8918601367.0,184.075,169.349
2026-06-22T10:32:19,2026-06-22 10:32:16,603020,爱普股份,14.7,5.3009,13.89,14.77,13.89,13.96,165104599.0,13.96,12.88
2026-06-22T10:32:19,2026-06-22 10:32:18,001223,欧克科技,47.35,-3.4659,49.54,49.64,47.03,49.05,89971777.53,49.05,45.3
2026-06-22T10:32:19,2026-06-22 10:32:18,002906,华阳集团,27.57,-5.5498,28.99,29.15,27.48,29.19,245757885.94,29.19,26.27
2026-06-22T10:32:19,2026-06-22 10:32:14,603637,镇海股份,18.92,1.0684,18.72,19.67,18.7,18.72,132929587.0,18.72,16.66
2026-06-22T10:32:19,2026-06-22 10:32:16,600183,生益科技,180.65,-1.7512,186.6,191.88,179.5,183.87,9007125204.0,184.075,169.349
2026-06-22T10:33:20,2026-06-22 10:33:16,603020,爱普股份,14.58,4.4413,13.89,14.77,13.89,13.96,166277936.0,13.96,12.88
2026-06-22T10:33:20,2026-06-22 10:33:18,001223,欧克科技,47.3,-3.5678,49.54,49.64,47.03,49.05,90336108.53,49.05,45.3
2026-06-22T10:33:20,2026-06-22 10:33:18,002906,华阳集团,27.53,-5.6869,28.99,29.15,27.48,29.19,246816576.94,29.19,26.27
2026-06-22T10:33:20,2026-06-22 10:33:17,603637,镇海股份,18.94,1.1752,18.72,19.67,18.7,18.72,133984437.0,18.72,16.66
2026-06-22T10:33:20,2026-06-22 10:33:19,600183,生益科技,179.46,-2.3984,186.6,191.88,178.99,183.87,9150041546.0,184.075,169.349
2026-06-22T10:34:20,2026-06-22 10:34:16,603020,爱普股份,14.71,5.3725,13.89,14.77,13.89,13.96,169794654.0,13.96,12.88
2026-06-22T10:34:20,2026-06-22 10:34:18,001223,欧克科技,47.16,-3.8532,49.54,49.64,47.03,49.05,91078351.53,49.05,45.3
2026-06-22T10:34:20,2026-06-22 10:34:18,002906,华阳集团,27.48,-5.8582,28.99,29.15,27.44,29.19,248264624.94,29.19,26.27
2026-06-22T10:34:20,2026-06-22 10:34:17,603637,镇海股份,18.88,0.8547,18.72,19.67,18.7,18.72,135177333.0,18.72,16.66
2026-06-22T10:34:20,2026-06-22 10:34:18,600183,生益科技,179.66,-2.2897,186.6,191.88,178.8,183.87,9282437714.0,184.075,169.349
2026-06-22T10:35:22,2026-06-22 10:35:19,603020,爱普股份,14.66,5.0143,13.89,14.77,13.89,13.96,171784021.0,13.96,12.88
2026-06-22T10:35:22,2026-06-22 10:35:18,001223,欧克科技,47.19,-3.792,49.54,49.64,47.03,49.05,91229398.53,49.05,45.3
2026-06-22T10:35:22,2026-06-22 10:35:21,002906,华阳集团,27.48,-5.8582,28.99,29.15,27.44,29.19,249468415.94,29.19,26.27
2026-06-22T10:35:22,2026-06-22 10:35:20,603637,镇海股份,18.96,1.2821,18.72,19.67,18.7,18.72,135942692.0,18.72,16.66
2026-06-22T10:35:22,2026-06-22 10:35:18,600183,生益科技,180.11,-2.0449,186.6,191.88,178.8,183.87,9387384083.0,184.075,169.349
2026-06-22T10:36:23,2026-06-22 10:36:22,603020,爱普股份,14.83,6.2321,13.89,14.84,13.89,13.96,176402103.0,13.96,12.88
2026-06-22T10:36:23,2026-06-22 10:36:21,001223,欧克科技,47.24,-3.6901,49.54,49.64,47.03,49.05,92666918.33,49.05,45.3
2026-06-22T10:36:23,2026-06-22 10:36:21,002906,华阳集团,27.53,-5.6869,28.99,29.15,27.44,29.19,250411736.94,29.19,26.27
2026-06-22T10:36:23,2026-06-22 10:36:20,603637,镇海股份,19.01,1.5491,18.72,19.67,18.7,18.72,136845224.0,18.72,16.66
2026-06-22T10:36:23,2026-06-22 10:36:22,600183,生益科技,181.0,-1.5609,186.6,191.88,178.8,183.87,9461253180.0,184.075,169.349
2026-06-22T10:37:24,2026-06-22 10:37:22,603020,爱普股份,14.75,5.659,13.89,14.85,13.89,13.96,180769082.0,13.96,12.88
2026-06-22T10:37:24,2026-06-22 10:37:21,001223,欧克科技,47.29,-3.5882,49.54,49.64,47.03,49.05,93248519.33,49.05,45.3
2026-06-22T10:37:24,2026-06-22 10:37:21,002906,华阳集团,27.49,-5.8239,28.99,29.15,27.44,29.19,251247315.94,29.19,26.27
2026-06-22T10:37:24,2026-06-22 10:37:20,603637,镇海股份,19.02,1.6026,18.72,19.67,18.7,18.72,137195284.0,18.72,16.66
2026-06-22T10:37:24,2026-06-22 10:37:21,600183,生益科技,180.43,-1.8709,186.6,191.88,178.8,183.87,9567862960.0,184.075,169.349
2026-06-22T10:38:25,2026-06-22 10:38:22,603020,爱普股份,14.75,5.659,13.89,14.85,13.89,13.96,181764918.0,13.96,12.88
2026-06-22T10:38:25,2026-06-22 10:38:24,001223,欧克科技,47.38,-3.4047,49.54,49.64,47.03,49.05,93697880.33,49.05,45.3
2026-06-22T10:38:25,2026-06-22 10:38:24,002906,华阳集团,27.44,-5.9952,28.99,29.15,27.44,29.19,252774348.94,29.19,26.27
2026-06-22T10:38:25,2026-06-22 10:38:23,603637,镇海股份,18.98,1.3889,18.72,19.67,18.7,18.72,137531530.0,18.72,16.66
2026-06-22T10:38:25,2026-06-22 10:38:22,600183,生益科技,180.48,-1.8437,186.6,191.88,178.8,183.87,9616940286.0,184.075,169.349
2026-06-22T10:39:26,2026-06-22 10:39:22,603020,爱普股份,14.74,5.5874,13.89,14.85,13.89,13.96,183007960.0,13.96,12.88
2026-06-22T10:39:26,2026-06-22 10:39:24,001223,欧克科技,47.49,-3.1804,49.54,49.64,47.03,49.05,94044291.33,49.05,45.3
2026-06-22T10:39:26,2026-06-22 10:39:24,002906,华阳集团,27.45,-5.9609,28.99,29.15,27.43,29.19,253792479.94,29.19,26.27
2026-06-22T10:39:26,2026-06-22 10:39:23,603637,镇海股份,18.99,1.4423,18.72,19.67,18.7,18.72,137575201.0,18.72,16.66
2026-06-22T10:39:26,2026-06-22 10:39:25,600183,生益科技,180.78,-1.6805,186.6,191.88,178.8,183.87,9700825380.0,184.075,169.349
2026-06-22T10:40:27,2026-06-22 10:40:25,603020,爱普股份,14.8,6.0172,13.89,14.85,13.89,13.96,184576934.0,13.96,12.88
2026-06-22T10:40:27,2026-06-22 10:40:18,001223,欧克科技,47.3,-3.5678,49.54,49.64,47.03,49.05,94811959.33,49.05,45.3
2026-06-22T10:40:27,2026-06-22 10:40:24,002906,华阳集团,27.45,-5.9609,28.99,29.15,27.43,29.19,254374364.94,29.19,26.27
2026-06-22T10:40:27,2026-06-22 10:40:20,603637,镇海股份,19.0,1.4957,18.72,19.67,18.7,18.72,137919059.0,18.72,16.66
2026-06-22T10:40:27,2026-06-22 10:40:25,600183,生益科技,180.0,-2.1047,186.6,191.88,178.8,183.87,9760341983.0,184.075,169.349
2026-06-22T10:41:28,2026-06-22 10:41:25,603020,爱普股份,14.68,5.1576,13.89,14.85,13.89,13.96,185410762.0,13.96,12.88
2026-06-22T10:41:28,2026-06-22 10:41:24,001223,欧克科技,47.31,-3.5474,49.54,49.64,47.03,49.05,95043902.33,49.05,45.3
2026-06-22T10:41:28,2026-06-22 10:41:27,002906,华阳集团,27.42,-6.0637,28.99,29.15,27.4,29.19,256854619.94,29.19,26.27
2026-06-22T10:41:28,2026-06-22 10:41:26,603637,镇海股份,19.01,1.5491,18.72,19.67,18.7,18.72,138572704.0,18.72,16.66
2026-06-22T10:41:28,2026-06-22 10:41:25,600183,生益科技,179.65,-2.2951,186.6,191.88,178.8,183.87,9822092083.0,184.075,169.349
2026-06-22T10:42:29,2026-06-22 10:42:25,603020,爱普股份,14.69,5.2292,13.89,14.85,13.89,13.96,186039818.0,13.96,12.88
2026-06-22T10:42:29,2026-06-22 10:42:27,001223,欧克科技,47.38,-3.4047,49.54,49.64,47.03,49.05,95394211.33,49.05,45.3
2026-06-22T10:42:29,2026-06-22 10:42:27,002906,华阳集团,27.47,-5.8924,28.99,29.15,27.4,29.19,257847634.94,29.19,26.27
2026-06-22T10:42:29,2026-06-22 10:42:26,603637,镇海股份,19.0,1.4957,18.72,19.67,18.7,18.72,138684836.0,18.72,16.66
2026-06-22T10:42:29,2026-06-22 10:42:28,600183,生益科技,180.67,-1.7404,186.6,191.88,178.8,183.87,9892555918.0,184.075,169.349
2026-06-22T10:43:30,2026-06-22 10:43:28,603020,爱普股份,14.82,6.1605,13.89,14.85,13.89,13.96,187971051.0,13.96,12.88
2026-06-22T10:43:30,2026-06-22 10:43:27,001223,欧克科技,47.38,-3.4047,49.54,49.64,47.03,49.05,95765916.13,49.05,45.3
2026-06-22T10:43:30,2026-06-22 10:43:27,002906,华阳集团,27.47,-5.8924,28.99,29.15,27.4,29.19,258468531.94,29.19,26.27
2026-06-22T10:43:30,2026-06-22 10:43:29,603637,镇海股份,18.99,1.4423,18.72,19.67,18.7,18.72,139112509.0,18.72,16.66
2026-06-22T10:43:30,2026-06-22 10:43:28,600183,生益科技,180.14,-2.0286,186.6,191.88,178.8,183.87,9970652135.0,184.075,169.349
2026-06-22T10:44:31,2026-06-22 10:44:28,603020,爱普股份,14.8,6.0172,13.89,14.85,13.89,13.96,190618440.0,13.96,12.88
2026-06-22T10:44:31,2026-06-22 10:44:30,001223,欧克科技,47.39,-3.3843,49.54,49.64,47.03,49.05,96097701.13,49.05,45.3
2026-06-22T10:44:31,2026-06-22 10:44:30,002906,华阳集团,27.49,-5.8239,28.99,29.15,27.4,29.19,259589391.94,29.19,26.27
2026-06-22T10:44:31,2026-06-22 10:44:29,603637,镇海股份,19.0,1.4957,18.72,19.67,18.7,18.72,139687978.0,18.72,16.66
2026-06-22T10:44:31,2026-06-22 10:44:27,600183,生益科技,180.51,-1.8274,186.6,191.88,178.8,183.87,10014645767.0,184.075,169.349
2026-06-22T10:45:32,2026-06-22 10:45:31,603020,爱普股份,14.84,6.3037,13.89,14.85,13.89,13.96,194666597.0,13.96,12.88
2026-06-22T10:45:32,2026-06-22 10:45:30,001223,欧克科技,47.25,-3.6697,49.54,49.64,47.03,49.05,97191729.13,49.05,45.3
2026-06-22T10:45:32,2026-06-22 10:45:30,002906,华阳集团,27.44,-5.9952,28.99,29.15,27.4,29.19,260595352.94,29.19,26.27
2026-06-22T10:45:32,2026-06-22 10:45:29,603637,镇海股份,18.99,1.4423,18.72,19.67,18.7,18.72,141167335.0,18.72,16.66
2026-06-22T10:45:32,2026-06-22 10:45:31,600183,生益科技,179.26,-2.5072,186.6,191.88,178.8,183.87,10104757674.0,184.075,169.349
2026-06-22T10:46:33,2026-06-22 10:46:31,603020,爱普股份,14.82,6.1605,13.89,14.85,13.89,13.96,195464742.0,13.96,12.88
2026-06-22T10:46:33,2026-06-22 10:46:30,001223,欧克科技,47.32,-3.527,49.54,49.64,47.03,49.05,97598303.13,49.05,45.3
2026-06-22T10:46:33,2026-06-22 10:46:30,002906,华阳集团,27.45,-5.9609,28.99,29.15,27.4,29.19,261352630.94,29.19,26.27
2026-06-22T10:46:33,2026-06-22 10:46:29,603637,镇海股份,18.99,1.4423,18.72,19.67,18.7,18.72,141444683.0,18.72,16.66
2026-06-22T10:46:33,2026-06-22 10:46:30,600183,生益科技,179.15,-2.567,186.6,191.88,178.8,183.87,10212686459.0,184.075,169.349
2026-06-22T10:47:34,2026-06-22 10:47:31,603020,爱普股份,14.8,6.0172,13.89,14.87,13.89,13.96,199381646.0,13.96,12.88
2026-06-22T10:47:34,2026-06-22 10:47:33,001223,欧克科技,47.27,-3.629,49.54,49.64,47.03,49.05,98204202.13,49.05,45.3
2026-06-22T10:47:34,2026-06-22 10:47:33,002906,华阳集团,27.38,-6.2008,28.99,29.15,27.38,29.19,264301274.94,29.19,26.27
2026-06-22T10:47:34,2026-06-22 10:47:29,603637,镇海股份,18.92,1.0684,18.72,19.67,18.7,18.72,141924511.0,18.72,16.66
2026-06-22T10:47:34,2026-06-22 10:47:31,600183,生益科技,178.74,-2.79,186.6,191.88,178.68,183.87,10308715098.0,184.075,169.349
2026-06-22T10:48:35,2026-06-22 10:48:31,603020,爱普股份,14.75,5.659,13.89,14.87,13.89,13.96,200503054.0,13.96,12.88
2026-06-22T10:48:35,2026-06-22 10:48:30,001223,欧克科技,47.3,-3.5678,49.54,49.64,47.03,49.05,98346091.13,49.05,45.3
2026-06-22T10:48:35,2026-06-22 10:48:33,002906,华阳集团,27.35,-6.3035,28.99,29.15,27.35,29.19,265133215.94,29.19,26.27
2026-06-22T10:48:35,2026-06-22 10:48:32,603637,镇海股份,18.92,1.0684,18.72,19.67,18.7,18.72,142544813.0,18.72,16.66
2026-06-22T10:48:35,2026-06-22 10:48:34,600183,生益科技,178.0,-3.1925,186.6,191.88,177.98,183.87,10472090820.0,184.075,169.349
2026-06-22T10:49:37,2026-06-22 10:49:34,603020,爱普股份,14.81,6.0888,13.89,14.87,13.89,13.96,201382473.0,13.96,12.88
2026-06-22T10:49:37,2026-06-22 10:49:36,001223,欧克科技,47.25,-3.6697,49.54,49.64,47.03,49.05,98800053.13,49.05,45.3
2026-06-22T10:49:37,2026-06-22 10:49:36,002906,华阳集团,27.33,-6.372,28.99,29.15,27.32,29.19,266576952.94,29.19,26.27
2026-06-22T10:49:37,2026-06-22 10:49:35,603637,镇海股份,18.89,0.9081,18.72,19.67,18.7,18.72,142953095.0,18.72,16.66
2026-06-22T10:49:37,2026-06-22 10:49:34,600183,生益科技,177.8,-3.3012,186.6,191.88,177.66,183.87,10581190979.0,184.075,169.349
2026-06-22T10:50:37,2026-06-22 10:50:34,603020,爱普股份,14.81,6.0888,13.89,14.87,13.89,13.96,202534376.0,13.96,12.88
2026-06-22T10:50:37,2026-06-22 10:50:36,001223,欧克科技,47.21,-3.7513,49.54,49.64,47.03,49.05,99173209.13,49.05,45.3
2026-06-22T10:50:37,2026-06-22 10:50:36,002906,华阳集团,27.31,-6.4406,28.99,29.15,27.31,29.19,267705224.94,29.19,26.27
2026-06-22T10:50:37,2026-06-22 10:50:35,603637,镇海股份,18.88,0.8547,18.72,19.67,18.7,18.72,145029702.0,18.72,16.66
2026-06-22T10:50:37,2026-06-22 10:50:37,600183,生益科技,178.45,-2.9477,186.6,191.88,177.54,183.87,10673072746.0,184.075,169.349
2026-06-22T10:51:39,2026-06-22 10:51:37,603020,爱普股份,14.79,5.9456,13.89,14.87,13.89,13.96,204447990.0,13.96,12.88
2026-06-22T10:51:39,2026-06-22 10:51:36,001223,欧克科技,47.17,-3.8328,49.54,49.64,47.03,49.05,99465763.13,49.05,45.3
2026-06-22T10:51:39,2026-06-22 10:51:36,002906,华阳集团,27.34,-6.3378,28.99,29.15,27.3,29.19,268710409.94,29.19,26.27
2026-06-22T10:51:39,2026-06-22 10:51:35,603637,镇海股份,18.9,0.9615,18.72,19.67,18.7,18.72,145307215.0,18.72,16.66
2026-06-22T10:51:39,2026-06-22 10:51:37,600183,生益科技,178.86,-2.7248,186.6,191.88,177.54,183.87,10716799299.0,184.075,169.349
2026-06-22T10:52:40,2026-06-22 10:52:37,603020,爱普股份,14.75,5.659,13.89,14.87,13.89,13.96,205829055.0,13.96,12.88
2026-06-22T10:52:40,2026-06-22 10:52:39,001223,欧克科技,47.25,-3.6697,49.54,49.64,47.03,49.05,99814916.13,49.05,45.3
2026-06-22T10:52:40,2026-06-22 10:52:39,002906,华阳集团,27.33,-6.372,28.99,29.15,27.3,29.19,269311712.94,29.19,26.27
2026-06-22T10:52:40,2026-06-22 10:52:32,603637,镇海股份,18.93,1.1218,18.72,19.67,18.7,18.72,145485097.0,18.72,16.66
2026-06-22T10:52:40,2026-06-22 10:52:37,600183,生益科技,179.66,-2.2897,186.6,191.88,177.54,183.87,10764836765.0,184.075,169.349
2026-06-22T10:53:41,2026-06-22 10:53:37,603020,爱普股份,14.7,5.3009,13.89,14.87,13.89,13.96,206691205.0,13.96,12.88
2026-06-22T10:53:41,2026-06-22 10:53:39,001223,欧克科技,47.1,-3.9755,49.54,49.64,47.03,49.05,101516446.13,49.05,45.3
2026-06-22T10:53:41,2026-06-22 10:53:39,002906,华阳集团,27.28,-6.5433,28.99,29.15,27.27,29.19,271741764.94,29.19,26.27
2026-06-22T10:53:41,2026-06-22 10:53:38,603637,镇海股份,18.9,0.9615,18.72,19.67,18.7,18.72,146302002.0,18.72,16.66
2026-06-22T10:53:41,2026-06-22 10:53:40,600183,生益科技,178.43,-2.9586,186.6,191.88,177.54,183.87,10819200731.0,184.075,169.349
2026-06-22T10:54:42,2026-06-22 10:54:40,603020,爱普股份,14.68,5.1576,13.89,14.87,13.89,13.96,207985123.0,13.96,12.88
2026-06-22T10:54:42,2026-06-22 10:54:39,001223,欧克科技,47.03,-4.1182,49.54,49.64,47.03,49.05,102128189.13,49.05,45.3
2026-06-22T10:54:42,2026-06-22 10:54:39,002906,华阳集团,27.27,-6.5776,28.99,29.15,27.25,29.19,272713229.94,29.19,26.27
2026-06-22T10:54:42,2026-06-22 10:54:35,603637,镇海股份,18.85,0.6944,18.72,19.67,18.7,18.72,146437890.0,18.72,16.66
2026-06-22T10:54:42,2026-06-22 10:54:40,600183,生益科技,179.16,-2.5616,186.6,191.88,177.54,183.87,10861209029.0,184.075,169.349
2026-06-22T10:55:43,2026-06-22 10:55:40,603020,爱普股份,14.67,5.086,13.89,14.87,13.89,13.96,208653355.0,13.96,12.88
2026-06-22T10:55:43,2026-06-22 10:55:42,001223,欧克科技,47.03,-4.1182,49.54,49.64,47.0,49.05,103858143.13,49.05,45.3
2026-06-22T10:55:43,2026-06-22 10:55:42,002906,华阳集团,27.24,-6.6804,28.99,29.15,27.23,29.19,273372663.94,29.19,26.27
2026-06-22T10:55:43,2026-06-22 10:55:35,603637,镇海股份,18.85,0.6944,18.72,19.67,18.7,18.72,146803619.0,18.72,16.66
2026-06-22T10:55:43,2026-06-22 10:55:43,600183,生益科技,178.94,-2.6812,186.6,191.88,177.54,183.87,10899756959.0,184.075,169.349
2026-06-22T10:56:46,2026-06-22 10:56:43,603020,爱普股份,14.67,5.086,13.89,14.87,13.89,13.96,209132768.0,13.96,12.88
2026-06-22T10:56:46,2026-06-22 10:56:39,001223,欧克科技,47.05,-4.0775,49.54,49.64,47.0,49.05,104364131.13,49.05,45.3
2026-06-22T10:56:46,2026-06-22 10:56:45,002906,华阳集团,27.22,-6.7489,28.99,29.15,27.2,29.19,274276586.94,29.19,26.27
2026-06-22T10:56:46,2026-06-22 10:56:44,603637,镇海股份,18.9,0.9615,18.72,19.67,18.7,18.72,147148989.0,18.72,16.66
2026-06-22T10:56:46,2026-06-22 10:56:43,600183,生益科技,179.42,-2.4202,186.6,191.88,177.54,183.87,10952491496.0,184.075,169.349
2026-06-22T10:57:47,2026-06-22 10:57:46,603020,爱普股份,14.61,4.6562,13.89,14.87,13.89,13.96,210331756.0,13.96,12.88
2026-06-22T10:57:47,2026-06-22 10:57:45,001223,欧克科技,47.1,-3.9755,49.54,49.64,47.0,49.05,105381078.13,49.05,45.3
2026-06-22T10:57:47,2026-06-22 10:57:45,002906,华阳集团,27.24,-6.6804,28.99,29.15,27.2,29.19,275798080.94,29.19,26.27
2026-06-22T10:57:47,2026-06-22 10:57:44,603637,镇海股份,18.96,1.2821,18.72,19.67,18.7,18.72,147520596.0,18.72,16.66
2026-06-22T10:57:47,2026-06-22 10:57:46,600183,生益科技,180.33,-1.9253,186.6,191.88,177.54,183.87,11021740518.0,184.075,169.349
2026-06-22T10:58:48,2026-06-22 10:58:46,603020,爱普股份,14.71,5.3725,13.89,14.87,13.89,13.96,211134612.0,13.96,12.88
2026-06-22T10:58:48,2026-06-22 10:58:33,001223,欧克科技,47.18,-3.8124,49.54,49.64,47.0,49.05,105908832.13,49.05,45.3
2026-06-22T10:58:48,2026-06-22 10:58:45,002906,华阳集团,27.27,-6.5776,28.99,29.15,27.2,29.19,276528173.94,29.19,26.27
2026-06-22T10:58:48,2026-06-22 10:58:44,603637,镇海股份,18.94,1.1752,18.72,19.67,18.7,18.72,148027942.0,18.72,16.66
2026-06-22T10:58:48,2026-06-22 10:58:45,600183,生益科技,181.09,-1.5119,186.6,191.88,177.54,183.87,11074113736.0,184.075,169.349
2026-06-22T10:59:49,2026-06-22 10:59:47,603020,爱普股份,14.74,5.5874,13.89,14.87,13.89,13.96,211952752.0,13.96,12.88
2026-06-22T10:59:49,2026-06-22 10:59:45,001223,欧克科技,47.22,-3.7309,49.54,49.64,47.0,49.05,105965483.13,49.05,45.3
2026-06-22T10:59:49,2026-06-22 10:59:48,002906,华阳集团,27.26,-6.6119,28.99,29.15,27.2,29.19,277739505.94,29.19,26.27
2026-06-22T10:59:49,2026-06-22 10:59:47,603637,镇海股份,18.92,1.0684,18.72,19.67,18.7,18.72,148198340.0,18.72,16.66
2026-06-22T10:59:49,2026-06-22 10:59:46,600183,生益科技,181.72,-1.1693,186.6,191.88,177.54,183.87,11144487464.0,184.075,169.349
2026-06-22T11:00:50,2026-06-22 11:00:46,603020,爱普股份,14.78,5.8739,13.89,14.87,13.89,13.96,213552160.0,13.96,12.88
2026-06-22T11:00:50,2026-06-22 11:00:48,001223,欧克科技,47.26,-3.6493,49.54,49.64,47.0,49.05,106163881.13,49.05,45.3
2026-06-22T11:00:50,2026-06-22 11:00:48,002906,华阳集团,27.31,-6.4406,28.99,29.15,27.2,29.19,278320631.94,29.19,26.27
2026-06-22T11:00:50,2026-06-22 11:00:47,603637,镇海股份,18.95,1.2286,18.72,19.67,18.7,18.72,148455899.0,18.72,16.66
2026-06-22T11:00:50,2026-06-22 11:00:48,600183,生益科技,181.65,-1.2074,186.6,191.88,177.54,183.87,11215357330.0,184.075,169.349
2026-06-22T11:01:51,2026-06-22 11:01:49,603020,爱普股份,14.83,6.2321,13.89,14.87,13.89,13.96,215767432.0,13.96,12.88
2026-06-22T11:01:51,2026-06-22 11:01:45,001223,欧克科技,47.26,-3.6493,49.54,49.64,47.0,49.05,106220600.13,49.05,45.3
2026-06-22T11:01:51,2026-06-22 11:01:48,002906,华阳集团,27.31,-6.4406,28.99,29.15,27.2,29.19,279596377.94,29.19,26.27
2026-06-22T11:01:51,2026-06-22 11:01:47,603637,镇海股份,18.94,1.1752,18.72,19.67,18.7,18.72,149283722.0,18.72,16.66
2026-06-22T11:01:51,2026-06-22 11:01:49,600183,生益科技,182.21,-0.9028,186.6,191.88,177.54,183.87,11260238415.0,184.075,169.349
2026-06-22T11:02:52,2026-06-22 11:02:49,603020,爱普股份,14.82,6.1605,13.89,14.87,13.89,13.96,216628613.0,13.96,12.88
2026-06-22T11:02:52,2026-06-22 11:02:51,001223,欧克科技,47.25,-3.6697,49.54,49.64,47.0,49.05,106286747.13,49.05,45.3
2026-06-22T11:02:52,2026-06-22 11:02:51,002906,华阳集团,27.3,-6.4748,28.99,29.15,27.2,29.19,279989709.94,29.19,26.27
2026-06-22T11:02:52,2026-06-22 11:02:47,603637,镇海股份,18.9,0.9615,18.72,19.67,18.7,18.72,149724298.0,18.72,16.66
2026-06-22T11:02:52,2026-06-22 11:02:49,600183,生益科技,182.83,-0.5656,186.6,191.88,177.54,183.87,11313000401.0,184.075,169.349
2026-06-22T11:03:53,2026-06-22 11:03:49,603020,爱普股份,14.79,5.9456,13.89,14.87,13.89,13.96,217387826.0,13.96,12.88
2026-06-22T11:03:53,2026-06-22 11:03:51,001223,欧克科技,47.25,-3.6697,49.54,49.64,47.0,49.05,106471029.13,49.05,45.3
2026-06-22T11:03:53,2026-06-22 11:03:51,002906,华阳集团,27.28,-6.5433,28.99,29.15,27.2,29.19,281009904.94,29.19,26.27
2026-06-22T11:03:53,2026-06-22 11:03:50,603637,镇海股份,18.88,0.8547,18.72,19.67,18.7,18.72,150153330.0,18.72,16.66
2026-06-22T11:03:53,2026-06-22 11:03:52,600183,生益科技,183.05,-0.446,186.6,191.88,177.54,183.87,11382068723.0,184.075,169.349
2026-06-22T11:04:54,2026-06-22 11:04:52,603020,爱普股份,14.86,6.447,13.89,14.89,13.89,13.96,221591237.0,13.96,12.88
2026-06-22T11:04:54,2026-06-22 11:04:51,001223,欧克科技,47.31,-3.5474,49.54,49.64,47.0,49.05,107095009.13,49.05,45.3
2026-06-22T11:04:54,2026-06-22 11:04:51,002906,华阳集团,27.25,-6.6461,28.99,29.15,27.2,29.19,282018852.94,29.19,26.27
2026-06-22T11:04:54,2026-06-22 11:04:50,603637,镇海股份,18.88,0.8547,18.72,19.67,18.7,18.72,150381782.0,18.72,16.66
2026-06-22T11:04:54,2026-06-22 11:04:52,600183,生益科技,182.99,-0.4786,186.6,191.88,177.54,183.87,11448711243.0,184.075,169.349
2026-06-22T11:05:55,2026-06-22 11:05:52,603020,爱普股份,14.84,6.3037,13.89,14.91,13.89,13.96,223322715.0,13.96,12.88
2026-06-22T11:05:55,2026-06-22 11:05:54,001223,欧克科技,47.3,-3.5678,49.54,49.64,47.0,49.05,107563284.13,49.05,45.3
2026-06-22T11:05:55,2026-06-22 11:05:51,002906,华阳集团,27.29,-6.5091,28.99,29.15,27.2,29.19,282959480.94,29.19,26.27
2026-06-22T11:05:55,2026-06-22 11:05:50,603637,镇海股份,18.88,0.8547,18.72,19.67,18.7,18.72,150749916.0,18.72,16.66
2026-06-22T11:05:55,2026-06-22 11:05:52,600183,生益科技,182.84,-0.5602,186.6,191.88,177.54,183.87,11499937049.0,184.075,169.349
2026-06-22T11:06:56,2026-06-22 11:06:55,603020,爱普股份,14.81,6.0888,13.89,14.91,13.89,13.96,223847964.0,13.96,12.88
2026-06-22T11:06:56,2026-06-22 11:06:54,001223,欧克科技,47.88,-2.3853,49.54,49.64,47.0,49.05,108754034.53,49.05,45.3
2026-06-22T11:06:56,2026-06-22 11:06:54,002906,华阳集团,27.25,-6.6461,28.99,29.15,27.2,29.19,283856902.94,29.19,26.27
2026-06-22T11:06:56,2026-06-22 11:06:53,603637,镇海股份,18.9,0.9615,18.72,19.67,18.7,18.72,150887889.0,18.72,16.66
2026-06-22T11:06:56,2026-06-22 11:06:54,600183,生益科技,181.92,-1.0605,186.6,191.88,177.54,183.87,11552091399.0,184.075,169.349
2026-06-22T11:07:57,2026-06-22 11:07:55,603020,爱普股份,14.79,5.9456,13.89,14.91,13.89,13.96,224246142.0,13.96,12.88
2026-06-22T11:07:57,2026-06-22 11:07:54,001223,欧克科技,47.67,-2.8135,49.54,49.64,47.0,49.05,110403812.53,49.05,45.3
2026-06-22T11:07:57,2026-06-22 11:07:54,002906,华阳集团,27.23,-6.7146,28.99,29.15,27.2,29.19,284977237.94,29.19,26.27
2026-06-22T11:07:57,2026-06-22 11:07:53,603637,镇海股份,18.9,0.9615,18.72,19.67,18.7,18.72,151447008.0,18.72,16.66
2026-06-22T11:07:57,2026-06-22 11:07:54,600183,生益科技,181.16,-1.4739,186.6,191.88,177.54,183.87,11590981533.0,184.075,169.349
2026-06-22T11:08:58,2026-06-22 11:08:55,603020,爱普股份,14.84,6.3037,13.89,14.91,13.89,13.96,224928176.0,13.96,12.88
2026-06-22T11:08:58,2026-06-22 11:08:57,001223,欧克科技,47.41,-3.3435,49.54,49.64,47.0,49.05,110503468.53,49.05,45.3
2026-06-22T11:08:58,2026-06-22 11:08:57,002906,华阳集团,27.15,-6.9887,28.99,29.15,27.13,29.19,287399814.94,29.19,26.27
2026-06-22T11:08:58,2026-06-22 11:08:56,603637,镇海股份,18.76,0.2137,18.72,19.67,18.7,18.72,152880638.0,18.72,16.66
2026-06-22T11:08:58,2026-06-22 11:08:58,600183,生益科技,180.4,-1.8872,186.6,191.88,177.54,183.87,11631135648.0,184.075,169.349
2026-06-22T11:09:59,2026-06-22 11:09:55,603020,爱普股份,14.82,6.1605,13.89,14.91,13.89,13.96,226410830.0,13.96,12.88
2026-06-22T11:09:59,2026-06-22 11:09:57,001223,欧克科技,47.34,-3.4862,49.54,49.64,47.0,49.05,111336881.53,49.05,45.3
2026-06-22T11:09:59,2026-06-22 11:09:57,002906,华阳集团,27.13,-7.0572,28.99,29.15,27.13,29.19,289463172.94,29.19,26.27
2026-06-22T11:09:59,2026-06-22 11:09:56,603637,镇海股份,18.78,0.3205,18.72,19.67,18.7,18.72,153351797.0,18.72,16.66
2026-06-22T11:09:59,2026-06-22 11:09:58,600183,生益科技,180.01,-2.0993,186.6,191.88,177.54,183.87,11685179579.0,184.075,169.349
2026-06-22T11:11:00,2026-06-22 11:10:55,603020,爱普股份,14.89,6.6619,13.89,14.91,13.89,13.96,227611355.0,13.96,12.88
2026-06-22T11:11:00,2026-06-22 11:10:54,001223,欧克科技,47.32,-3.527,49.54,49.64,47.0,49.05,111393644.53,49.05,45.3
2026-06-22T11:11:00,2026-06-22 11:10:57,002906,华阳集团,27.22,-6.7489,28.99,29.15,27.13,29.19,290644653.94,29.19,26.27
2026-06-22T11:11:00,2026-06-22 11:10:56,603637,镇海股份,18.81,0.4808,18.72,19.67,18.7,18.72,153659611.0,18.72,16.66
2026-06-22T11:11:00,2026-06-22 11:10:58,600183,生益科技,180.1,-2.0504,186.6,191.88,177.54,183.87,11733258802.0,184.075,169.349
2026-06-22T11:12:01,2026-06-22 11:11:58,603020,爱普股份,14.88,6.5903,13.89,14.91,13.89,13.96,229299575.0,13.96,12.88
2026-06-22T11:12:01,2026-06-22 11:12:00,001223,欧克科技,47.34,-3.4862,49.54,49.64,47.0,49.05,111559385.53,49.05,45.3
2026-06-22T11:12:01,2026-06-22 11:12:00,002906,华阳集团,27.18,-6.8859,28.99,29.15,27.13,29.19,292034028.94,29.19,26.27
2026-06-22T11:12:01,2026-06-22 11:11:59,603637,镇海股份,18.85,0.6944,18.72,19.67,18.7,18.72,153806559.0,18.72,16.66
2026-06-22T11:12:01,2026-06-22 11:11:58,600183,生益科技,180.71,-1.7186,186.6,191.88,177.54,183.87,11775565516.0,184.075,169.349
2026-06-22T11:13:03,2026-06-22 11:12:58,603020,爱普股份,14.86,6.447,13.89,14.91,13.89,13.96,230525127.0,13.96,12.88
2026-06-22T11:13:03,2026-06-22 11:13:00,001223,欧克科技,47.47,-3.2212,49.54,49.64,47.0,49.05,112057320.53,49.05,45.3
2026-06-22T11:13:03,2026-06-22 11:13:00,002906,华阳集团,27.24,-6.6804,28.99,29.15,27.13,29.19,293175987.94,29.19,26.27
2026-06-22T11:13:03,2026-06-22 11:12:59,603637,镇海股份,18.85,0.6944,18.72,19.67,18.7,18.72,154420626.0,18.72,16.66
2026-06-22T11:13:03,2026-06-22 11:13:00,600183,生益科技,181.94,-1.0497,186.6,191.88,177.54,183.87,11817620299.0,184.075,169.349
2026-06-22T11:14:04,2026-06-22 11:14:01,603020,爱普股份,14.82,6.1605,13.89,14.91,13.89,13.96,230781804.0,13.96,12.88
2026-06-22T11:14:04,2026-06-22 11:14:00,001223,欧克科技,47.43,-3.3028,49.54,49.64,47.0,49.05,112209231.53,49.05,45.3
2026-06-22T11:14:04,2026-06-22 11:14:00,002906,华阳集团,27.2,-6.8174,28.99,29.15,27.13,29.19,293717566.94,29.19,26.27
2026-06-22T11:14:04,2026-06-22 11:14:02,603637,镇海股份,18.8,0.4274,18.72,19.67,18.7,18.72,155431109.0,18.72,16.66
2026-06-22T11:14:04,2026-06-22 11:14:00,600183,生益科技,181.51,-1.2835,186.6,191.88,177.54,183.87,11852063793.0,184.075,169.349
2026-06-22T11:15:05,2026-06-22 11:15:01,603020,爱普股份,14.9,6.7335,13.89,14.91,13.89,13.96,232762079.0,13.96,12.88
2026-06-22T11:15:05,2026-06-22 11:15:03,001223,欧克科技,47.43,-3.3028,49.54,49.64,47.0,49.05,112304095.53,49.05,45.3
2026-06-22T11:15:05,2026-06-22 11:15:03,002906,华阳集团,27.26,-6.6119,28.99,29.15,27.13,29.19,294537386.94,29.19,26.27
2026-06-22T11:15:05,2026-06-22 11:15:02,603637,镇海股份,18.82,0.5342,18.72,19.67,18.7,18.72,156138238.0,18.72,16.66
2026-06-22T11:15:05,2026-06-22 11:15:03,600183,生益科技,182.4,-0.7995,186.6,191.88,177.54,183.87,11886836006.0,184.075,169.349
2026-06-22T11:16:07,2026-06-22 11:16:04,603020,爱普股份,14.91,6.8052,13.89,14.93,13.89,13.96,233407776.0,13.96,12.88
2026-06-22T11:16:07,2026-06-22 11:16:00,001223,欧克科技,47.5,-3.16,49.54,49.64,47.0,49.05,112455932.53,49.05,45.3
2026-06-22T11:16:07,2026-06-22 11:16:03,002906,华阳集团,27.34,-6.3378,28.99,29.15,27.13,29.19,297727531.94,29.19,26.27
2026-06-22T11:16:07,2026-06-22 11:16:05,603637,镇海股份,18.87,0.8013,18.72,19.67,18.7,18.72,156351181.0,18.72,16.66
2026-06-22T11:16:07,2026-06-22 11:16:04,600183,生益科技,183.48,-0.2121,186.6,191.88,177.54,183.87,11928828961.0,184.075,169.349
2026-06-22T11:17:08,2026-06-22 11:17:04,603020,爱普股份,14.92,6.8768,13.89,14.93,13.89,13.96,234053126.0,13.96,12.88
2026-06-22T11:17:08,2026-06-22 11:17:06,001223,欧克科技,47.59,-2.9766,49.54,49.64,47.0,49.05,112717621.53,49.05,45.3
2026-06-22T11:17:08,2026-06-22 11:17:06,002906,华阳集团,27.31,-6.4406,28.99,29.15,27.13,29.19,298808765.94,29.19,26.27
2026-06-22T11:17:08,2026-06-22 11:17:05,603637,镇海股份,18.85,0.6944,18.72,19.67,18.7,18.72,156914753.0,18.72,16.66
2026-06-22T11:17:08,2026-06-22 11:17:07,600183,生益科技,183.52,-0.1904,186.6,191.88,177.54,183.87,12011717736.0,184.075,169.349
2026-06-22T11:18:09,2026-06-22 11:18:07,603020,爱普股份,14.86,6.447,13.89,14.93,13.89,13.96,234883795.0,13.96,12.88
2026-06-22T11:18:09,2026-06-22 11:18:06,001223,欧克科技,47.5,-3.16,49.54,49.64,47.0,49.05,113069737.53,49.05,45.3
2026-06-22T11:18:09,2026-06-22 11:18:06,002906,华阳集团,27.34,-6.3378,28.99,29.15,27.13,29.19,299748846.94,29.19,26.27
2026-06-22T11:18:09,2026-06-22 11:18:05,603637,镇海股份,18.82,0.5342,18.72,19.67,18.7,18.72,157314395.0,18.72,16.66
2026-06-22T11:18:09,2026-06-22 11:18:07,600183,生益科技,183.06,-0.4405,186.6,191.88,177.54,183.87,12060364706.0,184.075,169.349
2026-06-22T11:19:10,2026-06-22 11:19:07,603020,爱普股份,14.87,6.5186,13.89,14.93,13.89,13.96,235328547.0,13.96,12.88
2026-06-22T11:19:10,2026-06-22 11:19:09,001223,欧克科技,47.5,-3.16,49.54,49.64,47.0,49.05,113121992.53,49.05,45.3
2026-06-22T11:19:10,2026-06-22 11:19:06,002906,华阳集团,27.33,-6.372,28.99,29.15,27.13,29.19,300112064.94,29.19,26.27
2026-06-22T11:19:10,2026-06-22 11:19:08,603637,镇海股份,18.86,0.7479,18.72,19.67,18.7,18.72,157698853.0,18.72,16.66
2026-06-22T11:19:10,2026-06-22 11:19:07,600183,生益科技,182.98,-0.484,186.6,191.88,177.54,183.87,12099689088.0,184.075,169.349
2026-06-22T11:20:11,2026-06-22 11:20:07,603020,爱普股份,14.85,6.3754,13.89,14.93,13.89,13.96,235804109.0,13.96,12.88
2026-06-22T11:20:11,2026-06-22 11:20:09,001223,欧克科技,47.5,-3.16,49.54,49.64,47.0,49.05,113240778.53,49.05,45.3
2026-06-22T11:20:11,2026-06-22 11:20:09,002906,华阳集团,27.28,-6.5433,28.99,29.15,27.13,29.19,301324331.94,29.19,26.27
2026-06-22T11:20:11,2026-06-22 11:20:05,603637,镇海股份,18.87,0.8013,18.72,19.67,18.7,18.72,157961151.0,18.72,16.66
2026-06-22T11:20:11,2026-06-22 11:20:09,600183,生益科技,182.49,-0.7505,186.6,191.88,177.54,183.87,12132067799.0,184.075,169.349
2026-06-22T11:21:12,2026-06-22 11:21:10,603020,爱普股份,14.84,6.3037,13.89,14.93,13.89,13.96,236981286.0,13.96,12.88
2026-06-22T11:21:12,2026-06-22 11:21:12,001223,欧克科技,47.47,-3.2212,49.54,49.64,47.0,49.05,113364282.53,49.05,45.3
2026-06-22T11:21:12,2026-06-22 11:21:09,002906,华阳集团,27.25,-6.6461,28.99,29.15,27.13,29.19,301738513.94,29.19,26.27
2026-06-22T11:21:12,2026-06-22 11:21:11,603637,镇海股份,18.9,0.9615,18.72,19.67,18.7,18.72,159103568.0,18.72,16.66
2026-06-22T11:21:12,2026-06-22 11:21:10,600183,生益科技,183.0,-0.4732,186.6,191.88,177.54,183.87,12189166280.0,184.075,169.349
2026-06-22T11:22:13,2026-06-22 11:22:10,603020,爱普股份,14.81,6.0888,13.89,14.93,13.89,13.96,237734848.0,13.96,12.88
2026-06-22T11:22:13,2026-06-22 11:22:12,001223,欧克科技,47.5,-3.16,49.54,49.64,47.0,49.05,113520948.53,49.05,45.3
2026-06-22T11:22:13,2026-06-22 11:22:12,002906,华阳集团,27.2,-6.8174,28.99,29.15,27.13,29.19,302609727.94,29.19,26.27
2026-06-22T11:22:13,2026-06-22 11:22:11,603637,镇海股份,18.89,0.9081,18.72,19.67,18.7,18.72,159337783.0,18.72,16.66
2026-06-22T11:22:13,2026-06-22 11:22:09,600183,生益科技,182.84,-0.5602,186.6,191.88,177.54,183.87,12225582665.0,184.075,169.349
2026-06-22T11:23:15,2026-06-22 11:23:10,603020,爱普股份,14.84,6.3037,13.89,14.93,13.89,13.96,238046100.0,13.96,12.88
2026-06-22T11:23:15,2026-06-22 11:23:12,001223,欧克科技,47.5,-3.16,49.54,49.64,47.0,49.05,113587415.53,49.05,45.3
2026-06-22T11:23:15,2026-06-22 11:23:12,002906,华阳集团,27.2,-6.8174,28.99,29.15,27.13,29.19,303560306.82,29.19,26.27
2026-06-22T11:23:15,2026-06-22 11:23:11,603637,镇海股份,18.88,0.8547,18.72,19.67,18.7,18.72,159432192.0,18.72,16.66
2026-06-22T11:23:15,2026-06-22 11:23:12,600183,生益科技,182.45,-0.7723,186.6,191.88,177.54,183.87,12247760090.0,184.075,169.349
2026-06-22T11:24:16,2026-06-22 11:24:13,603020,爱普股份,14.84,6.3037,13.89,14.93,13.89,13.96,239470494.0,13.96,12.88
2026-06-22T11:24:16,2026-06-22 11:24:06,001223,欧克科技,47.65,-2.8542,49.54,49.64,47.0,49.05,113677785.53,49.05,45.3
2026-06-22T11:24:16,2026-06-22 11:24:12,002906,华阳集团,27.18,-6.8859,28.99,29.15,27.13,29.19,304329473.82,29.19,26.27
2026-06-22T11:24:16,2026-06-22 11:24:14,603637,镇海股份,18.88,0.8547,18.72,19.67,18.7,18.72,159696498.0,18.72,16.66
2026-06-22T11:24:16,2026-06-22 11:24:13,600183,生益科技,183.23,-0.3481,186.6,191.88,177.54,183.87,12278096254.0,184.075,169.349
2026-06-22T11:25:17,2026-06-22 11:25:13,603020,爱普股份,14.87,6.5186,13.89,14.93,13.89,13.96,240582775.0,13.96,12.88
2026-06-22T11:25:17,2026-06-22 11:25:15,001223,欧克科技,47.66,-2.8338,49.54,49.64,47.0,49.05,113687316.53,49.05,45.3
2026-06-22T11:25:17,2026-06-22 11:25:15,002906,华阳集团,27.2,-6.8174,28.99,29.15,27.13,29.19,306280287.82,29.19,26.27
2026-06-22T11:25:17,2026-06-22 11:25:14,603637,镇海股份,18.85,0.6944,18.72,19.67,18.7,18.72,160003784.0,18.72,16.66
2026-06-22T11:25:17,2026-06-22 11:25:12,600183,生益科技,183.06,-0.4405,186.6,191.88,177.54,183.87,12317913210.0,184.075,169.349
2026-06-22T11:26:19,2026-06-22 11:26:16,603020,爱普股份,14.88,6.5903,13.89,14.93,13.89,13.96,241226016.0,13.96,12.88
2026-06-22T11:26:19,2026-06-22 11:26:18,001223,欧克科技,47.68,-2.7931,49.54,49.64,47.0,49.05,113777961.53,49.05,45.3
2026-06-22T11:26:19,2026-06-22 11:26:18,002906,华阳集团,27.24,-6.6804,28.99,29.15,27.13,29.19,307538857.82,29.19,26.27
2026-06-22T11:26:19,2026-06-22 11:26:14,603637,镇海股份,18.85,0.6944,18.72,19.67,18.7,18.72,160181080.0,18.72,16.66
2026-06-22T11:26:19,2026-06-22 11:26:15,600183,生益科技,182.47,-0.7614,186.6,191.88,177.54,183.87,12367935987.0,184.075,169.349
2026-06-22T11:27:20,2026-06-22 11:27:16,603020,爱普股份,14.88,6.5903,13.89,14.93,13.89,13.96,241464103.0,13.96,12.88
2026-06-22T11:27:20,2026-06-22 11:27:18,001223,欧克科技,47.66,-2.8338,49.54,49.64,47.0,49.05,113978184.53,49.05,45.3
2026-06-22T11:27:20,2026-06-22 11:27:18,002906,华阳集团,27.27,-6.5776,28.99,29.15,27.13,29.19,308301844.82,29.19,26.27
2026-06-22T11:27:20,2026-06-22 11:27:17,603637,镇海股份,18.88,0.8547,18.72,19.67,18.7,18.72,160277279.0,18.72,16.66
2026-06-22T11:27:20,2026-06-22 11:27:18,600183,生益科技,182.71,-0.6309,186.6,191.88,177.54,183.87,12408213836.0,184.075,169.349
2026-06-22T11:28:21,2026-06-22 11:28:19,603020,爱普股份,14.89,6.6619,13.89,14.93,13.89,13.96,242104477.0,13.96,12.88
2026-06-22T11:28:21,2026-06-22 11:28:18,001223,欧克科技,47.7,-2.7523,49.54,49.64,47.0,49.05,114407282.53,49.05,45.3
2026-06-22T11:28:21,2026-06-22 11:28:18,002906,华阳集团,27.25,-6.6461,28.99,29.15,27.13,29.19,308977686.82,29.19,26.27
2026-06-22T11:28:21,2026-06-22 11:28:17,603637,镇海股份,18.89,0.9081,18.72,19.67,18.7,18.72,160976408.0,18.72,16.66
2026-06-22T11:28:21,2026-06-22 11:28:19,600183,生益科技,182.48,-0.756,186.6,191.88,177.54,183.87,12451206687.0,184.075,169.349
2026-06-22T11:29:22,2026-06-22 11:29:16,603020,爱普股份,14.92,6.8768,13.89,14.95,13.89,13.96,243222093.0,13.96,12.88
2026-06-22T11:29:22,2026-06-22 11:29:18,001223,欧克科技,47.68,-2.7931,49.54,49.64,47.0,49.05,114598055.53,49.05,45.3
2026-06-22T11:29:22,2026-06-22 11:29:21,002906,华阳集团,27.27,-6.5776,28.99,29.15,27.13,29.19,309626263.82,29.19,26.27
2026-06-22T11:29:22,2026-06-22 11:29:20,603637,镇海股份,18.91,1.015,18.72,19.67,18.7,18.72,161161530.0,18.72,16.66
2026-06-22T11:29:22,2026-06-22 11:29:18,600183,生益科技,181.81,-1.1204,186.6,191.88,177.54,183.87,12497392508.0,184.075,169.349
2026-06-22T11:30:23,2026-06-22 11:30:00,603020,爱普股份,14.93,6.9484,13.89,14.96,13.89,13.96,243414765.0,13.96,12.88
2026-06-22T11:30:23,2026-06-22 11:30:00,001223,欧克科技,47.63,-2.895,49.54,49.64,47.0,49.05,114712434.53,49.05,45.3
2026-06-22T11:30:23,2026-06-22 11:30:00,002906,华阳集团,27.3,-6.4748,28.99,29.15,27.13,29.19,310117093.82,29.19,26.27
2026-06-22T11:30:23,2026-06-22 11:30:00,603637,镇海股份,18.9,0.9615,18.72,19.67,18.7,18.72,161467624.0,18.72,16.66
2026-06-22T11:30:23,2026-06-22 11:30:00,600183,生益科技,182.59,-0.6961,186.6,191.88,177.54,183.87,12509598812.0,184.075,169.349
2026-06-22T13:00:52,2026-06-22 13:00:50,603020,爱普股份,14.9,6.7335,13.89,14.96,13.89,13.96,245162677.0,13.96,12.88
2026-06-22T13:00:52,2026-06-22 13:00:48,001223,欧克科技,47.71,-2.7319,49.54,49.64,47.0,49.05,115356230.53,49.05,45.3
2026-06-22T13:00:52,2026-06-22 13:00:48,002906,华阳集团,27.2,-6.8174,28.99,29.15,27.13,29.19,316288961.82,29.19,26.27
2026-06-22T13:00:52,2026-06-22 13:00:50,603637,镇海股份,19.04,1.7094,18.72,19.67,18.7,18.72,164735844.0,18.72,16.66
2026-06-22T13:00:52,2026-06-22 13:00:49,600183,生益科技,182.11,-0.9572,186.6,191.88,177.54,183.87,12584636880.0,184.075,169.349
2026-06-22T13:01:52,2026-06-22 13:01:49,603020,爱普股份,14.9,6.7335,13.89,14.96,13.89,13.96,246291886.0,13.96,12.88
2026-06-22T13:01:52,2026-06-22 13:01:51,001223,欧克科技,47.77,-2.6096,49.54,49.64,47.0,49.05,115773400.93,49.05,45.3
2026-06-22T13:01:52,2026-06-22 13:01:51,002906,华阳集团,27.27,-6.5776,28.99,29.15,27.13,29.19,316771341.82,29.19,26.27
2026-06-22T13:01:52,2026-06-22 13:01:50,603637,镇海股份,19.12,2.1368,18.72,19.67,18.7,18.72,167660598.0,18.72,16.66
2026-06-22T13:01:52,2026-06-22 13:01:49,600183,生益科技,183.01,-0.4677,186.6,191.88,177.54,183.87,12634613723.0,184.075,169.349
2026-06-22T13:02:52,2026-06-22 13:02:49,603020,爱普股份,14.89,6.6619,13.89,14.96,13.89,13.96,246952533.0,13.96,12.88
2026-06-22T13:02:52,2026-06-22 13:02:42,001223,欧克科技,47.71,-2.7319,49.54,49.64,47.0,49.05,115902289.93,49.05,45.3
2026-06-22T13:02:52,2026-06-22 13:02:51,002906,华阳集团,27.28,-6.5433,28.99,29.15,27.13,29.19,317712071.82,29.19,26.27
2026-06-22T13:02:52,2026-06-22 13:02:50,603637,镇海股份,19.21,2.6175,18.72,19.67,18.7,18.72,169722710.0,18.72,16.66
2026-06-22T13:02:52,2026-06-22 13:02:52,600183,生益科技,182.2,-0.9083,186.6,191.88,177.54,183.87,12679390238.0,184.075,169.349
2026-06-22T13:03:53,2026-06-22 13:03:49,603020,爱普股份,14.88,6.5903,13.89,14.96,13.89,13.96,247308119.0,13.96,12.88
2026-06-22T13:03:53,2026-06-22 13:03:45,001223,欧克科技,47.72,-2.7115,49.54,49.64,47.0,49.05,116131098.93,49.05,45.3
2026-06-22T13:03:53,2026-06-22 13:03:51,002906,华阳集团,27.34,-6.3378,28.99,29.15,27.13,29.19,318757697.82,29.19,26.27
2026-06-22T13:03:53,2026-06-22 13:03:50,603637,镇海股份,19.39,3.5791,18.72,19.67,18.7,18.72,171688844.0,18.72,16.66
2026-06-22T13:03:53,2026-06-22 13:03:52,600183,生益科技,181.88,-1.0823,186.6,191.88,177.54,183.87,12709065037.0,184.075,169.349
2026-06-22T13:04:53,2026-06-22 13:04:49,603020,爱普股份,14.85,6.3754,13.89,14.96,13.89,13.96,248355367.0,13.96,12.88
2026-06-22T13:04:53,2026-06-22 13:04:51,001223,欧克科技,47.63,-2.895,49.54,49.64,47.0,49.05,116364778.93,49.05,45.3
2026-06-22T13:04:53,2026-06-22 13:04:51,002906,华阳集团,27.34,-6.3378,28.99,29.15,27.13,29.19,319919595.82,29.19,26.27
2026-06-22T13:04:53,2026-06-22 13:04:50,603637,镇海股份,19.36,3.4188,18.72,19.67,18.7,18.72,176457036.0,18.72,16.66
2026-06-22T13:04:53,2026-06-22 13:04:51,600183,生益科技,181.49,-1.2944,186.6,191.88,177.54,183.87,12752264383.0,184.075,169.349
2026-06-22T13:05:53,2026-06-22 13:05:52,603020,爱普股份,14.85,6.3754,13.89,14.96,13.89,13.96,248988063.0,13.96,12.88
2026-06-22T13:05:53,2026-06-22 13:05:48,001223,欧克科技,47.63,-2.895,49.54,49.64,47.0,49.05,116903270.93,49.05,45.3
2026-06-22T13:05:53,2026-06-22 13:05:51,002906,华阳集团,27.31,-6.4406,28.99,29.15,27.13,29.19,321184259.82,29.19,26.27
2026-06-22T13:05:53,2026-06-22 13:05:50,603637,镇海股份,19.43,3.7927,18.72,19.67,18.7,18.72,178248117.0,18.72,16.66
2026-06-22T13:05:53,2026-06-22 13:05:51,600183,生益科技,181.97,-1.0333,186.6,191.88,177.54,183.87,12804103809.0,184.075,169.349
2026-06-22T13:06:54,2026-06-22 13:06:52,603020,爱普股份,14.85,6.3754,13.89,14.96,13.89,13.96,249308905.0,13.96,12.88
2026-06-22T13:06:54,2026-06-22 13:06:51,001223,欧克科技,47.67,-2.8135,49.54,49.64,47.0,49.05,116955707.93,49.05,45.3
2026-06-22T13:06:54,2026-06-22 13:06:51,002906,华阳集团,27.29,-6.5091,28.99,29.15,27.13,29.19,321991798.82,29.19,26.27
2026-06-22T13:06:54,2026-06-22 13:06:50,603637,镇海股份,19.53,4.3269,18.72,19.67,18.7,18.72,183678114.0,18.72,16.66
2026-06-22T13:06:54,2026-06-22 13:06:52,600183,生益科技,182.68,-0.6472,186.6,191.88,177.54,183.87,12853236140.0,184.075,169.349
2026-06-22T13:07:54,2026-06-22 13:07:52,603020,爱普股份,14.8,6.0172,13.89,14.96,13.89,13.96,249776070.0,13.96,12.88
2026-06-22T13:07:54,2026-06-22 13:07:51,001223,欧克科技,47.66,-2.8338,49.54,49.64,47.0,49.05,117151192.93,49.05,45.3
2026-06-22T13:07:54,2026-06-22 13:07:51,002906,华阳集团,27.28,-6.5433,28.99,29.15,27.13,29.19,322717070.82,29.19,26.27
2026-06-22T13:07:54,2026-06-22 13:07:50,603637,镇海股份,19.8,5.7692,18.72,19.85,18.7,18.72,192561243.0,18.72,16.66
2026-06-22T13:07:54,2026-06-22 13:07:52,600183,生益科技,182.0,-1.017,186.6,191.88,177.54,183.87,12888319597.0,184.075,169.349
2026-06-22T13:08:54,2026-06-22 13:08:52,603020,爱普股份,14.81,6.0888,13.89,14.96,13.89,13.96,250331631.0,13.96,12.88
2026-06-22T13:08:54,2026-06-22 13:08:45,001223,欧克科技,47.68,-2.7931,49.54,49.64,47.0,49.05,117279851.93,49.05,45.3
2026-06-22T13:08:54,2026-06-22 13:08:51,002906,华阳集团,27.24,-6.6804,28.99,29.15,27.13,29.19,323739138.82,29.19,26.27
2026-06-22T13:08:54,2026-06-22 13:08:53,603637,镇海股份,19.76,5.5556,18.72,19.85,18.7,18.72,196042976.0,18.72,16.66
2026-06-22T13:08:54,2026-06-22 13:08:52,600183,生益科技,182.04,-0.9953,186.6,191.88,177.54,183.87,12940101065.0,184.075,169.349
2026-06-22T13:09:55,2026-06-22 13:09:52,603020,爱普股份,14.83,6.2321,13.89,14.96,13.89,13.96,250984050.0,13.96,12.88
2026-06-22T13:09:55,2026-06-22 13:09:51,001223,欧克科技,47.65,-2.8542,49.54,49.64,47.0,49.05,117384725.93,49.05,45.3
2026-06-22T13:09:55,2026-06-22 13:09:54,002906,华阳集团,27.31,-6.4406,28.99,29.15,27.13,29.19,325023565.82,29.19,26.27
2026-06-22T13:09:55,2026-06-22 13:09:53,603637,镇海股份,19.87,6.1432,18.72,19.87,18.7,18.72,200299162.0,18.72,16.66
2026-06-22T13:09:55,2026-06-22 13:09:52,600183,生益科技,181.89,-1.0768,186.6,191.88,177.54,183.87,12990523459.0,184.075,169.349
2026-06-22T13:10:55,2026-06-22 13:10:52,603020,爱普股份,14.79,5.9456,13.89,14.96,13.89,13.96,251735516.0,13.96,12.88
2026-06-22T13:10:55,2026-06-22 13:10:54,001223,欧克科技,47.6,-2.9562,49.54,49.64,47.0,49.05,117675242.93,49.05,45.3
2026-06-22T13:10:55,2026-06-22 13:10:54,002906,华阳集团,27.27,-6.5776,28.99,29.15,27.13,29.19,326027787.82,29.19,26.27
2026-06-22T13:10:55,2026-06-22 13:10:53,603637,镇海股份,19.82,5.8761,18.72,19.87,18.7,18.72,202503833.0,18.72,16.66
2026-06-22T13:10:55,2026-06-22 13:10:55,600183,生益科技,181.82,-1.1149,186.6,191.88,177.54,183.87,13023299108.0,184.075,169.349
2026-06-22T13:11:56,2026-06-22 13:11:52,603020,爱普股份,14.77,5.8023,13.89,14.96,13.89,13.96,252669131.0,13.96,12.88
2026-06-22T13:11:56,2026-06-22 13:11:54,001223,欧克科技,47.6,-2.9562,49.54,49.64,47.0,49.05,117980086.93,49.05,45.3
2026-06-22T13:11:56,2026-06-22 13:11:54,002906,华阳集团,27.3,-6.4748,28.99,29.15,27.13,29.19,327045714.82,29.19,26.27
2026-06-22T13:11:56,2026-06-22 13:11:53,603637,镇海股份,19.85,6.0363,18.72,19.87,18.7,18.72,205131136.0,18.72,16.66
2026-06-22T13:11:56,2026-06-22 13:11:52,600183,生益科技,181.31,-1.3923,186.6,191.88,177.54,183.87,13056385061.0,184.075,169.349
2026-06-22T13:12:56,2026-06-22 13:12:52,603020,爱普股份,14.79,5.9456,13.89,14.96,13.89,13.96,252988292.0,13.96,12.88
2026-06-22T13:12:56,2026-06-22 13:12:54,001223,欧克科技,47.6,-2.9562,49.54,49.64,47.0,49.05,118265410.93,49.05,45.3
2026-06-22T13:12:56,2026-06-22 13:12:54,002906,华阳集团,27.3,-6.4748,28.99,29.15,27.13,29.19,327771243.82,29.19,26.27
2026-06-22T13:12:56,2026-06-22 13:12:53,603637,镇海股份,19.74,5.4487,18.72,19.87,18.7,18.72,205714232.0,18.72,16.66
2026-06-22T13:12:56,2026-06-22 13:12:55,600183,生益科技,181.94,-1.0497,186.6,191.88,177.54,183.87,13115718625.0,184.075,169.349
2026-06-22T13:13:56,2026-06-22 13:13:55,603020,爱普股份,14.77,5.8023,13.89,14.96,13.89,13.96,253610107.0,13.96,12.88
2026-06-22T13:13:56,2026-06-22 13:13:51,001223,欧克科技,47.64,-2.8746,49.54,49.64,47.0,49.05,118479851.93,49.05,45.3
2026-06-22T13:13:56,2026-06-22 13:13:54,002906,华阳集团,27.33,-6.372,28.99,29.15,27.13,29.19,328875178.82,29.19,26.27
2026-06-22T13:13:56,2026-06-22 13:13:53,603637,镇海股份,19.81,5.8226,18.72,19.87,18.7,18.72,208101872.0,18.72,16.66
2026-06-22T13:13:56,2026-06-22 13:13:54,600183,生益科技,182.23,-0.8919,186.6,191.88,177.54,183.87,13150360639.0,184.075,169.349
2026-06-22T13:14:57,2026-06-22 13:14:52,603020,爱普股份,14.81,6.0888,13.89,14.96,13.89,13.96,253973751.0,13.96,12.88
2026-06-22T13:14:57,2026-06-22 13:14:54,001223,欧克科技,47.7,-2.7523,49.54,49.64,47.0,49.05,118637060.93,49.05,45.3
2026-06-22T13:14:57,2026-06-22 13:14:54,002906,华阳集团,27.33,-6.372,28.99,29.15,27.13,29.19,329462953.82,29.19,26.27
2026-06-22T13:14:57,2026-06-22 13:14:53,603637,镇海股份,19.81,5.8226,18.72,19.87,18.7,18.72,209264983.0,18.72,16.66
2026-06-22T13:14:57,2026-06-22 13:14:54,600183,生益科技,182.05,-0.9898,186.6,191.88,177.54,183.87,13183340328.0,184.075,169.349
2026-06-22T13:15:57,2026-06-22 13:15:55,603020,爱普股份,14.83,6.2321,13.89,14.96,13.89,13.96,254902737.0,13.96,12.88
2026-06-22T13:15:57,2026-06-22 13:15:54,001223,欧克科技,47.64,-2.8746,49.54,49.64,47.0,49.05,118789611.93,49.05,45.3
2026-06-22T13:15:57,2026-06-22 13:15:54,002906,华阳集团,27.37,-6.235,28.99,29.15,27.13,29.19,330538494.82,29.19,26.27
2026-06-22T13:15:57,2026-06-22 13:15:53,603637,镇海股份,19.99,6.7842,18.72,20.0,18.7,18.72,215641860.0,18.72,16.66
2026-06-22T13:15:57,2026-06-22 13:15:55,600183,生益科技,182.56,-0.7125,186.6,191.88,177.54,183.87,13206709088.0,184.075,169.349
2026-06-22T13:16:59,2026-06-22 13:16:55,603020,爱普股份,14.84,6.3037,13.89,14.96,13.89,13.96,255399667.0,13.96,12.88
2026-06-22T13:16:59,2026-06-22 13:16:57,001223,欧克科技,47.61,-2.9358,49.54,49.64,47.0,49.05,118875320.93,49.05,45.3
2026-06-22T13:16:59,2026-06-22 13:16:57,002906,华阳集团,27.35,-6.3035,28.99,29.15,27.13,29.19,332195850.82,29.19,26.27
2026-06-22T13:16:59,2026-06-22 13:16:56,603637,镇海股份,20.01,6.891,18.72,20.17,18.7,18.72,219859905.0,18.72,16.66
2026-06-22T13:16:59,2026-06-22 13:16:55,600183,生益科技,182.21,-0.9028,186.6,191.88,177.54,183.87,13250806013.0,184.075,169.349
2026-06-22T13:17:59,2026-06-22 13:17:55,603020,爱普股份,14.81,6.0888,13.89,14.96,13.89,13.96,256044372.0,13.96,12.88
2026-06-22T13:17:59,2026-06-22 13:17:57,001223,欧克科技,47.5,-3.16,49.54,49.64,47.0,49.05,119669871.93,49.05,45.3
2026-06-22T13:17:59,2026-06-22 13:17:57,002906,华阳集团,27.32,-6.4063,28.99,29.15,27.13,29.19,333305154.82,29.19,26.27
2026-06-22T13:17:59,2026-06-22 13:17:56,603637,镇海股份,20.12,7.4786,18.72,20.17,18.7,18.72,222969683.0,18.72,16.66
2026-06-22T13:17:59,2026-06-22 13:17:57,600183,生益科技,181.99,-1.0225,186.6,191.88,177.54,183.87,13291160274.0,184.075,169.349
2026-06-22T13:19:00,2026-06-22 13:18:58,603020,爱普股份,14.8,6.0172,13.89,14.96,13.89,13.96,256448438.0,13.96,12.88
2026-06-22T13:19:00,2026-06-22 13:18:57,001223,欧克科技,47.58,-2.9969,49.54,49.64,47.0,49.05,120037835.93,49.05,45.3
2026-06-22T13:19:00,2026-06-22 13:18:57,002906,华阳集团,27.36,-6.2693,28.99,29.15,27.13,29.19,334488994.82,29.19,26.27
2026-06-22T13:19:00,2026-06-22 13:18:56,603637,镇海股份,20.14,7.5855,18.72,20.17,18.7,18.72,226623346.0,18.72,16.66
2026-06-22T13:19:00,2026-06-22 13:18:57,600183,生益科技,182.49,-0.7505,186.6,191.88,177.54,183.87,13325197139.0,184.075,169.349
2026-06-22T13:20:00,2026-06-22 13:19:58,603020,爱普股份,14.78,5.8739,13.89,14.96,13.89,13.96,257378389.0,13.96,12.88
2026-06-22T13:20:00,2026-06-22 13:19:57,001223,欧克科技,47.69,-2.7727,49.54,49.64,47.0,49.05,120247353.93,49.05,45.3
2026-06-22T13:20:00,2026-06-22 13:19:57,002906,华阳集团,27.43,-6.0295,28.99,29.15,27.13,29.19,336720717.82,29.19,26.27
2026-06-22T13:20:00,2026-06-22 13:19:59,603637,镇海股份,20.04,7.0513,18.72,20.17,18.7,18.72,227931897.0,18.72,16.66
2026-06-22T13:20:00,2026-06-22 13:19:57,600183,生益科技,182.18,-0.9191,186.6,191.88,177.54,183.87,13363776204.0,184.075,169.349
2026-06-22T13:21:01,2026-06-22 13:20:55,603020,爱普股份,14.8,6.0172,13.89,14.96,13.89,13.96,257688946.0,13.96,12.88
2026-06-22T13:21:01,2026-06-22 13:20:51,001223,欧克科技,47.51,-3.1397,49.54,49.64,47.0,49.05,120370992.93,49.05,45.3
2026-06-22T13:21:01,2026-06-22 13:21:00,002906,华阳集团,27.36,-6.2693,28.99,29.15,27.13,29.19,339267350.82,29.19,26.27
2026-06-22T13:21:01,2026-06-22 13:20:59,603637,镇海股份,19.98,6.7308,18.72,20.17,18.7,18.72,230215393.0,18.72,16.66
2026-06-22T13:21:01,2026-06-22 13:20:58,600183,生益科技,182.01,-1.0116,186.6,191.88,177.54,183.87,13388962441.0,184.075,169.349
2026-06-22T13:22:02,2026-06-22 13:21:58,603020,爱普股份,14.85,6.3754,13.89,14.96,13.89,13.96,259032190.0,13.96,12.88
2026-06-22T13:22:02,2026-06-22 13:22:00,001223,欧克科技,47.45,-3.262,49.54,49.64,47.0,49.05,121028945.93,49.05,45.3
2026-06-22T13:22:02,2026-06-22 13:22:00,002906,华阳集团,27.39,-6.1665,28.99,29.15,27.13,29.19,339831599.82,29.19,26.27
2026-06-22T13:22:02,2026-06-22 13:21:59,603637,镇海股份,20.08,7.265,18.72,20.17,18.7,18.72,232050770.0,18.72,16.66
2026-06-22T13:22:02,2026-06-22 13:22:01,600183,生益科技,182.4,-0.7995,186.6,191.88,177.54,183.87,13421745227.0,184.075,169.349
2026-06-22T13:23:02,2026-06-22 13:22:58,603020,爱普股份,14.88,6.5903,13.89,14.96,13.89,13.96,259384342.0,13.96,12.88
2026-06-22T13:23:02,2026-06-22 13:22:57,001223,欧克科技,47.44,-3.2824,49.54,49.64,47.0,49.05,121204494.93,49.05,45.3
2026-06-22T13:23:02,2026-06-22 13:23:00,002906,华阳集团,27.36,-6.2693,28.99,29.15,27.13,29.19,341170467.82,29.19,26.27
2026-06-22T13:23:02,2026-06-22 13:22:59,603637,镇海股份,20.0,6.8376,18.72,20.17,18.7,18.72,232955322.0,18.72,16.66
2026-06-22T13:23:02,2026-06-22 13:23:01,600183,生益科技,182.94,-0.5058,186.6,191.88,177.54,183.87,13474509979.0,184.075,169.349
2026-06-22T13:24:02,2026-06-22 13:24:01,603020,爱普股份,14.83,6.2321,13.89,14.96,13.89,13.96,259611394.0,13.96,12.88
2026-06-22T13:24:02,2026-06-22 13:24:00,001223,欧克科技,47.44,-3.2824,49.54,49.64,47.0,49.05,121426477.33,49.05,45.3
2026-06-22T13:24:02,2026-06-22 13:24:00,002906,华阳集团,27.35,-6.3035,28.99,29.15,27.13,29.19,341843355.82,29.19,26.27
2026-06-22T13:24:02,2026-06-22 13:23:59,603637,镇海股份,20.08,7.265,18.72,20.17,18.7,18.72,233703779.0,18.72,16.66
2026-06-22T13:24:02,2026-06-22 13:24:00,600183,生益科技,182.61,-0.6853,186.6,191.88,177.54,183.87,13510761760.0,184.075,169.349
2026-06-22T13:25:03,2026-06-22 13:25:02,603020,爱普股份,14.76,5.7307,13.89,14.96,13.89,13.96,260257394.0,13.96,12.88
2026-06-22T13:25:03,2026-06-22 13:25:00,001223,欧克科技,47.29,-3.5882,49.54,49.64,47.0,49.05,122693644.53,49.05,45.3
2026-06-22T13:25:03,2026-06-22 13:25:00,002906,华阳集团,27.28,-6.5433,28.99,29.15,27.13,29.19,343186544.82,29.19,26.27
2026-06-22T13:25:03,2026-06-22 13:24:59,603637,镇海股份,20.03,6.9979,18.72,20.17,18.7,18.72,234262843.0,18.72,16.66
2026-06-22T13:25:03,2026-06-22 13:25:01,600183,生益科技,182.33,-0.8375,186.6,191.88,177.54,183.87,13531602712.0,184.075,169.349
2026-06-22T13:26:04,2026-06-22 13:26:01,603020,爱普股份,14.79,5.9456,13.89,14.96,13.89,13.96,260887702.0,13.96,12.88
2026-06-22T13:26:04,2026-06-22 13:26:00,001223,欧克科技,47.4,-3.3639,49.54,49.64,47.0,49.05,123281232.53,49.05,45.3
2026-06-22T13:26:04,2026-06-22 13:26:03,002906,华阳集团,27.33,-6.372,28.99,29.15,27.13,29.19,344076068.82,29.19,26.27
2026-06-22T13:26:04,2026-06-22 13:26:02,603637,镇海股份,19.99,6.7842,18.72,20.17,18.7,18.72,235483211.0,18.72,16.66
2026-06-22T13:26:04,2026-06-22 13:26:01,600183,生益科技,182.22,-0.8974,186.6,191.88,177.54,183.87,13554335502.0,184.075,169.349
2026-06-22T13:27:04,2026-06-22 13:27:01,603020,爱普股份,14.76,5.7307,13.89,14.96,13.89,13.96,261557273.0,13.96,12.88
2026-06-22T13:27:04,2026-06-22 13:27:03,001223,欧克科技,47.29,-3.5882,49.54,49.64,47.0,49.05,123636072.53,49.05,45.3
2026-06-22T13:27:04,2026-06-22 13:27:03,002906,华阳集团,27.35,-6.3035,28.99,29.15,27.13,29.19,347659035.82,29.19,26.27
2026-06-22T13:27:04,2026-06-22 13:27:02,603637,镇海股份,19.92,6.4103,18.72,20.17,18.7,18.72,236077826.0,18.72,16.66
2026-06-22T13:27:04,2026-06-22 13:27:03,600183,生益科技,181.76,-1.1475,186.6,191.88,177.54,183.87,13589553442.0,184.075,169.349
2026-06-22T13:28:05,2026-06-22 13:28:01,603020,爱普股份,14.74,5.5874,13.89,14.96,13.89,13.96,262655017.0,13.96,12.88
2026-06-22T13:28:05,2026-06-22 13:28:03,001223,欧克科技,47.22,-3.7309,49.54,49.64,47.0,49.05,124028265.53,49.05,45.3
2026-06-22T13:28:05,2026-06-22 13:28:03,002906,华阳集团,27.28,-6.5433,28.99,29.15,27.13,29.19,349393999.82,29.19,26.27
2026-06-22T13:28:05,2026-06-22 13:28:02,603637,镇海股份,19.91,6.3568,18.72,20.17,18.7,18.72,238173315.0,18.72,16.66
2026-06-22T13:28:05,2026-06-22 13:28:03,600183,生益科技,181.25,-1.4249,186.6,191.88,177.54,183.87,13614244926.0,184.075,169.349
2026-06-22T13:29:05,2026-06-22 13:29:01,603020,爱普股份,14.78,5.8739,13.89,14.96,13.89,13.96,263543370.0,13.96,12.88
2026-06-22T13:29:05,2026-06-22 13:29:03,001223,欧克科技,47.11,-3.9551,49.54,49.64,47.0,49.05,124325267.53,49.05,45.3
2026-06-22T13:29:05,2026-06-22 13:29:03,002906,华阳集团,27.24,-6.6804,28.99,29.15,27.13,29.19,350956285.82,29.19,26.27
2026-06-22T13:29:05,2026-06-22 13:29:02,603637,镇海股份,19.91,6.3568,18.72,20.17,18.7,18.72,238462117.0,18.72,16.66
2026-06-22T13:29:05,2026-06-22 13:29:03,600183,生益科技,181.48,-1.2998,186.6,191.88,177.54,183.87,13641175756.0,184.075,169.349
2026-06-22T13:30:06,2026-06-22 13:30:04,603020,爱普股份,14.8,6.0172,13.89,14.96,13.89,13.96,264349058.0,13.96,12.88
2026-06-22T13:30:06,2026-06-22 13:30:03,001223,欧克科技,47.13,-3.9144,49.54,49.64,47.0,49.05,124471305.53,49.05,45.3
2026-06-22T13:30:06,2026-06-22 13:30:03,002906,华阳集团,27.27,-6.5776,28.99,29.15,27.13,29.19,351683946.82,29.19,26.27
2026-06-22T13:30:06,2026-06-22 13:30:02,603637,镇海股份,19.87,6.1432,18.72,20.17,18.7,18.72,238822074.0,18.72,16.66
2026-06-22T13:30:06,2026-06-22 13:30:04,600183,生益科技,181.89,-1.0768,186.6,191.88,177.54,183.87,13682372492.0,184.075,169.349
2026-06-22T13:31:09,2026-06-22 13:31:07,603020,爱普股份,14.84,6.3037,13.89,14.96,13.89,13.96,265718960.0,13.96,12.88
2026-06-22T13:31:09,2026-06-22 13:31:03,001223,欧克科技,47.18,-3.8124,49.54,49.64,47.0,49.05,124810826.53,49.05,45.3
2026-06-22T13:31:09,2026-06-22 13:31:06,002906,华阳集团,27.27,-6.5776,28.99,29.15,27.13,29.19,352688585.32,29.19,26.27
2026-06-22T13:31:09,2026-06-22 13:31:05,603637,镇海股份,19.9,6.3034,18.72,20.17,18.7,18.72,239875056.0,18.72,16.66
2026-06-22T13:31:09,2026-06-22 13:31:06,600183,生益科技,181.88,-1.0823,186.6,191.88,177.54,183.87,13701492199.0,184.075,169.349
2026-06-22T13:32:10,2026-06-22 13:32:07,603020,爱普股份,14.83,6.2321,13.89,14.96,13.89,13.96,266129764.0,13.96,12.88
2026-06-22T13:32:10,2026-06-22 13:32:09,001223,欧克科技,47.1,-3.9755,49.54,49.64,47.0,49.05,125216171.53,49.05,45.3
2026-06-22T13:32:10,2026-06-22 13:32:06,002906,华阳集团,27.25,-6.6461,28.99,29.15,27.13,29.19,353828838.24,29.19,26.27
2026-06-22T13:32:10,2026-06-22 13:32:08,603637,镇海股份,19.81,5.8226,18.72,20.17,18.7,18.72,241158751.0,18.72,16.66
2026-06-22T13:32:10,2026-06-22 13:32:06,600183,生益科技,181.79,-1.1312,186.6,191.88,177.54,183.87,13718201785.0,184.075,169.349
2026-06-22T13:33:11,2026-06-22 13:33:07,603020,爱普股份,15.0,7.4499,13.89,15.0,13.89,13.96,272121069.0,13.96,12.88
2026-06-22T13:33:11,2026-06-22 13:33:06,001223,欧克科技,47.12,-3.9348,49.54,49.64,47.0,49.05,125442272.53,49.05,45.3
2026-06-22T13:33:11,2026-06-22 13:33:09,002906,华阳集团,27.23,-6.7146,28.99,29.15,27.13,29.19,355005464.24,29.19,26.27
2026-06-22T13:33:11,2026-06-22 13:33:08,603637,镇海股份,19.84,5.9829,18.72,20.17,18.7,18.72,242146026.0,18.72,16.66
2026-06-22T13:33:11,2026-06-22 13:33:09,600183,生益科技,181.77,-1.1421,186.6,191.88,177.54,183.87,13736691388.0,184.075,169.349
2026-06-22T13:34:12,2026-06-22 13:34:11,603020,爱普股份,14.95,7.0917,13.89,15.0,13.89,13.96,276316548.0,13.96,12.88
2026-06-22T13:34:12,2026-06-22 13:34:09,001223,欧克科技,47.08,-4.0163,49.54,49.64,47.0,49.05,126987288.53,49.05,45.3
2026-06-22T13:34:12,2026-06-22 13:34:09,002906,华阳集团,27.2,-6.8174,28.99,29.15,27.13,29.19,356798248.24,29.19,26.27
2026-06-22T13:34:12,2026-06-22 13:34:08,603637,镇海股份,19.75,5.5021,18.72,20.17,18.7,18.72,244321391.0,18.72,16.66
2026-06-22T13:34:12,2026-06-22 13:34:09,600183,生益科技,181.64,-1.2128,186.6,191.88,177.54,183.87,13775294051.0,184.075,169.349
2026-06-22T13:35:13,2026-06-22 13:35:10,603020,爱普股份,14.91,6.8052,13.89,15.0,13.89,13.96,276824823.0,13.96,12.88
2026-06-22T13:35:13,2026-06-22 13:35:12,001223,欧克科技,47.19,-3.792,49.54,49.64,47.0,49.05,128324169.53,49.05,45.3
2026-06-22T13:35:13,2026-06-22 13:35:12,002906,华阳集团,27.25,-6.6461,28.99,29.15,27.13,29.19,357976177.92,29.19,26.27
2026-06-22T13:35:13,2026-06-22 13:35:11,603637,镇海股份,19.83,5.9295,18.72,20.17,18.7,18.72,246376479.0,18.72,16.66
2026-06-22T13:35:13,2026-06-22 13:35:09,600183,生益科技,182.18,-0.9191,186.6,191.88,177.54,183.87,13793525018.0,184.075,169.349
2026-06-22T13:36:15,2026-06-22 13:36:13,603020,爱普股份,14.85,6.3754,13.89,15.0,13.89,13.96,277405123.0,13.96,12.88
2026-06-22T13:36:15,2026-06-22 13:36:09,001223,欧克科技,47.19,-3.792,49.54,49.64,47.0,49.05,128852431.53,49.05,45.3
2026-06-22T13:36:15,2026-06-22 13:36:12,002906,华阳集团,27.25,-6.6461,28.99,29.15,27.13,29.19,358504800.92,29.19,26.27
2026-06-22T13:36:15,2026-06-22 13:36:11,603637,镇海股份,19.9,6.3034,18.72,20.17,18.7,18.72,247157532.0,18.72,16.66
2026-06-22T13:36:15,2026-06-22 13:36:12,600183,生益科技,182.5,-0.7451,186.6,191.88,177.54,183.87,13820564816.0,184.075,169.349
2026-06-22T13:37:16,2026-06-22 13:37:13,603020,爱普股份,14.86,6.447,13.89,15.0,13.89,13.96,278258175.0,13.96,12.88
2026-06-22T13:37:16,2026-06-22 13:37:15,001223,欧克科技,47.19,-3.792,49.54,49.64,47.0,49.05,129144116.73,49.05,45.3
2026-06-22T13:37:16,2026-06-22 13:37:15,002906,华阳集团,27.21,-6.7831,28.99,29.15,27.13,29.19,359158028.92,29.19,26.27
2026-06-22T13:37:16,2026-06-22 13:37:14,603637,镇海股份,19.92,6.4103,18.72,20.17,18.7,18.72,247860008.0,18.72,16.66
2026-06-22T13:37:16,2026-06-22 13:37:12,600183,生益科技,182.32,-0.843,186.6,191.88,177.54,183.87,13855089900.0,184.075,169.349
2026-06-22T13:38:17,2026-06-22 13:38:13,603020,爱普股份,14.83,6.2321,13.89,15.0,13.89,13.96,278741901.0,13.96,12.88
2026-06-22T13:38:17,2026-06-22 13:38:15,001223,欧克科技,47.19,-3.792,49.54,49.64,47.0,49.05,129322279.05,49.05,45.3
2026-06-22T13:38:17,2026-06-22 13:38:15,002906,华阳集团,27.22,-6.7489,28.99,29.15,27.13,29.19,360202732.92,29.19,26.27
2026-06-22T13:38:17,2026-06-22 13:38:14,603637,镇海股份,19.9,6.3034,18.72,20.17,18.7,18.72,248385465.0,18.72,16.66
2026-06-22T13:38:17,2026-06-22 13:38:15,600183,生益科技,182.5,-0.7451,186.6,191.88,177.54,183.87,13884787000.0,184.075,169.349
2026-06-22T13:39:18,2026-06-22 13:39:16,603020,爱普股份,14.83,6.2321,13.89,15.0,13.89,13.96,279044309.0,13.96,12.88
2026-06-22T13:39:18,2026-06-22 13:39:12,001223,欧克科技,47.2,-3.7717,49.54,49.64,47.0,49.05,129638436.05,49.05,45.3
2026-06-22T13:39:18,2026-06-22 13:39:15,002906,华阳集团,27.24,-6.6804,28.99,29.15,27.13,29.19,360954265.92,29.19,26.27
2026-06-22T13:39:18,2026-06-22 13:39:14,603637,镇海股份,19.85,6.0363,18.72,20.17,18.7,18.72,249350529.0,18.72,16.66
2026-06-22T13:39:18,2026-06-22 13:39:16,600183,生益科技,182.88,-0.5384,186.6,191.88,177.54,183.87,13900070460.0,184.075,169.349
2026-06-22T13:40:19,2026-06-22 13:40:16,603020,爱普股份,14.87,6.5186,13.89,15.0,13.89,13.96,280001388.0,13.96,12.88
2026-06-22T13:40:19,2026-06-22 13:40:18,001223,欧克科技,47.29,-3.5882,49.54,49.64,47.0,49.05,129789563.05,49.05,45.3
2026-06-22T13:40:19,2026-06-22 13:40:18,002906,华阳集团,27.23,-6.7146,28.99,29.15,27.13,29.19,361608146.92,29.19,26.27
2026-06-22T13:40:19,2026-06-22 13:40:17,603637,镇海股份,19.81,5.8226,18.72,20.17,18.7,18.72,250258813.0,18.72,16.66
2026-06-22T13:40:19,2026-06-22 13:40:16,600183,生益科技,182.6,-0.6907,186.6,191.88,177.54,183.87,13936336197.0,184.075,169.349
2026-06-22T13:41:20,2026-06-22 13:41:19,603020,爱普股份,14.83,6.2321,13.89,15.0,13.89,13.96,280749656.0,13.96,12.88
2026-06-22T13:41:20,2026-06-22 13:41:18,001223,欧克科技,47.3,-3.5678,49.54,49.64,47.0,49.05,129978747.05,49.05,45.3
2026-06-22T13:41:20,2026-06-22 13:41:18,002906,华阳集团,27.23,-6.7146,28.99,29.15,27.13,29.19,362264243.92,29.19,26.27
2026-06-22T13:41:20,2026-06-22 13:41:17,603637,镇海股份,19.92,6.4103,18.72,20.17,18.7,18.72,251520565.0,18.72,16.66
2026-06-22T13:41:20,2026-06-22 13:41:19,600183,生益科技,182.64,-0.669,186.6,191.88,177.54,183.87,13958459372.0,184.075,169.349
2026-06-22T13:42:21,2026-06-22 13:42:19,603020,爱普股份,14.83,6.2321,13.89,15.0,13.89,13.96,281018252.0,13.96,12.88
2026-06-22T13:42:21,2026-06-22 13:42:15,001223,欧克科技,47.34,-3.4862,49.54,49.64,47.0,49.05,130201322.05,49.05,45.3
2026-06-22T13:42:21,2026-06-22 13:42:18,002906,华阳集团,27.22,-6.7489,28.99,29.15,27.13,29.19,363217400.92,29.19,26.27
2026-06-22T13:42:21,2026-06-22 13:42:17,603637,镇海股份,19.95,6.5705,18.72,20.17,18.7,18.72,252562278.0,18.72,16.66
2026-06-22T13:42:21,2026-06-22 13:42:19,600183,生益科技,182.99,-0.4786,186.6,191.88,177.54,183.87,13980841927.0,184.075,169.349
2026-06-22T13:43:22,2026-06-22 13:43:19,603020,爱普股份,14.83,6.2321,13.89,15.0,13.89,13.96,281130938.0,13.96,12.88
2026-06-22T13:43:22,2026-06-22 13:43:21,001223,欧克科技,47.26,-3.6493,49.54,49.64,47.0,49.05,130508721.05,49.05,45.3
2026-06-22T13:43:22,2026-06-22 13:43:21,002906,华阳集团,27.19,-6.8517,28.99,29.15,27.13,29.19,364828176.92,29.19,26.27
2026-06-22T13:43:22,2026-06-22 13:43:20,603637,镇海股份,19.86,6.0897,18.72,20.17,18.7,18.72,254439761.0,18.72,16.66
2026-06-22T13:43:22,2026-06-22 13:43:22,600183,生益科技,182.88,-0.5384,186.6,191.88,177.54,183.87,14005339831.0,184.075,169.349
2026-06-22T13:44:23,2026-06-22 13:44:19,603020,爱普股份,14.83,6.2321,13.89,15.0,13.89,13.96,281426191.0,13.96,12.88
2026-06-22T13:44:23,2026-06-22 13:44:21,001223,欧克科技,47.29,-3.5882,49.54,49.64,47.0,49.05,130792256.05,49.05,45.3
2026-06-22T13:44:23,2026-06-22 13:44:21,002906,华阳集团,27.23,-6.7146,28.99,29.15,27.13,29.19,365848693.92,29.19,26.27
2026-06-22T13:44:23,2026-06-22 13:44:20,603637,镇海股份,19.85,6.0363,18.72,20.17,18.7,18.72,255032315.0,18.72,16.66
2026-06-22T13:44:23,2026-06-22 13:44:21,600183,生益科技,182.3,-0.8539,186.6,191.88,177.54,183.87,14030258962.0,184.075,169.349
2026-06-22T13:45:24,2026-06-22 13:45:22,603020,爱普股份,14.85,6.3754,13.89,15.0,13.89,13.96,282031534.0,13.96,12.88
2026-06-22T13:45:24,2026-06-22 13:45:21,001223,欧克科技,47.34,-3.4862,49.54,49.64,47.0,49.05,130863208.05,49.05,45.3
2026-06-22T13:45:24,2026-06-22 13:45:21,002906,华阳集团,27.25,-6.6461,28.99,29.15,27.13,29.19,367122957.92,29.19,26.27
2026-06-22T13:45:24,2026-06-22 13:45:23,603637,镇海股份,19.89,6.25,18.72,20.17,18.7,18.72,255105845.0,18.72,16.66
2026-06-22T13:45:24,2026-06-22 13:45:21,600183,生益科技,182.56,-0.7125,186.6,191.88,177.54,183.87,14047086607.0,184.075,169.349
2026-06-22T13:46:25,2026-06-22 13:46:19,603020,爱普股份,14.82,6.1605,13.89,15.0,13.89,13.96,282656149.0,13.96,12.88
2026-06-22T13:46:25,2026-06-22 13:46:18,001223,欧克科技,47.37,-3.4251,49.54,49.64,47.0,49.05,130976900.05,49.05,45.3
2026-06-22T13:46:25,2026-06-22 13:46:24,002906,华阳集团,27.25,-6.6461,28.99,29.15,27.13,29.19,367752418.92,29.19,26.27
2026-06-22T13:46:25,2026-06-22 13:46:23,603637,镇海股份,19.81,5.8226,18.72,20.17,18.7,18.72,255419760.0,18.72,16.66
2026-06-22T13:46:25,2026-06-22 13:46:24,600183,生益科技,182.78,-0.5928,186.6,191.88,177.54,183.87,14069767966.0,184.075,169.349
2026-06-22T13:47:26,2026-06-22 13:47:25,603020,爱普股份,14.87,6.5186,13.89,15.0,13.89,13.96,282942803.0,13.96,12.88
2026-06-22T13:47:26,2026-06-22 13:47:24,001223,欧克科技,47.37,-3.4251,49.54,49.64,47.0,49.05,131066903.05,49.05,45.3
2026-06-22T13:47:26,2026-06-22 13:47:24,002906,华阳集团,27.26,-6.6119,28.99,29.15,27.13,29.19,368733762.92,29.19,26.27
2026-06-22T13:47:26,2026-06-22 13:47:23,603637,镇海股份,19.83,5.9295,18.72,20.17,18.7,18.72,255748844.0,18.72,16.66
2026-06-22T13:47:26,2026-06-22 13:47:24,600183,生益科技,182.94,-0.5058,186.6,191.88,177.54,183.87,14092834890.0,184.075,169.349
2026-06-22T13:48:27,2026-06-22 13:48:25,603020,爱普股份,14.88,6.5903,13.89,15.0,13.89,13.96,283642836.0,13.96,12.88
2026-06-22T13:48:27,2026-06-22 13:48:21,001223,欧克科技,47.37,-3.4251,49.54,49.64,47.0,49.05,131294154.05,49.05,45.3
2026-06-22T13:48:27,2026-06-22 13:48:24,002906,华阳集团,27.25,-6.6461,28.99,29.15,27.13,29.19,370818448.92,29.19,26.27
2026-06-22T13:48:27,2026-06-22 13:48:26,603637,镇海股份,19.76,5.5556,18.72,20.17,18.7,18.72,256651405.0,18.72,16.66
2026-06-22T13:48:27,2026-06-22 13:48:25,600183,生益科技,183.0,-0.4732,186.6,191.88,177.54,183.87,14106668878.0,184.075,169.349
2026-06-22T13:49:28,2026-06-22 13:49:25,603020,爱普股份,14.87,6.5186,13.89,15.0,13.89,13.96,283894206.0,13.96,12.88
2026-06-22T13:49:28,2026-06-22 13:49:21,001223,欧克科技,47.43,-3.3028,49.54,49.64,47.0,49.05,131474380.05,49.05,45.3
2026-06-22T13:49:28,2026-06-22 13:49:24,002906,华阳集团,27.28,-6.5433,28.99,29.15,27.13,29.19,371058392.92,29.19,26.27
2026-06-22T13:49:28,2026-06-22 13:49:26,603637,镇海股份,19.78,5.6624,18.72,20.17,18.7,18.72,257005164.0,18.72,16.66
2026-06-22T13:49:28,2026-06-22 13:49:28,600183,生益科技,182.18,-0.9191,186.6,191.88,177.54,183.87,14140176048.0,184.075,169.349
2026-06-22T13:50:30,2026-06-22 13:50:25,603020,爱普股份,14.86,6.447,13.89,15.0,13.89,13.96,284264443.0,13.96,12.88
2026-06-22T13:50:30,2026-06-22 13:50:24,001223,欧克科技,47.43,-3.3028,49.54,49.64,47.0,49.05,131518964.25,49.05,45.3
2026-06-22T13:50:30,2026-06-22 13:50:27,002906,华阳集团,27.28,-6.5433,28.99,29.15,27.13,29.19,372340830.92,29.19,26.27
2026-06-22T13:50:30,2026-06-22 13:50:26,603637,镇海股份,19.88,6.1966,18.72,20.17,18.7,18.72,257334815.0,18.72,16.66
2026-06-22T13:50:30,2026-06-22 13:50:27,600183,生益科技,182.63,-0.6744,186.6,191.88,177.54,183.87,14179824307.0,184.075,169.349
2026-06-22T13:51:31,2026-06-22 13:51:28,603020,爱普股份,14.88,6.5903,13.89,15.0,13.89,13.96,284484451.0,13.96,12.88
2026-06-22T13:51:31,2026-06-22 13:51:27,001223,欧克科技,47.43,-3.3028,49.54,49.64,47.0,49.05,131737186.25,49.05,45.3
2026-06-22T13:51:31,2026-06-22 13:51:30,002906,华阳集团,27.32,-6.4063,28.99,29.15,27.13,29.19,372867380.92,29.19,26.27
2026-06-22T13:51:31,2026-06-22 13:51:26,603637,镇海股份,19.93,6.4637,18.72,20.17,18.7,18.72,257874274.0,18.72,16.66
2026-06-22T13:51:31,2026-06-22 13:51:27,600183,生益科技,182.63,-0.6744,186.6,191.88,177.54,183.87,14204877862.0,184.075,169.349
2026-06-22T13:52:32,2026-06-22 13:52:28,603020,爱普股份,14.82,6.1605,13.89,15.0,13.89,13.96,284792070.0,13.96,12.88
2026-06-22T13:52:32,2026-06-22 13:52:30,001223,欧克科技,47.45,-3.262,49.54,49.64,47.0,49.05,132211692.25,49.05,45.3
2026-06-22T13:52:32,2026-06-22 13:52:30,002906,华阳集团,27.3,-6.4748,28.99,29.15,27.13,29.19,373528069.92,29.19,26.27
2026-06-22T13:52:32,2026-06-22 13:52:29,603637,镇海股份,19.87,6.1432,18.72,20.17,18.7,18.72,258375876.0,18.72,16.66
2026-06-22T13:52:32,2026-06-22 13:52:31,600183,生益科技,182.65,-0.6635,186.6,191.88,177.54,183.87,14232042257.0,184.075,169.349
2026-06-22T13:53:33,2026-06-22 13:53:31,603020,爱普股份,14.83,6.2321,13.89,15.0,13.89,13.96,285186517.0,13.96,12.88
2026-06-22T13:53:33,2026-06-22 13:53:30,001223,欧克科技,47.39,-3.3843,49.54,49.64,47.0,49.05,132382363.25,49.05,45.3
2026-06-22T13:53:33,2026-06-22 13:53:30,002906,华阳集团,27.29,-6.5091,28.99,29.15,27.13,29.19,373991984.92,29.19,26.27
2026-06-22T13:53:33,2026-06-22 13:53:32,603637,镇海股份,19.91,6.3568,18.72,20.17,18.7,18.72,259113725.0,18.72,16.66
2026-06-22T13:53:33,2026-06-22 13:53:30,600183,生益科技,183.01,-0.4677,186.6,191.88,177.54,183.87,14253315941.0,184.075,169.349
2026-06-22T13:54:34,2026-06-22 13:54:31,603020,爱普股份,14.85,6.3754,13.89,15.0,13.89,13.96,286638730.0,13.96,12.88
2026-06-22T13:54:34,2026-06-22 13:54:33,001223,欧克科技,47.4,-3.3639,49.54,49.64,47.0,49.05,132592786.85,49.05,45.3
2026-06-22T13:54:34,2026-06-22 13:54:33,002906,华阳集团,27.32,-6.4063,28.99,29.15,27.13,29.19,375004915.92,29.19,26.27
2026-06-22T13:54:34,2026-06-22 13:54:32,603637,镇海股份,19.93,6.4637,18.72,20.17,18.7,18.72,260072149.0,18.72,16.66
2026-06-22T13:54:34,2026-06-22 13:54:31,600183,生益科技,182.79,-0.5874,186.6,191.88,177.54,183.87,14295777932.0,184.075,169.349
2026-06-22T13:55:35,2026-06-22 13:55:34,603020,爱普股份,14.85,6.3754,13.89,15.0,13.89,13.96,287131945.0,13.96,12.88
2026-06-22T13:55:35,2026-06-22 13:55:33,001223,欧克科技,47.38,-3.4047,49.54,49.64,47.0,49.05,132723585.25,49.05,45.3
2026-06-22T13:55:35,2026-06-22 13:55:30,002906,华阳集团,27.32,-6.4063,28.99,29.15,27.13,29.19,375881940.92,29.19,26.27
2026-06-22T13:55:35,2026-06-22 13:55:32,603637,镇海股份,19.93,6.4637,18.72,20.17,18.7,18.72,260442919.0,18.72,16.66
2026-06-22T13:55:35,2026-06-22 13:55:33,600183,生益科技,182.7,-0.6363,186.6,191.88,177.54,183.87,14318996283.0,184.075,169.349
2026-06-22T13:56:38,2026-06-22 13:56:34,603020,爱普股份,14.85,6.3754,13.89,15.0,13.89,13.96,287664932.0,13.96,12.88
2026-06-22T13:56:38,2026-06-22 13:56:36,001223,欧克科技,47.36,-3.4455,49.54,49.64,47.0,49.05,133045733.25,49.05,45.3
2026-06-22T13:56:38,2026-06-22 13:56:36,002906,华阳集团,27.35,-6.3035,28.99,29.15,27.13,29.19,376850014.92,29.19,26.27
2026-06-22T13:56:38,2026-06-22 13:56:35,603637,镇海股份,19.95,6.5705,18.72,20.17,18.7,18.72,260502769.0,18.72,16.66
2026-06-22T13:56:38,2026-06-22 13:56:37,600183,生益科技,182.79,-0.5874,186.6,191.88,177.54,183.87,14339884650.0,184.075,169.349
2026-06-22T13:57:39,2026-06-22 13:57:37,603020,爱普股份,14.81,6.0888,13.89,15.0,13.89,13.96,288105535.0,13.96,12.88
2026-06-22T13:57:39,2026-06-22 13:57:33,001223,欧克科技,47.44,-3.2824,49.54,49.64,47.0,49.05,133862805.85,49.05,45.3
2026-06-22T13:57:39,2026-06-22 13:57:36,002906,华阳集团,27.35,-6.3035,28.99,29.15,27.13,29.19,377438180.92,29.19,26.27
2026-06-22T13:57:39,2026-06-22 13:57:38,603637,镇海股份,19.91,6.3568,18.72,20.17,18.7,18.72,260560517.0,18.72,16.66
2026-06-22T13:57:39,2026-06-22 13:57:36,600183,生益科技,182.71,-0.6309,186.6,191.88,177.54,183.87,14361506415.0,184.075,169.349
2026-06-22T13:58:40,2026-06-22 13:58:37,603020,爱普股份,14.81,6.0888,13.89,15.0,13.89,13.96,288324752.0,13.96,12.88
2026-06-22T13:58:40,2026-06-22 13:58:39,001223,欧克科技,47.38,-3.4047,49.54,49.64,47.0,49.05,134223131.85,49.05,45.3
2026-06-22T13:58:40,2026-06-22 13:58:39,002906,华阳集团,27.41,-6.098,28.99,29.15,27.13,29.19,380044795.92,29.19,26.27
2026-06-22T13:58:40,2026-06-22 13:58:32,603637,镇海股份,19.9,6.3034,18.72,20.17,18.7,18.72,260833106.0,18.72,16.66
2026-06-22T13:58:40,2026-06-22 13:58:37,600183,生益科技,182.9,-0.5275,186.6,191.88,177.54,183.87,14378451914.0,184.075,169.349
2026-06-22T13:59:41,2026-06-22 13:59:37,603020,爱普股份,14.81,6.0888,13.89,15.0,13.89,13.96,288683136.0,13.96,12.88
2026-06-22T13:59:41,2026-06-22 13:59:39,001223,欧克科技,47.41,-3.3435,49.54,49.64,47.0,49.05,134384263.85,49.05,45.3
2026-06-22T13:59:41,2026-06-22 13:59:39,002906,华阳集团,27.41,-6.098,28.99,29.15,27.13,29.19,381546474.92,29.19,26.27
2026-06-22T13:59:41,2026-06-22 13:59:38,603637,镇海股份,19.87,6.1432,18.72,20.17,18.7,18.72,261008011.0,18.72,16.66
2026-06-22T13:59:41,2026-06-22 13:59:39,600183,生益科技,182.85,-0.5547,186.6,191.88,177.54,183.87,14411935875.0,184.075,169.349
2026-06-22T14:00:42,2026-06-22 14:00:40,603020,爱普股份,14.83,6.2321,13.89,15.0,13.89,13.96,289384405.0,13.96,12.88
2026-06-22T14:00:42,2026-06-22 14:00:39,001223,欧克科技,47.39,-3.3843,49.54,49.64,47.0,49.05,134825747.85,49.05,45.3
2026-06-22T14:00:42,2026-06-22 14:00:39,002906,华阳集团,27.49,-5.8239,28.99,29.15,27.13,29.19,382380844.92,29.19,26.27
2026-06-22T14:00:42,2026-06-22 14:00:41,603637,镇海股份,19.95,6.5705,18.72,20.17,18.7,18.72,262052160.0,18.72,16.66
2026-06-22T14:00:42,2026-06-22 14:00:39,600183,生益科技,182.98,-0.484,186.6,191.88,177.54,183.87,14440045805.0,184.075,169.349
2026-06-22T14:01:43,2026-06-22 14:01:40,603020,爱普股份,14.82,6.1605,13.89,15.0,13.89,13.96,289631855.0,13.96,12.88
2026-06-22T14:01:43,2026-06-22 14:01:39,001223,欧克科技,47.5,-3.16,49.54,49.64,47.0,49.05,134844747.85,49.05,45.3
2026-06-22T14:01:43,2026-06-22 14:01:39,002906,华阳集团,27.49,-5.8239,28.99,29.15,27.13,29.19,383752105.92,29.19,26.27
2026-06-22T14:01:43,2026-06-22 14:01:41,603637,镇海股份,19.92,6.4103,18.72,20.17,18.7,18.72,262782305.0,18.72,16.66
2026-06-22T14:01:43,2026-06-22 14:01:42,600183,生益科技,182.94,-0.5058,186.6,191.88,177.54,183.87,14468687105.0,184.075,169.349
2026-06-22T14:02:44,2026-06-22 14:02:43,603020,爱普股份,14.83,6.2321,13.89,15.0,13.89,13.96,289812686.0,13.96,12.88
2026-06-22T14:02:44,2026-06-22 14:02:42,001223,欧克科技,47.54,-3.0785,49.54,49.64,47.0,49.05,134954050.85,49.05,45.3
2026-06-22T14:02:44,2026-06-22 14:02:42,002906,华阳集团,27.5,-5.7897,28.99,29.15,27.13,29.19,384755201.92,29.19,26.27
2026-06-22T14:02:44,2026-06-22 14:02:41,603637,镇海股份,20.1,7.3718,18.72,20.17,18.7,18.72,267446184.0,18.72,16.66
2026-06-22T14:02:44,2026-06-22 14:02:43,600183,生益科技,183.22,-0.3535,186.6,191.88,177.54,183.87,14503801676.0,184.075,169.349
2026-06-22T14:03:45,2026-06-22 14:03:43,603020,爱普股份,14.84,6.3037,13.89,15.0,13.89,13.96,290932807.0,13.96,12.88
2026-06-22T14:03:45,2026-06-22 14:03:42,001223,欧克科技,47.41,-3.3435,49.54,49.64,47.0,49.05,135434050.85,49.05,45.3
2026-06-22T14:03:45,2026-06-22 14:03:42,002906,华阳集团,27.55,-5.6184,28.99,29.15,27.13,29.19,386644805.92,29.19,26.27
2026-06-22T14:03:45,2026-06-22 14:03:41,603637,镇海股份,20.05,7.1047,18.72,20.17,18.7,18.72,268390720.0,18.72,16.66
2026-06-22T14:03:45,2026-06-22 14:03:42,600183,生益科技,183.53,-0.1849,186.6,191.88,177.54,183.87,14548590131.0,184.075,169.349
2026-06-22T14:04:46,2026-06-22 14:04:43,603020,爱普股份,14.87,6.5186,13.89,15.0,13.89,13.96,291324766.0,13.96,12.88
2026-06-22T14:04:46,2026-06-22 14:04:39,001223,欧克科技,47.49,-3.1804,49.54,49.64,47.0,49.05,135500501.85,49.05,45.3
2026-06-22T14:04:46,2026-06-22 14:04:45,002906,华阳集团,27.52,-5.7211,28.99,29.15,27.13,29.19,387930685.92,29.19,26.27
2026-06-22T14:04:46,2026-06-22 14:04:44,603637,镇海股份,20.15,7.6389,18.72,20.17,18.7,18.72,269582227.0,18.72,16.66
2026-06-22T14:04:46,2026-06-22 14:04:46,600183,生益科技,183.63,-0.1305,186.6,191.88,177.54,183.87,14572820344.0,184.075,169.349
2026-06-22T14:05:47,2026-06-22 14:05:43,603020,爱普股份,14.85,6.3754,13.89,15.0,13.89,13.96,292661005.0,13.96,12.88
2026-06-22T14:05:47,2026-06-22 14:05:45,001223,欧克科技,47.5,-3.16,49.54,49.64,47.0,49.05,135566989.85,49.05,45.3
2026-06-22T14:05:47,2026-06-22 14:05:45,002906,华阳集团,27.49,-5.8239,28.99,29.15,27.13,29.19,389143512.92,29.19,26.27
2026-06-22T14:05:47,2026-06-22 14:05:44,603637,镇海股份,20.2,7.906,18.72,20.2,18.7,18.72,271179302.0,18.72,16.66
2026-06-22T14:05:47,2026-06-22 14:05:46,600183,生益科技,183.08,-0.4297,186.6,191.88,177.54,183.87,14626250131.0,184.075,169.349
2026-06-22T14:06:49,2026-06-22 14:06:46,603020,爱普股份,14.87,6.5186,13.89,15.0,13.89,13.96,292872032.0,13.96,12.88
2026-06-22T14:06:49,2026-06-22 14:06:48,001223,欧克科技,47.51,-3.1397,49.54,49.64,47.0,49.05,135766483.85,49.05,45.3
2026-06-22T14:06:49,2026-06-22 14:06:48,002906,华阳集团,27.51,-5.7554,28.99,29.15,27.13,29.19,391609976.92,29.19,26.27
2026-06-22T14:06:49,2026-06-22 14:06:47,603637,镇海股份,20.1,7.3718,18.72,20.2,18.7,18.72,272715532.0,18.72,16.66
2026-06-22T14:06:49,2026-06-22 14:06:49,600183,生益科技,182.75,-0.6091,186.6,191.88,177.54,183.87,14661370312.0,184.075,169.349
2026-06-22T14:07:50,2026-06-22 14:07:49,603020,爱普股份,14.87,6.5186,13.89,15.0,13.89,13.96,293057871.0,13.96,12.88
2026-06-22T14:07:50,2026-06-22 14:07:48,001223,欧克科技,47.51,-3.1397,49.54,49.64,47.0,49.05,135918495.85,49.05,45.3
2026-06-22T14:07:50,2026-06-22 14:07:48,002906,华阳集团,27.51,-5.7554,28.99,29.15,27.13,29.19,392580394.92,29.19,26.27
2026-06-22T14:07:50,2026-06-22 14:07:47,603637,镇海股份,20.15,7.6389,18.72,20.2,18.7,18.72,273095603.0,18.72,16.66
2026-06-22T14:07:50,2026-06-22 14:07:49,600183,生益科技,183.18,-0.3753,186.6,191.88,177.54,183.87,14681832598.0,184.075,169.349
2026-06-22T14:08:51,2026-06-22 14:08:49,603020,爱普股份,14.86,6.447,13.89,15.0,13.89,13.96,293460746.0,13.96,12.88
2026-06-22T14:08:51,2026-06-22 14:08:48,001223,欧克科技,47.54,-3.0785,49.54,49.64,47.0,49.05,136023091.85,49.05,45.3
2026-06-22T14:08:51,2026-06-22 14:08:48,002906,华阳集团,27.52,-5.7211,28.99,29.15,27.13,29.19,393988895.92,29.19,26.27
2026-06-22T14:08:51,2026-06-22 14:08:50,603637,镇海股份,20.09,7.3184,18.72,20.2,18.7,18.72,273860574.0,18.72,16.66
2026-06-22T14:08:51,2026-06-22 14:08:49,600183,生益科技,183.19,-0.3698,186.6,191.88,177.54,183.87,14710176303.0,184.075,169.349
2026-06-22T14:09:52,2026-06-22 14:09:49,603020,爱普股份,14.88,6.5903,13.89,15.0,13.89,13.96,294363596.0,13.96,12.88
2026-06-22T14:09:52,2026-06-22 14:09:48,001223,欧克科技,47.55,-3.0581,49.54,49.64,47.0,49.05,136465218.85,49.05,45.3
2026-06-22T14:09:52,2026-06-22 14:09:51,002906,华阳集团,27.5,-5.7897,28.99,29.15,27.13,29.19,395033750.92,29.19,26.27
2026-06-22T14:09:52,2026-06-22 14:09:50,603637,镇海股份,20.1,7.3718,18.72,20.2,18.7,18.72,276751245.0,18.72,16.66
2026-06-22T14:09:52,2026-06-22 14:09:52,600183,生益科技,182.94,-0.5058,186.6,191.88,177.54,183.87,14745871705.0,184.075,169.349
2026-06-22T14:10:54,2026-06-22 14:10:49,603020,爱普股份,14.88,6.5903,13.89,15.0,13.89,13.96,295622498.0,13.96,12.88
2026-06-22T14:10:54,2026-06-22 14:10:48,001223,欧克科技,47.62,-2.9154,49.54,49.64,47.0,49.05,136831607.85,49.05,45.3
2026-06-22T14:10:54,2026-06-22 14:10:51,002906,华阳集团,27.53,-5.6869,28.99,29.15,27.13,29.19,396745612.92,29.19,26.27
2026-06-22T14:10:54,2026-06-22 14:10:50,603637,镇海股份,20.08,7.265,18.72,20.2,18.7,18.72,276988258.0,18.72,16.66
2026-06-22T14:10:54,2026-06-22 14:10:51,600183,生益科技,183.35,-0.2828,186.6,191.88,177.54,183.87,14781761653.0,184.075,169.349
2026-06-22T14:11:55,2026-06-22 14:11:52,603020,爱普股份,14.88,6.5903,13.89,15.0,13.89,13.96,296016693.0,13.96,12.88
2026-06-22T14:11:55,2026-06-22 14:11:54,001223,欧克科技,47.59,-2.9766,49.54,49.64,47.0,49.05,137207628.85,49.05,45.3
2026-06-22T14:11:55,2026-06-22 14:11:51,002906,华阳集团,27.55,-5.6184,28.99,29.15,27.13,29.19,398144186.92,29.19,26.27
2026-06-22T14:11:55,2026-06-22 14:11:53,603637,镇海股份,20.14,7.5855,18.72,20.2,18.7,18.72,278285419.0,18.72,16.66
2026-06-22T14:11:55,2026-06-22 14:11:51,600183,生益科技,183.26,-0.3318,186.6,191.88,177.54,183.87,14812051369.0,184.075,169.349
2026-06-22T14:12:56,2026-06-22 14:12:55,603020,爱普股份,14.85,6.3754,13.89,15.0,13.89,13.96,296714929.0,13.96,12.88
2026-06-22T14:12:56,2026-06-22 14:12:54,001223,欧克科技,47.6,-2.9562,49.54,49.64,47.0,49.05,138116528.85,49.05,45.3
2026-06-22T14:12:56,2026-06-22 14:12:54,002906,华阳集团,27.46,-5.9267,28.99,29.15,27.13,29.19,400558490.92,29.19,26.27
2026-06-22T14:12:56,2026-06-22 14:12:53,603637,镇海股份,20.16,7.6923,18.72,20.2,18.7,18.72,279741673.0,18.72,16.66
2026-06-22T14:12:56,2026-06-22 14:12:55,600183,生益科技,182.82,-0.5711,186.6,191.88,177.54,183.87,14861216747.0,184.075,169.349
2026-06-22T14:13:57,2026-06-22 14:13:55,603020,爱普股份,14.85,6.3754,13.89,15.0,13.89,13.96,297142565.0,13.96,12.88
2026-06-22T14:13:57,2026-06-22 14:13:51,001223,欧克科技,47.55,-3.0581,49.54,49.64,47.0,49.05,138225829.85,49.05,45.3
2026-06-22T14:13:57,2026-06-22 14:13:54,002906,华阳集团,27.5,-5.7897,28.99,29.15,27.13,29.19,400869037.92,29.19,26.27
2026-06-22T14:13:57,2026-06-22 14:13:53,603637,镇海股份,20.18,7.7991,18.72,20.2,18.7,18.72,280533920.0,18.72,16.66
2026-06-22T14:13:57,2026-06-22 14:13:55,600183,生益科技,182.82,-0.5711,186.6,191.88,177.54,183.87,14902577568.0,184.075,169.349
2026-06-22T14:14:58,2026-06-22 14:14:55,603020,爱普股份,14.85,6.3754,13.89,15.0,13.89,13.96,297928319.0,13.96,12.88
2026-06-22T14:14:58,2026-06-22 14:14:54,001223,欧克科技,47.6,-2.9562,49.54,49.64,47.0,49.05,138501844.85,49.05,45.3
2026-06-22T14:14:58,2026-06-22 14:14:54,002906,华阳集团,27.59,-5.4813,28.99,29.15,27.13,29.19,402683345.92,29.19,26.27
2026-06-22T14:14:58,2026-06-22 14:14:56,603637,镇海股份,20.17,7.7457,18.72,20.2,18.7,18.72,281215685.0,18.72,16.66
2026-06-22T14:14:58,2026-06-22 14:14:55,600183,生益科技,182.9,-0.5275,186.6,191.88,177.54,183.87,14938141610.0,184.075,169.349
2026-06-22T14:15:59,2026-06-22 14:15:55,603020,爱普股份,14.88,6.5903,13.89,15.0,13.89,13.96,298540217.0,13.96,12.88
2026-06-22T14:15:59,2026-06-22 14:15:57,001223,欧克科技,47.54,-3.0785,49.54,49.64,47.0,49.05,138810957.85,49.05,45.3
2026-06-22T14:15:59,2026-06-22 14:15:57,002906,华阳集团,27.5,-5.7897,28.99,29.15,27.13,29.19,404131162.92,29.19,26.27
2026-06-22T14:15:59,2026-06-22 14:15:56,603637,镇海股份,20.16,7.6923,18.72,20.2,18.7,18.72,281471407.0,18.72,16.66
2026-06-22T14:15:59,2026-06-22 14:15:57,600183,生益科技,182.65,-0.6635,186.6,191.88,177.54,183.87,14985756501.0,184.075,169.349
2026-06-22T14:17:00,2026-06-22 14:16:58,603020,爱普股份,14.87,6.5186,13.89,15.0,13.89,13.96,299262086.0,13.96,12.88
2026-06-22T14:17:00,2026-06-22 14:16:54,001223,欧克科技,47.54,-3.0785,49.54,49.64,47.0,49.05,138834725.85,49.05,45.3
2026-06-22T14:17:00,2026-06-22 14:16:57,002906,华阳集团,27.48,-5.8582,28.99,29.15,27.13,29.19,405349401.92,29.19,26.27
2026-06-22T14:17:00,2026-06-22 14:16:56,603637,镇海股份,20.23,8.0662,18.72,20.26,18.7,18.72,283758220.0,18.72,16.66
2026-06-22T14:17:00,2026-06-22 14:16:58,600183,生益科技,182.79,-0.5874,186.6,191.88,177.54,183.87,15005843123.0,184.075,169.349
2026-06-22T14:18:01,2026-06-22 14:17:58,603020,爱普股份,14.85,6.3754,13.89,15.0,13.89,13.96,299784928.0,13.96,12.88
2026-06-22T14:18:01,2026-06-22 14:18:00,001223,欧克科技,47.54,-3.0785,49.54,49.64,47.0,49.05,139096116.85,49.05,45.3
2026-06-22T14:18:01,2026-06-22 14:17:57,002906,华阳集团,27.51,-5.7554,28.99,29.15,27.13,29.19,406317696.92,29.19,26.27
2026-06-22T14:18:01,2026-06-22 14:17:59,603637,镇海股份,20.27,8.2799,18.72,20.3,18.7,18.72,284938094.0,18.72,16.66
2026-06-22T14:18:01,2026-06-22 14:17:57,600183,生益科技,183.08,-0.4297,186.6,191.88,177.54,183.87,15028461507.0,184.075,169.349
2026-06-22T14:19:02,2026-06-22 14:18:55,603020,爱普股份,14.85,6.3754,13.89,15.0,13.89,13.96,299933378.0,13.96,12.88
2026-06-22T14:19:02,2026-06-22 14:19:00,001223,欧克科技,47.59,-2.9766,49.54,49.64,47.0,49.05,139281681.85,49.05,45.3
2026-06-22T14:19:02,2026-06-22 14:19:00,002906,华阳集团,27.48,-5.8582,28.99,29.15,27.13,29.19,407558156.92,29.19,26.27
2026-06-22T14:19:02,2026-06-22 14:18:59,603637,镇海股份,20.25,8.1731,18.72,20.32,18.7,18.72,286245487.0,18.72,16.66
2026-06-22T14:19:02,2026-06-22 14:19:01,600183,生益科技,183.38,-0.2665,186.6,191.88,177.54,183.87,15058602901.0,184.075,169.349
2026-06-22T14:20:03,2026-06-22 14:20:01,603020,爱普股份,14.84,6.3037,13.89,15.0,13.89,13.96,300553492.0,13.96,12.88
2026-06-22T14:20:03,2026-06-22 14:20:00,001223,欧克科技,47.59,-2.9766,49.54,49.64,47.0,49.05,139452981.85,49.05,45.3
2026-06-22T14:20:03,2026-06-22 14:20:00,002906,华阳集团,27.47,-5.8924,28.99,29.15,27.13,29.19,408245014.92,29.19,26.27
2026-06-22T14:20:03,2026-06-22 14:20:02,603637,镇海股份,20.2,7.906,18.72,20.32,18.7,18.72,287313460.0,18.72,16.66
2026-06-22T14:20:03,2026-06-22 14:20:00,600183,生益科技,183.2,-0.3644,186.6,191.88,177.54,183.87,15092919080.0,184.075,169.349
2026-06-22T14:21:05,2026-06-22 14:21:01,603020,爱普股份,14.84,6.3037,13.89,15.0,13.89,13.96,300724103.0,13.96,12.88
2026-06-22T14:21:05,2026-06-22 14:21:03,001223,欧克科技,47.58,-2.9969,49.54,49.64,47.0,49.05,139586201.85,49.05,45.3
2026-06-22T14:21:05,2026-06-22 14:21:03,002906,华阳集团,27.46,-5.9267,28.99,29.15,27.13,29.19,409044053.92,29.19,26.27
2026-06-22T14:21:05,2026-06-22 14:21:02,603637,镇海股份,20.18,7.7991,18.72,20.32,18.7,18.72,287664618.0,18.72,16.66
2026-06-22T14:21:05,2026-06-22 14:21:03,600183,生益科技,183.18,-0.3753,186.6,191.88,177.54,183.87,15115802588.0,184.075,169.349
2026-06-22T14:22:06,2026-06-22 14:22:04,603020,爱普股份,14.83,6.2321,13.89,15.0,13.89,13.96,301111200.0,13.96,12.88
2026-06-22T14:22:06,2026-06-22 14:22:03,001223,欧克科技,47.55,-3.0581,49.54,49.64,47.0,49.05,140166309.85,49.05,45.3
2026-06-22T14:22:06,2026-06-22 14:22:03,002906,华阳集团,27.44,-5.9952,28.99,29.15,27.13,29.19,409792114.86,29.19,26.27
2026-06-22T14:22:06,2026-06-22 14:22:02,603637,镇海股份,20.16,7.6923,18.72,20.32,18.7,18.72,287955171.0,18.72,16.66
2026-06-22T14:22:06,2026-06-22 14:22:03,600183,生益科技,183.02,-0.4623,186.6,191.88,177.54,183.87,15146169360.0,184.075,169.349
2026-06-22T14:23:07,2026-06-22 14:23:04,603020,爱普股份,14.81,6.0888,13.89,15.0,13.89,13.96,301920255.0,13.96,12.88
2026-06-22T14:23:07,2026-06-22 14:23:06,001223,欧克科技,47.54,-3.0785,49.54,49.64,47.0,49.05,140232882.85,49.05,45.3
2026-06-22T14:23:07,2026-06-22 14:23:03,002906,华阳集团,27.46,-5.9267,28.99,29.15,27.13,29.19,411277503.86,29.19,26.27
2026-06-22T14:23:07,2026-06-22 14:23:05,603637,镇海股份,20.16,7.6923,18.72,20.32,18.7,18.72,288531396.0,18.72,16.66
2026-06-22T14:23:07,2026-06-22 14:23:03,600183,生益科技,182.65,-0.6635,186.6,191.88,177.54,183.87,15182736252.0,184.075,169.349
2026-06-22T14:24:08,2026-06-22 14:24:04,603020,爱普股份,14.83,6.2321,13.89,15.0,13.89,13.96,302201914.0,13.96,12.88
2026-06-22T14:24:08,2026-06-22 14:24:06,001223,欧克科技,47.6,-2.9562,49.54,49.64,47.0,49.05,140458349.45,49.05,45.3
2026-06-22T14:24:08,2026-06-22 14:24:06,002906,华阳集团,27.46,-5.9267,28.99,29.15,27.13,29.19,412060171.86,29.19,26.27
2026-06-22T14:24:08,2026-06-22 14:24:05,603637,镇海股份,20.18,7.7991,18.72,20.32,18.7,18.72,288902451.0,18.72,16.66
2026-06-22T14:24:08,2026-06-22 14:24:07,600183,生益科技,182.8,-0.5819,186.6,191.88,177.54,183.87,15205395938.0,184.075,169.349
2026-06-22T14:25:09,2026-06-22 14:25:07,603020,爱普股份,14.85,6.3754,13.89,15.0,13.89,13.96,303227425.0,13.96,12.88
2026-06-22T14:25:09,2026-06-22 14:25:06,001223,欧克科技,47.73,-2.6911,49.54,49.64,47.0,49.05,141144766.25,49.05,45.3
2026-06-22T14:25:09,2026-06-22 14:25:06,002906,华阳集团,27.47,-5.8924,28.99,29.15,27.13,29.19,413106976.86,29.19,26.27
2026-06-22T14:25:09,2026-06-22 14:25:08,603637,镇海股份,20.16,7.6923,18.72,20.32,18.7,18.72,289015424.0,18.72,16.66
2026-06-22T14:25:09,2026-06-22 14:25:07,600183,生益科技,183.38,-0.2665,186.6,191.88,177.54,183.87,15250758444.0,184.075,169.349
2026-06-22T14:26:11,2026-06-22 14:26:10,603020,爱普股份,14.83,6.2321,13.89,15.0,13.89,13.96,303638346.0,13.96,12.88
2026-06-22T14:26:11,2026-06-22 14:26:09,001223,欧克科技,47.69,-2.7727,49.54,49.64,47.0,49.05,141741226.25,49.05,45.3
2026-06-22T14:26:11,2026-06-22 14:26:09,002906,华阳集团,27.45,-5.9609,28.99,29.15,27.13,29.19,414169511.86,29.19,26.27
2026-06-22T14:26:11,2026-06-22 14:26:08,603637,镇海股份,20.15,7.6389,18.72,20.32,18.7,18.72,289083941.0,18.72,16.66
2026-06-22T14:26:11,2026-06-22 14:26:09,600183,生益科技,183.85,-0.0109,186.6,191.88,177.54,183.87,15300906359.0,184.075,169.349
2026-06-22T14:27:13,2026-06-22 14:27:10,603020,爱普股份,14.84,6.3037,13.89,15.0,13.89,13.96,303840013.0,13.96,12.88
2026-06-22T14:27:13,2026-06-22 14:27:09,001223,欧克科技,47.72,-2.7115,49.54,49.64,47.0,49.05,141998821.25,49.05,45.3
2026-06-22T14:27:13,2026-06-22 14:27:09,002906,华阳集团,27.44,-5.9952,28.99,29.15,27.13,29.19,415445925.86,29.19,26.27
2026-06-22T14:27:13,2026-06-22 14:27:11,603637,镇海股份,20.1,7.3718,18.72,20.32,18.7,18.72,289993316.0,18.72,16.66
2026-06-22T14:27:13,2026-06-22 14:27:10,600183,生益科技,184.1,0.1251,186.6,191.88,177.54,183.87,15359762613.0,184.075,169.349
2026-06-22T14:28:14,2026-06-22 14:28:10,603020,爱普股份,14.83,6.2321,13.89,15.0,13.89,13.96,304227251.0,13.96,12.88
2026-06-22T14:28:14,2026-06-22 14:28:12,001223,欧克科技,47.71,-2.7319,49.54,49.64,47.0,49.05,142566301.25,49.05,45.3
2026-06-22T14:28:14,2026-06-22 14:28:12,002906,华阳集团,27.43,-6.0295,28.99,29.15,27.13,29.19,417262534.86,29.19,26.27
2026-06-22T14:28:14,2026-06-22 14:28:11,603637,镇海股份,20.08,7.265,18.72,20.32,18.7,18.72,292195901.0,18.72,16.66
2026-06-22T14:28:14,2026-06-22 14:28:12,600183,生益科技,184.03,0.087,186.6,191.88,177.54,183.87,15426878941.0,184.075,169.349
2026-06-22T14:29:15,2026-06-22 14:29:13,603020,爱普股份,14.82,6.1605,13.89,15.0,13.89,13.96,304774258.0,13.96,12.88
2026-06-22T14:29:15,2026-06-22 14:29:09,001223,欧克科技,47.68,-2.7931,49.54,49.64,47.0,49.05,143200699.25,49.05,45.3
2026-06-22T14:29:15,2026-06-22 14:29:12,002906,华阳集团,27.46,-5.9267,28.99,29.15,27.13,29.19,417931859.86,29.19,26.27
2026-06-22T14:29:15,2026-06-22 14:29:11,603637,镇海股份,20.08,7.265,18.72,20.32,18.7,18.72,292302321.0,18.72,16.66
2026-06-22T14:29:15,2026-06-22 14:29:13,600183,生益科技,184.77,0.4895,186.6,191.88,177.54,183.87,15547812281.0,184.075,169.349
2026-06-22T14:30:16,2026-06-22 14:30:13,603020,爱普股份,14.85,6.3754,13.89,15.0,13.89,13.96,305403237.0,13.96,12.88
2026-06-22T14:30:16,2026-06-22 14:30:15,001223,欧克科技,47.66,-2.8338,49.54,49.64,47.0,49.05,143534340.25,49.05,45.3
2026-06-22T14:30:16,2026-06-22 14:30:15,002906,华阳集团,27.48,-5.8582,28.99,29.15,27.13,29.19,418980978.86,29.19,26.27
2026-06-22T14:30:16,2026-06-22 14:30:14,603637,镇海股份,20.1,7.3718,18.72,20.32,18.7,18.72,292706028.0,18.72,16.66
2026-06-22T14:30:16,2026-06-22 14:30:13,600183,生益科技,184.77,0.4895,186.6,191.88,177.54,183.87,15631860192.0,184.075,169.349
2026-06-22T14:31:18,2026-06-22 14:31:16,603020,爱普股份,14.82,6.1605,13.89,15.0,13.89,13.96,305923832.0,13.96,12.88
2026-06-22T14:31:18,2026-06-22 14:31:12,001223,欧克科技,47.63,-2.895,49.54,49.64,47.0,49.05,143906054.25,49.05,45.3
2026-06-22T14:31:18,2026-06-22 14:31:15,002906,华阳集团,27.45,-5.9609,28.99,29.15,27.13,29.19,420972767.86,29.19,26.27
2026-06-22T14:31:18,2026-06-22 14:31:14,603637,镇海股份,20.04,7.0513,18.72,20.32,18.7,18.72,293625326.0,18.72,16.66
2026-06-22T14:31:18,2026-06-22 14:31:16,600183,生益科技,184.97,0.5982,186.6,191.88,177.54,183.87,15675908805.0,184.075,169.349
2026-06-22T14:32:19,2026-06-22 14:32:16,603020,爱普股份,14.83,6.2321,13.89,15.0,13.89,13.96,306282950.0,13.96,12.88
2026-06-22T14:32:19,2026-06-22 14:32:12,001223,欧克科技,47.68,-2.7931,49.54,49.64,47.0,49.05,144163444.25,49.05,45.3
2026-06-22T14:32:19,2026-06-22 14:32:15,002906,华阳集团,27.44,-5.9952,28.99,29.15,27.13,29.19,421387390.86,29.19,26.27
2026-06-22T14:32:19,2026-06-22 14:32:17,603637,镇海股份,20.02,6.9444,18.72,20.32,18.7,18.72,293897721.0,18.72,16.66
2026-06-22T14:32:19,2026-06-22 14:32:16,600183,生益科技,185.4,0.8321,186.6,191.88,177.54,183.87,15769075324.0,184.075,169.349
2026-06-22T14:33:20,2026-06-22 14:33:16,603020,爱普股份,14.84,6.3037,13.89,15.0,13.89,13.96,306636142.0,13.96,12.88
2026-06-22T14:33:20,2026-06-22 14:33:18,001223,欧克科技,47.67,-2.8135,49.54,49.64,47.0,49.05,144373221.25,49.05,45.3
2026-06-22T14:33:20,2026-06-22 14:33:18,002906,华阳集团,27.42,-6.0637,28.99,29.15,27.13,29.19,422667016.92,29.19,26.27
2026-06-22T14:33:20,2026-06-22 14:33:17,603637,镇海股份,20.08,7.265,18.72,20.32,18.7,18.72,294677602.0,18.72,16.66
2026-06-22T14:33:20,2026-06-22 14:33:18,600183,生益科技,185.05,0.6418,186.6,191.88,177.54,183.87,15833295872.0,184.075,169.349
2026-06-22T14:34:21,2026-06-22 14:34:19,603020,爱普股份,14.87,6.5186,13.89,15.0,13.89,13.96,310622498.0,13.96,12.88
2026-06-22T14:34:21,2026-06-22 14:34:18,001223,欧克科技,47.65,-2.8542,49.54,49.64,47.0,49.05,144611446.25,49.05,45.3
2026-06-22T14:34:21,2026-06-22 14:34:18,002906,华阳集团,27.44,-5.9952,28.99,29.15,27.13,29.19,424822524.92,29.19,26.27
2026-06-22T14:34:21,2026-06-22 14:34:20,603637,镇海股份,20.02,6.9444,18.72,20.32,18.7,18.72,296042457.0,18.72,16.66
2026-06-22T14:34:21,2026-06-22 14:34:19,600183,生益科技,184.96,0.5928,186.6,191.88,177.54,183.87,15886296424.0,184.075,169.349
2026-06-22T14:35:22,2026-06-22 14:35:19,603020,爱普股份,14.86,6.447,13.89,15.0,13.89,13.96,311226188.0,13.96,12.88
2026-06-22T14:35:22,2026-06-22 14:35:21,001223,欧克科技,47.7,-2.7523,49.54,49.64,47.0,49.05,144854610.25,49.05,45.3
2026-06-22T14:35:22,2026-06-22 14:35:21,002906,华阳集团,27.44,-5.9952,28.99,29.15,27.13,29.19,426054626.92,29.19,26.27
2026-06-22T14:35:22,2026-06-22 14:35:20,603637,镇海股份,20.01,6.891,18.72,20.32,18.7,18.72,296898994.0,18.72,16.66
2026-06-22T14:35:22,2026-06-22 14:35:19,600183,生益科技,184.39,0.2828,186.6,191.88,177.54,183.87,15921846297.0,184.075,169.349
2026-06-22T14:36:24,2026-06-22 14:36:22,603020,爱普股份,14.87,6.5186,13.89,15.0,13.89,13.96,312150459.0,13.96,12.88
2026-06-22T14:36:24,2026-06-22 14:36:21,001223,欧克科技,47.72,-2.7115,49.54,49.64,47.0,49.05,145228624.25,49.05,45.3
2026-06-22T14:36:24,2026-06-22 14:36:21,002906,华阳集团,27.45,-5.9609,28.99,29.15,27.13,29.19,427168734.92,29.19,26.27
2026-06-22T14:36:24,2026-06-22 14:36:23,603637,镇海股份,20.04,7.0513,18.72,20.32,18.7,18.72,297669492.0,18.72,16.66
2026-06-22T14:36:24,2026-06-22 14:36:22,600183,生益科技,183.98,0.0598,186.6,191.88,177.54,183.87,15969810681.0,184.075,169.349
2026-06-22T14:37:25,2026-06-22 14:37:22,603020,爱普股份,14.85,6.3754,13.89,15.0,13.89,13.96,312764187.0,13.96,12.88
2026-06-22T14:37:25,2026-06-22 14:37:21,001223,欧克科技,47.67,-2.8135,49.54,49.64,47.0,49.05,145510032.25,49.05,45.3
2026-06-22T14:37:25,2026-06-22 14:37:24,002906,华阳集团,27.46,-5.9267,28.99,29.15,27.13,29.19,427761783.92,29.19,26.27
2026-06-22T14:37:25,2026-06-22 14:37:23,603637,镇海股份,20.03,6.9979,18.72,20.32,18.7,18.72,298081999.0,18.72,16.66
2026-06-22T14:37:25,2026-06-22 14:37:22,600183,生益科技,184.0,0.0707,186.6,191.88,177.54,183.87,16019098091.0,184.075,169.349
2026-06-22T14:38:26,2026-06-22 14:38:22,603020,爱普股份,14.87,6.5186,13.89,15.0,13.89,13.96,314212196.0,13.96,12.88
2026-06-22T14:38:26,2026-06-22 14:38:24,001223,欧克科技,47.7,-2.7523,49.54,49.64,47.0,49.05,145767604.25,49.05,45.3
2026-06-22T14:38:26,2026-06-22 14:38:24,002906,华阳集团,27.49,-5.8239,28.99,29.15,27.13,29.19,428709264.92,29.19,26.27
2026-06-22T14:38:26,2026-06-22 14:38:23,603637,镇海股份,20.01,6.891,18.72,20.32,18.7,18.72,298602648.0,18.72,16.66
2026-06-22T14:38:26,2026-06-22 14:38:25,600183,生益科技,184.04,0.0925,186.6,191.88,177.54,183.87,16064164876.0,184.075,169.349
2026-06-22T14:39:27,2026-06-22 14:39:25,603020,爱普股份,14.84,6.3037,13.89,15.0,13.89,13.96,315533487.0,13.96,12.88
2026-06-22T14:39:27,2026-06-22 14:39:27,001223,欧克科技,47.71,-2.7319,49.54,49.64,47.0,49.05,146330539.25,49.05,45.3
2026-06-22T14:39:27,2026-06-22 14:39:24,002906,华阳集团,27.47,-5.8924,28.99,29.15,27.13,29.19,429692855.92,29.19,26.27
2026-06-22T14:39:27,2026-06-22 14:39:26,603637,镇海股份,20.01,6.891,18.72,20.32,18.7,18.72,299422884.0,18.72,16.66
2026-06-22T14:39:27,2026-06-22 14:39:25,600183,生益科技,184.03,0.087,186.6,191.88,177.54,183.87,16104722737.0,184.075,169.349
2026-06-22T14:40:29,2026-06-22 14:40:25,603020,爱普股份,14.85,6.3754,13.89,15.0,13.89,13.96,317014361.0,13.96,12.88
2026-06-22T14:40:29,2026-06-22 14:40:27,001223,欧克科技,47.7,-2.7523,49.54,49.64,47.0,49.05,147131759.25,49.05,45.3
2026-06-22T14:40:29,2026-06-22 14:40:27,002906,华阳集团,27.48,-5.8582,28.99,29.15,27.13,29.19,430662573.92,29.19,26.27
2026-06-22T14:40:29,2026-06-22 14:40:26,603637,镇海股份,20.02,6.9444,18.72,20.32,18.7,18.72,301890878.0,18.72,16.66
2026-06-22T14:40:29,2026-06-22 14:40:28,600183,生益科技,183.8,-0.0381,186.6,191.88,177.54,183.87,16171608517.0,184.075,169.349
2026-06-22T14:41:31,2026-06-22 14:41:28,603020,爱普股份,14.85,6.3754,13.89,15.0,13.89,13.96,318310831.0,13.96,12.88
2026-06-22T14:41:31,2026-06-22 14:41:30,001223,欧克科技,47.74,-2.6707,49.54,49.64,47.0,49.05,147398976.25,49.05,45.3
2026-06-22T14:41:31,2026-06-22 14:41:27,002906,华阳集团,27.5,-5.7897,28.99,29.15,27.13,29.19,431949133.92,29.19,26.27
2026-06-22T14:41:31,2026-06-22 14:41:29,603637,镇海股份,20.07,7.2115,18.72,20.32,18.7,18.72,303536813.0,18.72,16.66
2026-06-22T14:41:31,2026-06-22 14:41:28,600183,生益科技,184.16,0.1577,186.6,191.88,177.54,183.87,16202260738.0,184.075,169.349
2026-06-22T14:42:32,2026-06-22 14:42:28,603020,爱普股份,14.85,6.3754,13.89,15.0,13.89,13.96,319210448.0,13.96,12.88
2026-06-22T14:42:32,2026-06-22 14:42:30,001223,欧克科技,47.73,-2.6911,49.54,49.64,47.0,49.05,148091339.25,49.05,45.3
2026-06-22T14:42:32,2026-06-22 14:42:30,002906,华阳集团,27.5,-5.7897,28.99,29.15,27.13,29.19,432961390.92,29.19,26.27
2026-06-22T14:42:32,2026-06-22 14:42:29,603637,镇海股份,20.07,7.2115,18.72,20.32,18.7,18.72,304016424.0,18.72,16.66
2026-06-22T14:42:32,2026-06-22 14:42:30,600183,生益科技,184.48,0.3318,186.6,191.88,177.54,183.87,16278253376.0,184.075,169.349
2026-06-22T14:43:33,2026-06-22 14:43:31,603020,爱普股份,14.85,6.3754,13.89,15.0,13.89,13.96,320187585.0,13.96,12.88
2026-06-22T14:43:33,2026-06-22 14:43:30,001223,欧克科技,47.72,-2.7115,49.54,49.64,47.0,49.05,149131573.25,49.05,45.3
2026-06-22T14:43:33,2026-06-22 14:43:30,002906,华阳集团,27.5,-5.7897,28.99,29.15,27.13,29.19,434946457.92,29.19,26.27
2026-06-22T14:43:33,2026-06-22 14:43:29,603637,镇海股份,20.09,7.3184,18.72,20.32,18.7,18.72,304987000.0,18.72,16.66
2026-06-22T14:43:33,2026-06-22 14:43:31,600183,生益科技,184.63,0.4133,186.6,191.88,177.54,183.87,16318192629.0,184.075,169.349
2026-06-22T14:44:34,2026-06-22 14:44:31,603020,爱普股份,14.83,6.2321,13.89,15.0,13.89,13.96,321199947.0,13.96,12.88
2026-06-22T14:44:34,2026-06-22 14:44:33,001223,欧克科技,47.72,-2.7115,49.54,49.64,47.0,49.05,150043152.25,49.05,45.3
2026-06-22T14:44:34,2026-06-22 14:44:30,002906,华阳集团,27.47,-5.8924,28.99,29.15,27.13,29.19,437013025.92,29.19,26.27
2026-06-22T14:44:34,2026-06-22 14:44:32,603637,镇海股份,20.06,7.1581,18.72,20.32,18.7,18.72,305743758.0,18.72,16.66
2026-06-22T14:44:34,2026-06-22 14:44:31,600183,生益科技,184.69,0.446,186.6,191.88,177.54,183.87,16384579770.0,184.075,169.349
2026-06-22T14:45:35,2026-06-22 14:45:31,603020,爱普股份,14.83,6.2321,13.89,15.0,13.89,13.96,321943006.0,13.96,12.88
2026-06-22T14:45:35,2026-06-22 14:45:33,001223,欧克科技,47.67,-2.8135,49.54,49.64,47.0,49.05,151955601.25,49.05,45.3
2026-06-22T14:45:35,2026-06-22 14:45:33,002906,华阳集团,27.47,-5.8924,28.99,29.15,27.13,29.19,437985499.92,29.19,26.27
2026-06-22T14:45:35,2026-06-22 14:45:32,603637,镇海股份,20.14,7.5855,18.72,20.32,18.7,18.72,306250232.0,18.72,16.66
2026-06-22T14:45:35,2026-06-22 14:45:34,600183,生益科技,184.86,0.5384,186.6,191.88,177.54,183.87,16442061045.0,184.075,169.349
2026-06-22T14:46:37,2026-06-22 14:46:34,603020,爱普股份,14.83,6.2321,13.89,15.0,13.89,13.96,324007261.0,13.96,12.88
2026-06-22T14:46:37,2026-06-22 14:46:36,001223,欧克科技,47.63,-2.895,49.54,49.64,47.0,49.05,152751607.25,49.05,45.3
2026-06-22T14:46:37,2026-06-22 14:46:33,002906,华阳集团,27.47,-5.8924,28.99,29.15,27.13,29.19,439680608.92,29.19,26.27
2026-06-22T14:46:37,2026-06-22 14:46:35,603637,镇海股份,20.12,7.4786,18.72,20.32,18.7,18.72,307444033.0,18.72,16.66
2026-06-22T14:46:37,2026-06-22 14:46:34,600183,生益科技,184.51,0.3481,186.6,191.88,177.54,183.87,16501645501.0,184.075,169.349
2026-06-22T14:47:38,2026-06-22 14:47:37,603020,爱普股份,14.83,6.2321,13.89,15.0,13.89,13.96,324690610.0,13.96,12.88
2026-06-22T14:47:38,2026-06-22 14:47:36,001223,欧克科技,47.62,-2.9154,49.54,49.64,47.0,49.05,153289857.25,49.05,45.3
2026-06-22T14:47:38,2026-06-22 14:47:36,002906,华阳集团,27.47,-5.8924,28.99,29.15,27.13,29.19,440908841.92,29.19,26.27
2026-06-22T14:47:38,2026-06-22 14:47:35,603637,镇海股份,20.08,7.265,18.72,20.32,18.7,18.72,308577590.0,18.72,16.66
2026-06-22T14:47:38,2026-06-22 14:47:37,600183,生益科技,184.51,0.3481,186.6,191.88,177.54,183.87,16558099882.0,184.075,169.349
2026-06-22T14:48:39,2026-06-22 14:48:37,603020,爱普股份,14.84,6.3037,13.89,15.0,13.89,13.96,326523564.0,13.96,12.88
2026-06-22T14:48:39,2026-06-22 14:48:36,001223,欧克科技,47.63,-2.895,49.54,49.64,47.0,49.05,153647019.25,49.05,45.3
2026-06-22T14:48:39,2026-06-22 14:48:36,002906,华阳集团,27.51,-5.7554,28.99,29.15,27.13,29.19,442288534.92,29.19,26.27
2026-06-22T14:48:39,2026-06-22 14:48:35,603637,镇海股份,20.1,7.3718,18.72,20.32,18.7,18.72,310007204.0,18.72,16.66
2026-06-22T14:48:39,2026-06-22 14:48:37,600183,生益科技,184.5,0.3426,186.6,191.88,177.54,183.87,16616675109.0,184.075,169.349
2026-06-22T14:49:41,2026-06-22 14:49:37,603020,爱普股份,14.85,6.3754,13.89,15.0,13.89,13.96,329919919.0,13.96,12.88
2026-06-22T14:49:41,2026-06-22 14:49:39,001223,欧克科技,47.67,-2.8135,49.54,49.64,47.0,49.05,154947351.25,49.05,45.3
2026-06-22T14:49:41,2026-06-22 14:49:39,002906,华阳集团,27.52,-5.7211,28.99,29.15,27.13,29.19,443818692.92,29.19,26.27
2026-06-22T14:49:41,2026-06-22 14:49:38,603637,镇海股份,20.1,7.3718,18.72,20.32,18.7,18.72,310445209.0,18.72,16.66
2026-06-22T14:49:41,2026-06-22 14:49:40,600183,生益科技,184.57,0.3807,186.6,191.88,177.54,183.87,16663209890.0,184.075,169.349
2026-06-22T14:50:42,2026-06-22 14:50:37,603020,爱普股份,14.87,6.5186,13.89,15.0,13.89,13.96,334631050.0,13.96,12.88
2026-06-22T14:50:42,2026-06-22 14:50:39,001223,欧克科技,47.67,-2.8135,49.54,49.64,47.0,49.05,156329462.25,49.05,45.3
2026-06-22T14:50:42,2026-06-22 14:50:39,002906,华阳集团,27.54,-5.6526,28.99,29.15,27.13,29.19,445720823.29,29.19,26.27
2026-06-22T14:50:42,2026-06-22 14:50:38,603637,镇海股份,20.11,7.4252,18.72,20.32,18.7,18.72,311382184.0,18.72,16.66
2026-06-22T14:50:42,2026-06-22 14:50:37,600183,生益科技,184.66,0.4297,186.6,191.88,177.54,183.87,16705595418.0,184.075,169.349
2026-06-22T14:51:44,2026-06-22 14:51:40,603020,爱普股份,14.86,6.447,13.89,15.0,13.89,13.96,338369913.0,13.96,12.88
2026-06-22T14:51:44,2026-06-22 14:51:42,001223,欧克科技,47.75,-2.6504,49.54,49.64,47.0,49.05,157307995.25,49.05,45.3
2026-06-22T14:51:44,2026-06-22 14:51:42,002906,华阳集团,27.57,-5.5498,28.99,29.15,27.13,29.19,447062859.29,29.19,26.27
2026-06-22T14:51:44,2026-06-22 14:51:41,603637,镇海股份,20.14,7.5855,18.72,20.32,18.7,18.72,312082443.0,18.72,16.66
2026-06-22T14:51:44,2026-06-22 14:51:43,600183,生益科技,184.8,0.5058,186.6,191.88,177.54,183.87,16761155042.0,184.075,169.349
2026-06-22T14:52:45,2026-06-22 14:52:43,603020,爱普股份,14.81,6.0888,13.89,15.0,13.89,13.96,340939703.0,13.96,12.88
2026-06-22T14:52:45,2026-06-22 14:52:42,001223,欧克科技,47.72,-2.7115,49.54,49.64,47.0,49.05,158085927.25,49.05,45.3
2026-06-22T14:52:45,2026-06-22 14:52:42,002906,华阳集团,27.56,-5.5841,28.99,29.15,27.13,29.19,449816519.29,29.19,26.27
2026-06-22T14:52:45,2026-06-22 14:52:41,603637,镇海股份,20.16,7.6923,18.72,20.32,18.7,18.72,315648376.0,18.72,16.66
2026-06-22T14:52:45,2026-06-22 14:52:43,600183,生益科技,184.17,0.1632,186.6,191.88,177.54,183.87,16877149102.0,184.075,169.349
2026-06-22T14:53:46,2026-06-22 14:53:43,603020,爱普股份,14.82,6.1605,13.89,15.0,13.89,13.96,341701780.0,13.96,12.88
2026-06-22T14:53:46,2026-06-22 14:53:45,001223,欧克科技,47.72,-2.7115,49.54,49.64,47.0,49.05,159298118.25,49.05,45.3
2026-06-22T14:53:46,2026-06-22 14:53:42,002906,华阳集团,27.63,-5.3443,28.99,29.15,27.13,29.19,453247478.65,29.19,26.27
2026-06-22T14:53:46,2026-06-22 14:53:44,603637,镇海股份,20.2,7.906,18.72,20.32,18.7,18.72,318487343.0,18.72,16.66
2026-06-22T14:53:46,2026-06-22 14:53:42,600183,生益科技,184.42,0.2991,186.6,191.88,177.54,183.87,16932254023.0,184.075,169.349
2026-06-22T14:54:47,2026-06-22 14:54:43,603020,爱普股份,14.83,6.2321,13.89,15.0,13.89,13.96,343258805.0,13.96,12.88
2026-06-22T14:54:47,2026-06-22 14:54:45,001223,欧克科技,47.72,-2.7115,49.54,49.64,47.0,49.05,160901502.25,49.05,45.3
2026-06-22T14:54:47,2026-06-22 14:54:45,002906,华阳集团,27.65,-5.2758,28.99,29.15,27.13,29.19,456813215.57,29.19,26.27
2026-06-22T14:54:47,2026-06-22 14:54:44,603637,镇海股份,20.22,8.0128,18.72,20.32,18.7,18.72,319279769.0,18.72,16.66
2026-06-22T14:54:47,2026-06-22 14:54:45,600183,生益科技,184.55,0.3698,186.6,191.88,177.54,183.87,17007178056.0,184.075,169.349
2026-06-22T14:55:48,2026-06-22 14:55:46,603020,爱普股份,14.83,6.2321,13.89,15.0,13.89,13.96,344854661.0,13.96,12.88
2026-06-22T14:55:48,2026-06-22 14:55:45,001223,欧克科技,47.71,-2.7319,49.54,49.64,47.0,49.05,163148423.25,49.05,45.3
2026-06-22T14:55:48,2026-06-22 14:55:45,002906,华阳集团,27.64,-5.31,28.99,29.15,27.13,29.19,459737713.57,29.19,26.27
2026-06-22T14:55:48,2026-06-22 14:55:47,603637,镇海股份,20.25,8.1731,18.72,20.32,18.7,18.72,320952786.0,18.72,16.66
2026-06-22T14:55:48,2026-06-22 14:55:45,600183,生益科技,184.56,0.3753,186.6,191.88,177.54,183.87,17107279712.0,184.075,169.349
2026-06-22T14:56:49,2026-06-22 14:56:46,603020,爱普股份,14.85,6.3754,13.89,15.0,13.89,13.96,347286339.0,13.96,12.88
2026-06-22T14:56:49,2026-06-22 14:56:48,001223,欧克科技,47.73,-2.6911,49.54,49.64,47.0,49.05,165711920.25,49.05,45.3
2026-06-22T14:56:49,2026-06-22 14:56:48,002906,华阳集团,27.66,-5.2415,28.99,29.15,27.13,29.19,462592731.57,29.19,26.27
2026-06-22T14:56:49,2026-06-22 14:56:44,603637,镇海股份,20.22,8.0128,18.72,20.32,18.7,18.72,322205157.0,18.72,16.66
2026-06-22T14:56:49,2026-06-22 14:56:46,600183,生益科技,184.41,0.2937,186.6,191.88,177.54,183.87,17254260127.0,184.075,169.349
2026-06-22T14:57:50,2026-06-22 14:57:46,603020,爱普股份,14.86,6.447,13.89,15.0,13.89,13.96,347535839.0,13.96,12.88
2026-06-22T14:57:50,2026-06-22 14:57:45,001223,欧克科技,47.74,-2.6707,49.54,49.64,47.0,49.05,166096686.05,49.05,45.3
2026-06-22T14:57:50,2026-06-22 14:57:45,002906,华阳集团,27.66,-5.2415,28.99,29.15,27.13,29.19,462730993.57,29.19,26.27
2026-06-22T14:57:50,2026-06-22 14:57:47,603637,镇海股份,20.23,8.0662,18.72,20.32,18.7,18.72,322322443.0,18.72,16.66
2026-06-22T14:57:50,2026-06-22 14:57:48,600183,生益科技,184.44,0.31,186.6,191.88,177.54,183.87,17290201331.0,184.075,169.349
2026-06-22T14:58:51,2026-06-22 14:58:49,603020,爱普股份,14.86,6.447,13.89,15.0,13.89,13.96,347535839.0,13.96,12.88
2026-06-22T14:58:51,2026-06-22 14:58:48,001223,欧克科技,47.74,-2.6707,49.54,49.64,47.0,49.05,166096686.05,49.05,45.3
2026-06-22T14:58:51,2026-06-22 14:58:48,002906,华阳集团,27.66,-5.2415,28.99,29.15,27.13,29.19,462730993.57,29.19,26.27
2026-06-22T14:58:51,2026-06-22 14:58:50,603637,镇海股份,20.23,8.0662,18.72,20.32,18.7,18.72,322322443.0,18.72,16.66
2026-06-22T14:58:51,2026-06-22 14:58:48,600183,生益科技,184.44,0.31,186.6,191.88,177.54,183.87,17290201331.0,184.075,169.349
2026-06-22T14:59:52,2026-06-22 14:59:49,603020,爱普股份,14.86,6.447,13.89,15.0,13.89,13.96,347535839.0,13.96,12.88
2026-06-22T14:59:52,2026-06-22 14:59:51,001223,欧克科技,47.74,-2.6707,49.54,49.64,47.0,49.05,166096686.05,49.05,45.3
2026-06-22T14:59:52,2026-06-22 14:59:51,002906,华阳集团,27.66,-5.2415,28.99,29.15,27.13,29.19,462730993.57,29.19,26.27
2026-06-22T14:59:52,2026-06-22 14:59:50,603637,镇海股份,20.23,8.0662,18.72,20.32,18.7,18.72,322322443.0,18.72,16.66
2026-06-22T14:59:52,2026-06-22 14:59:48,600183,生益科技,184.44,0.31,186.6,191.88,177.54,183.87,17290201331.0,184.075,169.349
