local_time,quote_time,code,name,price,pct,open,high,low,prev_close,amount,trigger_price,invalid_price
2026-06-17T09:25:58,2026-06-17 09:25:00,002613,北玻股份,4.74,-2.6694,4.74,4.74,4.74,4.87,8483652.0,4.87,4.35
2026-06-17T09:25:58,2026-06-17 09:25:00,002664,信质集团,19.56,0.0,19.56,19.56,19.56,19.56,3411264.0,19.56,18.0
2026-06-17T09:25:58,2026-06-17 09:25:00,000411,英特集团,10.08,-0.198,10.08,10.08,10.08,10.1,385056.0,10.1,9.5
2026-06-17T09:25:58,2026-06-17 09:25:33,603093,南华期货,21.66,0.0462,21.66,21.66,21.66,21.65,1975392.0,21.65,19.12
2026-06-17T09:25:58,2026-06-17 09:25:00,000759,中百集团,6.18,-0.4831,6.18,6.18,6.18,6.21,6367872.0,6.1,5.612
2026-06-17T09:25:58,2026-06-17 09:25:00,001268,联合精密,41.47,0.0,41.47,41.47,41.47,41.47,597168.0,41.34,38.033
2026-06-17T09:25:58,2026-06-17 09:25:00,002155,湖南黄金,26.56,-0.1504,26.56,26.56,26.56,26.6,9511136.0,26.59,24.463
2026-06-17T09:25:58,2026-06-17 09:25:00,002240,盛新锂能,48.81,0.0,48.81,48.81,48.81,48.81,20666154.0,50.517,46.475
2026-06-17T09:25:58,2026-06-17 09:25:32,600183,生益科技,180.0,0.3344,180.0,180.0,180.0,179.4,276444000.0,182.56,167.955
2026-06-17T09:25:58,2026-06-17 09:25:32,600601,方正科技,13.82,-1.9858,13.82,13.82,13.82,14.1,37624950.0,13.57,12.484
2026-06-17T09:27:00,2026-06-17 09:25:00,002613,北玻股份,4.74,-2.6694,4.74,4.74,4.74,4.87,8483652.0,4.87,4.35
2026-06-17T09:27:00,2026-06-17 09:25:00,002664,信质集团,19.56,0.0,19.56,19.56,19.56,19.56,3411264.0,19.56,18.0
2026-06-17T09:27:00,2026-06-17 09:25:00,000411,英特集团,10.08,-0.198,10.08,10.08,10.08,10.1,385056.0,10.1,9.5
2026-06-17T09:27:00,2026-06-17 09:26:33,603093,南华期货,21.66,0.0462,21.66,21.66,21.66,21.65,1975392.0,21.65,19.12
2026-06-17T09:27:00,2026-06-17 09:25:00,000759,中百集团,6.18,-0.4831,6.18,6.18,6.18,6.21,6367872.0,6.1,5.612
2026-06-17T09:27:00,2026-06-17 09:25:00,001268,联合精密,41.47,0.0,41.47,41.47,41.47,41.47,597168.0,41.34,38.033
2026-06-17T09:27:00,2026-06-17 09:25:00,002155,湖南黄金,26.56,-0.1504,26.56,26.56,26.56,26.6,9511136.0,26.59,24.463
2026-06-17T09:27:00,2026-06-17 09:25:00,002240,盛新锂能,48.81,0.0,48.81,48.81,48.81,48.81,20666154.0,50.517,46.475
2026-06-17T09:27:00,2026-06-17 09:26:32,600183,生益科技,180.0,0.3344,180.0,180.0,180.0,179.4,276444000.0,182.56,167.955
2026-06-17T09:27:00,2026-06-17 09:26:32,600601,方正科技,13.82,-1.9858,13.82,13.82,13.82,14.1,37624950.0,13.57,12.484
2026-06-17T09:28:00,2026-06-17 09:25:00,002613,北玻股份,4.74,-2.6694,4.74,4.74,4.74,4.87,8483652.0,4.87,4.35
2026-06-17T09:28:00,2026-06-17 09:25:00,002664,信质集团,19.56,0.0,19.56,19.56,19.56,19.56,3411264.0,19.56,18.0
2026-06-17T09:28:00,2026-06-17 09:25:00,000411,英特集团,10.08,-0.198,10.08,10.08,10.08,10.1,385056.0,10.1,9.5
2026-06-17T09:28:00,2026-06-17 09:27:33,603093,南华期货,21.66,0.0462,21.66,21.66,21.66,21.65,1975392.0,21.65,19.12
2026-06-17T09:28:00,2026-06-17 09:25:00,000759,中百集团,6.18,-0.4831,6.18,6.18,6.18,6.21,6367872.0,6.1,5.612
2026-06-17T09:28:00,2026-06-17 09:25:00,001268,联合精密,41.47,0.0,41.47,41.47,41.47,41.47,597168.0,41.34,38.033
2026-06-17T09:28:00,2026-06-17 09:25:00,002155,湖南黄金,26.56,-0.1504,26.56,26.56,26.56,26.6,9511136.0,26.59,24.463
2026-06-17T09:28:00,2026-06-17 09:25:00,002240,盛新锂能,48.81,0.0,48.81,48.81,48.81,48.81,20666154.0,50.517,46.475
2026-06-17T09:28:00,2026-06-17 09:27:32,600183,生益科技,180.0,0.3344,180.0,180.0,180.0,179.4,276444000.0,182.56,167.955
2026-06-17T09:28:00,2026-06-17 09:27:32,600601,方正科技,13.82,-1.9858,13.82,13.82,13.82,14.1,37624950.0,13.57,12.484
2026-06-17T09:29:00,2026-06-17 09:25:00,002613,北玻股份,4.74,-2.6694,4.74,4.74,4.74,4.87,8483652.0,4.87,4.35
2026-06-17T09:29:00,2026-06-17 09:25:00,002664,信质集团,19.56,0.0,19.56,19.56,19.56,19.56,3411264.0,19.56,18.0
2026-06-17T09:29:00,2026-06-17 09:25:00,000411,英特集团,10.08,-0.198,10.08,10.08,10.08,10.1,385056.0,10.1,9.5
2026-06-17T09:29:00,2026-06-17 09:28:33,603093,南华期货,21.66,0.0462,21.66,21.66,21.66,21.65,1975392.0,21.65,19.12
2026-06-17T09:29:00,2026-06-17 09:25:00,000759,中百集团,6.18,-0.4831,6.18,6.18,6.18,6.21,6367872.0,6.1,5.612
2026-06-17T09:29:00,2026-06-17 09:25:00,001268,联合精密,41.47,0.0,41.47,41.47,41.47,41.47,597168.0,41.34,38.033
2026-06-17T09:29:00,2026-06-17 09:25:00,002155,湖南黄金,26.56,-0.1504,26.56,26.56,26.56,26.6,9511136.0,26.59,24.463
2026-06-17T09:29:00,2026-06-17 09:25:00,002240,盛新锂能,48.81,0.0,48.81,48.81,48.81,48.81,20666154.0,50.517,46.475
2026-06-17T09:29:00,2026-06-17 09:28:32,600183,生益科技,180.0,0.3344,180.0,180.0,180.0,179.4,276444000.0,182.56,167.955
2026-06-17T09:29:00,2026-06-17 09:28:32,600601,方正科技,13.82,-1.9858,13.82,13.82,13.82,14.1,37624950.0,13.57,12.484
2026-06-17T09:30:01,2026-06-17 09:30:00,002613,北玻股份,4.79,-1.6427,4.74,4.81,4.74,4.87,11548769.0,4.87,4.35
2026-06-17T09:30:01,2026-06-17 09:30:00,002664,信质集团,19.55,-0.0511,19.56,19.64,19.5,19.56,3642132.0,19.56,18.0
2026-06-17T09:30:01,2026-06-17 09:30:00,000411,英特集团,10.07,-0.297,10.08,10.08,10.04,10.1,548231.0,10.1,9.5
2026-06-17T09:30:01,2026-06-17 09:29:33,603093,南华期货,21.66,0.0462,21.66,21.66,21.66,21.65,1975392.0,21.65,19.12
2026-06-17T09:30:01,2026-06-17 09:30:00,000759,中百集团,6.17,-0.6441,6.18,6.19,6.15,6.21,7522642.0,6.1,5.612
2026-06-17T09:30:01,2026-06-17 09:30:00,001268,联合精密,41.37,-0.2411,41.47,41.47,41.33,41.47,721258.0,41.34,38.033
2026-06-17T09:30:01,2026-06-17 09:30:00,002155,湖南黄金,26.5,-0.3759,26.56,26.56,26.46,26.6,12185511.0,26.59,24.463
2026-06-17T09:30:01,2026-06-17 09:30:00,002240,盛新锂能,49.07,0.5327,48.81,49.2,48.8,48.81,36464769.0,50.517,46.475
2026-06-17T09:30:01,2026-06-17 09:29:32,600183,生益科技,180.0,0.3344,180.0,180.0,180.0,179.4,276444000.0,182.56,167.955
2026-06-17T09:30:01,2026-06-17 09:29:32,600601,方正科技,13.82,-1.9858,13.82,13.82,13.82,14.1,37624950.0,13.57,12.484
2026-06-17T09:31:01,2026-06-17 09:31:00,002613,北玻股份,4.87,0.0,4.74,4.88,4.74,4.87,33922562.0,4.87,4.35
2026-06-17T09:31:01,2026-06-17 09:31:00,002664,信质集团,19.67,0.5624,19.56,19.67,19.48,19.56,7030468.0,19.56,18.0
2026-06-17T09:31:01,2026-06-17 09:31:00,000411,英特集团,10.06,-0.396,10.08,10.08,10.01,10.1,1375752.0,10.1,9.5
2026-06-17T09:31:01,2026-06-17 09:30:59,603093,南华期货,22.02,1.709,21.66,22.07,21.66,21.65,9453924.0,21.65,19.12
2026-06-17T09:31:01,2026-06-17 09:31:00,000759,中百集团,6.12,-1.4493,6.18,6.19,6.05,6.21,27712988.0,6.1,5.612
2026-06-17T09:31:01,2026-06-17 09:31:00,001268,联合精密,41.3,-0.4099,41.47,41.47,41.01,41.47,2233029.0,41.34,38.033
2026-06-17T09:31:01,2026-06-17 09:31:00,002155,湖南黄金,26.73,0.4887,26.56,26.89,26.46,26.6,77050871.39,26.59,24.463
2026-06-17T09:31:01,2026-06-17 09:31:00,002240,盛新锂能,49.3,1.0039,48.81,49.4,48.8,48.81,111366415.0,50.517,46.475
2026-06-17T09:31:01,2026-06-17 09:30:58,600183,生益科技,183.36,2.2074,180.0,184.6,179.95,179.4,942058694.0,182.56,167.955
2026-06-17T09:31:01,2026-06-17 09:30:58,600601,方正科技,14.09,-0.0709,13.82,14.1,13.82,14.1,114600247.0,13.57,12.484
2026-06-17T09:32:02,2026-06-17 09:32:00,002613,北玻股份,4.95,1.6427,4.74,4.99,4.74,4.87,65908740.4,4.87,4.35
2026-06-17T09:32:02,2026-06-17 09:32:00,002664,信质集团,19.56,0.0,19.56,19.78,19.48,19.56,11260030.0,19.56,18.0
2026-06-17T09:32:02,2026-06-17 09:32:00,000411,英特集团,9.99,-1.0891,10.08,10.09,9.99,10.1,3017833.0,10.1,9.5
2026-06-17T09:32:02,2026-06-17 09:31:59,603093,南华期货,21.89,1.1085,21.66,22.17,21.66,21.65,23808564.0,21.65,19.12
2026-06-17T09:32:02,2026-06-17 09:32:00,000759,中百集团,6.13,-1.2882,6.18,6.22,6.05,6.21,41202414.0,6.1,5.612
2026-06-17T09:32:02,2026-06-17 09:32:00,001268,联合精密,41.27,-0.4823,41.47,41.47,41.01,41.47,4540153.0,41.34,38.033
2026-06-17T09:32:02,2026-06-17 09:32:00,002155,湖南黄金,26.68,0.3008,26.56,26.89,26.46,26.6,100549416.39,26.59,24.463
2026-06-17T09:32:02,2026-06-17 09:32:00,002240,盛新锂能,48.5,-0.6351,48.81,49.42,48.45,48.81,176394615.0,50.517,46.475
2026-06-17T09:32:02,2026-06-17 09:32:01,600183,生益科技,185.51,3.4058,180.0,187.0,179.95,179.4,1583828157.0,182.56,167.955
2026-06-17T09:32:02,2026-06-17 09:32:01,600601,方正科技,14.2,0.7092,13.82,14.2,13.82,14.1,256529579.0,13.57,12.484
2026-06-17T09:33:02,2026-06-17 09:33:00,002613,北玻股份,4.99,2.4641,4.74,4.99,4.74,4.87,97042595.4,4.87,4.35
2026-06-17T09:33:02,2026-06-17 09:33:00,002664,信质集团,19.46,-0.5112,19.56,19.78,19.46,19.56,13138715.0,19.56,18.0
2026-06-17T09:33:02,2026-06-17 09:33:00,000411,英特集团,10.01,-0.8911,10.08,10.09,9.97,10.1,4286509.0,10.1,9.5
2026-06-17T09:33:02,2026-06-17 09:32:59,603093,南华期货,21.65,0.0,21.66,22.17,21.54,21.65,34464597.0,21.65,19.12
2026-06-17T09:33:02,2026-06-17 09:33:00,000759,中百集团,6.11,-1.6103,6.18,6.22,6.05,6.21,49239108.0,6.1,5.612
2026-06-17T09:33:02,2026-06-17 09:33:00,001268,联合精密,41.32,-0.3617,41.47,41.47,41.01,41.47,5477886.0,41.34,38.033
2026-06-17T09:33:02,2026-06-17 09:33:00,002155,湖南黄金,26.5,-0.3759,26.56,26.89,26.46,26.6,128572194.09,26.59,24.463
2026-06-17T09:33:02,2026-06-17 09:33:00,002240,盛新锂能,48.56,-0.5122,48.81,49.42,48.18,48.81,227905771.0,50.517,46.475
2026-06-17T09:33:02,2026-06-17 09:33:01,600183,生益科技,185.5,3.4002,180.0,187.0,179.95,179.4,2031527900.0,182.56,167.955
2026-06-17T09:33:02,2026-06-17 09:33:01,600601,方正科技,14.09,-0.0709,13.82,14.21,13.82,14.1,380763177.0,13.57,12.484
2026-06-17T09:34:03,2026-06-17 09:34:00,002613,北玻股份,4.99,2.4641,4.74,5.0,4.74,4.87,125495275.46,4.87,4.35
2026-06-17T09:34:03,2026-06-17 09:34:00,002664,信质集团,19.45,-0.5624,19.56,19.78,19.42,19.56,14546530.0,19.56,18.0
2026-06-17T09:34:03,2026-06-17 09:34:00,000411,英特集团,9.97,-1.2871,10.08,10.09,9.96,10.1,5451223.0,10.1,9.5
2026-06-17T09:34:03,2026-06-17 09:33:59,603093,南华期货,21.43,-1.0162,21.66,22.17,21.38,21.65,43902338.0,21.65,19.12
2026-06-17T09:34:03,2026-06-17 09:34:00,000759,中百集团,6.03,-2.8986,6.18,6.22,6.01,6.21,65293238.0,6.1,5.612
2026-06-17T09:34:03,2026-06-17 09:34:00,001268,联合精密,41.26,-0.5064,41.47,41.47,41.01,41.47,5770620.0,41.34,38.033
2026-06-17T09:34:03,2026-06-17 09:34:00,002155,湖南黄金,26.35,-0.9398,26.56,26.89,26.33,26.6,152773630.84,26.59,24.463
2026-06-17T09:34:03,2026-06-17 09:34:00,002240,盛新锂能,48.01,-1.639,48.81,49.42,48.01,48.81,283713136.0,50.517,46.475
2026-06-17T09:34:03,2026-06-17 09:34:01,600183,生益科技,187.66,4.6042,180.0,187.87,179.95,179.4,2408761780.0,182.56,167.955
2026-06-17T09:34:03,2026-06-17 09:34:01,600601,方正科技,14.12,0.1418,13.82,14.21,13.82,14.1,422647826.0,13.57,12.484
2026-06-17T09:35:03,2026-06-17 09:35:00,002613,北玻股份,4.96,1.848,4.74,5.0,4.74,4.87,142304281.46,4.87,4.35
2026-06-17T09:35:03,2026-06-17 09:35:00,002664,信质集团,19.42,-0.7157,19.56,19.78,19.41,19.56,16429377.0,19.56,18.0
2026-06-17T09:35:03,2026-06-17 09:35:03,000411,英特集团,9.93,-1.6832,10.08,10.09,9.93,10.1,6590714.8,10.1,9.5
2026-06-17T09:35:03,2026-06-17 09:35:02,603093,南华期货,21.24,-1.8938,21.66,22.17,21.21,21.65,54144293.0,21.65,19.12
2026-06-17T09:35:03,2026-06-17 09:35:03,000759,中百集团,6.06,-2.4155,6.18,6.22,6.01,6.21,79473220.0,6.1,5.612
2026-06-17T09:35:03,2026-06-17 09:35:00,001268,联合精密,41.47,0.0,41.47,41.71,41.01,41.47,7228741.0,41.34,38.033
2026-06-17T09:35:03,2026-06-17 09:35:00,002155,湖南黄金,26.43,-0.6391,26.56,26.89,26.32,26.6,172347217.74,26.59,24.463
2026-06-17T09:35:03,2026-06-17 09:35:00,002240,盛新锂能,48.13,-1.3932,48.81,49.42,47.87,48.81,344896542.0,50.517,46.475
2026-06-17T09:35:03,2026-06-17 09:35:01,600183,生益科技,187.0,4.2363,180.0,187.87,179.95,179.4,2809574423.0,182.56,167.955
2026-06-17T09:35:03,2026-06-17 09:35:01,600601,方正科技,14.09,-0.0709,13.82,14.21,13.82,14.1,483177250.0,13.57,12.484
2026-06-17T09:36:04,2026-06-17 09:36:03,002613,北玻股份,5.0,2.6694,4.74,5.03,4.74,4.87,172232580.46,4.87,4.35
2026-06-17T09:36:04,2026-06-17 09:36:03,002664,信质集团,19.45,-0.5624,19.56,19.78,19.4,19.56,17970179.0,19.56,18.0
2026-06-17T09:36:04,2026-06-17 09:36:03,000411,英特集团,9.96,-1.3861,10.08,10.09,9.93,10.1,7028669.8,10.1,9.5
2026-06-17T09:36:04,2026-06-17 09:36:02,603093,南华期货,21.36,-1.3395,21.66,22.17,21.21,21.65,59658847.0,21.65,19.12
2026-06-17T09:36:04,2026-06-17 09:36:03,000759,中百集团,6.06,-2.4155,6.18,6.22,6.01,6.21,85932243.0,6.1,5.612
2026-06-17T09:36:04,2026-06-17 09:36:03,001268,联合精密,41.65,0.434,41.47,41.72,41.01,41.47,7849326.0,41.34,38.033
2026-06-17T09:36:04,2026-06-17 09:36:03,002155,湖南黄金,26.38,-0.8271,26.56,26.89,26.32,26.6,185878867.18,26.59,24.463
2026-06-17T09:36:04,2026-06-17 09:36:03,002240,盛新锂能,48.1,-1.4546,48.81,49.42,47.87,48.81,384469160.64,50.517,46.475
2026-06-17T09:36:04,2026-06-17 09:36:01,600183,生益科技,186.0,3.6789,180.0,187.87,179.95,179.4,3065578103.0,182.56,167.955
2026-06-17T09:36:04,2026-06-17 09:36:01,600601,方正科技,14.03,-0.4965,13.82,14.21,13.82,14.1,534643686.0,13.57,12.484
2026-06-17T09:37:05,2026-06-17 09:37:03,002613,北玻股份,5.0,2.6694,4.74,5.04,4.74,4.87,197799017.46,4.87,4.35
2026-06-17T09:37:05,2026-06-17 09:37:03,002664,信质集团,19.38,-0.9202,19.56,19.78,19.38,19.56,19569665.0,19.56,18.0
2026-06-17T09:37:05,2026-06-17 09:37:03,000411,英特集团,9.94,-1.5842,10.08,10.09,9.93,10.1,7672440.8,10.1,9.5
2026-06-17T09:37:05,2026-06-17 09:37:02,603093,南华期货,21.43,-1.0162,21.66,22.17,21.21,21.65,64591458.0,21.65,19.12
2026-06-17T09:37:05,2026-06-17 09:37:03,000759,中百集团,6.04,-2.7375,6.18,6.22,6.01,6.21,92093169.0,6.1,5.612
2026-06-17T09:37:05,2026-06-17 09:37:03,001268,联合精密,41.61,0.3376,41.47,41.79,41.01,41.47,10622213.0,41.34,38.033
2026-06-17T09:37:05,2026-06-17 09:37:03,002155,湖南黄金,26.31,-1.0902,26.56,26.89,26.3,26.6,203402684.18,26.59,24.463
2026-06-17T09:37:05,2026-06-17 09:37:03,002240,盛新锂能,48.39,-0.8605,48.81,49.42,47.87,48.81,419098157.24,50.517,46.475
2026-06-17T09:37:05,2026-06-17 09:37:01,600183,生益科技,185.29,3.2832,180.0,187.87,179.95,179.4,3300979356.0,182.56,167.955
2026-06-17T09:37:05,2026-06-17 09:37:01,600601,方正科技,14.12,0.1418,13.82,14.21,13.82,14.1,593957704.0,13.57,12.484
2026-06-17T09:38:05,2026-06-17 09:38:03,002613,北玻股份,4.98,2.2587,4.74,5.04,4.74,4.87,213434405.46,4.87,4.35
2026-06-17T09:38:05,2026-06-17 09:38:03,002664,信质集团,19.32,-1.227,19.56,19.78,19.31,19.56,21845809.0,19.56,18.0
2026-06-17T09:38:05,2026-06-17 09:38:03,000411,英特集团,9.94,-1.5842,10.08,10.09,9.93,10.1,7972485.8,10.1,9.5
2026-06-17T09:38:05,2026-06-17 09:38:02,603093,南华期货,21.46,-0.8776,21.66,22.17,21.21,21.65,68893820.0,21.65,19.12
2026-06-17T09:38:05,2026-06-17 09:38:03,000759,中百集团,6.02,-3.0596,6.18,6.22,6.01,6.21,102144720.0,6.1,5.612
2026-06-17T09:38:05,2026-06-17 09:38:03,001268,联合精密,41.43,-0.0965,41.47,41.79,41.01,41.47,10978970.0,41.34,38.033
2026-06-17T09:38:05,2026-06-17 09:38:03,002155,湖南黄金,26.32,-1.0526,26.56,26.89,26.26,26.6,233111983.18,26.59,24.463
2026-06-17T09:38:05,2026-06-17 09:38:03,002240,盛新锂能,48.33,-0.9834,48.81,49.42,47.87,48.81,448835445.24,50.517,46.475
2026-06-17T09:38:05,2026-06-17 09:38:04,600183,生益科技,187.7,4.6265,180.0,187.87,179.95,179.4,3503769221.0,182.56,167.955
2026-06-17T09:38:05,2026-06-17 09:38:01,600601,方正科技,14.2,0.7092,13.82,14.23,13.82,14.1,657916030.0,13.57,12.484
2026-06-17T09:39:05,2026-06-17 09:39:03,002613,北玻股份,5.02,3.0801,4.74,5.04,4.74,4.87,225210648.46,4.87,4.35
2026-06-17T09:39:05,2026-06-17 09:39:03,002664,信质集团,19.33,-1.1759,19.56,19.78,19.31,19.56,22928659.0,19.56,18.0
2026-06-17T09:39:05,2026-06-17 09:39:03,000411,英特集团,9.93,-1.6832,10.08,10.09,9.92,10.1,8589599.8,10.1,9.5
2026-06-17T09:39:05,2026-06-17 09:39:02,603093,南华期货,21.39,-1.2009,21.66,22.17,21.21,21.65,71842784.0,21.65,19.12
2026-06-17T09:39:05,2026-06-17 09:39:03,000759,中百集团,6.02,-3.0596,6.18,6.22,6.01,6.21,108026271.0,6.1,5.612
2026-06-17T09:39:05,2026-06-17 09:39:03,001268,联合精密,41.5,0.0723,41.47,41.79,41.01,41.47,11365057.0,41.34,38.033
2026-06-17T09:39:05,2026-06-17 09:39:03,002155,湖南黄金,26.4,-0.7519,26.56,26.89,26.26,26.6,250154477.18,26.59,24.463
2026-06-17T09:39:05,2026-06-17 09:39:03,002240,盛新锂能,48.6,-0.4302,48.81,49.42,47.87,48.81,476637584.32,50.517,46.475
2026-06-17T09:39:05,2026-06-17 09:39:04,600183,生益科技,187.7,4.6265,180.0,187.87,179.95,179.4,3710675576.0,182.56,167.955
2026-06-17T09:39:05,2026-06-17 09:39:01,600601,方正科技,14.26,1.1348,13.82,14.26,13.82,14.1,698987583.0,13.57,12.484
2026-06-17T09:40:06,2026-06-17 09:40:03,002613,北玻股份,5.01,2.8747,4.74,5.05,4.74,4.87,250699733.46,4.87,4.35
2026-06-17T09:40:06,2026-06-17 09:40:03,002664,信质集团,19.35,-1.0736,19.56,19.78,19.31,19.56,23869515.0,19.56,18.0
2026-06-17T09:40:06,2026-06-17 09:40:03,000411,英特集团,9.95,-1.4851,10.08,10.09,9.92,10.1,9135733.8,10.1,9.5
2026-06-17T09:40:06,2026-06-17 09:40:02,603093,南华期货,21.4,-1.1547,21.66,22.17,21.21,21.65,75314205.0,21.65,19.12
2026-06-17T09:40:06,2026-06-17 09:40:03,000759,中百集团,6.01,-3.2206,6.18,6.22,5.98,6.21,120653222.0,6.1,5.612
2026-06-17T09:40:06,2026-06-17 09:40:03,001268,联合精密,42.0,1.278,41.47,42.2,41.01,41.47,13284772.0,41.34,38.033
2026-06-17T09:40:06,2026-06-17 09:40:03,002155,湖南黄金,26.33,-1.015,26.56,26.89,26.26,26.6,265036315.18,26.59,24.463
2026-06-17T09:40:06,2026-06-17 09:40:03,002240,盛新锂能,48.24,-1.1678,48.81,49.42,47.87,48.81,504332739.64,50.517,46.475
2026-06-17T09:40:06,2026-06-17 09:40:04,600183,生益科技,189.0,5.3512,180.0,189.4,179.95,179.4,3990858674.0,182.56,167.955
2026-06-17T09:40:06,2026-06-17 09:40:04,600601,方正科技,14.23,0.922,13.82,14.27,13.82,14.1,729810270.0,13.57,12.484
2026-06-17T09:41:07,2026-06-17 09:41:03,002613,北玻股份,5.0,2.6694,4.74,5.05,4.74,4.87,264797832.46,4.87,4.35
2026-06-17T09:41:07,2026-06-17 09:41:03,002664,信质集团,19.38,-0.9202,19.56,19.78,19.31,19.56,24586072.0,19.56,18.0
2026-06-17T09:41:07,2026-06-17 09:41:06,000411,英特集团,9.93,-1.6832,10.08,10.09,9.92,10.1,10421348.8,10.1,9.5
2026-06-17T09:41:07,2026-06-17 09:41:05,603093,南华期货,21.41,-1.1085,21.66,22.17,21.21,21.65,77669348.0,21.65,19.12
2026-06-17T09:41:07,2026-06-17 09:41:06,000759,中百集团,6.04,-2.7375,6.18,6.22,5.98,6.21,126131239.0,6.1,5.612
2026-06-17T09:41:07,2026-06-17 09:41:06,001268,联合精密,42.03,1.3504,41.47,42.2,41.01,41.47,13953578.0,41.34,38.033
2026-06-17T09:41:07,2026-06-17 09:41:03,002155,湖南黄金,26.18,-1.5789,26.56,26.89,26.17,26.6,282814661.18,26.59,24.463
2026-06-17T09:41:07,2026-06-17 09:41:03,002240,盛新锂能,48.25,-1.1473,48.81,49.42,47.87,48.81,528782994.24,50.517,46.475
2026-06-17T09:41:07,2026-06-17 09:41:04,600183,生益科技,189.88,5.8417,180.0,189.9,179.95,179.4,4241917580.0,182.56,167.955
2026-06-17T09:41:07,2026-06-17 09:41:04,600601,方正科技,14.36,1.844,13.82,14.37,13.82,14.1,808238552.0,13.57,12.484
2026-06-17T09:42:07,2026-06-17 09:42:03,002613,北玻股份,5.04,3.4908,4.74,5.05,4.74,4.87,271262774.46,4.87,4.35
2026-06-17T09:42:07,2026-06-17 09:42:03,002664,信质集团,19.32,-1.227,19.56,19.78,19.31,19.56,25682899.0,19.56,18.0
2026-06-17T09:42:07,2026-06-17 09:42:06,000411,英特集团,9.93,-1.6832,10.08,10.09,9.91,10.1,11340938.8,10.1,9.5
2026-06-17T09:42:07,2026-06-17 09:42:05,603093,南华期货,21.42,-1.0624,21.66,22.17,21.21,21.65,79819535.0,21.65,19.12
2026-06-17T09:42:07,2026-06-17 09:42:06,000759,中百集团,6.04,-2.7375,6.18,6.22,5.98,6.21,134577406.0,6.1,5.612
2026-06-17T09:42:07,2026-06-17 09:42:06,001268,联合精密,41.97,1.2057,41.47,42.2,41.01,41.47,14268405.0,41.34,38.033
2026-06-17T09:42:07,2026-06-17 09:42:03,002155,湖南黄金,26.12,-1.8045,26.56,26.89,26.11,26.6,305497950.18,26.59,24.463
2026-06-17T09:42:07,2026-06-17 09:42:03,002240,盛新锂能,48.07,-1.5161,48.81,49.42,47.87,48.81,548384714.2,50.517,46.475
2026-06-17T09:42:07,2026-06-17 09:42:04,600183,生益科技,190.86,6.388,180.0,190.94,179.95,179.4,4544240287.0,182.56,167.955
2026-06-17T09:42:07,2026-06-17 09:42:04,600601,方正科技,14.34,1.7021,13.82,14.37,13.82,14.1,862005139.0,13.57,12.484
2026-06-17T09:43:07,2026-06-17 09:43:06,002613,北玻股份,5.05,3.6961,4.74,5.07,4.74,4.87,295309954.06,4.87,4.35
2026-06-17T09:43:07,2026-06-17 09:43:06,002664,信质集团,19.32,-1.227,19.56,19.78,19.26,19.56,28089887.0,19.56,18.0
2026-06-17T09:43:07,2026-06-17 09:43:03,000411,英特集团,9.92,-1.7822,10.08,10.09,9.91,10.1,11566133.8,10.1,9.5
2026-06-17T09:43:07,2026-06-17 09:43:05,603093,南华期货,21.38,-1.2471,21.66,22.17,21.21,21.65,85791434.0,21.65,19.12
2026-06-17T09:43:07,2026-06-17 09:43:06,000759,中百集团,6.03,-2.8986,6.18,6.22,5.98,6.21,138329398.0,6.1,5.612
2026-06-17T09:43:07,2026-06-17 09:43:06,001268,联合精密,41.84,0.8922,41.47,42.2,41.01,41.47,15330717.0,41.34,38.033
2026-06-17T09:43:07,2026-06-17 09:43:06,002155,湖南黄金,26.19,-1.5414,26.56,26.89,26.11,26.6,326412487.18,26.59,24.463
2026-06-17T09:43:07,2026-06-17 09:43:06,002240,盛新锂能,48.12,-1.4136,48.81,49.42,47.87,48.81,581255688.8,50.517,46.475
2026-06-17T09:43:07,2026-06-17 09:43:04,600183,生益科技,190.18,6.0089,180.0,191.0,179.95,179.4,4784148149.0,182.56,167.955
2026-06-17T09:43:07,2026-06-17 09:43:04,600601,方正科技,14.33,1.6312,13.82,14.37,13.82,14.1,895580006.0,13.57,12.484
2026-06-17T09:44:08,2026-06-17 09:44:06,002613,北玻股份,5.03,3.2854,4.74,5.07,4.74,4.87,316298455.11,4.87,4.35
2026-06-17T09:44:08,2026-06-17 09:44:06,002664,信质集团,19.3,-1.3292,19.56,19.78,19.26,19.56,28636482.0,19.56,18.0
2026-06-17T09:44:08,2026-06-17 09:44:06,000411,英特集团,9.89,-2.0792,10.08,10.09,9.89,10.1,12775181.8,10.1,9.5
2026-06-17T09:44:08,2026-06-17 09:44:05,603093,南华期货,21.38,-1.2471,21.66,22.17,21.21,21.65,87744850.0,21.65,19.12
2026-06-17T09:44:08,2026-06-17 09:44:06,000759,中百集团,6.03,-2.8986,6.18,6.22,5.98,6.21,141149534.0,6.1,5.612
2026-06-17T09:44:08,2026-06-17 09:44:06,001268,联合精密,41.88,0.9887,41.47,42.2,41.01,41.47,16188859.0,41.34,38.033
2026-06-17T09:44:08,2026-06-17 09:44:06,002155,湖南黄金,26.12,-1.8045,26.56,26.89,26.11,26.6,341001730.18,26.59,24.463
2026-06-17T09:44:08,2026-06-17 09:44:06,002240,盛新锂能,48.38,-0.881,48.81,49.42,47.87,48.81,610044793.9,50.517,46.475
2026-06-17T09:44:08,2026-06-17 09:44:07,600183,生益科技,189.8,5.7971,180.0,191.0,179.95,179.4,4994527937.0,182.56,167.955
2026-06-17T09:44:08,2026-06-17 09:44:04,600601,方正科技,14.35,1.773,13.82,14.41,13.82,14.1,960344638.0,13.57,12.484
2026-06-17T09:45:08,2026-06-17 09:45:06,002613,北玻股份,5.02,3.0801,4.74,5.07,4.74,4.87,330864648.11,4.87,4.35
2026-06-17T09:45:08,2026-06-17 09:45:06,002664,信质集团,19.28,-1.4315,19.56,19.78,19.25,19.56,29622902.0,19.56,18.0
2026-06-17T09:45:08,2026-06-17 09:45:06,000411,英特集团,9.89,-2.0792,10.08,10.09,9.87,10.1,13883860.8,10.1,9.5
2026-06-17T09:45:08,2026-06-17 09:45:05,603093,南华期货,21.41,-1.1085,21.66,22.17,21.21,21.65,91419574.0,21.65,19.12
2026-06-17T09:45:08,2026-06-17 09:45:06,000759,中百集团,6.04,-2.7375,6.18,6.22,5.98,6.21,144372556.0,6.1,5.612
2026-06-17T09:45:08,2026-06-17 09:45:06,001268,联合精密,41.6,0.3135,41.47,42.2,41.01,41.47,16922563.0,41.34,38.033
2026-06-17T09:45:08,2026-06-17 09:45:06,002155,湖南黄金,26.19,-1.5414,26.56,26.89,26.08,26.6,360109282.98,26.59,24.463
2026-06-17T09:45:08,2026-06-17 09:45:06,002240,盛新锂能,49.03,0.4507,48.81,49.42,47.87,48.81,665953796.9,50.517,46.475
2026-06-17T09:45:08,2026-06-17 09:45:04,600183,生益科技,188.01,4.7993,180.0,191.0,179.95,179.4,5177023022.0,182.56,167.955
2026-06-17T09:45:08,2026-06-17 09:45:04,600601,方正科技,14.34,1.7021,13.82,14.41,13.82,14.1,1003191874.0,13.57,12.484
2026-06-17T09:46:09,2026-06-17 09:46:06,002613,北玻股份,5.01,2.8747,4.74,5.07,4.74,4.87,341537774.11,4.87,4.35
2026-06-17T09:46:09,2026-06-17 09:46:06,002664,信质集团,19.26,-1.5337,19.56,19.78,19.25,19.56,30233531.0,19.56,18.0
2026-06-17T09:46:09,2026-06-17 09:46:06,000411,英特集团,9.89,-2.0792,10.08,10.09,9.87,10.1,14663330.8,10.1,9.5
2026-06-17T09:46:09,2026-06-17 09:46:08,603093,南华期货,21.46,-0.8776,21.66,22.17,21.21,21.65,94762953.0,21.65,19.12
2026-06-17T09:46:09,2026-06-17 09:46:06,000759,中百集团,6.01,-3.2206,6.18,6.22,5.98,6.21,147259057.0,6.1,5.612
2026-06-17T09:46:09,2026-06-17 09:46:06,001268,联合精密,41.4,-0.1688,41.47,42.2,41.01,41.47,17865039.0,41.34,38.033
2026-06-17T09:46:09,2026-06-17 09:46:06,002155,湖南黄金,26.29,-1.1654,26.56,26.89,26.08,26.6,372830893.88,26.59,24.463
2026-06-17T09:46:09,2026-06-17 09:46:06,002240,盛新锂能,49.05,0.4917,48.81,49.42,47.87,48.81,711794023.46,50.517,46.475
2026-06-17T09:46:09,2026-06-17 09:46:07,600183,生益科技,188.5,5.0725,180.0,191.0,179.95,179.4,5421367545.0,182.56,167.955
2026-06-17T09:46:09,2026-06-17 09:46:07,600601,方正科技,14.31,1.4894,13.82,14.41,13.82,14.1,1038925931.0,13.57,12.484
2026-06-17T09:47:09,2026-06-17 09:47:09,002613,北玻股份,5.04,3.4908,4.74,5.07,4.74,4.87,352178068.11,4.87,4.35
2026-06-17T09:47:09,2026-06-17 09:47:09,002664,信质集团,19.32,-1.227,19.56,19.78,19.25,19.56,31219246.0,19.56,18.0
2026-06-17T09:47:09,2026-06-17 09:47:09,000411,英特集团,9.88,-2.1782,10.08,10.09,9.87,10.1,15213838.8,10.1,9.5
2026-06-17T09:47:09,2026-06-17 09:47:08,603093,南华期货,21.46,-0.8776,21.66,22.17,21.21,21.65,96646624.0,21.65,19.12
2026-06-17T09:47:09,2026-06-17 09:47:09,000759,中百集团,6.02,-3.0596,6.18,6.22,5.98,6.21,151024443.0,6.1,5.612
2026-06-17T09:47:09,2026-06-17 09:47:09,001268,联合精密,41.49,0.0482,41.47,42.2,41.01,41.47,18130571.0,41.34,38.033
2026-06-17T09:47:09,2026-06-17 09:47:09,002155,湖南黄金,26.27,-1.2406,26.56,26.89,26.08,26.6,393441200.14,26.59,24.463
2026-06-17T09:47:09,2026-06-17 09:47:09,002240,盛新锂能,49.14,0.6761,48.81,49.42,47.87,48.81,760107728.46,50.517,46.475
2026-06-17T09:47:09,2026-06-17 09:47:07,600183,生益科技,187.79,4.6767,180.0,191.0,179.95,179.4,5598461819.0,182.56,167.955
2026-06-17T09:47:09,2026-06-17 09:47:07,600601,方正科技,14.24,0.9929,13.82,14.41,13.82,14.1,1086676579.0,13.57,12.484
2026-06-17T09:48:10,2026-06-17 09:48:09,002613,北玻股份,5.08,4.3121,4.74,5.08,4.74,4.87,370506090.11,4.87,4.35
2026-06-17T09:48:10,2026-06-17 09:48:06,002664,信质集团,19.34,-1.1247,19.56,19.78,19.25,19.56,31722320.0,19.56,18.0
2026-06-17T09:48:10,2026-06-17 09:48:09,000411,英特集团,9.89,-2.0792,10.08,10.09,9.87,10.1,15805034.8,10.1,9.5
2026-06-17T09:48:10,2026-06-17 09:48:08,603093,南华期货,21.45,-0.9238,21.66,22.17,21.21,21.65,98502183.0,21.65,19.12
2026-06-17T09:48:10,2026-06-17 09:48:09,000759,中百集团,6.04,-2.7375,6.18,6.22,5.98,6.21,153829528.0,6.1,5.612
2026-06-17T09:48:10,2026-06-17 09:48:09,001268,联合精密,41.55,0.1929,41.47,42.2,41.01,41.47,18528897.0,41.34,38.033
2026-06-17T09:48:10,2026-06-17 09:48:09,002155,湖南黄金,26.36,-0.9023,26.56,26.89,26.08,26.6,404664789.14,26.59,24.463
2026-06-17T09:48:10,2026-06-17 09:48:09,002240,盛新锂能,49.32,1.0449,48.81,49.42,47.87,48.81,804938696.46,50.517,46.475
2026-06-17T09:48:10,2026-06-17 09:48:07,600183,生益科技,188.52,5.0836,180.0,191.0,179.95,179.4,5785518314.0,182.56,167.955
2026-06-17T09:48:10,2026-06-17 09:48:07,600601,方正科技,14.34,1.7021,13.82,14.41,13.82,14.1,1122869723.0,13.57,12.484
2026-06-17T09:49:10,2026-06-17 09:49:09,002613,北玻股份,5.09,4.5175,4.74,5.1,4.74,4.87,392498486.11,4.87,4.35
2026-06-17T09:49:10,2026-06-17 09:49:06,002664,信质集团,19.41,-0.7669,19.56,19.78,19.25,19.56,32643576.0,19.56,18.0
2026-06-17T09:49:10,2026-06-17 09:49:09,000411,英特集团,9.88,-2.1782,10.08,10.09,9.87,10.1,16468641.8,10.1,9.5
2026-06-17T09:49:10,2026-06-17 09:49:08,603093,南华期货,21.42,-1.0624,21.66,22.17,21.21,21.65,100072122.0,21.65,19.12
2026-06-17T09:49:10,2026-06-17 09:49:09,000759,中百集团,6.03,-2.8986,6.18,6.22,5.98,6.21,156050550.0,6.1,5.612
2026-06-17T09:49:10,2026-06-17 09:49:09,001268,联合精密,41.61,0.3376,41.47,42.2,41.01,41.47,19082086.0,41.34,38.033
2026-06-17T09:49:10,2026-06-17 09:49:09,002155,湖南黄金,26.33,-1.015,26.56,26.89,26.08,26.6,410603658.14,26.59,24.463
2026-06-17T09:49:10,2026-06-17 09:49:09,002240,盛新锂能,49.49,1.3932,48.81,49.49,47.87,48.81,849898748.26,50.517,46.475
2026-06-17T09:49:10,2026-06-17 09:49:07,600183,生益科技,189.11,5.4125,180.0,191.0,179.95,179.4,5891440558.0,182.56,167.955
2026-06-17T09:49:10,2026-06-17 09:49:07,600601,方正科技,14.32,1.5603,13.82,14.41,13.82,14.1,1142469412.0,13.57,12.484
2026-06-17T09:50:10,2026-06-17 09:50:09,002613,北玻股份,5.07,4.1068,4.74,5.12,4.74,4.87,414555629.85,4.87,4.35
2026-06-17T09:50:10,2026-06-17 09:50:09,002664,信质集团,19.41,-0.7669,19.56,19.78,19.25,19.56,33433169.0,19.56,18.0
2026-06-17T09:50:10,2026-06-17 09:50:09,000411,英特集团,9.88,-2.1782,10.08,10.09,9.86,10.1,17150677.8,10.1,9.5
2026-06-17T09:50:10,2026-06-17 09:50:08,603093,南华期货,21.38,-1.2471,21.66,22.17,21.21,21.65,102741215.0,21.65,19.12
2026-06-17T09:50:10,2026-06-17 09:50:09,000759,中百集团,6.04,-2.7375,6.18,6.22,5.98,6.21,157948733.0,6.1,5.612
2026-06-17T09:50:10,2026-06-17 09:50:09,001268,联合精密,41.51,0.0965,41.47,42.2,41.01,41.47,19364525.0,41.34,38.033
2026-06-17T09:50:10,2026-06-17 09:50:09,002155,湖南黄金,26.34,-0.9774,26.56,26.89,26.08,26.6,418778433.14,26.59,24.463
2026-06-17T09:50:10,2026-06-17 09:50:09,002240,盛新锂能,49.26,0.9219,48.81,49.49,47.87,48.81,890521690.46,50.517,46.475
2026-06-17T09:50:10,2026-06-17 09:50:07,600183,生益科技,188.44,5.039,180.0,191.0,179.95,179.4,6001906362.0,182.56,167.955
2026-06-17T09:50:10,2026-06-17 09:50:07,600601,方正科技,14.4,2.1277,13.82,14.41,13.82,14.1,1193085857.0,13.57,12.484
2026-06-17T09:51:12,2026-06-17 09:51:09,002613,北玻股份,5.07,4.1068,4.74,5.12,4.74,4.87,419621157.85,4.87,4.35
2026-06-17T09:51:12,2026-06-17 09:51:09,002664,信质集团,19.42,-0.7157,19.56,19.78,19.25,19.56,34167829.0,19.56,18.0
2026-06-17T09:51:12,2026-06-17 09:51:09,000411,英特集团,9.88,-2.1782,10.08,10.09,9.86,10.1,17531977.8,10.1,9.5
2026-06-17T09:51:12,2026-06-17 09:51:08,603093,南华期货,21.42,-1.0624,21.66,22.17,21.21,21.65,106253969.0,21.65,19.12
2026-06-17T09:51:12,2026-06-17 09:51:09,000759,中百集团,6.05,-2.5765,6.18,6.22,5.98,6.21,160878997.0,6.1,5.612
2026-06-17T09:51:12,2026-06-17 09:50:48,001268,联合精密,41.55,0.1929,41.47,42.2,41.01,41.47,19489202.0,41.34,38.033
2026-06-17T09:51:12,2026-06-17 09:51:09,002155,湖南黄金,26.34,-0.9774,26.56,26.89,26.08,26.6,426932316.14,26.59,24.463
2026-06-17T09:51:12,2026-06-17 09:51:09,002240,盛新锂能,49.35,1.1063,48.81,49.49,47.87,48.81,909076295.46,50.517,46.475
2026-06-17T09:51:12,2026-06-17 09:51:10,600183,生益科技,188.42,5.0279,180.0,191.0,179.95,179.4,6164728842.0,182.56,167.955
2026-06-17T09:51:12,2026-06-17 09:51:10,600601,方正科技,14.38,1.9858,13.82,14.42,13.82,14.1,1214940902.0,13.57,12.484
2026-06-17T09:52:12,2026-06-17 09:52:09,002613,北玻股份,5.07,4.1068,4.74,5.12,4.74,4.87,427294844.85,4.87,4.35
2026-06-17T09:52:12,2026-06-17 09:52:09,002664,信质集团,19.42,-0.7157,19.56,19.78,19.25,19.56,34469020.0,19.56,18.0
2026-06-17T09:52:12,2026-06-17 09:52:09,000411,英特集团,9.87,-2.2772,10.08,10.09,9.86,10.1,18219953.8,10.1,9.5
2026-06-17T09:52:12,2026-06-17 09:52:11,603093,南华期货,21.36,-1.3395,21.66,22.17,21.21,21.65,107804261.0,21.65,19.12
2026-06-17T09:52:12,2026-06-17 09:52:09,000759,中百集团,6.03,-2.8986,6.18,6.22,5.98,6.21,163578976.0,6.1,5.612
2026-06-17T09:52:12,2026-06-17 09:52:09,001268,联合精密,41.55,0.1929,41.47,42.2,41.01,41.47,19588925.0,41.34,38.033
2026-06-17T09:52:12,2026-06-17 09:52:09,002155,湖南黄金,26.36,-0.9023,26.56,26.89,26.08,26.6,435831788.14,26.59,24.463
2026-06-17T09:52:12,2026-06-17 09:52:09,002240,盛新锂能,49.25,0.9015,48.81,49.49,47.87,48.81,938329027.14,50.517,46.475
2026-06-17T09:52:12,2026-06-17 09:52:10,600183,生益科技,188.23,4.922,180.0,191.0,179.95,179.4,6267869200.0,182.56,167.955
2026-06-17T09:52:12,2026-06-17 09:52:10,600601,方正科技,14.35,1.773,13.82,14.42,13.82,14.1,1230848993.0,13.57,12.484
2026-06-17T09:53:12,2026-06-17 09:53:09,002613,北玻股份,5.1,4.7228,4.74,5.12,4.74,4.87,437121271.59,4.87,4.35
2026-06-17T09:53:12,2026-06-17 09:53:09,002664,信质集团,19.43,-0.6646,19.56,19.78,19.25,19.56,34729438.0,19.56,18.0
2026-06-17T09:53:12,2026-06-17 09:53:09,000411,英特集团,9.88,-2.1782,10.08,10.09,9.86,10.1,18584865.8,10.1,9.5
2026-06-17T09:53:12,2026-06-17 09:53:08,603093,南华期货,21.33,-1.4781,21.66,22.17,21.21,21.65,109180963.0,21.65,19.12
2026-06-17T09:53:12,2026-06-17 09:53:09,000759,中百集团,6.03,-2.8986,6.18,6.22,5.98,6.21,167724975.0,6.1,5.612
2026-06-17T09:53:12,2026-06-17 09:53:09,001268,联合精密,41.49,0.0482,41.47,42.2,41.01,41.47,19642880.0,41.34,38.033
2026-06-17T09:53:12,2026-06-17 09:53:09,002155,湖南黄金,26.32,-1.0526,26.56,26.89,26.08,26.6,441623699.14,26.59,24.463
2026-06-17T09:53:12,2026-06-17 09:53:09,002240,盛新锂能,49.45,1.3112,48.81,49.49,47.87,48.81,965223882.02,50.517,46.475
2026-06-17T09:53:12,2026-06-17 09:53:10,600183,生益科技,187.71,4.6321,180.0,191.0,179.95,179.4,6381578957.0,182.56,167.955
2026-06-17T09:53:12,2026-06-17 09:53:10,600601,方正科技,14.3,1.4184,13.82,14.42,13.82,14.1,1250953134.0,13.57,12.484
2026-06-17T09:54:12,2026-06-17 09:54:12,002613,北玻股份,5.09,4.5175,4.74,5.12,4.74,4.87,447528024.59,4.87,4.35
2026-06-17T09:54:12,2026-06-17 09:54:12,002664,信质集团,19.57,0.0511,19.56,19.78,19.25,19.56,35906881.0,19.56,18.0
2026-06-17T09:54:12,2026-06-17 09:54:12,000411,英特集团,9.87,-2.2772,10.08,10.09,9.86,10.1,19317645.8,10.1,9.5
2026-06-17T09:54:12,2026-06-17 09:54:11,603093,南华期货,21.34,-1.4319,21.66,22.17,21.21,21.65,110770679.0,21.65,19.12
2026-06-17T09:54:12,2026-06-17 09:54:12,000759,中百集团,6.02,-3.0596,6.18,6.22,5.98,6.21,170449538.0,6.1,5.612
2026-06-17T09:54:12,2026-06-17 09:54:12,001268,联合精密,41.52,0.1206,41.47,42.2,41.01,41.47,19883541.0,41.34,38.033
2026-06-17T09:54:12,2026-06-17 09:54:12,002155,湖南黄金,26.24,-1.3534,26.56,26.89,26.08,26.6,458940613.14,26.59,24.463
2026-06-17T09:54:12,2026-06-17 09:54:12,002240,盛新锂能,49.35,1.1063,48.81,49.49,47.87,48.81,986653085.86,50.517,46.475
2026-06-17T09:54:12,2026-06-17 09:54:10,600183,生益科技,186.99,4.2308,180.0,191.0,179.95,179.4,6496048260.0,182.56,167.955
2026-06-17T09:54:12,2026-06-17 09:54:10,600601,方正科技,14.25,1.0638,13.82,14.42,13.82,14.1,1280935616.0,13.57,12.484
2026-06-17T09:55:13,2026-06-17 09:55:12,002613,北玻股份,5.11,4.9281,4.74,5.12,4.74,4.87,452709419.59,4.87,4.35
2026-06-17T09:55:13,2026-06-17 09:55:09,002664,信质集团,19.5,-0.3067,19.56,19.78,19.25,19.56,37000344.0,19.56,18.0
2026-06-17T09:55:13,2026-06-17 09:55:12,000411,英特集团,9.88,-2.1782,10.08,10.09,9.86,10.1,19553738.8,10.1,9.5
2026-06-17T09:55:13,2026-06-17 09:55:11,603093,南华期货,21.31,-1.5704,21.66,22.17,21.21,21.65,112291030.0,21.65,19.12
2026-06-17T09:55:13,2026-06-17 09:55:12,000759,中百集团,6.02,-3.0596,6.18,6.22,5.98,6.21,172595729.0,6.1,5.612
2026-06-17T09:55:13,2026-06-17 09:55:12,001268,联合精密,41.5,0.0723,41.47,42.2,41.01,41.47,20095326.0,41.34,38.033
2026-06-17T09:55:13,2026-06-17 09:55:12,002155,湖南黄金,26.19,-1.5414,26.56,26.89,26.08,26.6,472043437.14,26.59,24.463
2026-06-17T09:55:13,2026-06-17 09:55:12,002240,盛新锂能,49.75,1.9258,48.81,49.81,47.87,48.81,1053272792.46,50.517,46.475
2026-06-17T09:55:13,2026-06-17 09:55:10,600183,生益科技,186.74,4.0914,180.0,191.0,179.95,179.4,6626545373.0,182.56,167.955
2026-06-17T09:55:13,2026-06-17 09:55:10,600601,方正科技,14.33,1.6312,13.82,14.42,13.82,14.1,1306908983.0,13.57,12.484
2026-06-17T09:56:14,2026-06-17 09:56:12,002613,北玻股份,5.13,5.3388,4.74,5.14,4.74,4.87,458224308.71,4.87,4.35
2026-06-17T09:56:14,2026-06-17 09:56:12,002664,信质集团,19.49,-0.3579,19.56,19.78,19.25,19.56,38743370.0,19.56,18.0
2026-06-17T09:56:14,2026-06-17 09:56:12,000411,英特集团,9.84,-2.5743,10.08,10.09,9.83,10.1,21045904.36,10.1,9.5
2026-06-17T09:56:14,2026-06-17 09:56:11,603093,南华期货,21.35,-1.3857,21.66,22.17,21.21,21.65,113473040.0,21.65,19.12
2026-06-17T09:56:14,2026-06-17 09:56:12,000759,中百集团,6.0,-3.3816,6.18,6.22,5.98,6.21,175582433.0,6.1,5.612
2026-06-17T09:56:14,2026-06-17 09:56:09,001268,联合精密,41.54,0.1688,41.47,42.2,41.01,41.47,20808673.0,41.34,38.033
2026-06-17T09:56:14,2026-06-17 09:56:12,002155,湖南黄金,26.23,-1.391,26.56,26.89,26.08,26.6,478271308.14,26.59,24.463
2026-06-17T09:56:14,2026-06-17 09:56:12,002240,盛新锂能,49.5,1.4136,48.81,49.81,47.87,48.81,1078220363.09,50.517,46.475
2026-06-17T09:56:14,2026-06-17 09:56:10,600183,生益科技,188.37,5.0,180.0,191.0,179.95,179.4,6711303187.0,182.56,167.955
2026-06-17T09:56:14,2026-06-17 09:56:10,600601,方正科技,14.35,1.773,13.82,14.42,13.82,14.1,1329819791.0,13.57,12.484
2026-06-17T09:57:14,2026-06-17 09:57:12,002613,北玻股份,5.2,6.7762,4.74,5.21,4.74,4.87,475050550.71,4.87,4.35
2026-06-17T09:57:14,2026-06-17 09:57:12,002664,信质集团,19.51,-0.2556,19.56,19.78,19.25,19.56,39432908.0,19.56,18.0
2026-06-17T09:57:14,2026-06-17 09:57:12,000411,英特集团,9.85,-2.4752,10.08,10.09,9.83,10.1,21513344.36,10.1,9.5
2026-06-17T09:57:14,2026-06-17 09:57:11,603093,南华期货,21.34,-1.4319,21.66,22.17,21.21,21.65,115408121.0,21.65,19.12
2026-06-17T09:57:14,2026-06-17 09:57:12,000759,中百集团,6.02,-3.0596,6.18,6.22,5.98,6.21,183517498.0,6.1,5.612
2026-06-17T09:57:14,2026-06-17 09:57:12,001268,联合精密,41.83,0.8681,41.47,42.2,41.01,41.47,21518525.0,41.34,38.033
2026-06-17T09:57:14,2026-06-17 09:57:12,002155,湖南黄金,26.27,-1.2406,26.56,26.89,26.08,26.6,482654407.14,26.59,24.463
2026-06-17T09:57:14,2026-06-17 09:57:12,002240,盛新锂能,49.52,1.4546,48.81,49.81,47.87,48.81,1093452856.64,50.517,46.475
2026-06-17T09:57:14,2026-06-17 09:57:13,600183,生益科技,186.24,3.8127,180.0,191.0,179.95,179.4,6809937341.0,182.56,167.955
2026-06-17T09:57:14,2026-06-17 09:57:13,600601,方正科技,14.28,1.2766,13.82,14.42,13.82,14.1,1348725223.0,13.57,12.484
2026-06-17T09:58:14,2026-06-17 09:58:12,002613,北玻股份,5.21,6.9815,4.74,5.27,4.74,4.87,505002194.71,4.87,4.35
2026-06-17T09:58:14,2026-06-17 09:58:12,002664,信质集团,19.5,-0.3067,19.56,19.78,19.25,19.56,39998719.0,19.56,18.0
2026-06-17T09:58:14,2026-06-17 09:58:12,000411,英特集团,9.86,-2.3762,10.08,10.09,9.83,10.1,21779876.06,10.1,9.5
2026-06-17T09:58:14,2026-06-17 09:58:11,603093,南华期货,21.35,-1.3857,21.66,22.17,21.21,21.65,116549669.0,21.65,19.12
2026-06-17T09:58:14,2026-06-17 09:58:12,000759,中百集团,6.03,-2.8986,6.18,6.22,5.98,6.21,184694700.0,6.1,5.612
2026-06-17T09:58:14,2026-06-17 09:58:12,001268,联合精密,41.68,0.5064,41.47,42.2,41.01,41.47,21978030.0,41.34,38.033
2026-06-17T09:58:14,2026-06-17 09:58:12,002155,湖南黄金,26.4,-0.7519,26.56,26.89,26.08,26.6,496333795.14,26.59,24.463
2026-06-17T09:58:14,2026-06-17 09:58:12,002240,盛新锂能,49.63,1.68,48.81,49.81,47.87,48.81,1109885006.29,50.517,46.475
2026-06-17T09:58:14,2026-06-17 09:58:13,600183,生益科技,186.97,4.2196,180.0,191.0,179.95,179.4,6973724677.0,182.56,167.955
2026-06-17T09:58:14,2026-06-17 09:58:10,600601,方正科技,14.31,1.4894,13.82,14.42,13.82,14.1,1371847981.0,13.57,12.484
2026-06-17T09:59:14,2026-06-17 09:59:12,002613,北玻股份,5.24,7.5975,4.74,5.27,4.74,4.87,515318840.71,4.87,4.35
2026-06-17T09:59:14,2026-06-17 09:59:12,002664,信质集团,19.47,-0.4601,19.56,19.78,19.25,19.56,40417615.0,19.56,18.0
2026-06-17T09:59:14,2026-06-17 09:59:12,000411,英特集团,9.86,-2.3762,10.08,10.09,9.83,10.1,22016348.06,10.1,9.5
2026-06-17T09:59:14,2026-06-17 09:59:11,603093,南华期货,21.4,-1.1547,21.66,22.17,21.21,21.65,118732221.0,21.65,19.12
2026-06-17T09:59:14,2026-06-17 09:59:12,000759,中百集团,6.01,-3.2206,6.18,6.22,5.98,6.21,185841590.0,6.1,5.612
2026-06-17T09:59:14,2026-06-17 09:59:06,001268,联合精密,41.68,0.5064,41.47,42.2,41.01,41.47,22261470.0,41.34,38.033
2026-06-17T09:59:14,2026-06-17 09:59:12,002155,湖南黄金,26.45,-0.5639,26.56,26.89,26.08,26.6,504540255.34,26.59,24.463
2026-06-17T09:59:14,2026-06-17 09:59:12,002240,盛新锂能,49.48,1.3727,48.81,49.81,47.87,48.81,1127177864.29,50.517,46.475
2026-06-17T09:59:14,2026-06-17 09:59:13,600183,生益科技,187.91,4.7436,180.0,191.0,179.95,179.4,7053023816.0,182.56,167.955
2026-06-17T09:59:14,2026-06-17 09:59:13,600601,方正科技,14.31,1.4894,13.82,14.42,13.82,14.1,1388730334.0,13.57,12.484
2026-06-17T10:00:15,2026-06-17 10:00:12,002613,北玻股份,5.22,7.1869,4.74,5.27,4.74,4.87,527769112.71,4.87,4.35
2026-06-17T10:00:15,2026-06-17 10:00:12,002664,信质集团,19.47,-0.4601,19.56,19.78,19.25,19.56,41071937.0,19.56,18.0
2026-06-17T10:00:15,2026-06-17 10:00:12,000411,英特集团,9.83,-2.6733,10.08,10.09,9.83,10.1,22755194.36,10.1,9.5
2026-06-17T10:00:15,2026-06-17 10:00:14,603093,南华期货,21.4,-1.1547,21.66,22.17,21.21,21.65,120934961.0,21.65,19.12
2026-06-17T10:00:15,2026-06-17 10:00:12,000759,中百集团,6.02,-3.0596,6.18,6.22,5.98,6.21,187358415.0,6.1,5.612
2026-06-17T10:00:15,2026-06-17 10:00:09,001268,联合精密,41.68,0.5064,41.47,42.2,41.01,41.47,22307351.0,41.34,38.033
2026-06-17T10:00:15,2026-06-17 10:00:12,002155,湖南黄金,26.5,-0.3759,26.56,26.89,26.08,26.6,512339826.34,26.59,24.463
2026-06-17T10:00:15,2026-06-17 10:00:12,002240,盛新锂能,49.39,1.1883,48.81,49.81,47.87,48.81,1139878326.29,50.517,46.475
2026-06-17T10:00:15,2026-06-17 10:00:13,600183,生益科技,188.21,4.9108,180.0,191.0,179.95,179.4,7133592876.0,182.56,167.955
2026-06-17T10:00:15,2026-06-17 10:00:13,600601,方正科技,14.36,1.844,13.82,14.42,13.82,14.1,1406531100.0,13.57,12.484
2026-06-17T10:01:16,2026-06-17 10:01:15,002613,北玻股份,5.17,6.1602,4.74,5.27,4.74,4.87,539141735.71,4.87,4.35
2026-06-17T10:01:16,2026-06-17 10:01:15,002664,信质集团,19.51,-0.2556,19.56,19.78,19.25,19.56,41707229.0,19.56,18.0
2026-06-17T10:01:16,2026-06-17 10:01:15,000411,英特集团,9.83,-2.6733,10.08,10.09,9.82,10.1,23461875.36,10.1,9.5
2026-06-17T10:01:16,2026-06-17 10:01:14,603093,南华期货,21.36,-1.3395,21.66,22.17,21.21,21.65,123258443.0,21.65,19.12
2026-06-17T10:01:16,2026-06-17 10:01:15,000759,中百集团,6.02,-3.0596,6.18,6.22,5.98,6.21,189515914.0,6.1,5.612
2026-06-17T10:01:16,2026-06-17 10:01:15,001268,联合精密,41.99,1.2539,41.47,42.2,41.01,41.47,23843104.0,41.34,38.033
2026-06-17T10:01:16,2026-06-17 10:01:15,002155,湖南黄金,26.49,-0.4135,26.56,26.89,26.08,26.6,520536966.06,26.59,24.463
2026-06-17T10:01:16,2026-06-17 10:01:15,002240,盛新锂能,49.32,1.0449,48.81,49.81,47.87,48.81,1151131965.47,50.517,46.475
2026-06-17T10:01:16,2026-06-17 10:01:13,600183,生益科技,188.37,5.0,180.0,191.0,179.95,179.4,7214460787.0,182.56,167.955
2026-06-17T10:01:16,2026-06-17 10:01:13,600601,方正科技,14.48,2.695,13.82,14.49,13.82,14.1,1464267153.0,13.57,12.484
2026-06-17T10:02:16,2026-06-17 10:02:15,002613,北玻股份,5.23,7.3922,4.74,5.27,4.74,4.87,547294508.71,4.87,4.35
2026-06-17T10:02:16,2026-06-17 10:02:15,002664,信质集团,19.51,-0.2556,19.56,19.78,19.25,19.56,43497891.0,19.56,18.0
2026-06-17T10:02:16,2026-06-17 10:02:15,000411,英特集团,9.83,-2.6733,10.08,10.09,9.82,10.1,24006288.36,10.1,9.5
2026-06-17T10:02:16,2026-06-17 10:02:14,603093,南华期货,21.36,-1.3395,21.66,22.17,21.21,21.65,124568850.0,21.65,19.12
2026-06-17T10:02:16,2026-06-17 10:02:15,000759,中百集团,6.01,-3.2206,6.18,6.22,5.98,6.21,190706749.0,6.1,5.612
2026-06-17T10:02:16,2026-06-17 10:02:15,001268,联合精密,41.91,1.061,41.47,42.2,41.01,41.47,24292235.0,41.34,38.033
2026-06-17T10:02:16,2026-06-17 10:02:15,002155,湖南黄金,26.57,-0.1128,26.56,26.89,26.08,26.6,530521167.06,26.59,24.463
2026-06-17T10:02:16,2026-06-17 10:02:15,002240,盛新锂能,49.56,1.5366,48.81,49.81,47.87,48.81,1161877008.51,50.517,46.475
2026-06-17T10:02:16,2026-06-17 10:02:13,600183,生益科技,188.37,5.0,180.0,191.0,179.95,179.4,7291210542.0,182.56,167.955
2026-06-17T10:02:16,2026-06-17 10:02:13,600601,方正科技,14.45,2.4823,13.82,14.49,13.82,14.1,1484836641.0,13.57,12.484
2026-06-17T10:03:17,2026-06-17 10:03:15,002613,北玻股份,5.17,6.1602,4.74,5.27,4.74,4.87,555819845.71,4.87,4.35
2026-06-17T10:03:17,2026-06-17 10:03:15,002664,信质集团,19.48,-0.409,19.56,19.78,19.25,19.56,43895634.0,19.56,18.0
2026-06-17T10:03:17,2026-06-17 10:03:15,000411,英特集团,9.82,-2.7723,10.08,10.09,9.82,10.1,24613716.36,10.1,9.5
2026-06-17T10:03:17,2026-06-17 10:03:14,603093,南华期货,21.34,-1.4319,21.66,22.17,21.21,21.65,126878471.0,21.65,19.12
2026-06-17T10:03:17,2026-06-17 10:03:15,000759,中百集团,6.01,-3.2206,6.18,6.22,5.98,6.21,193197586.0,6.1,5.612
2026-06-17T10:03:17,2026-06-17 10:03:15,001268,联合精密,41.82,0.844,41.47,42.2,41.01,41.47,24652893.0,41.34,38.033
2026-06-17T10:03:17,2026-06-17 10:03:15,002155,湖南黄金,26.56,-0.1504,26.56,26.89,26.08,26.6,540764938.46,26.59,24.463
2026-06-17T10:03:17,2026-06-17 10:03:15,002240,盛新锂能,49.54,1.4956,48.81,49.81,47.87,48.81,1178800978.34,50.517,46.475
2026-06-17T10:03:17,2026-06-17 10:03:16,600183,生益科技,188.2,4.9052,180.0,191.0,179.95,179.4,7361229916.0,182.56,167.955
2026-06-17T10:03:17,2026-06-17 10:03:13,600601,方正科技,14.45,2.4823,13.82,14.49,13.82,14.1,1505204351.0,13.57,12.484
2026-06-17T10:04:17,2026-06-17 10:04:15,002613,北玻股份,5.2,6.7762,4.74,5.27,4.74,4.87,560426384.71,4.87,4.35
2026-06-17T10:04:17,2026-06-17 10:04:12,002664,信质集团,19.47,-0.4601,19.56,19.78,19.25,19.56,44777680.0,19.56,18.0
2026-06-17T10:04:17,2026-06-17 10:04:15,000411,英特集团,9.83,-2.6733,10.08,10.09,9.82,10.1,25200505.36,10.1,9.5
2026-06-17T10:04:17,2026-06-17 10:04:14,603093,南华期货,21.32,-1.5242,21.66,22.17,21.21,21.65,129517153.0,21.65,19.12
2026-06-17T10:04:17,2026-06-17 10:04:15,000759,中百集团,6.01,-3.2206,6.18,6.22,5.98,6.21,195152845.0,6.1,5.612
2026-06-17T10:04:17,2026-06-17 10:04:15,001268,联合精密,41.82,0.844,41.47,42.2,41.01,41.47,24816401.0,41.34,38.033
2026-06-17T10:04:17,2026-06-17 10:04:15,002155,湖南黄金,26.52,-0.3008,26.56,26.89,26.08,26.6,547807103.06,26.59,24.463
2026-06-17T10:04:17,2026-06-17 10:04:15,002240,盛新锂能,49.77,1.9668,48.81,49.81,47.87,48.81,1202338447.35,50.517,46.475
2026-06-17T10:04:17,2026-06-17 10:04:13,600183,生益科技,188.22,4.9164,180.0,191.0,179.95,179.4,7401698144.0,182.56,167.955
2026-06-17T10:04:17,2026-06-17 10:04:13,600601,方正科技,14.46,2.5532,13.82,14.49,13.82,14.1,1534106933.0,13.57,12.484
2026-06-17T10:05:17,2026-06-17 10:05:15,002613,北玻股份,5.15,5.7495,4.74,5.27,4.74,4.87,568248586.71,4.87,4.35
2026-06-17T10:05:17,2026-06-17 10:05:15,002664,信质集团,19.5,-0.3067,19.56,19.78,19.25,19.56,45251208.0,19.56,18.0
2026-06-17T10:05:17,2026-06-17 10:05:15,000411,英特集团,9.82,-2.7723,10.08,10.09,9.82,10.1,25306619.36,10.1,9.5
2026-06-17T10:05:17,2026-06-17 10:05:14,603093,南华期货,21.32,-1.5242,21.66,22.17,21.21,21.65,131034041.0,21.65,19.12
2026-06-17T10:05:17,2026-06-17 10:05:15,000759,中百集团,6.03,-2.8986,6.18,6.22,5.98,6.21,198130294.0,6.1,5.612
2026-06-17T10:05:17,2026-06-17 10:05:15,001268,联合精密,41.81,0.8199,41.47,42.2,41.01,41.47,24900119.0,41.34,38.033
2026-06-17T10:05:17,2026-06-17 10:05:15,002155,湖南黄金,26.49,-0.4135,26.56,26.89,26.08,26.6,553343015.78,26.59,24.463
2026-06-17T10:05:17,2026-06-17 10:05:15,002240,盛新锂能,50.0,2.438,48.81,50.09,47.87,48.81,1276292718.35,50.517,46.475
2026-06-17T10:05:17,2026-06-17 10:05:16,600183,生益科技,188.73,5.2007,180.0,191.0,179.95,179.4,7462667860.0,182.56,167.955
2026-06-17T10:05:17,2026-06-17 10:05:16,600601,方正科技,14.5,2.8369,13.82,14.5,13.82,14.1,1571436354.0,13.57,12.484
2026-06-17T10:06:18,2026-06-17 10:06:18,002613,北玻股份,5.13,5.3388,4.74,5.27,4.74,4.87,578730037.19,4.87,4.35
2026-06-17T10:06:18,2026-06-17 10:06:18,002664,信质集团,19.58,0.1022,19.56,19.78,19.25,19.56,47120472.0,19.56,18.0
2026-06-17T10:06:18,2026-06-17 10:06:18,000411,英特集团,9.83,-2.6733,10.08,10.09,9.81,10.1,25850693.36,10.1,9.5
2026-06-17T10:06:18,2026-06-17 10:06:17,603093,南华期货,21.34,-1.4319,21.66,22.17,21.21,21.65,133056706.0,21.65,19.12
2026-06-17T10:06:18,2026-06-17 10:06:18,000759,中百集团,6.03,-2.8986,6.18,6.22,5.98,6.21,199817019.0,6.1,5.612
2026-06-17T10:06:18,2026-06-17 10:06:18,001268,联合精密,41.82,0.844,41.47,42.2,41.01,41.47,25008831.0,41.34,38.033
2026-06-17T10:06:18,2026-06-17 10:06:18,002155,湖南黄金,26.49,-0.4135,26.56,26.89,26.08,26.6,559030711.78,26.59,24.463
2026-06-17T10:06:18,2026-06-17 10:06:18,002240,盛新锂能,50.03,2.4995,48.81,50.09,47.87,48.81,1307307955.35,50.517,46.475
2026-06-17T10:06:18,2026-06-17 10:06:16,600183,生益科技,188.78,5.2285,180.0,191.0,179.95,179.4,7544539677.0,182.56,167.955
2026-06-17T10:06:18,2026-06-17 10:06:16,600601,方正科技,14.55,3.1915,13.82,14.59,13.82,14.1,1619702995.0,13.57,12.484
2026-06-17T10:07:19,2026-06-17 10:07:18,002613,北玻股份,5.17,6.1602,4.74,5.27,4.74,4.87,584309938.19,4.87,4.35
2026-06-17T10:07:19,2026-06-17 10:07:18,002664,信质集团,19.58,0.1022,19.56,19.78,19.25,19.56,48223262.0,19.56,18.0
2026-06-17T10:07:19,2026-06-17 10:07:18,000411,英特集团,9.85,-2.4752,10.08,10.09,9.81,10.1,26089973.36,10.1,9.5
2026-06-17T10:07:19,2026-06-17 10:07:14,603093,南华期货,21.33,-1.4781,21.66,22.17,21.21,21.65,134019567.0,21.65,19.12
2026-06-17T10:07:19,2026-06-17 10:07:18,000759,中百集团,6.05,-2.5765,6.18,6.22,5.98,6.21,200698200.0,6.1,5.612
2026-06-17T10:07:19,2026-06-17 10:07:15,001268,联合精密,41.88,0.9887,41.47,42.2,41.01,41.47,25113501.0,41.34,38.033
2026-06-17T10:07:19,2026-06-17 10:07:18,002155,湖南黄金,26.51,-0.3383,26.56,26.89,26.08,26.6,563918634.8,26.59,24.463
2026-06-17T10:07:19,2026-06-17 10:07:18,002240,盛新锂能,50.0,2.438,48.81,50.19,47.87,48.81,1351066428.35,50.517,46.475
2026-06-17T10:07:19,2026-06-17 10:07:16,600183,生益科技,188.13,4.8662,180.0,191.0,179.95,179.4,7631564871.0,182.56,167.955
2026-06-17T10:07:19,2026-06-17 10:07:16,600601,方正科技,14.54,3.1206,13.82,14.59,13.82,14.1,1642039406.0,13.57,12.484
2026-06-17T10:08:19,2026-06-17 10:08:18,002613,北玻股份,5.15,5.7495,4.74,5.27,4.74,4.87,588817570.19,4.87,4.35
2026-06-17T10:08:19,2026-06-17 10:08:18,002664,信质集团,19.56,0.0,19.56,19.78,19.25,19.56,48714879.0,19.56,18.0
2026-06-17T10:08:19,2026-06-17 10:08:18,000411,英特集团,9.83,-2.6733,10.08,10.09,9.81,10.1,26684938.36,10.1,9.5
2026-06-17T10:08:19,2026-06-17 10:08:17,603093,南华期货,21.32,-1.5242,21.66,22.17,21.21,21.65,134876528.0,21.65,19.12
2026-06-17T10:08:19,2026-06-17 10:08:18,000759,中百集团,6.03,-2.8986,6.18,6.22,5.98,6.21,202213383.0,6.1,5.612
2026-06-17T10:08:19,2026-06-17 10:08:18,001268,联合精密,41.83,0.8681,41.47,42.2,41.01,41.47,25272578.0,41.34,38.033
2026-06-17T10:08:19,2026-06-17 10:08:18,002155,湖南黄金,26.5,-0.3759,26.56,26.89,26.08,26.6,570034652.8,26.59,24.463
2026-06-17T10:08:19,2026-06-17 10:08:18,002240,盛新锂能,49.9,2.2331,48.81,50.19,47.87,48.81,1370840864.35,50.517,46.475
2026-06-17T10:08:19,2026-06-17 10:08:16,600183,生益科技,188.3,4.961,180.0,191.0,179.95,179.4,7676306253.0,182.56,167.955
2026-06-17T10:08:19,2026-06-17 10:08:16,600601,方正科技,14.48,2.695,13.82,14.59,13.82,14.1,1658941912.0,13.57,12.484
2026-06-17T10:09:19,2026-06-17 10:09:18,002613,北玻股份,5.14,5.5441,4.74,5.27,4.74,4.87,592710342.19,4.87,4.35
2026-06-17T10:09:19,2026-06-17 10:09:15,002664,信质集团,19.55,-0.0511,19.56,19.78,19.25,19.56,49113730.0,19.56,18.0
2026-06-17T10:09:19,2026-06-17 10:09:15,000411,英特集团,9.84,-2.5743,10.08,10.09,9.81,10.1,26798061.36,10.1,9.5
2026-06-17T10:09:19,2026-06-17 10:09:17,603093,南华期货,21.31,-1.5704,21.66,22.17,21.21,21.65,135919039.0,21.65,19.12
2026-06-17T10:09:19,2026-06-17 10:09:18,000759,中百集团,6.05,-2.5765,6.18,6.22,5.98,6.21,203828815.0,6.1,5.612
2026-06-17T10:09:19,2026-06-17 10:09:09,001268,联合精密,41.83,0.8681,41.47,42.2,41.01,41.47,25301859.0,41.34,38.033
2026-06-17T10:09:19,2026-06-17 10:09:18,002155,湖南黄金,26.48,-0.4511,26.56,26.89,26.08,26.6,573956805.8,26.59,24.463
2026-06-17T10:09:19,2026-06-17 10:09:18,002240,盛新锂能,49.88,2.1922,48.81,50.19,47.87,48.81,1386581089.35,50.517,46.475
2026-06-17T10:09:19,2026-06-17 10:09:16,600183,生益科技,188.93,5.3122,180.0,191.0,179.95,179.4,7732728330.0,182.56,167.955
2026-06-17T10:09:19,2026-06-17 10:09:16,600601,方正科技,14.57,3.3333,13.82,14.59,13.82,14.1,1682438202.0,13.57,12.484
2026-06-17T10:10:19,2026-06-17 10:10:18,002613,北玻股份,5.13,5.3388,4.74,5.27,4.74,4.87,595409292.19,4.87,4.35
2026-06-17T10:10:19,2026-06-17 10:10:18,002664,信质集团,19.53,-0.1534,19.56,19.78,19.25,19.56,49475386.0,19.56,18.0
2026-06-17T10:10:19,2026-06-17 10:10:18,000411,英特集团,9.83,-2.6733,10.08,10.09,9.81,10.1,27070749.36,10.1,9.5
2026-06-17T10:10:19,2026-06-17 10:10:17,603093,南华期货,21.3,-1.6166,21.66,22.17,21.21,21.65,137463311.0,21.65,19.12
2026-06-17T10:10:19,2026-06-17 10:10:18,000759,中百集团,6.03,-2.8986,6.18,6.22,5.98,6.21,205453816.0,6.1,5.612
2026-06-17T10:10:19,2026-06-17 10:10:18,001268,联合精密,41.8,0.7958,41.47,42.2,41.01,41.47,25845520.0,41.34,38.033
2026-06-17T10:10:19,2026-06-17 10:10:18,002155,湖南黄金,26.56,-0.1504,26.56,26.89,26.08,26.6,581201062.8,26.59,24.463
2026-06-17T10:10:19,2026-06-17 10:10:18,002240,盛新锂能,49.97,2.3766,48.81,50.19,47.87,48.81,1404793461.35,50.517,46.475
2026-06-17T10:10:19,2026-06-17 10:10:16,600183,生益科技,188.73,5.2007,180.0,191.0,179.95,179.4,7790581049.0,182.56,167.955
2026-06-17T10:10:19,2026-06-17 10:10:16,600601,方正科技,14.55,3.1915,13.82,14.59,13.82,14.1,1701312889.0,13.57,12.484
2026-06-17T10:11:21,2026-06-17 10:11:18,002613,北玻股份,5.1,4.7228,4.74,5.27,4.74,4.87,602754406.07,4.87,4.35
2026-06-17T10:11:21,2026-06-17 10:11:18,002664,信质集团,19.53,-0.1534,19.56,19.78,19.25,19.56,49582824.0,19.56,18.0
2026-06-17T10:11:21,2026-06-17 10:11:18,000411,英特集团,9.84,-2.5743,10.08,10.09,9.81,10.1,28079348.36,10.1,9.5
2026-06-17T10:11:21,2026-06-17 10:11:20,603093,南华期货,21.3,-1.6166,21.66,22.17,21.21,21.65,138854144.0,21.65,19.12
2026-06-17T10:11:21,2026-06-17 10:11:18,000759,中百集团,6.03,-2.8986,6.18,6.22,5.98,6.21,206480525.0,6.1,5.612
2026-06-17T10:11:21,2026-06-17 10:11:18,001268,联合精密,41.99,1.2539,41.47,42.2,41.01,41.47,26729970.0,41.34,38.033
2026-06-17T10:11:21,2026-06-17 10:11:18,002155,湖南黄金,26.5,-0.3759,26.56,26.89,26.08,26.6,585578729.8,26.59,24.463
2026-06-17T10:11:21,2026-06-17 10:11:18,002240,盛新锂能,50.09,2.6224,48.81,50.19,47.87,48.81,1421884024.35,50.517,46.475
2026-06-17T10:11:21,2026-06-17 10:11:19,600183,生益科技,189.68,5.7302,180.0,191.0,179.95,179.4,7864610979.0,182.56,167.955
2026-06-17T10:11:21,2026-06-17 10:11:19,600601,方正科技,14.63,3.7589,13.82,14.64,13.82,14.1,1744945728.0,13.57,12.484
2026-06-17T10:12:21,2026-06-17 10:12:18,002613,北玻股份,5.11,4.9281,4.74,5.27,4.74,4.87,611481807.41,4.87,4.35
2026-06-17T10:12:21,2026-06-17 10:12:18,002664,信质集团,19.55,-0.0511,19.56,19.78,19.25,19.56,50241461.0,19.56,18.0
2026-06-17T10:12:21,2026-06-17 10:12:21,000411,英特集团,9.82,-2.7723,10.08,10.09,9.81,10.1,29013578.36,10.1,9.5
2026-06-17T10:12:21,2026-06-17 10:12:17,603093,南华期货,21.3,-1.6166,21.66,22.17,21.21,21.65,141444330.0,21.65,19.12
2026-06-17T10:12:21,2026-06-17 10:12:18,000759,中百集团,6.02,-3.0596,6.18,6.22,5.98,6.21,207900854.0,6.1,5.612
2026-06-17T10:12:21,2026-06-17 10:12:15,001268,联合精密,41.93,1.1092,41.47,42.2,41.01,41.47,27065500.0,41.34,38.033
2026-06-17T10:12:21,2026-06-17 10:12:18,002155,湖南黄金,26.55,-0.188,26.56,26.89,26.08,26.6,590732957.8,26.59,24.463
2026-06-17T10:12:21,2026-06-17 10:12:18,002240,盛新锂能,49.94,2.3151,48.81,50.19,47.87,48.81,1448431105.35,50.517,46.475
2026-06-17T10:12:21,2026-06-17 10:12:19,600183,生益科技,188.97,5.3344,180.0,191.0,179.95,179.4,7956328363.0,182.56,167.955
2026-06-17T10:12:21,2026-06-17 10:12:19,600601,方正科技,14.69,4.1844,13.82,14.75,13.82,14.1,1819849204.0,13.57,12.484
2026-06-17T10:13:21,2026-06-17 10:13:18,002613,北玻股份,5.15,5.7495,4.74,5.27,4.74,4.87,615460542.41,4.87,4.35
2026-06-17T10:13:21,2026-06-17 10:13:18,002664,信质集团,19.54,-0.1022,19.56,19.78,19.25,19.56,50450531.0,19.56,18.0
2026-06-17T10:13:21,2026-06-17 10:13:18,000411,英特集团,9.81,-2.8713,10.08,10.09,9.81,10.1,29137236.36,10.1,9.5
2026-06-17T10:13:21,2026-06-17 10:13:20,603093,南华期货,21.23,-1.94,21.66,22.17,21.21,21.65,144626722.0,21.65,19.12
2026-06-17T10:13:21,2026-06-17 10:13:18,000759,中百集团,6.02,-3.0596,6.18,6.22,5.98,6.21,209320925.0,6.1,5.612
2026-06-17T10:13:21,2026-06-17 10:13:18,001268,联合精密,41.92,1.0851,41.47,42.2,41.01,41.47,27128307.0,41.34,38.033
2026-06-17T10:13:21,2026-06-17 10:13:18,002155,湖南黄金,26.49,-0.4135,26.56,26.89,26.08,26.6,598540404.8,26.59,24.463
2026-06-17T10:13:21,2026-06-17 10:13:18,002240,盛新锂能,49.61,1.639,48.81,50.19,47.87,48.81,1464018601.35,50.517,46.475
2026-06-17T10:13:21,2026-06-17 10:13:19,600183,生益科技,189.58,5.6745,180.0,191.0,179.95,179.4,8004122540.0,182.56,167.955
2026-06-17T10:13:21,2026-06-17 10:13:19,600601,方正科技,14.71,4.3262,13.82,14.75,13.82,14.1,1850781159.0,13.57,12.484
2026-06-17T10:14:22,2026-06-17 10:14:18,002613,北玻股份,5.16,5.9548,4.74,5.27,4.74,4.87,618235262.41,4.87,4.35
2026-06-17T10:14:22,2026-06-17 10:14:18,002664,信质集团,19.58,0.1022,19.56,19.78,19.25,19.56,50855370.0,19.56,18.0
2026-06-17T10:14:22,2026-06-17 10:14:18,000411,英特集团,9.82,-2.7723,10.08,10.09,9.81,10.1,29572217.36,10.1,9.5
2026-06-17T10:14:22,2026-06-17 10:14:20,603093,南华期货,21.27,-1.7552,21.66,22.17,21.21,21.65,146716287.0,21.65,19.12
2026-06-17T10:14:22,2026-06-17 10:14:18,000759,中百集团,6.03,-2.8986,6.18,6.22,5.98,6.21,211978078.0,6.1,5.612
2026-06-17T10:14:22,2026-06-17 10:14:18,001268,联合精密,41.92,1.0851,41.47,42.2,41.01,41.47,27429826.0,41.34,38.033
2026-06-17T10:14:22,2026-06-17 10:14:18,002155,湖南黄金,26.5,-0.3759,26.56,26.89,26.08,26.6,604319422.8,26.59,24.463
2026-06-17T10:14:22,2026-06-17 10:14:18,002240,盛新锂能,49.58,1.5775,48.81,50.19,47.87,48.81,1495501359.35,50.517,46.475
2026-06-17T10:14:22,2026-06-17 10:14:19,600183,生益科技,188.97,5.3344,180.0,191.0,179.95,179.4,8071776294.0,182.56,167.955
2026-06-17T10:14:22,2026-06-17 10:14:19,600601,方正科技,14.65,3.9007,13.82,14.75,13.82,14.1,1872254041.0,13.57,12.484
2026-06-17T10:15:22,2026-06-17 10:15:21,002613,北玻股份,5.17,6.1602,4.74,5.27,4.74,4.87,622064617.41,4.87,4.35
2026-06-17T10:15:22,2026-06-17 10:15:21,002664,信质集团,19.62,0.3067,19.56,19.78,19.25,19.56,52146694.0,19.56,18.0
2026-06-17T10:15:22,2026-06-17 10:15:21,000411,英特集团,9.84,-2.5743,10.08,10.09,9.81,10.1,29833620.36,10.1,9.5
2026-06-17T10:15:22,2026-06-17 10:15:17,603093,南华期货,21.23,-1.94,21.66,22.17,21.21,21.65,148226647.0,21.65,19.12
2026-06-17T10:15:22,2026-06-17 10:15:21,000759,中百集团,6.03,-2.8986,6.18,6.22,5.98,6.21,213801258.0,6.1,5.612
2026-06-17T10:15:22,2026-06-17 10:15:21,001268,联合精密,41.99,1.2539,41.47,42.2,41.01,41.47,28240121.0,41.34,38.033
2026-06-17T10:15:22,2026-06-17 10:15:21,002155,湖南黄金,26.5,-0.3759,26.56,26.89,26.08,26.6,608662844.8,26.59,24.463
2026-06-17T10:15:22,2026-06-17 10:15:21,002240,盛新锂能,49.58,1.5775,48.81,50.19,47.87,48.81,1509222886.35,50.517,46.475
2026-06-17T10:15:22,2026-06-17 10:15:19,600183,生益科技,189.1,5.4069,180.0,191.0,179.95,179.4,8104971391.0,182.56,167.955
2026-06-17T10:15:22,2026-06-17 10:15:19,600601,方正科技,14.66,3.9716,13.82,14.75,13.82,14.1,1902592417.0,13.57,12.484
2026-06-17T10:16:23,2026-06-17 10:16:21,002613,北玻股份,5.13,5.3388,4.74,5.27,4.74,4.87,626369265.41,4.87,4.35
2026-06-17T10:16:23,2026-06-17 10:16:21,002664,信质集团,19.6,0.2045,19.56,19.78,19.25,19.56,54167826.0,19.56,18.0
2026-06-17T10:16:23,2026-06-17 10:16:21,000411,英特集团,9.82,-2.7723,10.08,10.09,9.81,10.1,30237527.36,10.1,9.5
2026-06-17T10:16:23,2026-06-17 10:16:20,603093,南华期货,21.23,-1.94,21.66,22.17,21.21,21.65,151265164.0,21.65,19.12
2026-06-17T10:16:23,2026-06-17 10:16:21,000759,中百集团,6.02,-3.0596,6.18,6.22,5.98,6.21,214949046.0,6.1,5.612
2026-06-17T10:16:23,2026-06-17 10:16:18,001268,联合精密,41.96,1.1816,41.47,42.2,41.01,41.47,29067188.0,41.34,38.033
2026-06-17T10:16:23,2026-06-17 10:16:21,002155,湖南黄金,26.5,-0.3759,26.56,26.89,26.08,26.6,614708122.8,26.59,24.463
2026-06-17T10:16:23,2026-06-17 10:16:21,002240,盛新锂能,49.27,0.9424,48.81,50.19,47.87,48.81,1534635711.35,50.517,46.475
2026-06-17T10:16:23,2026-06-17 10:16:22,600183,生益科技,188.89,5.2899,180.0,191.0,179.95,179.4,8158032856.0,182.56,167.955
2026-06-17T10:16:23,2026-06-17 10:16:19,600601,方正科技,14.62,3.6879,13.82,14.75,13.82,14.1,1931683724.0,13.57,12.484
2026-06-17T10:17:23,2026-06-17 10:17:21,002613,北玻股份,5.11,4.9281,4.74,5.27,4.74,4.87,629894054.41,4.87,4.35
2026-06-17T10:17:23,2026-06-17 10:17:21,002664,信质集团,19.61,0.2556,19.56,19.78,19.25,19.56,55196508.0,19.56,18.0
2026-06-17T10:17:23,2026-06-17 10:17:21,000411,英特集团,9.83,-2.6733,10.08,10.09,9.81,10.1,30354442.36,10.1,9.5
2026-06-17T10:17:23,2026-06-17 10:17:20,603093,南华期货,21.27,-1.7552,21.66,22.17,21.21,21.65,152808985.0,21.65,19.12
2026-06-17T10:17:23,2026-06-17 10:17:21,000759,中百集团,6.02,-3.0596,6.18,6.22,5.98,6.21,216246751.0,6.1,5.612
2026-06-17T10:17:23,2026-06-17 10:17:21,001268,联合精密,41.84,0.8922,41.47,42.2,41.01,41.47,29410472.0,41.34,38.033
2026-06-17T10:17:23,2026-06-17 10:17:21,002155,湖南黄金,26.49,-0.4135,26.56,26.89,26.08,26.6,620751901.8,26.59,24.463
2026-06-17T10:17:23,2026-06-17 10:17:21,002240,盛新锂能,49.31,1.0244,48.81,50.19,47.87,48.81,1563019311.25,50.517,46.475
2026-06-17T10:17:23,2026-06-17 10:17:22,600183,生益科技,188.36,4.9944,180.0,191.0,179.95,179.4,8220169975.0,182.56,167.955
2026-06-17T10:17:23,2026-06-17 10:17:22,600601,方正科技,14.69,4.1844,13.82,14.75,13.82,14.1,1948881461.0,13.57,12.484
2026-06-17T10:18:24,2026-06-17 10:18:21,002613,北玻股份,5.13,5.3388,4.74,5.27,4.74,4.87,633957588.41,4.87,4.35
2026-06-17T10:18:24,2026-06-17 10:18:21,002664,信质集团,19.56,0.0,19.56,19.78,19.25,19.56,55807802.0,19.56,18.0
2026-06-17T10:18:24,2026-06-17 10:18:21,000411,英特集团,9.82,-2.7723,10.08,10.09,9.81,10.1,30857156.36,10.1,9.5
2026-06-17T10:18:24,2026-06-17 10:18:20,603093,南华期货,21.24,-1.8938,21.66,22.17,21.21,21.65,154299941.0,21.65,19.12
2026-06-17T10:18:24,2026-06-17 10:18:21,000759,中百集团,6.01,-3.2206,6.18,6.22,5.98,6.21,217889913.0,6.1,5.612
2026-06-17T10:18:24,2026-06-17 10:18:21,001268,联合精密,41.83,0.8681,41.47,42.2,41.01,41.47,29598729.0,41.34,38.033
2026-06-17T10:18:24,2026-06-17 10:18:21,002155,湖南黄金,26.48,-0.4511,26.56,26.89,26.08,26.6,625052106.8,26.59,24.463
2026-06-17T10:18:24,2026-06-17 10:18:21,002240,盛新锂能,49.37,1.1473,48.81,50.19,47.87,48.81,1575162424.25,50.517,46.475
2026-06-17T10:18:24,2026-06-17 10:18:22,600183,生益科技,188.36,4.9944,180.0,191.0,179.95,179.4,8315173227.0,182.56,167.955
2026-06-17T10:18:24,2026-06-17 10:18:22,600601,方正科技,14.7,4.2553,13.82,14.75,13.82,14.1,1966661343.0,13.57,12.484
2026-06-17T10:19:24,2026-06-17 10:19:21,002613,北玻股份,5.15,5.7495,4.74,5.27,4.74,4.87,635976762.41,4.87,4.35
2026-06-17T10:19:24,2026-06-17 10:19:21,002664,信质集团,19.6,0.2045,19.56,19.78,19.25,19.56,56314872.0,19.56,18.0
2026-06-17T10:19:24,2026-06-17 10:19:21,000411,英特集团,9.83,-2.6733,10.08,10.09,9.81,10.1,31039913.36,10.1,9.5
2026-06-17T10:19:24,2026-06-17 10:19:20,603093,南华期货,21.26,-1.8014,21.66,22.17,21.21,21.65,154954674.0,21.65,19.12
2026-06-17T10:19:24,2026-06-17 10:19:21,000759,中百集团,6.0,-3.3816,6.18,6.22,5.98,6.21,219441502.0,6.1,5.612
2026-06-17T10:19:24,2026-06-17 10:19:21,001268,联合精密,41.93,1.1092,41.47,42.2,41.01,41.47,31008600.0,41.34,38.033
2026-06-17T10:19:24,2026-06-17 10:19:21,002155,湖南黄金,26.51,-0.3383,26.56,26.89,26.08,26.6,628712659.8,26.59,24.463
2026-06-17T10:19:24,2026-06-17 10:19:21,002240,盛新锂能,49.12,0.6351,48.81,50.19,47.87,48.81,1590382376.25,50.517,46.475
2026-06-17T10:19:24,2026-06-17 10:19:19,600183,生益科技,188.59,5.1226,180.0,191.0,179.95,179.4,8349118350.0,182.56,167.955
2026-06-17T10:19:24,2026-06-17 10:19:19,600601,方正科技,14.68,4.1135,13.82,14.75,13.82,14.1,1999583683.0,13.57,12.484
2026-06-17T10:20:24,2026-06-17 10:20:21,002613,北玻股份,5.14,5.5441,4.74,5.27,4.74,4.87,638128887.41,4.87,4.35
2026-06-17T10:20:24,2026-06-17 10:20:21,002664,信质集团,19.65,0.4601,19.56,19.78,19.25,19.56,56891776.0,19.56,18.0
2026-06-17T10:20:24,2026-06-17 10:20:21,000411,英特集团,9.84,-2.5743,10.08,10.09,9.81,10.1,31166771.36,10.1,9.5
2026-06-17T10:20:24,2026-06-17 10:20:23,603093,南华期货,21.23,-1.94,21.66,22.17,21.21,21.65,156201495.0,21.65,19.12
2026-06-17T10:20:24,2026-06-17 10:20:21,000759,中百集团,6.0,-3.3816,6.18,6.22,5.98,6.21,220867578.0,6.1,5.612
2026-06-17T10:20:24,2026-06-17 10:20:18,001268,联合精密,41.83,0.8681,41.47,42.2,41.01,41.47,31025332.0,41.34,38.033
2026-06-17T10:20:24,2026-06-17 10:20:21,002155,湖南黄金,26.47,-0.4887,26.56,26.89,26.08,26.6,632229615.8,26.59,24.463
2026-06-17T10:20:24,2026-06-17 10:20:21,002240,盛新锂能,49.11,0.6146,48.81,50.19,47.87,48.81,1622559984.25,50.517,46.475
2026-06-17T10:20:24,2026-06-17 10:20:22,600183,生益科技,188.65,5.1561,180.0,191.0,179.95,179.4,8392483033.0,182.56,167.955
2026-06-17T10:20:24,2026-06-17 10:20:22,600601,方正科技,14.69,4.1844,13.82,14.75,13.82,14.1,2011685603.0,13.57,12.484
2026-06-17T10:21:25,2026-06-17 10:21:24,002613,北玻股份,5.13,5.3388,4.74,5.27,4.74,4.87,640617554.41,4.87,4.35
2026-06-17T10:21:25,2026-06-17 10:21:24,002664,信质集团,19.64,0.409,19.56,19.78,19.25,19.56,59133887.0,19.56,18.0
2026-06-17T10:21:25,2026-06-17 10:21:24,000411,英特集团,9.82,-2.7723,10.08,10.09,9.81,10.1,31292601.36,10.1,9.5
2026-06-17T10:21:25,2026-06-17 10:21:23,603093,南华期货,21.2,-2.0785,21.66,22.17,21.2,21.65,158810062.0,21.65,19.12
2026-06-17T10:21:25,2026-06-17 10:21:24,000759,中百集团,6.01,-3.2206,6.18,6.22,5.98,6.21,222504853.0,6.1,5.612
2026-06-17T10:21:25,2026-06-17 10:21:21,001268,联合精密,41.8,0.7958,41.47,42.2,41.01,41.47,31506231.0,41.34,38.033
2026-06-17T10:21:25,2026-06-17 10:21:24,002155,湖南黄金,26.45,-0.5639,26.56,26.89,26.08,26.6,636431745.8,26.59,24.463
2026-06-17T10:21:25,2026-06-17 10:21:24,002240,盛新锂能,49.39,1.1883,48.81,50.19,47.87,48.81,1633809706.89,50.517,46.475
2026-06-17T10:21:25,2026-06-17 10:21:25,600183,生益科技,188.8,5.2397,180.0,191.0,179.95,179.4,8428891858.0,182.56,167.955
2026-06-17T10:21:25,2026-06-17 10:21:22,600601,方正科技,14.68,4.1135,13.82,14.75,13.82,14.1,2026317453.0,13.57,12.484
2026-06-17T10:22:25,2026-06-17 10:22:24,002613,北玻股份,5.12,5.1335,4.74,5.27,4.74,4.87,643226167.41,4.87,4.35
2026-06-17T10:22:25,2026-06-17 10:22:24,002664,信质集团,19.63,0.3579,19.56,19.78,19.25,19.56,59532474.0,19.56,18.0
2026-06-17T10:22:25,2026-06-17 10:22:18,000411,英特集团,9.82,-2.7723,10.08,10.09,9.81,10.1,31475253.36,10.1,9.5
2026-06-17T10:22:25,2026-06-17 10:22:23,603093,南华期货,21.2,-2.0785,21.66,22.17,21.18,21.65,161302705.0,21.65,19.12
2026-06-17T10:22:25,2026-06-17 10:22:24,000759,中百集团,6.0,-3.3816,6.18,6.22,5.98,6.21,223914300.0,6.1,5.612
2026-06-17T10:22:25,2026-06-17 10:22:24,001268,联合精密,41.83,0.8681,41.47,42.2,41.01,41.47,31618930.0,41.34,38.033
2026-06-17T10:22:25,2026-06-17 10:22:24,002155,湖南黄金,26.45,-0.5639,26.56,26.89,26.08,26.6,640098877.8,26.59,24.463
2026-06-17T10:22:25,2026-06-17 10:22:24,002240,盛新锂能,49.18,0.758,48.81,50.19,47.87,48.81,1649946500.25,50.517,46.475
2026-06-17T10:22:25,2026-06-17 10:22:22,600183,生益科技,188.52,5.0836,180.0,191.0,179.95,179.4,8485166769.0,182.56,167.955
2026-06-17T10:22:25,2026-06-17 10:22:22,600601,方正科技,14.67,4.0426,13.82,14.75,13.82,14.1,2044742741.0,13.57,12.484
2026-06-17T10:23:26,2026-06-17 10:23:24,002613,北玻股份,5.11,4.9281,4.74,5.27,4.74,4.87,644926611.41,4.87,4.35
2026-06-17T10:23:26,2026-06-17 10:23:24,002664,信质集团,19.62,0.3067,19.56,19.78,19.25,19.56,60093697.0,19.56,18.0
2026-06-17T10:23:26,2026-06-17 10:23:24,000411,英特集团,9.82,-2.7723,10.08,10.09,9.81,10.1,31593153.36,10.1,9.5
2026-06-17T10:23:26,2026-06-17 10:23:23,603093,南华期货,21.17,-2.2171,21.66,22.17,21.17,21.65,162398318.0,21.65,19.12
2026-06-17T10:23:26,2026-06-17 10:23:24,000759,中百集团,6.0,-3.3816,6.18,6.22,5.98,6.21,225796638.0,6.1,5.612
2026-06-17T10:23:26,2026-06-17 10:23:21,001268,联合精密,41.75,0.6752,41.47,42.2,41.01,41.47,31631455.0,41.34,38.033
2026-06-17T10:23:26,2026-06-17 10:23:24,002155,湖南黄金,26.4,-0.7519,26.56,26.89,26.08,26.6,649584686.24,26.59,24.463
2026-06-17T10:23:26,2026-06-17 10:23:24,002240,盛新锂能,48.94,0.2663,48.81,50.19,47.87,48.81,1684214269.25,50.517,46.475
2026-06-17T10:23:26,2026-06-17 10:23:25,600183,生益科技,188.91,5.301,180.0,191.0,179.95,179.4,8522319114.0,182.56,167.955
2026-06-17T10:23:26,2026-06-17 10:23:22,600601,方正科技,14.72,4.3972,13.82,14.75,13.82,14.1,2067988901.0,13.57,12.484
2026-06-17T10:24:26,2026-06-17 10:24:24,002613,北玻股份,5.1,4.7228,4.74,5.27,4.74,4.87,650747659.81,4.87,4.35
2026-06-17T10:24:26,2026-06-17 10:24:24,002664,信质集团,19.6,0.2045,19.56,19.78,19.25,19.56,60750290.0,19.56,18.0
2026-06-17T10:24:26,2026-06-17 10:24:21,000411,英特集团,9.82,-2.7723,10.08,10.09,9.81,10.1,31662899.36,10.1,9.5
2026-06-17T10:24:26,2026-06-17 10:24:23,603093,南华期货,21.18,-2.1709,21.66,22.17,21.15,21.65,165891593.0,21.65,19.12
2026-06-17T10:24:26,2026-06-17 10:24:24,000759,中百集团,6.01,-3.2206,6.18,6.22,5.98,6.21,227068645.0,6.1,5.612
2026-06-17T10:24:26,2026-06-17 10:24:15,001268,联合精密,41.89,1.0128,41.47,42.2,41.01,41.47,31786250.0,41.34,38.033
2026-06-17T10:24:26,2026-06-17 10:24:24,002155,湖南黄金,26.36,-0.9023,26.56,26.89,26.08,26.6,653694330.82,26.59,24.463
2026-06-17T10:24:26,2026-06-17 10:24:24,002240,盛新锂能,48.93,0.2459,48.81,50.19,47.87,48.81,1712508573.25,50.517,46.475
2026-06-17T10:24:26,2026-06-17 10:24:25,600183,生益科技,189.27,5.5017,180.0,191.0,179.95,179.4,8576891509.0,182.56,167.955
2026-06-17T10:24:26,2026-06-17 10:24:25,600601,方正科技,14.79,4.8936,13.82,14.8,13.82,14.1,2134021520.0,13.57,12.484
2026-06-17T10:25:26,2026-06-17 10:25:24,002613,北玻股份,5.1,4.7228,4.74,5.27,4.74,4.87,653987988.41,4.87,4.35
2026-06-17T10:25:26,2026-06-17 10:25:24,002664,信质集团,19.58,0.1022,19.56,19.78,19.25,19.56,61557087.0,19.56,18.0
2026-06-17T10:25:26,2026-06-17 10:25:24,000411,英特集团,9.81,-2.8713,10.08,10.09,9.81,10.1,32199823.36,10.1,9.5
2026-06-17T10:25:26,2026-06-17 10:25:23,603093,南华期货,21.19,-2.1247,21.66,22.17,21.15,21.65,168749153.0,21.65,19.12
2026-06-17T10:25:26,2026-06-17 10:25:24,000759,中百集团,6.0,-3.3816,6.18,6.22,5.98,6.21,227990008.0,6.1,5.612
2026-06-17T10:25:26,2026-06-17 10:25:21,001268,联合精密,41.87,0.9646,41.47,42.2,41.01,41.47,31899100.0,41.34,38.033
2026-06-17T10:25:26,2026-06-17 10:25:24,002155,湖南黄金,26.3,-1.1278,26.56,26.89,26.08,26.6,659896317.82,26.59,24.463
2026-06-17T10:25:26,2026-06-17 10:25:24,002240,盛新锂能,49.06,0.5122,48.81,50.19,47.87,48.81,1728061026.25,50.517,46.475
2026-06-17T10:25:26,2026-06-17 10:25:25,600183,生益科技,189.24,5.4849,180.0,191.0,179.95,179.4,8663133303.0,182.56,167.955
2026-06-17T10:25:26,2026-06-17 10:25:25,600601,方正科技,14.72,4.3972,13.82,14.8,13.82,14.1,2151358608.0,13.57,12.484
2026-06-17T10:26:27,2026-06-17 10:26:24,002613,北玻股份,5.12,5.1335,4.74,5.27,4.74,4.87,655128126.41,4.87,4.35
2026-06-17T10:26:27,2026-06-17 10:26:24,002664,信质集团,19.58,0.1022,19.56,19.78,19.25,19.56,62089804.0,19.56,18.0
2026-06-17T10:26:27,2026-06-17 10:26:24,000411,英特集团,9.83,-2.6733,10.08,10.09,9.8,10.1,34465859.36,10.1,9.5
2026-06-17T10:26:27,2026-06-17 10:26:26,603093,南华期货,21.2,-2.0785,21.66,22.17,21.15,21.65,170980491.0,21.65,19.12
2026-06-17T10:26:27,2026-06-17 10:26:24,000759,中百集团,6.01,-3.2206,6.18,6.22,5.98,6.21,228971032.0,6.1,5.612
2026-06-17T10:26:27,2026-06-17 10:26:24,001268,联合精密,42.0,1.278,41.47,42.2,41.01,41.47,32423391.0,41.34,38.033
2026-06-17T10:26:27,2026-06-17 10:26:24,002155,湖南黄金,26.33,-1.015,26.56,26.89,26.08,26.6,665961229.82,26.59,24.463
2026-06-17T10:26:27,2026-06-17 10:26:24,002240,盛新锂能,48.92,0.2254,48.81,50.19,47.87,48.81,1740347842.25,50.517,46.475
2026-06-17T10:26:27,2026-06-17 10:26:25,600183,生益科技,189.1,5.4069,180.0,191.0,179.95,179.4,8718244699.0,182.56,167.955
2026-06-17T10:26:27,2026-06-17 10:26:25,600601,方正科技,14.69,4.1844,13.82,14.8,13.82,14.1,2166552671.0,13.57,12.484
2026-06-17T10:27:28,2026-06-17 10:27:27,002613,北玻股份,5.11,4.9281,4.74,5.27,4.74,4.87,657161410.41,4.87,4.35
2026-06-17T10:27:28,2026-06-17 10:27:27,002664,信质集团,19.6,0.2045,19.56,19.78,19.25,19.56,62311106.0,19.56,18.0
2026-06-17T10:27:28,2026-06-17 10:27:27,000411,英特集团,9.85,-2.4752,10.08,10.09,9.8,10.1,34572162.36,10.1,9.5
2026-06-17T10:27:28,2026-06-17 10:27:26,603093,南华期货,21.19,-2.1247,21.66,22.17,21.15,21.65,171966825.0,21.65,19.12
2026-06-17T10:27:28,2026-06-17 10:27:27,000759,中百集团,6.02,-3.0596,6.18,6.22,5.98,6.21,230434468.0,6.1,5.612
2026-06-17T10:27:28,2026-06-17 10:27:27,001268,联合精密,41.88,0.9887,41.47,42.2,41.01,41.47,32515576.0,41.34,38.033
2026-06-17T10:27:28,2026-06-17 10:27:27,002155,湖南黄金,26.38,-0.8271,26.56,26.89,26.08,26.6,670068883.68,26.59,24.463
2026-06-17T10:27:28,2026-06-17 10:27:27,002240,盛新锂能,49.0,0.3893,48.81,50.19,47.87,48.81,1758116469.25,50.517,46.475
2026-06-17T10:27:28,2026-06-17 10:27:25,600183,生益科技,188.82,5.2508,180.0,191.0,179.95,179.4,8776392845.0,182.56,167.955
2026-06-17T10:27:28,2026-06-17 10:27:25,600601,方正科技,14.67,4.0426,13.82,14.8,13.82,14.1,2180942711.0,13.57,12.484
2026-06-17T10:28:28,2026-06-17 10:28:27,002613,北玻股份,5.13,5.3388,4.74,5.27,4.74,4.87,659391337.53,4.87,4.35
2026-06-17T10:28:28,2026-06-17 10:28:27,002664,信质集团,19.59,0.1534,19.56,19.78,19.25,19.56,62610825.0,19.56,18.0
2026-06-17T10:28:28,2026-06-17 10:28:27,000411,英特集团,9.84,-2.5743,10.08,10.09,9.8,10.1,34717803.36,10.1,9.5
2026-06-17T10:28:28,2026-06-17 10:28:26,603093,南华期货,21.18,-2.1709,21.66,22.17,21.15,21.65,173147026.0,21.65,19.12
2026-06-17T10:28:28,2026-06-17 10:28:27,000759,中百集团,6.0,-3.3816,6.18,6.22,5.98,6.21,234740010.0,6.1,5.612
2026-06-17T10:28:28,2026-06-17 10:28:24,001268,联合精密,41.89,1.0128,41.47,42.2,41.01,41.47,32842251.0,41.34,38.033
2026-06-17T10:28:28,2026-06-17 10:28:27,002155,湖南黄金,26.34,-0.9774,26.56,26.89,26.08,26.6,674480086.82,26.59,24.463
2026-06-17T10:28:28,2026-06-17 10:28:27,002240,盛新锂能,49.01,0.4098,48.81,50.19,47.87,48.81,1771893235.25,50.517,46.475
2026-06-17T10:28:28,2026-06-17 10:28:25,600183,生益科技,189.33,5.5351,180.0,191.0,179.95,179.4,8834901882.0,182.56,167.955
2026-06-17T10:28:28,2026-06-17 10:28:25,600601,方正科技,14.72,4.3972,13.82,14.8,13.82,14.1,2192781068.0,13.57,12.484
2026-06-17T10:29:29,2026-06-17 10:29:27,002613,北玻股份,5.14,5.5441,4.74,5.27,4.74,4.87,662115041.53,4.87,4.35
2026-06-17T10:29:29,2026-06-17 10:29:27,002664,信质集团,19.58,0.1022,19.56,19.78,19.25,19.56,62841721.0,19.56,18.0
2026-06-17T10:29:29,2026-06-17 10:29:27,000411,英特集团,9.84,-2.5743,10.08,10.09,9.8,10.1,34829993.36,10.1,9.5
2026-06-17T10:29:29,2026-06-17 10:29:26,603093,南华期货,21.2,-2.0785,21.66,22.17,21.15,21.65,174191295.0,21.65,19.12
2026-06-17T10:29:29,2026-06-17 10:29:27,000759,中百集团,5.99,-3.5427,6.18,6.22,5.98,6.21,238914450.0,6.1,5.612
2026-06-17T10:29:29,2026-06-17 10:29:21,001268,联合精密,41.87,0.9646,41.47,42.2,41.01,41.47,32896623.0,41.34,38.033
2026-06-17T10:29:29,2026-06-17 10:29:27,002155,湖南黄金,26.36,-0.9023,26.56,26.89,26.08,26.6,677502637.82,26.59,24.463
2026-06-17T10:29:29,2026-06-17 10:29:27,002240,盛新锂能,49.02,0.4302,48.81,50.19,47.87,48.81,1781516105.21,50.517,46.475
2026-06-17T10:29:29,2026-06-17 10:29:25,600183,生益科技,189.12,5.4181,180.0,191.0,179.95,179.4,8889763899.0,182.56,167.955
2026-06-17T10:29:29,2026-06-17 10:29:25,600601,方正科技,14.78,4.8227,13.82,14.8,13.82,14.1,2206264960.0,13.57,12.484
2026-06-17T10:30:29,2026-06-17 10:30:27,002613,北玻股份,5.13,5.3388,4.74,5.27,4.74,4.87,665541444.53,4.87,4.35
2026-06-17T10:30:29,2026-06-17 10:30:24,002664,信质集团,19.56,0.0,19.56,19.78,19.25,19.56,62988548.0,19.56,18.0
2026-06-17T10:30:29,2026-06-17 10:30:21,000411,英特集团,9.85,-2.4752,10.08,10.09,9.8,10.1,34851653.36,10.1,9.5
2026-06-17T10:30:29,2026-06-17 10:30:26,603093,南华期货,21.21,-2.0323,21.66,22.17,21.15,21.65,175011628.0,21.65,19.12
2026-06-17T10:30:29,2026-06-17 10:30:27,000759,中百集团,6.01,-3.2206,6.18,6.22,5.98,6.21,241095065.0,6.1,5.612
2026-06-17T10:30:29,2026-06-17 10:30:27,001268,联合精密,41.84,0.8922,41.47,42.2,41.01,41.47,33072465.0,41.34,38.033
2026-06-17T10:30:29,2026-06-17 10:30:27,002155,湖南黄金,26.37,-0.8647,26.56,26.89,26.08,26.6,681461262.82,26.59,24.463
2026-06-17T10:30:29,2026-06-17 10:30:27,002240,盛新锂能,49.2,0.799,48.81,50.19,47.87,48.81,1791313474.23,50.517,46.475
2026-06-17T10:30:29,2026-06-17 10:30:28,600183,生益科技,187.77,4.6656,180.0,191.0,179.95,179.4,8968488560.0,182.56,167.955
2026-06-17T10:30:29,2026-06-17 10:30:25,600601,方正科技,14.71,4.3262,13.82,14.8,13.82,14.1,2216917222.0,13.57,12.484
2026-06-17T10:31:30,2026-06-17 10:31:27,002613,北玻股份,5.12,5.1335,4.74,5.27,4.74,4.87,667744295.53,4.87,4.35
2026-06-17T10:31:30,2026-06-17 10:31:27,002664,信质集团,19.54,-0.1022,19.56,19.78,19.25,19.56,63383459.0,19.56,18.0
2026-06-17T10:31:30,2026-06-17 10:31:27,000411,英特集团,9.83,-2.6733,10.08,10.09,9.8,10.1,35058250.36,10.1,9.5
2026-06-17T10:31:30,2026-06-17 10:31:29,603093,南华期货,21.33,-1.4781,21.66,22.17,21.15,21.65,177989082.0,21.65,19.12
2026-06-17T10:31:30,2026-06-17 10:31:27,000759,中百集团,6.01,-3.2206,6.18,6.22,5.98,6.21,242059389.0,6.1,5.612
2026-06-17T10:31:30,2026-06-17 10:31:27,001268,联合精密,41.85,0.9163,41.47,42.2,41.01,41.47,33244091.0,41.34,38.033
2026-06-17T10:31:30,2026-06-17 10:31:27,002155,湖南黄金,26.4,-0.7519,26.56,26.89,26.08,26.6,687589489.82,26.59,24.463
2026-06-17T10:31:30,2026-06-17 10:31:27,002240,盛新锂能,49.14,0.6761,48.81,50.19,47.87,48.81,1805741903.23,50.517,46.475
2026-06-17T10:31:30,2026-06-17 10:31:28,600183,生益科技,188.28,4.9498,180.0,191.0,179.95,179.4,9047494309.0,182.56,167.955
2026-06-17T10:31:30,2026-06-17 10:31:28,600601,方正科技,14.69,4.1844,13.82,14.8,13.82,14.1,2243529821.0,13.57,12.484
2026-06-17T10:32:30,2026-06-17 10:32:27,002613,北玻股份,5.11,4.9281,4.74,5.27,4.74,4.87,670789760.56,4.87,4.35
2026-06-17T10:32:30,2026-06-17 10:32:27,002664,信质集团,19.55,-0.0511,19.56,19.78,19.25,19.56,63870200.0,19.56,18.0
2026-06-17T10:32:30,2026-06-17 10:32:21,000411,英特集团,9.82,-2.7723,10.08,10.09,9.8,10.1,35113285.36,10.1,9.5
2026-06-17T10:32:30,2026-06-17 10:32:29,603093,南华期货,21.29,-1.6628,21.66,22.17,21.15,21.65,180747304.0,21.65,19.12
2026-06-17T10:32:30,2026-06-17 10:32:30,000759,中百集团,6.0,-3.3816,6.18,6.22,5.98,6.21,243304231.0,6.1,5.612
2026-06-17T10:32:30,2026-06-17 10:32:18,001268,联合精密,41.85,0.9163,41.47,42.2,41.01,41.47,33440777.0,41.34,38.033
2026-06-17T10:32:30,2026-06-17 10:32:27,002155,湖南黄金,26.36,-0.9023,26.56,26.89,26.08,26.6,693724514.82,26.59,24.463
2026-06-17T10:32:30,2026-06-17 10:32:27,002240,盛新锂能,49.0,0.3893,48.81,50.19,47.87,48.81,1814684715.23,50.517,46.475
2026-06-17T10:32:30,2026-06-17 10:32:28,600183,生益科技,189.24,5.4849,180.0,191.0,179.95,179.4,9086656962.0,182.56,167.955
2026-06-17T10:32:30,2026-06-17 10:32:28,600601,方正科技,14.66,3.9716,13.82,14.8,13.82,14.1,2260380164.0,13.57,12.484
2026-06-17T10:33:31,2026-06-17 10:33:27,002613,北玻股份,5.1,4.7228,4.74,5.27,4.74,4.87,672086562.56,4.87,4.35
2026-06-17T10:33:31,2026-06-17 10:33:27,002664,信质集团,19.54,-0.1022,19.56,19.78,19.25,19.56,64338979.0,19.56,18.0
2026-06-17T10:33:31,2026-06-17 10:33:30,000411,英特集团,9.82,-2.7723,10.08,10.09,9.8,10.1,35202657.36,10.1,9.5
2026-06-17T10:33:31,2026-06-17 10:33:29,603093,南华期货,21.24,-1.8938,21.66,22.17,21.15,21.65,181672501.0,21.65,19.12
2026-06-17T10:33:31,2026-06-17 10:33:30,000759,中百集团,6.01,-3.2206,6.18,6.22,5.98,6.21,243781281.0,6.1,5.612
2026-06-17T10:33:31,2026-06-17 10:33:27,001268,联合精密,41.75,0.6752,41.47,42.2,41.01,41.47,33783430.0,41.34,38.033
2026-06-17T10:33:31,2026-06-17 10:33:27,002155,湖南黄金,26.35,-0.9398,26.56,26.89,26.08,26.6,698329944.82,26.59,24.463
2026-06-17T10:33:31,2026-06-17 10:33:27,002240,盛新锂能,48.99,0.3688,48.81,50.19,47.87,48.81,1825419965.23,50.517,46.475
2026-06-17T10:33:31,2026-06-17 10:33:28,600183,生益科技,188.78,5.2285,180.0,191.0,179.95,179.4,9133470597.0,182.56,167.955
2026-06-17T10:33:31,2026-06-17 10:33:28,600601,方正科技,14.68,4.1135,13.82,14.8,13.82,14.1,2277010338.0,13.57,12.484
2026-06-17T10:34:31,2026-06-17 10:34:30,002613,北玻股份,5.11,4.9281,4.74,5.27,4.74,4.87,674226325.56,4.87,4.35
2026-06-17T10:34:31,2026-06-17 10:34:30,002664,信质集团,19.54,-0.1022,19.56,19.78,19.25,19.56,64610609.0,19.56,18.0
2026-06-17T10:34:31,2026-06-17 10:34:27,000411,英特集团,9.82,-2.7723,10.08,10.09,9.8,10.1,35237037.36,10.1,9.5
2026-06-17T10:34:31,2026-06-17 10:34:29,603093,南华期货,21.26,-1.8014,21.66,22.17,21.15,21.65,182768318.0,21.65,19.12
2026-06-17T10:34:31,2026-06-17 10:34:30,000759,中百集团,6.0,-3.3816,6.18,6.22,5.98,6.21,245023976.0,6.1,5.612
2026-06-17T10:34:31,2026-06-17 10:34:21,001268,联合精密,41.77,0.7234,41.47,42.2,41.01,41.47,33821049.0,41.34,38.033
2026-06-17T10:34:31,2026-06-17 10:34:30,002155,湖南黄金,26.37,-0.8647,26.56,26.89,26.08,26.6,700802404.82,26.59,24.463
2026-06-17T10:34:31,2026-06-17 10:34:30,002240,盛新锂能,48.97,0.3278,48.81,50.19,47.87,48.81,1835664320.23,50.517,46.475
2026-06-17T10:34:31,2026-06-17 10:34:28,600183,生益科技,188.5,5.0725,180.0,191.0,179.95,179.4,9165866550.0,182.56,167.955
2026-06-17T10:34:31,2026-06-17 10:34:28,600601,方正科技,14.68,4.1135,13.82,14.8,13.82,14.1,2290291491.0,13.57,12.484
2026-06-17T10:35:31,2026-06-17 10:35:30,002613,北玻股份,5.11,4.9281,4.74,5.27,4.74,4.87,675758477.56,4.87,4.35
2026-06-17T10:35:31,2026-06-17 10:35:27,002664,信质集团,19.52,-0.2045,19.56,19.78,19.25,19.56,65047943.0,19.56,18.0
2026-06-17T10:35:31,2026-06-17 10:35:30,000411,英特集团,9.82,-2.7723,10.08,10.09,9.8,10.1,35670161.36,10.1,9.5
2026-06-17T10:35:31,2026-06-17 10:35:29,603093,南华期货,21.25,-1.8476,21.66,22.17,21.15,21.65,183172340.0,21.65,19.12
2026-06-17T10:35:31,2026-06-17 10:35:30,000759,中百集团,6.01,-3.2206,6.18,6.22,5.98,6.21,246980296.0,6.1,5.612
2026-06-17T10:35:31,2026-06-17 10:35:27,001268,联合精密,41.76,0.6993,41.47,42.2,41.01,41.47,33946369.0,41.34,38.033
2026-06-17T10:35:31,2026-06-17 10:35:30,002155,湖南黄金,26.4,-0.7519,26.56,26.89,26.08,26.6,706423576.0,26.59,24.463
2026-06-17T10:35:31,2026-06-17 10:35:30,002240,盛新锂能,48.97,0.3278,48.81,50.19,47.87,48.81,1844628587.23,50.517,46.475
2026-06-17T10:35:31,2026-06-17 10:35:28,600183,生益科技,188.41,5.0223,180.0,191.0,179.95,179.4,9198652248.0,182.56,167.955
2026-06-17T10:35:31,2026-06-17 10:35:28,600601,方正科技,14.77,4.7518,13.82,14.8,13.82,14.1,2316233827.0,13.57,12.484
2026-06-17T10:36:32,2026-06-17 10:36:30,002613,北玻股份,5.09,4.5175,4.74,5.27,4.74,4.87,680933667.4,4.87,4.35
2026-06-17T10:36:32,2026-06-17 10:36:30,002664,信质集团,19.52,-0.2045,19.56,19.78,19.25,19.56,65276300.0,19.56,18.0
2026-06-17T10:36:32,2026-06-17 10:36:27,000411,英特集团,9.81,-2.8713,10.08,10.09,9.8,10.1,35709419.36,10.1,9.5
2026-06-17T10:36:32,2026-06-17 10:36:29,603093,南华期货,21.27,-1.7552,21.66,22.17,21.15,21.65,184513033.0,21.65,19.12
2026-06-17T10:36:32,2026-06-17 10:36:30,000759,中百集团,6.02,-3.0596,6.18,6.22,5.98,6.21,247607629.0,6.1,5.612
2026-06-17T10:36:32,2026-06-17 10:36:30,001268,联合精密,41.72,0.6028,41.47,42.2,41.01,41.47,34209379.0,41.34,38.033
2026-06-17T10:36:32,2026-06-17 10:36:30,002155,湖南黄金,26.36,-0.9023,26.56,26.89,26.08,26.6,708742788.0,26.59,24.463
2026-06-17T10:36:32,2026-06-17 10:36:30,002240,盛新锂能,48.96,0.3073,48.81,50.19,47.87,48.81,1851615229.23,50.517,46.475
2026-06-17T10:36:32,2026-06-17 10:36:31,600183,生益科技,188.31,4.9666,180.0,191.0,179.95,179.4,9244319464.0,182.56,167.955
2026-06-17T10:36:32,2026-06-17 10:36:31,600601,方正科技,14.71,4.3262,13.82,14.8,13.82,14.1,2326280509.0,13.57,12.484
2026-06-17T10:37:33,2026-06-17 10:37:30,002613,北玻股份,5.08,4.3121,4.74,5.27,4.74,4.87,685794158.4,4.87,4.35
2026-06-17T10:37:33,2026-06-17 10:37:30,002664,信质集团,19.49,-0.3579,19.56,19.78,19.25,19.56,66283591.0,19.56,18.0
2026-06-17T10:37:33,2026-06-17 10:37:27,000411,英特集团,9.81,-2.8713,10.08,10.09,9.8,10.1,36401887.36,10.1,9.5
2026-06-17T10:37:33,2026-06-17 10:37:32,603093,南华期货,21.24,-1.8938,21.66,22.17,21.15,21.65,185269973.0,21.65,19.12
2026-06-17T10:37:33,2026-06-17 10:37:30,000759,中百集团,6.01,-3.2206,6.18,6.22,5.98,6.21,248140102.0,6.1,5.612
2026-06-17T10:37:33,2026-06-17 10:37:30,001268,联合精密,41.63,0.3858,41.47,42.2,41.01,41.47,34663736.0,41.34,38.033
2026-06-17T10:37:33,2026-06-17 10:37:30,002155,湖南黄金,26.33,-1.015,26.56,26.89,26.08,26.6,712864517.0,26.59,24.463
2026-06-17T10:37:33,2026-06-17 10:37:30,002240,盛新锂能,49.15,0.6966,48.81,50.19,47.87,48.81,1855875116.31,50.517,46.475
2026-06-17T10:37:33,2026-06-17 10:37:31,600183,生益科技,188.4,5.0167,180.0,191.0,179.95,179.4,9322436462.0,182.56,167.955
2026-06-17T10:37:33,2026-06-17 10:37:31,600601,方正科技,14.72,4.3972,13.82,14.8,13.82,14.1,2344134515.0,13.57,12.484
2026-06-17T10:38:33,2026-06-17 10:38:30,002613,北玻股份,5.07,4.1068,4.74,5.27,4.74,4.87,689476648.4,4.87,4.35
2026-06-17T10:38:33,2026-06-17 10:38:30,002664,信质集团,19.47,-0.4601,19.56,19.78,19.25,19.56,66456913.0,19.56,18.0
2026-06-17T10:38:33,2026-06-17 10:38:24,000411,英特集团,9.81,-2.8713,10.08,10.09,9.8,10.1,36479443.36,10.1,9.5
2026-06-17T10:38:33,2026-06-17 10:38:29,603093,南华期货,21.22,-1.9861,21.66,22.17,21.15,21.65,186567038.0,21.65,19.12
2026-06-17T10:38:33,2026-06-17 10:38:30,000759,中百集团,6.01,-3.2206,6.18,6.22,5.98,6.21,248423351.0,6.1,5.612
2026-06-17T10:38:33,2026-06-17 10:38:30,001268,联合精密,41.68,0.5064,41.47,42.2,41.01,41.47,34776183.0,41.34,38.033
2026-06-17T10:38:33,2026-06-17 10:38:30,002155,湖南黄金,26.3,-1.1278,26.56,26.89,26.08,26.6,718312066.0,26.59,24.463
2026-06-17T10:38:33,2026-06-17 10:38:30,002240,盛新锂能,49.13,0.6556,48.81,50.19,47.87,48.81,1864249108.31,50.517,46.475
2026-06-17T10:38:33,2026-06-17 10:38:31,600183,生益科技,188.26,4.9387,180.0,191.0,179.95,179.4,9348831976.0,182.56,167.955
2026-06-17T10:38:33,2026-06-17 10:38:31,600601,方正科技,14.7,4.2553,13.82,14.8,13.82,14.1,2362154996.0,13.57,12.484
2026-06-17T10:39:33,2026-06-17 10:39:33,002613,北玻股份,5.08,4.3121,4.74,5.27,4.74,4.87,692174352.4,4.87,4.35
2026-06-17T10:39:33,2026-06-17 10:39:30,002664,信质集团,19.45,-0.5624,19.56,19.78,19.25,19.56,66986119.0,19.56,18.0
2026-06-17T10:39:33,2026-06-17 10:39:33,000411,英特集团,9.82,-2.7723,10.08,10.09,9.8,10.1,36846403.36,10.1,9.5
2026-06-17T10:39:33,2026-06-17 10:39:32,603093,南华期货,21.22,-1.9861,21.66,22.17,21.15,21.65,187587848.0,21.65,19.12
2026-06-17T10:39:33,2026-06-17 10:39:33,000759,中百集团,6.04,-2.7375,6.18,6.22,5.98,6.21,252655831.0,6.1,5.612
2026-06-17T10:39:33,2026-06-17 10:39:27,001268,联合精密,41.66,0.4582,41.47,42.2,41.01,41.47,34792851.0,41.34,38.033
2026-06-17T10:39:33,2026-06-17 10:39:33,002155,湖南黄金,26.29,-1.1654,26.56,26.89,26.08,26.6,726715434.0,26.59,24.463
2026-06-17T10:39:33,2026-06-17 10:39:30,002240,盛新锂能,49.0,0.3893,48.81,50.19,47.87,48.81,1873264210.31,50.517,46.475
2026-06-17T10:39:33,2026-06-17 10:39:31,600183,生益科技,188.57,5.1115,180.0,191.0,179.95,179.4,9398225936.0,182.56,167.955
2026-06-17T10:39:33,2026-06-17 10:39:31,600601,方正科技,14.78,4.8227,13.82,14.8,13.82,14.1,2402719572.0,13.57,12.484
2026-06-17T10:40:34,2026-06-17 10:40:33,002613,北玻股份,5.09,4.5175,4.74,5.27,4.74,4.87,695717469.4,4.87,4.35
2026-06-17T10:40:34,2026-06-17 10:40:33,002664,信质集团,19.44,-0.6135,19.56,19.78,19.25,19.56,67338116.0,19.56,18.0
2026-06-17T10:40:34,2026-06-17 10:40:33,000411,英特集团,9.81,-2.8713,10.08,10.09,9.8,10.1,37175071.36,10.1,9.5
2026-06-17T10:40:34,2026-06-17 10:40:32,603093,南华期货,21.2,-2.0785,21.66,22.17,21.15,21.65,188870661.0,21.65,19.12
2026-06-17T10:40:34,2026-06-17 10:40:33,000759,中百集团,6.09,-1.9324,6.18,6.22,5.98,6.21,255389870.0,6.1,5.612
2026-06-17T10:40:34,2026-06-17 10:40:33,001268,联合精密,41.63,0.3858,41.47,42.2,41.01,41.47,34867831.0,41.34,38.033
2026-06-17T10:40:34,2026-06-17 10:40:33,002155,湖南黄金,26.31,-1.0902,26.56,26.89,26.08,26.6,732301006.0,26.59,24.463
2026-06-17T10:40:34,2026-06-17 10:40:33,002240,盛新锂能,49.0,0.3893,48.81,50.19,47.87,48.81,1878093761.31,50.517,46.475
2026-06-17T10:40:34,2026-06-17 10:40:31,600183,生益科技,188.4,5.0167,180.0,191.0,179.95,179.4,9438610235.0,182.56,167.955
2026-06-17T10:40:34,2026-06-17 10:40:31,600601,方正科技,14.79,4.8936,13.82,14.84,13.82,14.1,2441483642.0,13.57,12.484
2026-06-17T10:41:35,2026-06-17 10:41:33,002613,北玻股份,5.09,4.5175,4.74,5.27,4.74,4.87,696721819.4,4.87,4.35
2026-06-17T10:41:35,2026-06-17 10:41:30,002664,信质集团,19.45,-0.5624,19.56,19.78,19.25,19.56,67505311.0,19.56,18.0
2026-06-17T10:41:35,2026-06-17 10:41:33,000411,英特集团,9.81,-2.8713,10.08,10.09,9.8,10.1,37409530.36,10.1,9.5
2026-06-17T10:41:35,2026-06-17 10:41:32,603093,南华期货,21.19,-2.1247,21.66,22.17,21.15,21.65,189750080.0,21.65,19.12
2026-06-17T10:41:35,2026-06-17 10:41:33,000759,中百集团,6.09,-1.9324,6.18,6.22,5.98,6.21,262203845.0,6.1,5.612
2026-06-17T10:41:35,2026-06-17 10:41:33,001268,联合精密,41.61,0.3376,41.47,42.2,41.01,41.47,35171705.0,41.34,38.033
2026-06-17T10:41:35,2026-06-17 10:41:33,002155,湖南黄金,26.32,-1.0526,26.56,26.89,26.08,26.6,742057217.0,26.59,24.463
2026-06-17T10:41:35,2026-06-17 10:41:33,002240,盛新锂能,48.99,0.3688,48.81,50.19,47.87,48.81,1885702876.31,50.517,46.475
2026-06-17T10:41:35,2026-06-17 10:41:31,600183,生益科技,188.25,4.9331,180.0,191.0,179.95,179.4,9464814799.0,182.56,167.955
2026-06-17T10:41:35,2026-06-17 10:41:31,600601,方正科技,14.94,5.9574,13.82,14.95,13.82,14.1,2505521424.0,13.57,12.484
2026-06-17T10:42:36,2026-06-17 10:42:33,002613,北玻股份,5.08,4.3121,4.74,5.27,4.74,4.87,697818252.4,4.87,4.35
2026-06-17T10:42:36,2026-06-17 10:42:33,002664,信质集团,19.43,-0.6646,19.56,19.78,19.25,19.56,67822156.0,19.56,18.0
2026-06-17T10:42:36,2026-06-17 10:42:33,000411,英特集团,9.81,-2.8713,10.08,10.09,9.8,10.1,37436017.36,10.1,9.5
2026-06-17T10:42:36,2026-06-17 10:42:32,603093,南华期货,21.18,-2.1709,21.66,22.17,21.15,21.65,190595291.0,21.65,19.12
2026-06-17T10:42:36,2026-06-17 10:42:33,000759,中百集团,6.08,-2.0934,6.18,6.22,5.98,6.21,264505972.0,6.1,5.612
2026-06-17T10:42:36,2026-06-17 10:42:30,001268,联合精密,41.55,0.1929,41.47,42.2,41.01,41.47,35550111.0,41.34,38.033
2026-06-17T10:42:36,2026-06-17 10:42:33,002155,湖南黄金,26.27,-1.2406,26.56,26.89,26.08,26.6,746214307.0,26.59,24.463
2026-06-17T10:42:36,2026-06-17 10:42:33,002240,盛新锂能,48.88,0.1434,48.81,50.19,47.87,48.81,1896393904.31,50.517,46.475
2026-06-17T10:42:36,2026-06-17 10:42:34,600183,生益科技,187.87,4.7213,180.0,191.0,179.95,179.4,9526513920.0,182.56,167.955
2026-06-17T10:42:36,2026-06-17 10:42:34,600601,方正科技,14.84,5.2482,13.82,14.96,13.82,14.1,2545388897.0,13.57,12.484
2026-06-17T10:43:36,2026-06-17 10:43:33,002613,北玻股份,5.08,4.3121,4.74,5.27,4.74,4.87,699689615.4,4.87,4.35
2026-06-17T10:43:36,2026-06-17 10:43:33,002664,信质集团,19.39,-0.8691,19.56,19.78,19.25,19.56,68561642.0,19.56,18.0
2026-06-17T10:43:36,2026-06-17 10:43:33,000411,英特集团,9.81,-2.8713,10.08,10.09,9.8,10.1,38286910.36,10.1,9.5
2026-06-17T10:43:36,2026-06-17 10:43:35,603093,南华期货,21.17,-2.2171,21.66,22.17,21.15,21.65,191758091.0,21.65,19.12
2026-06-17T10:43:36,2026-06-17 10:43:33,000759,中百集团,6.09,-1.9324,6.18,6.22,5.98,6.21,266248072.0,6.1,5.612
2026-06-17T10:43:36,2026-06-17 10:43:33,001268,联合精密,41.43,-0.0965,41.47,42.2,41.01,41.47,36222160.0,41.34,38.033
2026-06-17T10:43:36,2026-06-17 10:43:33,002155,湖南黄金,26.28,-1.203,26.56,26.89,26.08,26.6,750901192.0,26.59,24.463
2026-06-17T10:43:36,2026-06-17 10:43:33,002240,盛新锂能,48.79,-0.041,48.81,50.19,47.87,48.81,1911464724.31,50.517,46.475
2026-06-17T10:43:36,2026-06-17 10:43:34,600183,生益科技,187.72,4.6377,180.0,191.0,179.95,179.4,9559941946.0,182.56,167.955
2026-06-17T10:43:36,2026-06-17 10:43:34,600601,方正科技,14.9,5.6738,13.82,14.96,13.82,14.1,2562625276.0,13.57,12.484
2026-06-17T10:44:36,2026-06-17 10:44:36,002613,北玻股份,5.07,4.1068,4.74,5.27,4.74,4.87,701925188.4,4.87,4.35
2026-06-17T10:44:36,2026-06-17 10:44:36,002664,信质集团,19.36,-1.0225,19.56,19.78,19.25,19.56,70459546.0,19.56,18.0
2026-06-17T10:44:36,2026-06-17 10:44:36,000411,英特集团,9.79,-3.0693,10.08,10.09,9.79,10.1,39306176.36,10.1,9.5
2026-06-17T10:44:36,2026-06-17 10:44:35,603093,南华期货,21.16,-2.2633,21.66,22.17,21.15,21.65,193555269.0,21.65,19.12
2026-06-17T10:44:36,2026-06-17 10:44:36,000759,中百集团,6.08,-2.0934,6.18,6.22,5.98,6.21,267512576.0,6.1,5.612
2026-06-17T10:44:36,2026-06-17 10:44:36,001268,联合精密,41.28,-0.4582,41.47,42.2,41.01,41.47,36748083.0,41.34,38.033
2026-06-17T10:44:36,2026-06-17 10:44:36,002155,湖南黄金,26.26,-1.2782,26.56,26.89,26.08,26.6,758195542.14,26.59,24.463
2026-06-17T10:44:36,2026-06-17 10:44:36,002240,盛新锂能,48.81,0.0,48.81,50.19,47.87,48.81,1921759276.83,50.517,46.475
2026-06-17T10:44:36,2026-06-17 10:44:34,600183,生益科技,188.25,4.9331,180.0,191.0,179.95,179.4,9631281990.0,182.56,167.955
2026-06-17T10:44:36,2026-06-17 10:44:34,600601,方正科技,14.93,5.8865,13.82,14.96,13.82,14.1,2605343461.0,13.57,12.484
2026-06-17T10:45:37,2026-06-17 10:45:36,002613,北玻股份,5.08,4.3121,4.74,5.27,4.74,4.87,703885554.4,4.87,4.35
2026-06-17T10:45:37,2026-06-17 10:45:36,002664,信质集团,19.38,-0.9202,19.56,19.78,19.25,19.56,70762009.0,19.56,18.0
2026-06-17T10:45:37,2026-06-17 10:45:33,000411,英特集团,9.8,-2.9703,10.08,10.09,9.79,10.1,39998199.81,10.1,9.5
2026-06-17T10:45:37,2026-06-17 10:45:35,603093,南华期货,21.15,-2.3095,21.66,22.17,21.15,21.65,194854381.0,21.65,19.12
2026-06-17T10:45:37,2026-06-17 10:45:36,000759,中百集团,6.07,-2.2544,6.18,6.22,5.98,6.21,269813996.0,6.1,5.612
2026-06-17T10:45:37,2026-06-17 10:45:33,001268,联合精密,41.44,-0.0723,41.47,42.2,41.01,41.47,36847388.0,41.34,38.033
2026-06-17T10:45:37,2026-06-17 10:45:36,002155,湖南黄金,26.25,-1.3158,26.56,26.89,26.08,26.6,768011163.14,26.59,24.463
2026-06-17T10:45:37,2026-06-17 10:45:36,002240,盛新锂能,48.88,0.1434,48.81,50.19,47.87,48.81,1928191312.45,50.517,46.475
2026-06-17T10:45:37,2026-06-17 10:45:34,600183,生益科技,187.8,4.6823,180.0,191.0,179.95,179.4,9701303272.0,182.56,167.955
2026-06-17T10:45:37,2026-06-17 10:45:34,600601,方正科技,14.86,5.3901,13.82,14.96,13.82,14.1,2625074417.0,13.57,12.484
2026-06-17T10:46:38,2026-06-17 10:46:36,002613,北玻股份,5.06,3.9014,4.74,5.27,4.74,4.87,708916766.4,4.87,4.35
2026-06-17T10:46:38,2026-06-17 10:46:36,002664,信质集团,19.4,-0.818,19.56,19.78,19.25,19.56,71029589.0,19.56,18.0
2026-06-17T10:46:38,2026-06-17 10:46:36,000411,英特集团,9.8,-2.9703,10.08,10.09,9.79,10.1,40208911.81,10.1,9.5
2026-06-17T10:46:38,2026-06-17 10:46:35,603093,南华期货,21.13,-2.4018,21.66,22.17,21.11,21.65,196750881.0,21.65,19.12
2026-06-17T10:46:38,2026-06-17 10:46:36,000759,中百集团,6.07,-2.2544,6.18,6.22,5.98,6.21,270382520.0,6.1,5.612
2026-06-17T10:46:38,2026-06-17 10:46:36,001268,联合精密,41.38,-0.217,41.47,42.2,41.01,41.47,36988188.0,41.34,38.033
2026-06-17T10:46:38,2026-06-17 10:46:36,002155,湖南黄金,26.28,-1.203,26.56,26.89,26.08,26.6,772658287.36,26.59,24.463
2026-06-17T10:46:38,2026-06-17 10:46:36,002240,盛新锂能,48.76,-0.1024,48.81,50.19,47.87,48.81,1935898366.45,50.517,46.475
2026-06-17T10:46:38,2026-06-17 10:46:37,600183,生益科技,187.78,4.6711,180.0,191.0,179.95,179.4,9760759124.0,182.56,167.955
2026-06-17T10:46:38,2026-06-17 10:46:34,600601,方正科技,14.94,5.9574,13.82,14.96,13.82,14.1,2654731485.0,13.57,12.484
2026-06-17T10:47:38,2026-06-17 10:47:36,002613,北玻股份,5.04,3.4908,4.74,5.27,4.74,4.87,713910585.4,4.87,4.35
2026-06-17T10:47:38,2026-06-17 10:47:33,002664,信质集团,19.39,-0.8691,19.56,19.78,19.25,19.56,71306971.0,19.56,18.0
2026-06-17T10:47:38,2026-06-17 10:47:36,000411,英特集团,9.79,-3.0693,10.08,10.09,9.78,10.1,41121277.81,10.1,9.5
2026-06-17T10:47:38,2026-06-17 10:47:35,603093,南华期货,21.17,-2.2171,21.66,22.17,21.11,21.65,199187796.0,21.65,19.12
2026-06-17T10:47:38,2026-06-17 10:47:36,000759,中百集团,6.08,-2.0934,6.18,6.22,5.98,6.21,270849478.0,6.1,5.612
2026-06-17T10:47:38,2026-06-17 10:47:36,001268,联合精密,41.39,-0.1929,41.47,42.2,41.01,41.47,37054401.0,41.34,38.033
2026-06-17T10:47:38,2026-06-17 10:47:36,002155,湖南黄金,26.23,-1.391,26.56,26.89,26.08,26.6,776357174.36,26.59,24.463
2026-06-17T10:47:38,2026-06-17 10:47:36,002240,盛新锂能,48.83,0.041,48.81,50.19,47.87,48.81,1941936175.45,50.517,46.475
2026-06-17T10:47:38,2026-06-17 10:47:34,600183,生益科技,187.75,4.6544,180.0,191.0,179.95,179.4,9792446019.0,182.56,167.955
2026-06-17T10:47:38,2026-06-17 10:47:34,600601,方正科技,15.01,6.4539,13.82,15.07,13.82,14.1,2764414938.0,13.57,12.484
2026-06-17T10:48:39,2026-06-17 10:48:36,002613,北玻股份,5.04,3.4908,4.74,5.27,4.74,4.87,722526631.4,4.87,4.35
2026-06-17T10:48:39,2026-06-17 10:48:36,002664,信质集团,19.39,-0.8691,19.56,19.78,19.25,19.56,71541509.0,19.56,18.0
2026-06-17T10:48:39,2026-06-17 10:48:33,000411,英特集团,9.79,-3.0693,10.08,10.09,9.78,10.1,41329904.26,10.1,9.5
2026-06-17T10:48:39,2026-06-17 10:48:35,603093,南华期货,21.19,-2.1247,21.66,22.17,21.11,21.65,199412309.0,21.65,19.12
2026-06-17T10:48:39,2026-06-17 10:48:36,000759,中百集团,6.08,-2.0934,6.18,6.22,5.98,6.21,271573993.0,6.1,5.612
2026-06-17T10:48:39,2026-06-17 10:48:30,001268,联合精密,41.37,-0.2411,41.47,42.2,41.01,41.47,37377231.0,41.34,38.033
2026-06-17T10:48:39,2026-06-17 10:48:36,002155,湖南黄金,26.24,-1.3534,26.56,26.89,26.08,26.6,778948643.94,26.59,24.463
2026-06-17T10:48:39,2026-06-17 10:48:36,002240,盛新锂能,48.91,0.2049,48.81,50.19,47.87,48.81,1946812668.67,50.517,46.475
2026-06-17T10:48:39,2026-06-17 10:48:37,600183,生益科技,187.59,4.5652,180.0,191.0,179.95,179.4,9835481848.0,182.56,167.955
2026-06-17T10:48:39,2026-06-17 10:48:37,600601,方正科技,15.02,6.5248,13.82,15.07,13.82,14.1,2799753153.0,13.57,12.484
2026-06-17T10:49:39,2026-06-17 10:49:36,002613,北玻股份,5.05,3.6961,4.74,5.27,4.74,4.87,725182832.4,4.87,4.35
2026-06-17T10:49:39,2026-06-17 10:49:33,002664,信质集团,19.46,-0.5112,19.56,19.78,19.25,19.56,71846583.0,19.56,18.0
2026-06-17T10:49:39,2026-06-17 10:49:36,000411,英特集团,9.81,-2.8713,10.08,10.09,9.78,10.1,41483711.26,10.1,9.5
2026-06-17T10:49:39,2026-06-17 10:49:35,603093,南华期货,21.17,-2.2171,21.66,22.17,21.11,21.65,199939952.0,21.65,19.12
2026-06-17T10:49:39,2026-06-17 10:49:36,000759,中百集团,6.1,-1.7713,6.18,6.22,5.98,6.21,273012828.0,6.1,5.612
2026-06-17T10:49:39,2026-06-17 10:49:36,001268,联合精密,41.45,-0.0482,41.47,42.2,41.01,41.47,37480767.0,41.34,38.033
2026-06-17T10:49:39,2026-06-17 10:49:36,002155,湖南黄金,26.25,-1.3158,26.56,26.89,26.08,26.6,788482623.16,26.59,24.463
2026-06-17T10:49:39,2026-06-17 10:49:36,002240,盛新锂能,48.98,0.3483,48.81,50.19,47.87,48.81,1951760377.67,50.517,46.475
2026-06-17T10:49:39,2026-06-17 10:49:37,600183,生益科技,187.0,4.2363,180.0,191.0,179.95,179.4,9929994373.0,182.56,167.955
2026-06-17T10:49:39,2026-06-17 10:49:37,600601,方正科技,14.93,5.8865,13.82,15.07,13.82,14.1,2832850354.0,13.57,12.484
2026-06-17T10:50:39,2026-06-17 10:50:36,002613,北玻股份,5.04,3.4908,4.74,5.27,4.74,4.87,728043753.4,4.87,4.35
2026-06-17T10:50:39,2026-06-17 10:50:36,002664,信质集团,19.46,-0.5112,19.56,19.78,19.25,19.56,72099570.0,19.56,18.0
2026-06-17T10:50:39,2026-06-17 10:50:39,000411,英特集团,9.8,-2.9703,10.08,10.09,9.78,10.1,41595503.26,10.1,9.5
2026-06-17T10:50:39,2026-06-17 10:50:38,603093,南华期货,21.16,-2.2633,21.66,22.17,21.11,21.65,201320300.0,21.65,19.12
2026-06-17T10:50:39,2026-06-17 10:50:39,000759,中百集团,6.09,-1.9324,6.18,6.22,5.98,6.21,274997109.0,6.1,5.612
2026-06-17T10:50:39,2026-06-17 10:50:39,001268,联合精密,41.53,0.1447,41.47,42.2,41.01,41.47,37634155.0,41.34,38.033
2026-06-17T10:50:39,2026-06-17 10:50:36,002155,湖南黄金,26.27,-1.2406,26.56,26.89,26.08,26.6,801324255.16,26.59,24.463
2026-06-17T10:50:39,2026-06-17 10:50:36,002240,盛新锂能,48.98,0.3483,48.81,50.19,47.87,48.81,1955390053.67,50.517,46.475
2026-06-17T10:50:39,2026-06-17 10:50:37,600183,生益科技,185.66,3.4894,180.0,191.0,179.95,179.4,10083852734.0,182.56,167.955
2026-06-17T10:50:39,2026-06-17 10:50:37,600601,方正科技,14.88,5.5319,13.82,15.07,13.82,14.1,2857202717.0,13.57,12.484
2026-06-17T10:51:40,2026-06-17 10:51:39,002613,北玻股份,5.03,3.2854,4.74,5.27,4.74,4.87,731265048.4,4.87,4.35
2026-06-17T10:51:40,2026-06-17 10:51:39,002664,信质集团,19.5,-0.3067,19.56,19.78,19.25,19.56,72707531.0,19.56,18.0
2026-06-17T10:51:40,2026-06-17 10:51:39,000411,英特集团,9.81,-2.8713,10.08,10.09,9.78,10.1,41662160.26,10.1,9.5
2026-06-17T10:51:40,2026-06-17 10:51:38,603093,南华期货,21.18,-2.1709,21.66,22.17,21.11,21.65,201985769.0,21.65,19.12
2026-06-17T10:51:40,2026-06-17 10:51:39,000759,中百集团,6.09,-1.9324,6.18,6.22,5.98,6.21,276231795.0,6.1,5.612
2026-06-17T10:51:40,2026-06-17 10:51:36,001268,联合精密,41.51,0.0965,41.47,42.2,41.01,41.47,37692243.0,41.34,38.033
2026-06-17T10:51:40,2026-06-17 10:51:39,002155,湖南黄金,26.28,-1.203,26.56,26.89,26.08,26.6,817049489.16,26.59,24.463
2026-06-17T10:51:40,2026-06-17 10:51:39,002240,盛新锂能,48.88,0.1434,48.81,50.19,47.87,48.81,1959006596.47,50.517,46.475
2026-06-17T10:51:40,2026-06-17 10:51:40,600183,生益科技,186.01,3.6845,180.0,191.0,179.95,179.4,10186942755.0,182.56,167.955
2026-06-17T10:51:40,2026-06-17 10:51:37,600601,方正科技,14.87,5.461,13.82,15.07,13.82,14.1,2882863668.0,13.57,12.484
2026-06-17T10:52:41,2026-06-17 10:52:39,002613,北玻股份,5.02,3.0801,4.74,5.27,4.74,4.87,734399793.4,4.87,4.35
2026-06-17T10:52:41,2026-06-17 10:52:39,002664,信质集团,19.46,-0.5112,19.56,19.78,19.25,19.56,72884883.0,19.56,18.0
2026-06-17T10:52:41,2026-06-17 10:52:36,000411,英特集团,9.8,-2.9703,10.08,10.09,9.78,10.1,41720990.26,10.1,9.5
2026-06-17T10:52:41,2026-06-17 10:52:38,603093,南华期货,21.13,-2.4018,21.66,22.17,21.11,21.65,202599282.0,21.65,19.12
2026-06-17T10:52:41,2026-06-17 10:52:39,000759,中百集团,6.07,-2.2544,6.18,6.22,5.98,6.21,277265633.0,6.1,5.612
2026-06-17T10:52:41,2026-06-17 10:52:33,001268,联合精密,41.46,-0.0241,41.47,42.2,41.01,41.47,37953400.0,41.34,38.033
2026-06-17T10:52:41,2026-06-17 10:52:39,002155,湖南黄金,26.27,-1.2406,26.56,26.89,26.08,26.6,819976240.16,26.59,24.463
2026-06-17T10:52:41,2026-06-17 10:52:39,002240,盛新锂能,48.82,0.0205,48.81,50.19,47.87,48.81,1964384253.47,50.517,46.475
2026-06-17T10:52:41,2026-06-17 10:52:37,600183,生益科技,185.59,3.4504,180.0,191.0,179.95,179.4,10276957559.0,182.56,167.955
2026-06-17T10:52:41,2026-06-17 10:52:37,600601,方正科技,14.9,5.6738,13.82,15.07,13.82,14.1,2892957528.0,13.57,12.484
2026-06-17T10:53:41,2026-06-17 10:53:39,002613,北玻股份,5.03,3.2854,4.74,5.27,4.74,4.87,739334895.4,4.87,4.35
2026-06-17T10:53:41,2026-06-17 10:53:39,002664,信质集团,19.46,-0.5112,19.56,19.78,19.25,19.56,73240838.0,19.56,18.0
2026-06-17T10:53:41,2026-06-17 10:53:27,000411,英特集团,9.8,-2.9703,10.08,10.09,9.78,10.1,41832709.26,10.1,9.5
2026-06-17T10:53:41,2026-06-17 10:53:38,603093,南华期货,21.16,-2.2633,21.66,22.17,21.11,21.65,203071041.0,21.65,19.12
2026-06-17T10:53:41,2026-06-17 10:53:39,000759,中百集团,6.07,-2.2544,6.18,6.22,5.98,6.21,277795560.0,6.1,5.612
2026-06-17T10:53:41,2026-06-17 10:53:36,001268,联合精密,41.46,-0.0241,41.47,42.2,41.01,41.47,38119172.0,41.34,38.033
2026-06-17T10:53:41,2026-06-17 10:53:39,002155,湖南黄金,26.3,-1.1278,26.56,26.89,26.08,26.6,823556410.16,26.59,24.463
2026-06-17T10:53:41,2026-06-17 10:53:39,002240,盛新锂能,48.78,-0.0615,48.81,50.19,47.87,48.81,1969752626.47,50.517,46.475
2026-06-17T10:53:41,2026-06-17 10:53:40,600183,生益科技,186.7,4.0691,180.0,191.0,179.95,179.4,10345352727.0,182.56,167.955
2026-06-17T10:53:41,2026-06-17 10:53:37,600601,方正科技,14.95,6.0284,13.82,15.07,13.82,14.1,2908547756.0,13.57,12.484
2026-06-17T10:54:41,2026-06-17 10:54:39,002613,北玻股份,5.03,3.2854,4.74,5.27,4.74,4.87,741948013.4,4.87,4.35
2026-06-17T10:54:41,2026-06-17 10:54:36,002664,信质集团,19.45,-0.5624,19.56,19.78,19.25,19.56,73316679.0,19.56,18.0
2026-06-17T10:54:41,2026-06-17 10:54:39,000411,英特集团,9.81,-2.8713,10.08,10.09,9.78,10.1,41886645.26,10.1,9.5
2026-06-17T10:54:41,2026-06-17 10:54:38,603093,南华期货,21.15,-2.3095,21.66,22.17,21.11,21.65,203523587.0,21.65,19.12
2026-06-17T10:54:41,2026-06-17 10:54:39,000759,中百集团,6.04,-2.7375,6.18,6.22,5.98,6.21,279745279.0,6.1,5.612
2026-06-17T10:54:41,2026-06-17 10:54:39,001268,联合精密,41.47,0.0,41.47,42.2,41.01,41.47,38144054.0,41.34,38.033
2026-06-17T10:54:41,2026-06-17 10:54:39,002155,湖南黄金,26.29,-1.1654,26.56,26.89,26.08,26.6,825947559.16,26.59,24.463
2026-06-17T10:54:41,2026-06-17 10:54:39,002240,盛新锂能,48.78,-0.0615,48.81,50.19,47.87,48.81,1975114216.47,50.517,46.475
2026-06-17T10:54:41,2026-06-17 10:54:37,600183,生益科技,186.61,4.019,180.0,191.0,179.95,179.4,10395989345.0,182.56,167.955
2026-06-17T10:54:41,2026-06-17 10:54:37,600601,方正科技,14.9,5.6738,13.82,15.07,13.82,14.1,2921878752.0,13.57,12.484
2026-06-17T10:55:41,2026-06-17 10:55:39,002613,北玻股份,5.03,3.2854,4.74,5.27,4.74,4.87,743386823.4,4.87,4.35
2026-06-17T10:55:41,2026-06-17 10:55:39,002664,信质集团,19.44,-0.6135,19.56,19.78,19.25,19.56,73388593.0,19.56,18.0
2026-06-17T10:55:41,2026-06-17 10:55:24,000411,英特集团,9.81,-2.8713,10.08,10.09,9.78,10.1,41909401.26,10.1,9.5
2026-06-17T10:55:41,2026-06-17 10:55:38,603093,南华期货,21.17,-2.2171,21.66,22.17,21.11,21.65,204373788.0,21.65,19.12
2026-06-17T10:55:41,2026-06-17 10:55:39,000759,中百集团,6.06,-2.4155,6.18,6.22,5.98,6.21,280818223.0,6.1,5.612
2026-06-17T10:55:41,2026-06-17 10:55:36,001268,联合精密,41.47,0.0,41.47,42.2,41.01,41.47,38148201.0,41.34,38.033
2026-06-17T10:55:41,2026-06-17 10:55:39,002155,湖南黄金,26.28,-1.203,26.56,26.89,26.08,26.6,828142273.16,26.59,24.463
2026-06-17T10:55:41,2026-06-17 10:55:39,002240,盛新锂能,48.77,-0.082,48.81,50.19,47.87,48.81,1983200810.47,50.517,46.475
2026-06-17T10:55:41,2026-06-17 10:55:40,600183,生益科技,186.87,4.1639,180.0,191.0,179.95,179.4,10456052394.0,182.56,167.955
2026-06-17T10:55:41,2026-06-17 10:55:37,600601,方正科技,14.9,5.6738,13.82,15.07,13.82,14.1,2933770878.0,13.57,12.484
2026-06-17T10:56:42,2026-06-17 10:56:39,002613,北玻股份,5.03,3.2854,4.74,5.27,4.74,4.87,744850935.4,4.87,4.35
2026-06-17T10:56:42,2026-06-17 10:56:36,002664,信质集团,19.43,-0.6646,19.56,19.78,19.25,19.56,73542176.0,19.56,18.0
2026-06-17T10:56:42,2026-06-17 10:56:39,000411,英特集团,9.8,-2.9703,10.08,10.09,9.78,10.1,41922151.26,10.1,9.5
2026-06-17T10:56:42,2026-06-17 10:56:38,603093,南华期货,21.17,-2.2171,21.66,22.17,21.11,21.65,204843548.0,21.65,19.12
2026-06-17T10:56:42,2026-06-17 10:56:39,000759,中百集团,6.05,-2.5765,6.18,6.22,5.98,6.21,281559644.0,6.1,5.612
2026-06-17T10:56:42,2026-06-17 10:56:39,001268,联合精密,41.46,-0.0241,41.47,42.2,41.01,41.47,38260181.0,41.34,38.033
2026-06-17T10:56:42,2026-06-17 10:56:39,002155,湖南黄金,26.31,-1.0902,26.56,26.89,26.08,26.6,830986963.16,26.59,24.463
2026-06-17T10:56:42,2026-06-17 10:56:39,002240,盛新锂能,48.76,-0.1024,48.81,50.19,47.87,48.81,1988014435.47,50.517,46.475
2026-06-17T10:56:42,2026-06-17 10:56:40,600183,生益科技,186.12,3.7458,180.0,191.0,179.95,179.4,10491225445.0,182.56,167.955
2026-06-17T10:56:42,2026-06-17 10:56:40,600601,方正科技,14.87,5.461,13.82,15.07,13.82,14.1,2953795253.0,13.57,12.484
2026-06-17T10:57:42,2026-06-17 10:57:39,002613,北玻股份,5.05,3.6961,4.74,5.27,4.74,4.87,747281054.84,4.87,4.35
2026-06-17T10:57:42,2026-06-17 10:57:36,002664,信质集团,19.47,-0.4601,19.56,19.78,19.25,19.56,73619956.0,19.56,18.0
2026-06-17T10:57:42,2026-06-17 10:57:36,000411,英特集团,9.81,-2.8713,10.08,10.09,9.78,10.1,42074069.26,10.1,9.5
2026-06-17T10:57:42,2026-06-17 10:57:41,603093,南华期货,21.17,-2.2171,21.66,22.17,21.11,21.65,205216401.0,21.65,19.12
2026-06-17T10:57:42,2026-06-17 10:57:39,000759,中百集团,6.06,-2.4155,6.18,6.22,5.98,6.21,281915492.0,6.1,5.612
2026-06-17T10:57:42,2026-06-17 10:57:36,001268,联合精密,41.5,0.0723,41.47,42.2,41.01,41.47,38359687.0,41.34,38.033
2026-06-17T10:57:42,2026-06-17 10:57:39,002155,湖南黄金,26.34,-0.9774,26.56,26.89,26.08,26.6,836143213.16,26.59,24.463
2026-06-17T10:57:42,2026-06-17 10:57:39,002240,盛新锂能,48.91,0.2049,48.81,50.19,47.87,48.81,1993092954.27,50.517,46.475
2026-06-17T10:57:42,2026-06-17 10:57:40,600183,生益科技,187.01,4.2419,180.0,191.0,179.95,179.4,10547380970.0,182.56,167.955
2026-06-17T10:57:42,2026-06-17 10:57:40,600601,方正科技,14.93,5.8865,13.82,15.07,13.82,14.1,2965907621.0,13.57,12.484
2026-06-17T10:58:42,2026-06-17 10:58:39,002613,北玻股份,5.08,4.3121,4.74,5.27,4.74,4.87,749300237.84,4.87,4.35
2026-06-17T10:58:42,2026-06-17 10:58:39,002664,信质集团,19.49,-0.3579,19.56,19.78,19.25,19.56,73740682.0,19.56,18.0
2026-06-17T10:58:42,2026-06-17 10:58:39,000411,英特集团,9.8,-2.9703,10.08,10.09,9.78,10.1,42095639.26,10.1,9.5
2026-06-17T10:58:42,2026-06-17 10:58:41,603093,南华期货,21.17,-2.2171,21.66,22.17,21.11,21.65,205639916.0,21.65,19.12
2026-06-17T10:58:42,2026-06-17 10:58:39,000759,中百集团,6.04,-2.7375,6.18,6.22,5.98,6.21,282180304.0,6.1,5.612
2026-06-17T10:58:42,2026-06-17 10:58:39,001268,联合精密,41.5,0.0723,41.47,42.2,41.01,41.47,38480038.0,41.34,38.033
2026-06-17T10:58:42,2026-06-17 10:58:39,002155,湖南黄金,26.33,-1.015,26.56,26.89,26.08,26.6,839488517.16,26.59,24.463
2026-06-17T10:58:42,2026-06-17 10:58:39,002240,盛新锂能,48.94,0.2663,48.81,50.19,47.87,48.81,1996692435.27,50.517,46.475
2026-06-17T10:58:42,2026-06-17 10:58:40,600183,生益科技,187.32,4.4147,180.0,191.0,179.95,179.4,10591240747.0,182.56,167.955
2026-06-17T10:58:42,2026-06-17 10:58:40,600601,方正科技,14.9,5.6738,13.82,15.07,13.82,14.1,2975868119.0,13.57,12.484
2026-06-17T10:59:42,2026-06-17 10:59:42,002613,北玻股份,5.08,4.3121,4.74,5.27,4.74,4.87,752545324.84,4.87,4.35
2026-06-17T10:59:42,2026-06-17 10:59:42,002664,信质集团,19.45,-0.5624,19.56,19.78,19.25,19.56,74177283.0,19.56,18.0
2026-06-17T10:59:42,2026-06-17 10:59:42,000411,英特集团,9.81,-2.8713,10.08,10.09,9.78,10.1,42123096.26,10.1,9.5
2026-06-17T10:59:42,2026-06-17 10:59:41,603093,南华期货,21.2,-2.0785,21.66,22.17,21.11,21.65,206167323.0,21.65,19.12
2026-06-17T10:59:42,2026-06-17 10:59:42,000759,中百集团,6.05,-2.5765,6.18,6.22,5.98,6.21,282611162.0,6.1,5.612
2026-06-17T10:59:42,2026-06-17 10:59:36,001268,联合精密,41.4,-0.1688,41.47,42.2,41.01,41.47,38521483.0,41.34,38.033
2026-06-17T10:59:42,2026-06-17 10:59:42,002155,湖南黄金,26.34,-0.9774,26.56,26.89,26.08,26.6,840650042.16,26.59,24.463
2026-06-17T10:59:42,2026-06-17 10:59:42,002240,盛新锂能,48.92,0.2254,48.81,50.19,47.87,48.81,1999912553.27,50.517,46.475
2026-06-17T10:59:42,2026-06-17 10:59:40,600183,生益科技,187.79,4.6767,180.0,191.0,179.95,179.4,10616112059.0,182.56,167.955
2026-06-17T10:59:42,2026-06-17 10:59:40,600601,方正科技,14.94,5.9574,13.82,15.07,13.82,14.1,2992443645.0,13.57,12.484
2026-06-17T11:00:43,2026-06-17 11:00:42,002613,北玻股份,5.06,3.9014,4.74,5.27,4.74,4.87,754728869.84,4.87,4.35
2026-06-17T11:00:43,2026-06-17 11:00:42,002664,信质集团,19.46,-0.5112,19.56,19.78,19.25,19.56,74379936.0,19.56,18.0
2026-06-17T11:00:43,2026-06-17 11:00:42,000411,英特集团,9.8,-2.9703,10.08,10.09,9.78,10.1,42410245.06,10.1,9.5
2026-06-17T11:00:43,2026-06-17 11:00:41,603093,南华期货,21.18,-2.1709,21.66,22.17,21.11,21.65,206822026.0,21.65,19.12
2026-06-17T11:00:43,2026-06-17 11:00:42,000759,中百集团,6.03,-2.8986,6.18,6.22,5.98,6.21,283301393.0,6.1,5.612
2026-06-17T11:00:43,2026-06-17 11:00:42,001268,联合精密,41.43,-0.0965,41.47,42.2,41.01,41.47,38525626.0,41.34,38.033
2026-06-17T11:00:43,2026-06-17 11:00:42,002155,湖南黄金,26.36,-0.9023,26.56,26.89,26.08,26.6,845786456.16,26.59,24.463
2026-06-17T11:00:43,2026-06-17 11:00:42,002240,盛新锂能,48.8,-0.0205,48.81,50.19,47.87,48.81,2002600252.27,50.517,46.475
2026-06-17T11:00:43,2026-06-17 11:00:40,600183,生益科技,188.29,4.9554,180.0,191.0,179.95,179.4,10655043610.0,182.56,167.955
2026-06-17T11:00:43,2026-06-17 11:00:40,600601,方正科技,14.95,6.0284,13.82,15.07,13.82,14.1,3006174881.0,13.57,12.484
2026-06-17T11:01:43,2026-06-17 11:01:42,002613,北玻股份,5.06,3.9014,4.74,5.27,4.74,4.87,755629708.84,4.87,4.35
2026-06-17T11:01:43,2026-06-17 11:01:42,002664,信质集团,19.43,-0.6646,19.56,19.78,19.25,19.56,74512216.0,19.56,18.0
2026-06-17T11:01:43,2026-06-17 11:01:42,000411,英特集团,9.79,-3.0693,10.08,10.09,9.78,10.1,42915482.06,10.1,9.5
2026-06-17T11:01:43,2026-06-17 11:01:41,603093,南华期货,21.17,-2.2171,21.66,22.17,21.11,21.65,207290229.0,21.65,19.12
2026-06-17T11:01:43,2026-06-17 11:01:42,000759,中百集团,6.02,-3.0596,6.18,6.22,5.98,6.21,284417716.0,6.1,5.612
2026-06-17T11:01:43,2026-06-17 11:01:42,001268,联合精密,41.32,-0.3617,41.47,42.2,41.01,41.47,38707652.0,41.34,38.033
2026-06-17T11:01:43,2026-06-17 11:01:42,002155,湖南黄金,26.35,-0.9398,26.56,26.89,26.08,26.6,847905999.6,26.59,24.463
2026-06-17T11:01:43,2026-06-17 11:01:42,002240,盛新锂能,48.9,0.1844,48.81,50.19,47.87,48.81,2005125349.27,50.517,46.475
2026-06-17T11:01:43,2026-06-17 11:01:40,600183,生益科技,188.05,4.8216,180.0,191.0,179.95,179.4,10677914145.0,182.56,167.955
2026-06-17T11:01:43,2026-06-17 11:01:40,600601,方正科技,14.95,6.0284,13.82,15.07,13.82,14.1,3015964642.0,13.57,12.484
2026-06-17T11:02:43,2026-06-17 11:02:42,002613,北玻股份,5.05,3.6961,4.74,5.27,4.74,4.87,756547590.84,4.87,4.35
2026-06-17T11:02:43,2026-06-17 11:02:42,002664,信质集团,19.45,-0.5624,19.56,19.78,19.25,19.56,74638624.0,19.56,18.0
2026-06-17T11:02:43,2026-06-17 11:02:36,000411,英特集团,9.78,-3.1683,10.08,10.09,9.78,10.1,43153261.86,10.1,9.5
2026-06-17T11:02:43,2026-06-17 11:02:41,603093,南华期货,21.18,-2.1709,21.66,22.17,21.11,21.65,208126115.0,21.65,19.12
2026-06-17T11:02:43,2026-06-17 11:02:42,000759,中百集团,6.03,-2.8986,6.18,6.22,5.98,6.21,284550246.0,6.1,5.612
2026-06-17T11:02:43,2026-06-17 11:02:42,001268,联合精密,41.3,-0.4099,41.47,42.2,41.01,41.47,38930689.0,41.34,38.033
2026-06-17T11:02:43,2026-06-17 11:02:42,002155,湖南黄金,26.36,-0.9023,26.56,26.89,26.08,26.6,855569965.6,26.59,24.463
2026-06-17T11:02:43,2026-06-17 11:02:42,002240,盛新锂能,48.99,0.3688,48.81,50.19,47.87,48.81,2009589762.11,50.517,46.475
2026-06-17T11:02:43,2026-06-17 11:02:40,600183,生益科技,187.87,4.7213,180.0,191.0,179.95,179.4,10700279184.0,182.56,167.955
2026-06-17T11:02:43,2026-06-17 11:02:40,600601,方正科技,14.93,5.8865,13.82,15.07,13.82,14.1,3029732719.0,13.57,12.484
2026-06-17T11:03:43,2026-06-17 11:03:42,002613,北玻股份,5.05,3.6961,4.74,5.27,4.74,4.87,758374400.84,4.87,4.35
2026-06-17T11:03:43,2026-06-17 11:03:39,002664,信质集团,19.45,-0.5624,19.56,19.78,19.25,19.56,74891371.0,19.56,18.0
2026-06-17T11:03:43,2026-06-17 11:03:42,000411,英特集团,9.78,-3.1683,10.08,10.09,9.78,10.1,43336150.86,10.1,9.5
2026-06-17T11:03:43,2026-06-17 11:03:41,603093,南华期货,21.13,-2.4018,21.66,22.17,21.11,21.65,210595355.0,21.65,19.12
2026-06-17T11:03:43,2026-06-17 11:03:42,000759,中百集团,6.03,-2.8986,6.18,6.22,5.98,6.21,285125208.0,6.1,5.612
2026-06-17T11:03:43,2026-06-17 11:03:39,001268,联合精密,41.31,-0.3858,41.47,42.2,41.01,41.47,39157850.0,41.34,38.033
2026-06-17T11:03:43,2026-06-17 11:03:42,002155,湖南黄金,26.37,-0.8647,26.56,26.89,26.08,26.6,857459813.6,26.59,24.463
2026-06-17T11:03:43,2026-06-17 11:03:42,002240,盛新锂能,49.0,0.3893,48.81,50.19,47.87,48.81,2013870749.11,50.517,46.475
2026-06-17T11:03:43,2026-06-17 11:03:40,600183,生益科技,188.02,4.8049,180.0,191.0,179.95,179.4,10725125736.0,182.56,167.955
2026-06-17T11:03:43,2026-06-17 11:03:40,600601,方正科技,14.92,5.8156,13.82,15.07,13.82,14.1,3037252624.0,13.57,12.484
2026-06-17T11:04:44,2026-06-17 11:04:42,002613,北玻股份,5.04,3.4908,4.74,5.27,4.74,4.87,759101375.84,4.87,4.35
2026-06-17T11:04:44,2026-06-17 11:04:33,002664,信质集团,19.47,-0.4601,19.56,19.78,19.25,19.56,75226057.0,19.56,18.0
2026-06-17T11:04:44,2026-06-17 11:04:42,000411,英特集团,9.78,-3.1683,10.08,10.09,9.76,10.1,44948543.36,10.1,9.5
2026-06-17T11:04:44,2026-06-17 11:04:41,603093,南华期货,21.14,-2.3557,21.66,22.17,21.11,21.65,211261291.0,21.65,19.12
2026-06-17T11:04:44,2026-06-17 11:04:42,000759,中百集团,6.03,-2.8986,6.18,6.22,5.98,6.21,285931712.0,6.1,5.612
2026-06-17T11:04:44,2026-06-17 11:04:39,001268,联合精密,41.31,-0.3858,41.47,42.2,41.01,41.47,39195027.0,41.34,38.033
2026-06-17T11:04:44,2026-06-17 11:04:42,002155,湖南黄金,26.3,-1.1278,26.56,26.89,26.08,26.6,861076792.6,26.59,24.463
2026-06-17T11:04:44,2026-06-17 11:04:42,002240,盛新锂能,49.14,0.6761,48.81,50.19,47.87,48.81,2018386369.11,50.517,46.475
2026-06-17T11:04:44,2026-06-17 11:04:43,600183,生益科技,187.3,4.4036,180.0,191.0,179.95,179.4,10757237230.0,182.56,167.955
2026-06-17T11:04:44,2026-06-17 11:04:40,600601,方正科技,14.87,5.461,13.82,15.07,13.82,14.1,3048415961.0,13.57,12.484
2026-06-17T11:05:44,2026-06-17 11:05:42,002613,北玻股份,5.03,3.2854,4.74,5.27,4.74,4.87,760817217.84,4.87,4.35
2026-06-17T11:05:44,2026-06-17 11:05:42,002664,信质集团,19.43,-0.6646,19.56,19.78,19.25,19.56,75387478.0,19.56,18.0
2026-06-17T11:05:44,2026-06-17 11:05:42,000411,英特集团,9.78,-3.1683,10.08,10.09,9.76,10.1,45119705.36,10.1,9.5
2026-06-17T11:05:44,2026-06-17 11:05:41,603093,南华期货,21.12,-2.448,21.66,22.17,21.11,21.65,212230803.0,21.65,19.12
2026-06-17T11:05:44,2026-06-17 11:05:42,000759,中百集团,6.04,-2.7375,6.18,6.22,5.98,6.21,286370638.0,6.1,5.612
2026-06-17T11:05:44,2026-06-17 11:05:39,001268,联合精密,41.28,-0.4582,41.47,42.2,41.01,41.47,39768993.0,41.34,38.033
2026-06-17T11:05:44,2026-06-17 11:05:42,002155,湖南黄金,26.31,-1.0902,26.56,26.89,26.08,26.6,864664076.6,26.59,24.463
2026-06-17T11:05:44,2026-06-17 11:05:42,002240,盛新锂能,49.07,0.5327,48.81,50.19,47.87,48.81,2025047166.11,50.517,46.475
2026-06-17T11:05:44,2026-06-17 11:05:43,600183,生益科技,187.58,4.5596,180.0,191.0,179.95,179.4,10779388332.0,182.56,167.955
2026-06-17T11:05:44,2026-06-17 11:05:43,600601,方正科技,14.81,5.0355,13.82,15.07,13.82,14.1,3061644200.0,13.57,12.484
2026-06-17T11:06:45,2026-06-17 11:06:42,002613,北玻股份,5.04,3.4908,4.74,5.27,4.74,4.87,761965271.84,4.87,4.35
2026-06-17T11:06:45,2026-06-17 11:06:42,002664,信质集团,19.45,-0.5624,19.56,19.78,19.25,19.56,75541101.0,19.56,18.0
2026-06-17T11:06:45,2026-06-17 11:06:42,000411,英特集团,9.79,-3.0693,10.08,10.09,9.76,10.1,45165708.36,10.1,9.5
2026-06-17T11:06:45,2026-06-17 11:06:41,603093,南华期货,21.11,-2.4942,21.66,22.17,21.11,21.65,212725049.0,21.65,19.12
2026-06-17T11:06:45,2026-06-17 11:06:42,000759,中百集团,6.03,-2.8986,6.18,6.22,5.98,6.21,288415354.0,6.1,5.612
2026-06-17T11:06:45,2026-06-17 11:06:42,001268,联合精密,41.22,-0.6028,41.47,42.2,41.01,41.47,39933965.0,41.34,38.033
2026-06-17T11:06:45,2026-06-17 11:06:42,002155,湖南黄金,26.35,-0.9398,26.56,26.89,26.08,26.6,866790671.6,26.59,24.463
2026-06-17T11:06:45,2026-06-17 11:06:42,002240,盛新锂能,48.96,0.3073,48.81,50.19,47.87,48.81,2028634646.11,50.517,46.475
2026-06-17T11:06:45,2026-06-17 11:06:43,600183,生益科技,187.46,4.4928,180.0,191.0,179.95,179.4,10817814781.0,182.56,167.955
2026-06-17T11:06:45,2026-06-17 11:06:43,600601,方正科技,14.79,4.8936,13.82,15.07,13.82,14.1,3081683707.0,13.57,12.484
2026-06-17T11:07:46,2026-06-17 11:07:45,002613,北玻股份,5.03,3.2854,4.74,5.27,4.74,4.87,762925287.84,4.87,4.35
2026-06-17T11:07:46,2026-06-17 11:07:45,002664,信质集团,19.48,-0.409,19.56,19.78,19.25,19.56,75745440.0,19.56,18.0
2026-06-17T11:07:46,2026-06-17 11:07:45,000411,英特集团,9.78,-3.1683,10.08,10.09,9.76,10.1,45266453.36,10.1,9.5
2026-06-17T11:07:46,2026-06-17 11:07:44,603093,南华期货,21.11,-2.4942,21.66,22.17,21.08,21.65,214391995.0,21.65,19.12
2026-06-17T11:07:46,2026-06-17 11:07:45,000759,中百集团,6.04,-2.7375,6.18,6.22,5.98,6.21,288553817.0,6.1,5.612
2026-06-17T11:07:46,2026-06-17 11:07:45,001268,联合精密,41.2,-0.6511,41.47,42.2,41.01,41.47,40016389.0,41.34,38.033
2026-06-17T11:07:46,2026-06-17 11:07:45,002155,湖南黄金,26.28,-1.203,26.56,26.89,26.08,26.6,872172615.6,26.59,24.463
2026-06-17T11:07:46,2026-06-17 11:07:45,002240,盛新锂能,48.92,0.2254,48.81,50.19,47.87,48.81,2031184780.11,50.517,46.475
2026-06-17T11:07:46,2026-06-17 11:07:43,600183,生益科技,187.72,4.6377,180.0,191.0,179.95,179.4,10836128870.0,182.56,167.955
2026-06-17T11:07:46,2026-06-17 11:07:43,600601,方正科技,14.76,4.6809,13.82,15.07,13.82,14.1,3098678750.0,13.57,12.484
2026-06-17T11:08:46,2026-06-17 11:08:45,002613,北玻股份,5.04,3.4908,4.74,5.27,4.74,4.87,764851281.84,4.87,4.35
2026-06-17T11:08:46,2026-06-17 11:08:45,002664,信质集团,19.48,-0.409,19.56,19.78,19.25,19.56,76000600.0,19.56,18.0
2026-06-17T11:08:46,2026-06-17 11:08:45,000411,英特集团,9.78,-3.1683,10.08,10.09,9.76,10.1,45333962.36,10.1,9.5
2026-06-17T11:08:46,2026-06-17 11:08:44,603093,南华期货,21.08,-2.6328,21.66,22.17,21.08,21.65,215067270.0,21.65,19.12
2026-06-17T11:08:46,2026-06-17 11:08:45,000759,中百集团,6.04,-2.7375,6.18,6.22,5.98,6.21,288988182.0,6.1,5.612
2026-06-17T11:08:46,2026-06-17 11:08:45,001268,联合精密,41.24,-0.5546,41.47,42.2,41.01,41.47,40140018.0,41.34,38.033
2026-06-17T11:08:46,2026-06-17 11:08:45,002155,湖南黄金,26.26,-1.2782,26.56,26.89,26.08,26.6,874715227.6,26.59,24.463
2026-06-17T11:08:46,2026-06-17 11:08:45,002240,盛新锂能,48.94,0.2663,48.81,50.19,47.87,48.81,2034212942.11,50.517,46.475
2026-06-17T11:08:46,2026-06-17 11:08:43,600183,生益科技,187.47,4.4983,180.0,191.0,179.95,179.4,10858508292.0,182.56,167.955
2026-06-17T11:08:46,2026-06-17 11:08:43,600601,方正科技,14.74,4.539,13.82,15.07,13.82,14.1,3128435751.0,13.57,12.484
2026-06-17T11:09:46,2026-06-17 11:09:45,002613,北玻股份,5.03,3.2854,4.74,5.27,4.74,4.87,766087096.84,4.87,4.35
2026-06-17T11:09:46,2026-06-17 11:09:45,002664,信质集团,19.45,-0.5624,19.56,19.78,19.25,19.56,76179671.0,19.56,18.0
2026-06-17T11:09:46,2026-06-17 11:09:45,000411,英特集团,9.79,-3.0693,10.08,10.09,9.76,10.1,45362344.36,10.1,9.5
2026-06-17T11:09:46,2026-06-17 11:09:44,603093,南华期货,21.1,-2.5404,21.66,22.17,21.08,21.65,215588165.0,21.65,19.12
2026-06-17T11:09:46,2026-06-17 11:09:45,000759,中百集团,6.04,-2.7375,6.18,6.22,5.98,6.21,289192941.0,6.1,5.612
2026-06-17T11:09:46,2026-06-17 11:09:39,001268,联合精密,41.19,-0.6752,41.47,42.2,41.01,41.47,40514926.0,41.34,38.033
2026-06-17T11:09:46,2026-06-17 11:09:45,002155,湖南黄金,26.26,-1.2782,26.56,26.89,26.08,26.6,876800051.6,26.59,24.463
2026-06-17T11:09:46,2026-06-17 11:09:45,002240,盛新锂能,48.93,0.2459,48.81,50.19,47.87,48.81,2037138950.11,50.517,46.475
2026-06-17T11:09:46,2026-06-17 11:09:43,600183,生益科技,186.77,4.1081,180.0,191.0,179.95,179.4,10885113924.0,182.56,167.955
2026-06-17T11:09:46,2026-06-17 11:09:43,600601,方正科技,14.68,4.1135,13.82,15.07,13.82,14.1,3141228264.0,13.57,12.484
2026-06-17T11:10:46,2026-06-17 11:10:45,002613,北玻股份,5.03,3.2854,4.74,5.27,4.74,4.87,767381455.84,4.87,4.35
2026-06-17T11:10:46,2026-06-17 11:10:45,002664,信质集团,19.46,-0.5112,19.56,19.78,19.25,19.56,76249693.0,19.56,18.0
2026-06-17T11:10:46,2026-06-17 11:10:45,000411,英特集团,9.79,-3.0693,10.08,10.09,9.76,10.1,45662896.36,10.1,9.5
2026-06-17T11:10:46,2026-06-17 11:10:44,603093,南华期货,21.09,-2.5866,21.66,22.17,21.08,21.65,216191425.0,21.65,19.12
2026-06-17T11:10:46,2026-06-17 11:10:45,000759,中百集团,6.05,-2.5765,6.18,6.22,5.98,6.21,289334942.0,6.1,5.612
2026-06-17T11:10:46,2026-06-17 11:10:42,001268,联合精密,41.17,-0.7234,41.47,42.2,41.01,41.47,40675433.0,41.34,38.033
2026-06-17T11:10:46,2026-06-17 11:10:45,002155,湖南黄金,26.3,-1.1278,26.56,26.89,26.08,26.6,879600341.3,26.59,24.463
2026-06-17T11:10:46,2026-06-17 11:10:45,002240,盛新锂能,48.91,0.2049,48.81,50.19,47.87,48.81,2041127869.11,50.517,46.475
2026-06-17T11:10:46,2026-06-17 11:10:43,600183,生益科技,186.79,4.1193,180.0,191.0,179.95,179.4,10919445076.0,182.56,167.955
2026-06-17T11:10:46,2026-06-17 11:10:43,600601,方正科技,14.68,4.1135,13.82,15.07,13.82,14.1,3166575938.0,13.57,12.484
2026-06-17T11:11:47,2026-06-17 11:11:45,002613,北玻股份,5.04,3.4908,4.74,5.27,4.74,4.87,768627627.84,4.87,4.35
2026-06-17T11:11:47,2026-06-17 11:11:39,002664,信质集团,19.46,-0.5112,19.56,19.78,19.25,19.56,76411188.0,19.56,18.0
2026-06-17T11:11:47,2026-06-17 11:11:45,000411,英特集团,9.79,-3.0693,10.08,10.09,9.76,10.1,45793172.36,10.1,9.5
2026-06-17T11:11:47,2026-06-17 11:11:44,603093,南华期货,21.07,-2.679,21.66,22.17,21.06,21.65,218586857.0,21.65,19.12
2026-06-17T11:11:47,2026-06-17 11:11:45,000759,中百集团,6.06,-2.4155,6.18,6.22,5.98,6.21,290635185.0,6.1,5.612
2026-06-17T11:11:47,2026-06-17 11:11:45,001268,联合精密,41.1,-0.8922,41.47,42.2,41.01,41.47,40975747.0,41.34,38.033
2026-06-17T11:11:47,2026-06-17 11:11:45,002155,湖南黄金,26.29,-1.1654,26.56,26.89,26.08,26.6,882206427.3,26.59,24.463
2026-06-17T11:11:47,2026-06-17 11:11:45,002240,盛新锂能,48.89,0.1639,48.81,50.19,47.87,48.81,2044292044.11,50.517,46.475
2026-06-17T11:11:47,2026-06-17 11:11:43,600183,生益科技,186.64,4.0357,180.0,191.0,179.95,179.4,10943170847.0,182.56,167.955
2026-06-17T11:11:47,2026-06-17 11:11:43,600601,方正科技,14.68,4.1135,13.82,15.07,13.82,14.1,3180993966.0,13.57,12.484
2026-06-17T11:12:47,2026-06-17 11:12:45,002613,北玻股份,5.05,3.6961,4.74,5.27,4.74,4.87,769928200.84,4.87,4.35
2026-06-17T11:12:47,2026-06-17 11:12:45,002664,信质集团,19.46,-0.5112,19.56,19.78,19.25,19.56,76854587.0,19.56,18.0
2026-06-17T11:12:47,2026-06-17 11:12:42,000411,英特集团,9.79,-3.0693,10.08,10.09,9.76,10.1,45916555.36,10.1,9.5
2026-06-17T11:12:47,2026-06-17 11:12:44,603093,南华期货,21.06,-2.7252,21.66,22.17,21.04,21.65,220383165.0,21.65,19.12
2026-06-17T11:12:47,2026-06-17 11:12:45,000759,中百集团,6.04,-2.7375,6.18,6.22,5.98,6.21,292046051.0,6.1,5.612
2026-06-17T11:12:47,2026-06-17 11:12:42,001268,联合精密,41.09,-0.9163,41.47,42.2,41.01,41.47,41283976.0,41.34,38.033
2026-06-17T11:12:47,2026-06-17 11:12:45,002155,湖南黄金,26.34,-0.9774,26.56,26.89,26.08,26.6,884661371.3,26.59,24.463
2026-06-17T11:12:47,2026-06-17 11:12:45,002240,盛新锂能,48.92,0.2254,48.81,50.19,47.87,48.81,2047984520.11,50.517,46.475
2026-06-17T11:12:47,2026-06-17 11:12:46,600183,生益科技,186.2,3.7904,180.0,191.0,179.95,179.4,10975270291.0,182.56,167.955
2026-06-17T11:12:47,2026-06-17 11:12:43,600601,方正科技,14.68,4.1135,13.82,15.07,13.82,14.1,3201152694.0,13.57,12.484
2026-06-17T11:13:47,2026-06-17 11:13:45,002613,北玻股份,5.04,3.4908,4.74,5.27,4.74,4.87,770787113.84,4.87,4.35
2026-06-17T11:13:47,2026-06-17 11:13:45,002664,信质集团,19.43,-0.6646,19.56,19.78,19.25,19.56,77037310.0,19.56,18.0
2026-06-17T11:13:47,2026-06-17 11:13:45,000411,英特集团,9.8,-2.9703,10.08,10.09,9.76,10.1,45961594.36,10.1,9.5
2026-06-17T11:13:47,2026-06-17 11:13:44,603093,南华期货,21.04,-2.8176,21.66,22.17,21.03,21.65,221717308.0,21.65,19.12
2026-06-17T11:13:47,2026-06-17 11:13:45,000759,中百集团,6.05,-2.5765,6.18,6.22,5.98,6.21,292260188.0,6.1,5.612
2026-06-17T11:13:47,2026-06-17 11:13:36,001268,联合精密,41.01,-1.1092,41.47,42.2,41.01,41.47,41472875.0,41.34,38.033
2026-06-17T11:13:47,2026-06-17 11:13:45,002155,湖南黄金,26.32,-1.0526,26.56,26.89,26.08,26.6,886328443.3,26.59,24.463
2026-06-17T11:13:47,2026-06-17 11:13:45,002240,盛新锂能,49.01,0.4098,48.81,50.19,47.87,48.81,2050854382.11,50.517,46.475
2026-06-17T11:13:47,2026-06-17 11:13:46,600183,生益科技,186.05,3.7068,180.0,191.0,179.95,179.4,11017969802.0,182.56,167.955
2026-06-17T11:13:47,2026-06-17 11:13:46,600601,方正科技,14.68,4.1135,13.82,15.07,13.82,14.1,3210498030.0,13.57,12.484
2026-06-17T11:14:47,2026-06-17 11:14:45,002613,北玻股份,5.04,3.4908,4.74,5.27,4.74,4.87,772403503.84,4.87,4.35
2026-06-17T11:14:47,2026-06-17 11:14:45,002664,信质集团,19.42,-0.7157,19.56,19.78,19.25,19.56,77165575.0,19.56,18.0
2026-06-17T11:14:47,2026-06-17 11:14:39,000411,英特集团,9.79,-3.0693,10.08,10.09,9.76,10.1,46035040.36,10.1,9.5
2026-06-17T11:14:47,2026-06-17 11:14:44,603093,南华期货,21.04,-2.8176,21.66,22.17,21.03,21.65,223112857.0,21.65,19.12
2026-06-17T11:14:47,2026-06-17 11:14:45,000759,中百集团,6.07,-2.2544,6.18,6.22,5.98,6.21,293119805.0,6.1,5.612
2026-06-17T11:14:47,2026-06-17 11:14:45,001268,联合精密,41.04,-1.0369,41.47,42.2,41.01,41.47,41866662.0,41.34,38.033
2026-06-17T11:14:47,2026-06-17 11:14:45,002155,湖南黄金,26.27,-1.2406,26.56,26.89,26.08,26.6,890145350.3,26.59,24.463
2026-06-17T11:14:47,2026-06-17 11:14:45,002240,盛新锂能,48.98,0.3483,48.81,50.19,47.87,48.81,2055421454.11,50.517,46.475
2026-06-17T11:14:47,2026-06-17 11:14:46,600183,生益科技,185.98,3.6678,180.0,191.0,179.95,179.4,11077261812.0,182.56,167.955
2026-06-17T11:14:47,2026-06-17 11:14:43,600601,方正科技,14.67,4.0426,13.82,15.07,13.82,14.1,3217353725.0,13.57,12.484
2026-06-17T11:15:48,2026-06-17 11:15:45,002613,北玻股份,5.04,3.4908,4.74,5.27,4.74,4.87,773050010.84,4.87,4.35
2026-06-17T11:15:48,2026-06-17 11:15:45,002664,信质集团,19.41,-0.7669,19.56,19.78,19.25,19.56,77284031.0,19.56,18.0
2026-06-17T11:15:48,2026-06-17 11:15:42,000411,英特集团,9.79,-3.0693,10.08,10.09,9.76,10.1,46072266.36,10.1,9.5
2026-06-17T11:15:48,2026-06-17 11:15:41,603093,南华期货,21.07,-2.679,21.66,22.17,21.03,21.65,224212217.0,21.65,19.12
2026-06-17T11:15:48,2026-06-17 11:15:45,000759,中百集团,6.08,-2.0934,6.18,6.22,5.98,6.21,294255110.0,6.1,5.612
2026-06-17T11:15:48,2026-06-17 11:15:45,001268,联合精密,40.93,-1.3021,41.47,42.2,40.93,41.47,42297185.0,41.34,38.033
2026-06-17T11:15:48,2026-06-17 11:15:45,002155,湖南黄金,26.28,-1.203,26.56,26.89,26.08,26.6,892512368.3,26.59,24.463
2026-06-17T11:15:48,2026-06-17 11:15:45,002240,盛新锂能,48.92,0.2254,48.81,50.19,47.87,48.81,2058010567.11,50.517,46.475
2026-06-17T11:15:48,2026-06-17 11:15:46,600183,生益科技,185.47,3.3835,180.0,191.0,179.95,179.4,11130513846.0,182.56,167.955
2026-06-17T11:15:48,2026-06-17 11:15:46,600601,方正科技,14.64,3.8298,13.82,15.07,13.82,14.1,3229994230.0,13.57,12.484
2026-06-17T11:16:48,2026-06-17 11:16:45,002613,北玻股份,5.05,3.6961,4.74,5.27,4.74,4.87,774096044.84,4.87,4.35
2026-06-17T11:16:48,2026-06-17 11:16:45,002664,信质集团,19.41,-0.7669,19.56,19.78,19.25,19.56,77381085.0,19.56,18.0
2026-06-17T11:16:48,2026-06-17 11:16:45,000411,英特集团,9.81,-2.8713,10.08,10.09,9.76,10.1,46640786.36,10.1,9.5
2026-06-17T11:16:48,2026-06-17 11:16:47,603093,南华期货,21.07,-2.679,21.66,22.17,21.03,21.65,225477700.0,21.65,19.12
2026-06-17T11:16:48,2026-06-17 11:16:45,000759,中百集团,6.09,-1.9324,6.18,6.22,5.98,6.21,298342389.0,6.1,5.612
2026-06-17T11:16:48,2026-06-17 11:16:45,001268,联合精密,40.93,-1.3021,41.47,42.2,40.9,41.47,42636885.0,41.34,38.033
2026-06-17T11:16:48,2026-06-17 11:16:45,002155,湖南黄金,26.24,-1.3534,26.56,26.89,26.08,26.6,894489848.3,26.59,24.463
2026-06-17T11:16:48,2026-06-17 11:16:45,002240,盛新锂能,48.95,0.2868,48.81,50.19,47.87,48.81,2059914343.11,50.517,46.475
2026-06-17T11:16:48,2026-06-17 11:16:46,600183,生益科技,185.01,3.1271,180.0,191.0,179.95,179.4,11186346062.0,182.56,167.955
2026-06-17T11:16:48,2026-06-17 11:16:46,600601,方正科技,14.6,3.5461,13.82,15.07,13.82,14.1,3248054882.0,13.57,12.484
2026-06-17T11:17:48,2026-06-17 11:17:45,002613,北玻股份,5.05,3.6961,4.74,5.27,4.74,4.87,774920545.84,4.87,4.35
2026-06-17T11:17:48,2026-06-17 11:17:45,002664,信质集团,19.38,-0.9202,19.56,19.78,19.25,19.56,78186014.0,19.56,18.0
2026-06-17T11:17:48,2026-06-17 11:17:45,000411,英特集团,9.82,-2.7723,10.08,10.09,9.76,10.1,46969871.36,10.1,9.5
2026-06-17T11:17:48,2026-06-17 11:17:47,603093,南华期货,21.0,-3.0023,21.66,22.17,20.97,21.65,234615653.0,21.65,19.12
2026-06-17T11:17:48,2026-06-17 11:17:45,000759,中百集团,6.1,-1.7713,6.18,6.22,5.98,6.21,299065539.0,6.1,5.612
2026-06-17T11:17:48,2026-06-17 11:17:45,001268,联合精密,40.91,-1.3504,41.47,42.2,40.9,41.47,42870078.0,41.34,38.033
2026-06-17T11:17:48,2026-06-17 11:17:45,002155,湖南黄金,26.22,-1.4286,26.56,26.89,26.08,26.6,897475489.3,26.59,24.463
2026-06-17T11:17:48,2026-06-17 11:17:45,002240,盛新锂能,48.99,0.3688,48.81,50.19,47.87,48.81,2063160194.11,50.517,46.475
2026-06-17T11:17:48,2026-06-17 11:17:46,600183,生益科技,184.7,2.9543,180.0,191.0,179.95,179.4,11314465611.0,182.56,167.955
2026-06-17T11:17:48,2026-06-17 11:17:46,600601,方正科技,14.56,3.2624,13.82,15.07,13.82,14.1,3275854499.0,13.57,12.484
2026-06-17T11:18:49,2026-06-17 11:18:45,002613,北玻股份,5.03,3.2854,4.74,5.27,4.74,4.87,778134496.84,4.87,4.35
2026-06-17T11:18:49,2026-06-17 11:18:45,002664,信质集团,19.33,-1.1759,19.56,19.78,19.25,19.56,78602200.0,19.56,18.0
2026-06-17T11:18:49,2026-06-17 11:18:45,000411,英特集团,9.83,-2.6733,10.08,10.09,9.76,10.1,47011186.36,10.1,9.5
2026-06-17T11:18:49,2026-06-17 11:18:47,603093,南华期货,20.96,-3.1871,21.66,22.17,20.92,21.65,236561565.0,21.65,19.12
2026-06-17T11:18:49,2026-06-17 11:18:45,000759,中百集团,6.09,-1.9324,6.18,6.22,5.98,6.21,299995691.0,6.1,5.612
2026-06-17T11:18:49,2026-06-17 11:18:45,001268,联合精密,40.89,-1.3986,41.47,42.2,40.87,41.47,43221804.0,41.34,38.033
2026-06-17T11:18:49,2026-06-17 11:18:45,002155,湖南黄金,26.19,-1.5414,26.56,26.89,26.08,26.6,901307327.42,26.59,24.463
2026-06-17T11:18:49,2026-06-17 11:18:45,002240,盛新锂能,49.01,0.4098,48.81,50.19,47.87,48.81,2066507656.11,50.517,46.475
2026-06-17T11:18:49,2026-06-17 11:18:46,600183,生益科技,184.0,2.5641,180.0,191.0,179.95,179.4,11416914053.0,182.56,167.955
2026-06-17T11:18:49,2026-06-17 11:18:46,600601,方正科技,14.55,3.1915,13.82,15.07,13.82,14.1,3296760239.0,13.57,12.484
2026-06-17T11:19:49,2026-06-17 11:19:48,002613,北玻股份,5.02,3.0801,4.74,5.27,4.74,4.87,779861968.84,4.87,4.35
2026-06-17T11:19:49,2026-06-17 11:19:48,002664,信质集团,19.33,-1.1759,19.56,19.78,19.25,19.56,78832368.0,19.56,18.0
2026-06-17T11:19:49,2026-06-17 11:19:45,000411,英特集团,9.84,-2.5743,10.08,10.09,9.76,10.1,47101679.36,10.1,9.5
2026-06-17T11:19:49,2026-06-17 11:19:47,603093,南华期货,20.96,-3.1871,21.66,22.17,20.92,21.65,239230680.0,21.65,19.12
2026-06-17T11:19:49,2026-06-17 11:19:48,000759,中百集团,6.12,-1.4493,6.18,6.22,5.98,6.21,301724918.0,6.1,5.612
2026-06-17T11:19:49,2026-06-17 11:19:39,001268,联合精密,41.04,-1.0369,41.47,42.2,40.85,41.47,43880763.0,41.34,38.033
2026-06-17T11:19:49,2026-06-17 11:19:48,002155,湖南黄金,26.25,-1.3158,26.56,26.89,26.08,26.6,906355060.66,26.59,24.463
2026-06-17T11:19:49,2026-06-17 11:19:48,002240,盛新锂能,49.02,0.4302,48.81,50.19,47.87,48.81,2070889555.11,50.517,46.475
2026-06-17T11:19:49,2026-06-17 11:19:46,600183,生益科技,184.53,2.8595,180.0,191.0,179.95,179.4,11495552457.0,182.56,167.955
2026-06-17T11:19:49,2026-06-17 11:19:46,600601,方正科技,14.57,3.3333,13.82,15.07,13.82,14.1,3317716716.0,13.57,12.484
2026-06-17T11:20:49,2026-06-17 11:20:48,002613,北玻股份,5.01,2.8747,4.74,5.27,4.74,4.87,782922599.84,4.87,4.35
2026-06-17T11:20:49,2026-06-17 11:20:48,002664,信质集团,19.33,-1.1759,19.56,19.78,19.25,19.56,79016100.0,19.56,18.0
2026-06-17T11:20:49,2026-06-17 11:20:42,000411,英特集团,9.82,-2.7723,10.08,10.09,9.76,10.1,47173417.36,10.1,9.5
2026-06-17T11:20:49,2026-06-17 11:20:47,603093,南华期货,21.06,-2.7252,21.66,22.17,20.92,21.65,240970957.0,21.65,19.12
2026-06-17T11:20:49,2026-06-17 11:20:48,000759,中百集团,6.07,-2.2544,6.18,6.22,5.98,6.21,303889523.0,6.1,5.612
2026-06-17T11:20:49,2026-06-17 11:20:42,001268,联合精密,40.91,-1.3504,41.47,42.2,40.85,41.47,44138615.0,41.34,38.033
2026-06-17T11:20:49,2026-06-17 11:20:48,002155,湖南黄金,26.25,-1.3158,26.56,26.89,26.08,26.6,908475843.66,26.59,24.463
2026-06-17T11:20:49,2026-06-17 11:20:48,002240,盛新锂能,49.01,0.4098,48.81,50.19,47.87,48.81,2074962027.11,50.517,46.475
2026-06-17T11:20:49,2026-06-17 11:20:46,600183,生益科技,183.8,2.4526,180.0,191.0,179.95,179.4,11554048542.0,182.56,167.955
2026-06-17T11:20:49,2026-06-17 11:20:46,600601,方正科技,14.5,2.8369,13.82,15.07,13.82,14.1,3331213515.0,13.57,12.484
2026-06-17T11:21:50,2026-06-17 11:21:48,002613,北玻股份,5.01,2.8747,4.74,5.27,4.74,4.87,785101973.84,4.87,4.35
2026-06-17T11:21:50,2026-06-17 11:21:45,002664,信质集团,19.33,-1.1759,19.56,19.78,19.25,19.56,79760129.0,19.56,18.0
2026-06-17T11:21:50,2026-06-17 11:21:48,000411,英特集团,9.82,-2.7723,10.08,10.09,9.76,10.1,47236271.36,10.1,9.5
2026-06-17T11:21:50,2026-06-17 11:21:47,603093,南华期货,21.03,-2.8637,21.66,22.17,20.92,21.65,242475995.0,21.65,19.12
2026-06-17T11:21:50,2026-06-17 11:21:48,000759,中百集团,6.07,-2.2544,6.18,6.22,5.98,6.21,304531355.0,6.1,5.612
2026-06-17T11:21:50,2026-06-17 11:21:48,001268,联合精密,40.95,-1.2539,41.47,42.2,40.85,41.47,44314582.0,41.34,38.033
2026-06-17T11:21:50,2026-06-17 11:21:48,002155,湖南黄金,26.27,-1.2406,26.56,26.89,26.08,26.6,910413465.66,26.59,24.463
2026-06-17T11:21:50,2026-06-17 11:21:48,002240,盛新锂能,49.06,0.5122,48.81,50.19,47.87,48.81,2079409695.11,50.517,46.475
2026-06-17T11:21:50,2026-06-17 11:21:49,600183,生益科技,184.12,2.631,180.0,191.0,179.95,179.4,11643920216.0,182.56,167.955
2026-06-17T11:21:50,2026-06-17 11:21:49,600601,方正科技,14.48,2.695,13.82,15.07,13.82,14.1,3358327868.0,13.57,12.484
2026-06-17T11:22:51,2026-06-17 11:22:48,002613,北玻股份,5.02,3.0801,4.74,5.27,4.74,4.87,787276896.84,4.87,4.35
2026-06-17T11:22:51,2026-06-17 11:22:48,002664,信质集团,19.35,-1.0736,19.56,19.78,19.25,19.56,80108121.0,19.56,18.0
2026-06-17T11:22:51,2026-06-17 11:22:48,000411,英特集团,9.81,-2.8713,10.08,10.09,9.76,10.1,47283398.36,10.1,9.5
2026-06-17T11:22:51,2026-06-17 11:22:47,603093,南华期货,20.96,-3.1871,21.66,22.17,20.92,21.65,244102323.0,21.65,19.12
2026-06-17T11:22:51,2026-06-17 11:22:48,000759,中百集团,6.07,-2.2544,6.18,6.22,5.98,6.21,305813204.0,6.1,5.612
2026-06-17T11:22:51,2026-06-17 11:22:48,001268,联合精密,40.98,-1.1816,41.47,42.2,40.85,41.47,44359639.0,41.34,38.033
2026-06-17T11:22:51,2026-06-17 11:22:48,002155,湖南黄金,26.26,-1.2782,26.56,26.89,26.08,26.6,917236435.66,26.59,24.463
2026-06-17T11:22:51,2026-06-17 11:22:48,002240,盛新锂能,49.18,0.758,48.81,50.19,47.87,48.81,2084366028.11,50.517,46.475
2026-06-17T11:22:51,2026-06-17 11:22:49,600183,生益科技,184.75,2.9822,180.0,191.0,179.95,179.4,11692753573.0,182.56,167.955
2026-06-17T11:22:51,2026-06-17 11:22:49,600601,方正科技,14.45,2.4823,13.82,15.07,13.82,14.1,3391594075.0,13.57,12.484
2026-06-17T11:23:51,2026-06-17 11:23:48,002613,北玻股份,5.01,2.8747,4.74,5.27,4.74,4.87,789296269.84,4.87,4.35
2026-06-17T11:23:51,2026-06-17 11:23:45,002664,信质集团,19.35,-1.0736,19.56,19.78,19.25,19.56,80562836.0,19.56,18.0
2026-06-17T11:23:51,2026-06-17 11:23:48,000411,英特集团,9.81,-2.8713,10.08,10.09,9.76,10.1,47352082.36,10.1,9.5
2026-06-17T11:23:51,2026-06-17 11:23:50,603093,南华期货,20.93,-3.3256,21.66,22.17,20.92,21.65,249618304.0,21.65,19.12
2026-06-17T11:23:51,2026-06-17 11:23:48,000759,中百集团,6.07,-2.2544,6.18,6.22,5.98,6.21,306149301.0,6.1,5.612
2026-06-17T11:23:51,2026-06-17 11:23:48,001268,联合精密,41.04,-1.0369,41.47,42.2,40.85,41.47,44412929.0,41.34,38.033
2026-06-17T11:23:51,2026-06-17 11:23:48,002155,湖南黄金,26.28,-1.203,26.56,26.89,26.08,26.6,919304124.36,26.59,24.463
2026-06-17T11:23:51,2026-06-17 11:23:48,002240,盛新锂能,49.25,0.9015,48.81,50.19,47.87,48.81,2090807224.11,50.517,46.475
2026-06-17T11:23:51,2026-06-17 11:23:49,600183,生益科技,184.93,3.0825,180.0,191.0,179.95,179.4,11755303724.0,182.56,167.955
2026-06-17T11:23:51,2026-06-17 11:23:49,600601,方正科技,14.49,2.766,13.82,15.07,13.82,14.1,3425041731.0,13.57,12.484
2026-06-17T11:24:51,2026-06-17 11:24:48,002613,北玻股份,5.0,2.6694,4.74,5.27,4.74,4.87,795421095.84,4.87,4.35
2026-06-17T11:24:51,2026-06-17 11:24:45,002664,信质集团,19.35,-1.0736,19.56,19.78,19.25,19.56,80692424.0,19.56,18.0
2026-06-17T11:24:51,2026-06-17 11:24:48,000411,英特集团,9.82,-2.7723,10.08,10.09,9.76,10.1,47457128.36,10.1,9.5
2026-06-17T11:24:51,2026-06-17 11:24:50,603093,南华期货,20.84,-3.7413,21.66,22.17,20.83,21.65,259190988.0,21.65,19.12
2026-06-17T11:24:51,2026-06-17 11:24:48,000759,中百集团,6.06,-2.4155,6.18,6.22,5.98,6.21,307269954.0,6.1,5.612
2026-06-17T11:24:51,2026-06-17 11:24:48,001268,联合精密,41.06,-0.9887,41.47,42.2,40.85,41.47,45280183.0,41.34,38.033
2026-06-17T11:24:51,2026-06-17 11:24:48,002155,湖南黄金,26.24,-1.3534,26.56,26.89,26.08,26.6,922029734.36,26.59,24.463
2026-06-17T11:24:51,2026-06-17 11:24:48,002240,盛新锂能,49.19,0.7785,48.81,50.19,47.87,48.81,2094722201.11,50.517,46.475
2026-06-17T11:24:51,2026-06-17 11:24:49,600183,生益科技,184.4,2.7871,180.0,191.0,179.95,179.4,11799060696.0,182.56,167.955
2026-06-17T11:24:51,2026-06-17 11:24:49,600601,方正科技,14.45,2.4823,13.82,15.07,13.82,14.1,3439379847.0,13.57,12.484
2026-06-17T11:25:51,2026-06-17 11:25:48,002613,北玻股份,4.99,2.4641,4.74,5.27,4.74,4.87,799855570.84,4.87,4.35
2026-06-17T11:25:51,2026-06-17 11:25:48,002664,信质集团,19.34,-1.1247,19.56,19.78,19.25,19.56,81372901.0,19.56,18.0
2026-06-17T11:25:51,2026-06-17 11:25:48,000411,英特集团,9.81,-2.8713,10.08,10.09,9.76,10.1,47507167.36,10.1,9.5
2026-06-17T11:25:51,2026-06-17 11:25:50,603093,南华期货,20.8,-3.9261,21.66,22.17,20.77,21.65,271687118.0,21.65,19.12
2026-06-17T11:25:51,2026-06-17 11:25:48,000759,中百集团,6.1,-1.7713,6.18,6.22,5.98,6.21,308784473.0,6.1,5.612
2026-06-17T11:25:51,2026-06-17 11:25:45,001268,联合精密,41.0,-1.1333,41.47,42.2,40.85,41.47,46547561.0,41.34,38.033
2026-06-17T11:25:51,2026-06-17 11:25:48,002155,湖南黄金,26.25,-1.3158,26.56,26.89,26.08,26.6,924513531.48,26.59,24.463
2026-06-17T11:25:51,2026-06-17 11:25:48,002240,盛新锂能,49.09,0.5737,48.81,50.19,47.87,48.81,2096461965.11,50.517,46.475
2026-06-17T11:25:51,2026-06-17 11:25:49,600183,生益科技,184.22,2.6867,180.0,191.0,179.95,179.4,11826143324.0,182.56,167.955
2026-06-17T11:25:51,2026-06-17 11:25:49,600601,方正科技,14.44,2.4113,13.82,15.07,13.82,14.1,3466693493.0,13.57,12.484
2026-06-17T11:26:52,2026-06-17 11:26:51,002613,北玻股份,5.02,3.0801,4.74,5.27,4.74,4.87,802335796.84,4.87,4.35
2026-06-17T11:26:52,2026-06-17 11:26:45,002664,信质集团,19.34,-1.1247,19.56,19.78,19.25,19.56,81523769.0,19.56,18.0
2026-06-17T11:26:52,2026-06-17 11:26:42,000411,英特集团,9.8,-2.9703,10.08,10.09,9.76,10.1,47562091.36,10.1,9.5
2026-06-17T11:26:52,2026-06-17 11:26:50,603093,南华期货,20.86,-3.649,21.66,22.17,20.77,21.65,275468436.0,21.65,19.12
2026-06-17T11:26:52,2026-06-17 11:26:51,000759,中百集团,6.07,-2.2544,6.18,6.22,5.98,6.21,309879516.0,6.1,5.612
2026-06-17T11:26:52,2026-06-17 11:26:48,001268,联合精密,41.15,-0.7716,41.47,42.2,40.85,41.47,46798703.0,41.34,38.033
2026-06-17T11:26:52,2026-06-17 11:26:51,002155,湖南黄金,26.24,-1.3534,26.56,26.89,26.08,26.6,925692092.48,26.59,24.463
2026-06-17T11:26:52,2026-06-17 11:26:48,002240,盛新锂能,49.11,0.6146,48.81,50.19,47.87,48.81,2098577444.11,50.517,46.475
2026-06-17T11:26:52,2026-06-17 11:26:49,600183,生益科技,184.21,2.6812,180.0,191.0,179.95,179.4,11872158351.0,182.56,167.955
2026-06-17T11:26:52,2026-06-17 11:26:49,600601,方正科技,14.4,2.1277,13.82,15.07,13.82,14.1,3484581632.0,13.57,12.484
2026-06-17T11:27:52,2026-06-17 11:27:51,002613,北玻股份,5.03,3.2854,4.74,5.27,4.74,4.87,804124959.84,4.87,4.35
2026-06-17T11:27:52,2026-06-17 11:27:51,002664,信质集团,19.35,-1.0736,19.56,19.78,19.25,19.56,81784950.0,19.56,18.0
2026-06-17T11:27:52,2026-06-17 11:27:42,000411,英特集团,9.8,-2.9703,10.08,10.09,9.76,10.1,47591491.36,10.1,9.5
2026-06-17T11:27:52,2026-06-17 11:27:50,603093,南华期货,20.84,-3.7413,21.66,22.17,20.77,21.65,276420771.0,21.65,19.12
2026-06-17T11:27:52,2026-06-17 11:27:51,000759,中百集团,6.08,-2.0934,6.18,6.22,5.98,6.21,310320808.0,6.1,5.612
2026-06-17T11:27:52,2026-06-17 11:27:51,001268,联合精密,41.0,-1.1333,41.47,42.2,40.85,41.47,46811003.0,41.34,38.033
2026-06-17T11:27:52,2026-06-17 11:27:51,002155,湖南黄金,26.27,-1.2406,26.56,26.89,26.08,26.6,926673983.48,26.59,24.463
2026-06-17T11:27:52,2026-06-17 11:27:51,002240,盛新锂能,49.16,0.7171,48.81,50.19,47.87,48.81,2101560115.11,50.517,46.475
2026-06-17T11:27:52,2026-06-17 11:27:49,600183,生益科技,184.17,2.6589,180.0,191.0,179.95,179.4,11898107723.0,182.56,167.955
2026-06-17T11:27:52,2026-06-17 11:27:49,600601,方正科技,14.45,2.4823,13.82,15.07,13.82,14.1,3502877556.0,13.57,12.484
2026-06-17T11:28:52,2026-06-17 11:28:51,002613,北玻股份,5.02,3.0801,4.74,5.27,4.74,4.87,805177513.84,4.87,4.35
2026-06-17T11:28:52,2026-06-17 11:28:48,002664,信质集团,19.35,-1.0736,19.56,19.78,19.25,19.56,82108062.0,19.56,18.0
2026-06-17T11:28:52,2026-06-17 11:28:42,000411,英特集团,9.8,-2.9703,10.08,10.09,9.76,10.1,47609133.36,10.1,9.5
2026-06-17T11:28:52,2026-06-17 11:28:50,603093,南华期货,20.85,-3.6952,21.66,22.17,20.77,21.65,277239629.0,21.65,19.12
2026-06-17T11:28:52,2026-06-17 11:28:51,000759,中百集团,6.08,-2.0934,6.18,6.22,5.98,6.21,310830777.0,6.1,5.612
2026-06-17T11:28:52,2026-06-17 11:28:51,001268,联合精密,41.01,-1.1092,41.47,42.2,40.85,41.47,46930169.0,41.34,38.033
2026-06-17T11:28:52,2026-06-17 11:28:51,002155,湖南黄金,26.25,-1.3158,26.56,26.89,26.08,26.6,928862135.48,26.59,24.463
2026-06-17T11:28:52,2026-06-17 11:28:51,002240,盛新锂能,49.17,0.7376,48.81,50.19,47.87,48.81,2104706226.11,50.517,46.475
2026-06-17T11:28:52,2026-06-17 11:28:49,600183,生益科技,183.83,2.4693,180.0,191.0,179.95,179.4,11973499765.0,182.56,167.955
2026-06-17T11:28:52,2026-06-17 11:28:49,600601,方正科技,14.42,2.2695,13.82,15.07,13.82,14.1,3515846823.0,13.57,12.484
2026-06-17T11:29:53,2026-06-17 11:29:51,002613,北玻股份,5.03,3.2854,4.74,5.27,4.74,4.87,806412672.84,4.87,4.35
2026-06-17T11:29:53,2026-06-17 11:29:51,002664,信质集团,19.35,-1.0736,19.56,19.78,19.25,19.56,82576229.0,19.56,18.0
2026-06-17T11:29:53,2026-06-17 11:29:48,000411,英特集团,9.81,-2.8713,10.08,10.09,9.76,10.1,47655225.36,10.1,9.5
2026-06-17T11:29:53,2026-06-17 11:29:50,603093,南华期货,20.89,-3.5104,21.66,22.17,20.77,21.65,278021260.0,21.65,19.12
2026-06-17T11:29:53,2026-06-17 11:29:51,000759,中百集团,6.07,-2.2544,6.18,6.22,5.98,6.21,311681474.0,6.1,5.612
2026-06-17T11:29:53,2026-06-17 11:29:51,001268,联合精密,41.08,-0.9404,41.47,42.2,40.85,41.47,46938389.0,41.34,38.033
2026-06-17T11:29:53,2026-06-17 11:29:51,002155,湖南黄金,26.3,-1.1278,26.56,26.89,26.08,26.6,932997631.48,26.59,24.463
2026-06-17T11:29:53,2026-06-17 11:29:51,002240,盛新锂能,49.16,0.7171,48.81,50.19,47.87,48.81,2109200399.11,50.517,46.475
2026-06-17T11:29:53,2026-06-17 11:29:52,600183,生益科技,184.39,2.7815,180.0,191.0,179.95,179.4,12012629886.0,182.56,167.955
2026-06-17T11:29:53,2026-06-17 11:29:52,600601,方正科技,14.44,2.4113,13.82,15.07,13.82,14.1,3528869907.0,13.57,12.484
2026-06-17T11:30:54,2026-06-17 11:30:00,002613,北玻股份,5.04,3.4908,4.74,5.27,4.74,4.87,806582520.84,4.87,4.35
2026-06-17T11:30:54,2026-06-17 11:30:00,002664,信质集团,19.35,-1.0736,19.56,19.78,19.25,19.56,82599449.0,19.56,18.0
2026-06-17T11:30:54,2026-06-17 11:30:00,000411,英特集团,9.81,-2.8713,10.08,10.09,9.76,10.1,47655225.36,10.1,9.5
2026-06-17T11:30:54,2026-06-17 11:30:00,603093,南华期货,20.89,-3.5104,21.66,22.17,20.77,21.65,278144523.0,21.65,19.12
2026-06-17T11:30:54,2026-06-17 11:30:00,000759,中百集团,6.08,-2.0934,6.18,6.22,5.98,6.21,311717929.0,6.1,5.612
2026-06-17T11:30:54,2026-06-17 11:30:00,001268,联合精密,41.08,-0.9404,41.47,42.2,40.85,41.47,46938389.0,41.34,38.033
2026-06-17T11:30:54,2026-06-17 11:30:00,002155,湖南黄金,26.29,-1.1654,26.56,26.89,26.08,26.6,933105433.48,26.59,24.463
2026-06-17T11:30:54,2026-06-17 11:30:00,002240,盛新锂能,49.15,0.6966,48.81,50.19,47.87,48.81,2109863997.11,50.517,46.475
2026-06-17T11:30:54,2026-06-17 11:30:00,600183,生益科技,184.47,2.8261,180.0,191.0,179.95,179.4,12014086934.0,182.56,167.955
2026-06-17T11:30:54,2026-06-17 11:30:00,600601,方正科技,14.43,2.3404,13.82,15.07,13.82,14.1,3530524526.0,13.57,12.484
2026-06-17T13:00:16,2026-06-17 13:00:15,002613,北玻股份,5.07,4.1068,4.74,5.27,4.74,4.87,808791186.34,4.87,4.35
2026-06-17T13:00:16,2026-06-17 13:00:15,002664,信质集团,19.39,-0.8691,19.56,19.78,19.25,19.56,83600187.0,19.56,18.0
2026-06-17T13:00:16,2026-06-17 13:00:15,000411,英特集团,9.82,-2.7723,10.08,10.09,9.76,10.1,47993699.36,10.1,9.5
2026-06-17T13:00:16,2026-06-17 13:00:14,603093,南华期货,20.96,-3.1871,21.66,22.17,20.77,21.65,279208613.0,21.65,19.12
2026-06-17T13:00:16,2026-06-17 13:00:15,000759,中百集团,6.06,-2.4155,6.18,6.22,5.98,6.21,312866730.0,6.1,5.612
2026-06-17T13:00:16,2026-06-17 13:00:15,001268,联合精密,41.36,-0.2653,41.47,42.2,40.85,41.47,48281429.0,41.34,38.033
2026-06-17T13:00:16,2026-06-17 13:00:15,002155,湖南黄金,26.27,-1.2406,26.56,26.89,26.08,26.6,947049099.16,26.59,24.463
2026-06-17T13:00:16,2026-06-17 13:00:15,002240,盛新锂能,49.17,0.7376,48.81,50.19,47.87,48.81,2115011408.11,50.517,46.475
2026-06-17T13:00:16,2026-06-17 13:00:13,600183,生益科技,183.99,2.5585,180.0,191.0,179.95,179.4,12106425376.0,182.56,167.955
2026-06-17T13:00:16,2026-06-17 13:00:13,600601,方正科技,14.43,2.3404,13.82,15.07,13.82,14.1,3547968571.0,13.57,12.484
2026-06-17T13:01:17,2026-06-17 13:01:15,002613,北玻股份,5.08,4.3121,4.74,5.27,4.74,4.87,811972321.34,4.87,4.35
2026-06-17T13:01:17,2026-06-17 13:01:15,002664,信质集团,19.33,-1.1759,19.56,19.78,19.25,19.56,85313206.0,19.56,18.0
2026-06-17T13:01:17,2026-06-17 13:01:12,000411,英特集团,9.83,-2.6733,10.08,10.09,9.76,10.1,48110723.36,10.1,9.5
2026-06-17T13:01:17,2026-06-17 13:01:14,603093,南华期货,20.88,-3.5566,21.66,22.17,20.77,21.65,286551658.0,21.65,19.12
2026-06-17T13:01:17,2026-06-17 13:01:15,000759,中百集团,6.06,-2.4155,6.18,6.22,5.98,6.21,314286544.0,6.1,5.612
2026-06-17T13:01:17,2026-06-17 13:01:15,001268,联合精密,41.24,-0.5546,41.47,42.2,40.85,41.47,48380442.0,41.34,38.033
2026-06-17T13:01:17,2026-06-17 13:01:15,002155,湖南黄金,26.2,-1.5038,26.56,26.89,26.08,26.6,952984142.48,26.59,24.463
2026-06-17T13:01:17,2026-06-17 13:01:15,002240,盛新锂能,49.06,0.5122,48.81,50.19,47.87,48.81,2121638504.11,50.517,46.475
2026-06-17T13:01:17,2026-06-17 13:01:13,600183,生益科技,181.53,1.1873,180.0,191.0,179.95,179.4,12272094640.0,182.56,167.955
2026-06-17T13:01:17,2026-06-17 13:01:13,600601,方正科技,14.28,1.2766,13.82,15.07,13.82,14.1,3592646745.0,13.57,12.484
2026-06-17T13:02:17,2026-06-17 13:02:15,002613,北玻股份,5.07,4.1068,4.74,5.27,4.74,4.87,814564563.34,4.87,4.35
2026-06-17T13:02:17,2026-06-17 13:02:15,002664,信质集团,19.35,-1.0736,19.56,19.78,19.25,19.56,85560671.0,19.56,18.0
2026-06-17T13:02:17,2026-06-17 13:02:15,000411,英特集团,9.81,-2.8713,10.08,10.09,9.76,10.1,48206993.36,10.1,9.5
2026-06-17T13:02:17,2026-06-17 13:02:14,603093,南华期货,20.86,-3.649,21.66,22.17,20.77,21.65,291311389.0,21.65,19.12
2026-06-17T13:02:17,2026-06-17 13:02:15,000759,中百集团,6.1,-1.7713,6.18,6.22,5.98,6.21,317719853.0,6.1,5.612
2026-06-17T13:02:17,2026-06-17 13:02:15,001268,联合精密,41.24,-0.5546,41.47,42.2,40.85,41.47,48438178.0,41.34,38.033
2026-06-17T13:02:17,2026-06-17 13:02:15,002155,湖南黄金,26.13,-1.7669,26.56,26.89,26.08,26.6,961018460.48,26.59,24.463
2026-06-17T13:02:17,2026-06-17 13:02:15,002240,盛新锂能,49.03,0.4507,48.81,50.19,47.87,48.81,2124947567.11,50.517,46.475
2026-06-17T13:02:17,2026-06-17 13:02:13,600183,生益科技,180.68,0.7135,180.0,191.0,179.95,179.4,12416214724.0,182.56,167.955
2026-06-17T13:02:17,2026-06-17 13:02:13,600601,方正科技,14.3,1.4184,13.82,15.07,13.82,14.1,3620084636.0,13.57,12.484
2026-06-17T13:03:17,2026-06-17 13:03:15,002613,北玻股份,5.07,4.1068,4.74,5.27,4.74,4.87,816496820.34,4.87,4.35
2026-06-17T13:03:17,2026-06-17 13:03:12,002664,信质集团,19.34,-1.1247,19.56,19.78,19.25,19.56,85773638.0,19.56,18.0
2026-06-17T13:03:17,2026-06-17 13:03:09,000411,英特集团,9.82,-2.7723,10.08,10.09,9.76,10.1,48259989.36,10.1,9.5
2026-06-17T13:03:17,2026-06-17 13:03:14,603093,南华期货,20.93,-3.3256,21.66,22.17,20.77,21.65,295829767.0,21.65,19.12
2026-06-17T13:03:17,2026-06-17 13:03:15,000759,中百集团,6.1,-1.7713,6.18,6.22,5.98,6.21,318837840.0,6.1,5.612
2026-06-17T13:03:17,2026-06-17 13:03:09,001268,联合精密,41.12,-0.844,41.47,42.2,40.85,41.47,48516322.0,41.34,38.033
2026-06-17T13:03:17,2026-06-17 13:03:15,002155,湖南黄金,26.12,-1.8045,26.56,26.89,26.08,26.6,964610313.48,26.59,24.463
2026-06-17T13:03:17,2026-06-17 13:03:15,002240,盛新锂能,48.97,0.3278,48.81,50.19,47.87,48.81,2128598696.11,50.517,46.475
2026-06-17T13:03:17,2026-06-17 13:03:16,600183,生益科技,180.7,0.7246,180.0,191.0,179.95,179.4,12590193002.0,182.56,167.955
2026-06-17T13:03:17,2026-06-17 13:03:16,600601,方正科技,14.26,1.1348,13.82,15.07,13.82,14.1,3648338551.0,13.57,12.484
2026-06-17T13:04:17,2026-06-17 13:04:15,002613,北玻股份,5.08,4.3121,4.74,5.27,4.74,4.87,817870317.34,4.87,4.35
2026-06-17T13:04:17,2026-06-17 13:04:15,002664,信质集团,19.34,-1.1247,19.56,19.78,19.25,19.56,85922634.0,19.56,18.0
2026-06-17T13:04:17,2026-06-17 13:04:06,000411,英特集团,9.81,-2.8713,10.08,10.09,9.76,10.1,48309087.36,10.1,9.5
2026-06-17T13:04:17,2026-06-17 13:04:14,603093,南华期货,20.93,-3.3256,21.66,22.17,20.77,21.65,297420381.0,21.65,19.12
2026-06-17T13:04:17,2026-06-17 13:04:15,000759,中百集团,6.12,-1.4493,6.18,6.22,5.98,6.21,321965406.0,6.1,5.612
2026-06-17T13:04:17,2026-06-17 13:04:15,001268,联合精密,41.06,-0.9887,41.47,42.2,40.85,41.47,48618920.0,41.34,38.033
2026-06-17T13:04:17,2026-06-17 13:04:15,002155,湖南黄金,26.08,-1.9549,26.56,26.89,26.08,26.6,974570447.48,26.59,24.463
2026-06-17T13:04:17,2026-06-17 13:04:15,002240,盛新锂能,48.86,0.1024,48.81,50.19,47.87,48.81,2133725062.11,50.517,46.475
2026-06-17T13:04:17,2026-06-17 13:04:16,600183,生益科技,178.64,-0.4236,180.0,191.0,178.17,179.4,12923046320.0,182.56,167.955
2026-06-17T13:04:17,2026-06-17 13:04:13,600601,方正科技,14.19,0.6383,13.82,15.07,13.82,14.1,3680340617.0,13.57,12.484
2026-06-17T13:05:19,2026-06-17 13:05:18,002613,北玻股份,5.09,4.5175,4.74,5.27,4.74,4.87,820271089.34,4.87,4.35
2026-06-17T13:05:19,2026-06-17 13:05:18,002664,信质集团,19.33,-1.1759,19.56,19.78,19.25,19.56,86208792.0,19.56,18.0
2026-06-17T13:05:19,2026-06-17 13:05:18,000411,英特集团,9.81,-2.8713,10.08,10.09,9.76,10.1,48380711.36,10.1,9.5
2026-06-17T13:05:19,2026-06-17 13:05:17,603093,南华期货,20.85,-3.6952,21.66,22.17,20.77,21.65,298229873.0,21.65,19.12
2026-06-17T13:05:19,2026-06-17 13:05:18,000759,中百集团,6.1,-1.7713,6.18,6.22,5.98,6.21,322853757.0,6.1,5.612
2026-06-17T13:05:19,2026-06-17 13:05:18,001268,联合精密,41.0,-1.1333,41.47,42.2,40.85,41.47,48684526.0,41.34,38.033
2026-06-17T13:05:19,2026-06-17 13:05:18,002155,湖南黄金,26.06,-2.0301,26.56,26.89,26.02,26.6,988033711.48,26.59,24.463
2026-06-17T13:05:19,2026-06-17 13:05:18,002240,盛新锂能,48.8,-0.0205,48.81,50.19,47.87,48.81,2139047110.11,50.517,46.475
2026-06-17T13:05:19,2026-06-17 13:05:16,600183,生益科技,178.19,-0.6745,180.0,191.0,177.75,179.4,13223041472.0,182.56,167.955
2026-06-17T13:05:19,2026-06-17 13:05:16,600601,方正科技,14.16,0.4255,13.82,15.07,13.82,14.1,3719969706.0,13.57,12.484
2026-06-17T13:06:20,2026-06-17 13:06:18,002613,北玻股份,5.07,4.1068,4.74,5.27,4.74,4.87,822509288.34,4.87,4.35
2026-06-17T13:06:20,2026-06-17 13:06:18,002664,信质集团,19.32,-1.227,19.56,19.78,19.25,19.56,86577937.0,19.56,18.0
2026-06-17T13:06:20,2026-06-17 13:06:18,000411,英特集团,9.81,-2.8713,10.08,10.09,9.76,10.1,48663137.36,10.1,9.5
2026-06-17T13:06:20,2026-06-17 13:06:17,603093,南华期货,20.86,-3.649,21.66,22.17,20.77,21.65,298997323.0,21.65,19.12
2026-06-17T13:06:20,2026-06-17 13:06:18,000759,中百集团,6.09,-1.9324,6.18,6.22,5.98,6.21,323582151.0,6.1,5.612
2026-06-17T13:06:20,2026-06-17 13:06:15,001268,联合精密,41.03,-1.061,41.47,42.2,40.85,41.47,49529084.0,41.34,38.033
2026-06-17T13:06:20,2026-06-17 13:06:18,002155,湖南黄金,26.03,-2.1429,26.56,26.89,26.01,26.6,995831963.48,26.59,24.463
2026-06-17T13:06:20,2026-06-17 13:06:18,002240,盛新锂能,48.75,-0.1229,48.81,50.19,47.87,48.81,2148241242.31,50.517,46.475
2026-06-17T13:06:20,2026-06-17 13:06:19,600183,生益科技,179.4,0.0,180.0,191.0,177.75,179.4,13389961829.0,182.56,167.955
2026-06-17T13:06:20,2026-06-17 13:06:16,600601,方正科技,14.2,0.7092,13.82,15.07,13.82,14.1,3743013467.0,13.57,12.484
2026-06-17T13:07:21,2026-06-17 13:07:18,002613,北玻股份,5.08,4.3121,4.74,5.27,4.74,4.87,823859400.34,4.87,4.35
2026-06-17T13:07:21,2026-06-17 13:07:18,002664,信质集团,19.3,-1.3292,19.56,19.78,19.25,19.56,87825364.0,19.56,18.0
2026-06-17T13:07:21,2026-06-17 13:07:18,000411,英特集团,9.79,-3.0693,10.08,10.09,9.76,10.1,49401723.36,10.1,9.5
2026-06-17T13:07:21,2026-06-17 13:07:17,603093,南华期货,20.83,-3.7875,21.66,22.17,20.77,21.65,300566794.0,21.65,19.12
2026-06-17T13:07:21,2026-06-17 13:07:18,000759,中百集团,6.13,-1.2882,6.18,6.22,5.98,6.21,327287565.0,6.1,5.612
2026-06-17T13:07:21,2026-06-17 13:07:18,001268,联合精密,40.98,-1.1816,41.47,42.2,40.85,41.47,49586437.0,41.34,38.033
2026-06-17T13:07:21,2026-06-17 13:07:18,002155,湖南黄金,26.01,-2.218,26.56,26.89,26.0,26.6,1006653999.48,26.59,24.463
2026-06-17T13:07:21,2026-06-17 13:07:18,002240,盛新锂能,48.76,-0.1024,48.81,50.19,47.87,48.81,2157860134.76,50.517,46.475
2026-06-17T13:07:21,2026-06-17 13:07:19,600183,生益科技,179.19,-0.1171,180.0,191.0,177.75,179.4,13521340699.0,182.56,167.955
2026-06-17T13:07:21,2026-06-17 13:07:19,600601,方正科技,14.23,0.922,13.82,15.07,13.82,14.1,3765027750.0,13.57,12.484
2026-06-17T13:08:21,2026-06-17 13:08:18,002613,北玻股份,5.08,4.3121,4.74,5.27,4.74,4.87,825343615.34,4.87,4.35
2026-06-17T13:08:21,2026-06-17 13:08:18,002664,信质集团,19.27,-1.4826,19.56,19.78,19.25,19.56,88988540.0,19.56,18.0
2026-06-17T13:08:21,2026-06-17 13:08:18,000411,英特集团,9.79,-3.0693,10.08,10.09,9.76,10.1,49456607.36,10.1,9.5
2026-06-17T13:08:21,2026-06-17 13:08:20,603093,南华期货,20.85,-3.6952,21.66,22.17,20.77,21.65,301689339.0,21.65,19.12
2026-06-17T13:08:21,2026-06-17 13:08:18,000759,中百集团,6.09,-1.9324,6.18,6.22,5.98,6.21,330547469.0,6.1,5.612
2026-06-17T13:08:21,2026-06-17 13:08:18,001268,联合精密,41.03,-1.061,41.47,42.2,40.85,41.47,50307219.0,41.34,38.033
2026-06-17T13:08:21,2026-06-17 13:08:18,002155,湖南黄金,25.97,-2.3684,26.56,26.89,25.97,26.6,1018585326.48,26.59,24.463
2026-06-17T13:08:21,2026-06-17 13:08:18,002240,盛新锂能,48.86,0.1024,48.81,50.19,47.87,48.81,2161415411.76,50.517,46.475
2026-06-17T13:08:21,2026-06-17 13:08:19,600183,生益科技,176.8,-1.4493,180.0,191.0,176.56,179.4,13697993413.0,182.56,167.955
2026-06-17T13:08:21,2026-06-17 13:08:19,600601,方正科技,14.12,0.1418,13.82,15.07,13.82,14.1,3807521749.0,13.57,12.484
2026-06-17T13:09:21,2026-06-17 13:09:18,002613,北玻股份,5.05,3.6961,4.74,5.27,4.74,4.87,827702523.34,4.87,4.35
2026-06-17T13:09:21,2026-06-17 13:09:18,002664,信质集团,19.26,-1.5337,19.56,19.78,19.25,19.56,89435426.0,19.56,18.0
2026-06-17T13:09:21,2026-06-17 13:09:03,000411,英特集团,9.78,-3.1683,10.08,10.09,9.76,10.1,49656337.36,10.1,9.5
2026-06-17T13:09:21,2026-06-17 13:09:20,603093,南华期货,20.87,-3.6028,21.66,22.17,20.77,21.65,303016910.0,21.65,19.12
2026-06-17T13:09:21,2026-06-17 13:09:18,000759,中百集团,6.1,-1.7713,6.18,6.22,5.98,6.21,331191722.0,6.1,5.612
2026-06-17T13:09:21,2026-06-17 13:09:00,001268,联合精密,40.97,-1.2057,41.47,42.2,40.85,41.47,50315419.0,41.34,38.033
2026-06-17T13:09:21,2026-06-17 13:09:18,002155,湖南黄金,25.99,-2.2932,26.56,26.89,25.94,26.6,1029965056.48,26.59,24.463
2026-06-17T13:09:21,2026-06-17 13:09:18,002240,盛新锂能,48.9,0.1844,48.81,50.19,47.87,48.81,2164275956.76,50.517,46.475
2026-06-17T13:09:21,2026-06-17 13:09:19,600183,生益科技,176.61,-1.5552,180.0,191.0,176.0,179.4,13896103597.0,182.56,167.955
2026-06-17T13:09:21,2026-06-17 13:09:19,600601,方正科技,14.15,0.3546,13.82,15.07,13.82,14.1,3856541258.0,13.57,12.484
2026-06-17T13:10:22,2026-06-17 13:10:21,002613,北玻股份,5.05,3.6961,4.74,5.27,4.74,4.87,829265520.34,4.87,4.35
2026-06-17T13:10:22,2026-06-17 13:10:21,002664,信质集团,19.28,-1.4315,19.56,19.78,19.25,19.56,89911460.0,19.56,18.0
2026-06-17T13:10:22,2026-06-17 13:10:21,000411,英特集团,9.79,-3.0693,10.08,10.09,9.76,10.1,49943398.36,10.1,9.5
2026-06-17T13:10:22,2026-06-17 13:10:20,603093,南华期货,20.82,-3.8337,21.66,22.17,20.77,21.65,304011306.0,21.65,19.12
2026-06-17T13:10:22,2026-06-17 13:10:21,000759,中百集团,6.07,-2.2544,6.18,6.22,5.98,6.21,332866326.0,6.1,5.612
2026-06-17T13:10:22,2026-06-17 13:10:15,001268,联合精密,40.97,-1.2057,41.47,42.2,40.85,41.47,50340006.0,41.34,38.033
2026-06-17T13:10:22,2026-06-17 13:10:21,002155,湖南黄金,25.99,-2.2932,26.56,26.89,25.94,26.6,1035979344.48,26.59,24.463
2026-06-17T13:10:22,2026-06-17 13:10:21,002240,盛新锂能,48.9,0.1844,48.81,50.19,47.87,48.81,2167958286.76,50.517,46.475
2026-06-17T13:10:22,2026-06-17 13:10:19,600183,生益科技,178.26,-0.6355,180.0,191.0,176.0,179.4,14034123976.0,182.56,167.955
2026-06-17T13:10:22,2026-06-17 13:10:19,600601,方正科技,14.18,0.5674,13.82,15.07,13.82,14.1,3869029338.0,13.57,12.484
2026-06-17T13:11:23,2026-06-17 13:11:21,002613,北玻股份,5.06,3.9014,4.74,5.27,4.74,4.87,830986271.34,4.87,4.35
2026-06-17T13:11:23,2026-06-17 13:11:21,002664,信质集团,19.28,-1.4315,19.56,19.78,19.25,19.56,90052227.0,19.56,18.0
2026-06-17T13:11:23,2026-06-17 13:11:21,000411,英特集团,9.79,-3.0693,10.08,10.09,9.76,10.1,49977674.36,10.1,9.5
2026-06-17T13:11:23,2026-06-17 13:11:20,603093,南华期货,20.82,-3.8337,21.66,22.17,20.77,21.65,304984214.0,21.65,19.12
2026-06-17T13:11:23,2026-06-17 13:11:21,000759,中百集团,6.08,-2.0934,6.18,6.22,5.98,6.21,334261110.0,6.1,5.612
2026-06-17T13:11:23,2026-06-17 13:11:21,001268,联合精密,41.04,-1.0369,41.47,42.2,40.85,41.47,50577962.0,41.34,38.033
2026-06-17T13:11:23,2026-06-17 13:11:21,002155,湖南黄金,25.96,-2.406,26.56,26.89,25.94,26.6,1041753183.48,26.59,24.463
2026-06-17T13:11:23,2026-06-17 13:11:21,002240,盛新锂能,48.85,0.082,48.81,50.19,47.87,48.81,2172206655.76,50.517,46.475
2026-06-17T13:11:23,2026-06-17 13:11:19,600183,生益科技,179.48,0.0446,180.0,191.0,176.0,179.4,14142622111.0,182.56,167.955
2026-06-17T13:11:23,2026-06-17 13:11:19,600601,方正科技,14.2,0.7092,13.82,15.07,13.82,14.1,3885301410.0,13.57,12.484
2026-06-17T13:12:23,2026-06-17 13:12:21,002613,北玻股份,5.08,4.3121,4.74,5.27,4.74,4.87,833123188.34,4.87,4.35
2026-06-17T13:12:23,2026-06-17 13:12:21,002664,信质集团,19.31,-1.2781,19.56,19.78,19.25,19.56,90409310.0,19.56,18.0
2026-06-17T13:12:23,2026-06-17 13:12:18,000411,英特集团,9.81,-2.8713,10.08,10.09,9.76,10.1,50060987.36,10.1,9.5
2026-06-17T13:12:23,2026-06-17 13:12:20,603093,南华期货,20.82,-3.8337,21.66,22.17,20.77,21.65,306381456.0,21.65,19.12
2026-06-17T13:12:23,2026-06-17 13:12:21,000759,中百集团,6.08,-2.0934,6.18,6.22,5.98,6.21,334715295.0,6.1,5.612
2026-06-17T13:12:23,2026-06-17 13:12:18,001268,联合精密,41.13,-0.8199,41.47,42.2,40.85,41.47,50660095.0,41.34,38.033
2026-06-17T13:12:23,2026-06-17 13:12:21,002155,湖南黄金,25.95,-2.4436,26.56,26.89,25.94,26.6,1048020391.48,26.59,24.463
2026-06-17T13:12:23,2026-06-17 13:12:21,002240,盛新锂能,48.84,0.0615,48.81,50.19,47.87,48.81,2175253790.76,50.517,46.475
2026-06-17T13:12:23,2026-06-17 13:12:22,600183,生益科技,177.02,-1.3266,180.0,191.0,176.0,179.4,14299769798.0,182.56,167.955
2026-06-17T13:12:23,2026-06-17 13:12:19,600601,方正科技,14.16,0.4255,13.82,15.07,13.82,14.1,3911890757.0,13.57,12.484
2026-06-17T13:13:23,2026-06-17 13:13:21,002613,北玻股份,5.09,4.5175,4.74,5.27,4.74,4.87,834311107.34,4.87,4.35
2026-06-17T13:13:23,2026-06-17 13:13:21,002664,信质集团,19.32,-1.227,19.56,19.78,19.25,19.56,90809170.0,19.56,18.0
2026-06-17T13:13:23,2026-06-17 13:13:21,000411,英特集团,9.8,-2.9703,10.08,10.09,9.76,10.1,50102174.36,10.1,9.5
2026-06-17T13:13:23,2026-06-17 13:13:20,603093,南华期货,20.82,-3.8337,21.66,22.17,20.77,21.65,307052037.0,21.65,19.12
2026-06-17T13:13:23,2026-06-17 13:13:21,000759,中百集团,6.08,-2.0934,6.18,6.22,5.98,6.21,335746317.0,6.1,5.612
2026-06-17T13:13:23,2026-06-17 13:13:18,001268,联合精密,41.03,-1.061,41.47,42.2,40.85,41.47,50705308.0,41.34,38.033
2026-06-17T13:13:23,2026-06-17 13:13:21,002155,湖南黄金,25.96,-2.406,26.56,26.89,25.93,26.6,1059404299.08,26.59,24.463
2026-06-17T13:13:23,2026-06-17 13:13:21,002240,盛新锂能,48.83,0.041,48.81,50.19,47.87,48.81,2178662183.76,50.517,46.475
2026-06-17T13:13:23,2026-06-17 13:13:19,600183,生益科技,177.71,-0.942,180.0,191.0,176.0,179.4,14369847740.0,182.56,167.955
2026-06-17T13:13:23,2026-06-17 13:13:19,600601,方正科技,14.2,0.7092,13.82,15.07,13.82,14.1,3924142908.0,13.57,12.484
2026-06-17T13:14:23,2026-06-17 13:14:21,002613,北玻股份,5.09,4.5175,4.74,5.27,4.74,4.87,835634308.34,4.87,4.35
2026-06-17T13:14:23,2026-06-17 13:14:21,002664,信质集团,19.32,-1.227,19.56,19.78,19.25,19.56,91120202.0,19.56,18.0
2026-06-17T13:14:23,2026-06-17 13:14:15,000411,英特集团,9.81,-2.8713,10.08,10.09,9.76,10.1,50114925.36,10.1,9.5
2026-06-17T13:14:23,2026-06-17 13:14:20,603093,南华期货,20.84,-3.7413,21.66,22.17,20.77,21.65,307579113.0,21.65,19.12
2026-06-17T13:14:23,2026-06-17 13:14:21,000759,中百集团,6.08,-2.0934,6.18,6.22,5.98,6.21,336183336.0,6.1,5.612
2026-06-17T13:14:23,2026-06-17 13:14:12,001268,联合精密,41.03,-1.061,41.47,42.2,40.85,41.47,50721720.0,41.34,38.033
2026-06-17T13:14:23,2026-06-17 13:14:21,002155,湖南黄金,25.98,-2.3308,26.56,26.89,25.93,26.6,1065732624.08,26.59,24.463
2026-06-17T13:14:23,2026-06-17 13:14:21,002240,盛新锂能,48.82,0.0205,48.81,50.19,47.87,48.81,2183509127.76,50.517,46.475
2026-06-17T13:14:23,2026-06-17 13:14:22,600183,生益科技,179.4,0.0,180.0,191.0,176.0,179.4,14467635145.0,182.56,167.955
2026-06-17T13:14:23,2026-06-17 13:14:22,600601,方正科技,14.21,0.7801,13.82,15.07,13.82,14.1,3942266918.0,13.57,12.484
2026-06-17T13:15:24,2026-06-17 13:15:21,002613,北玻股份,5.07,4.1068,4.74,5.27,4.74,4.87,837204369.24,4.87,4.35
2026-06-17T13:15:24,2026-06-17 13:15:21,002664,信质集团,19.29,-1.3804,19.56,19.78,19.25,19.56,91635473.0,19.56,18.0
2026-06-17T13:15:24,2026-06-17 13:15:21,000411,英特集团,9.81,-2.8713,10.08,10.09,9.76,10.1,50342495.36,10.1,9.5
2026-06-17T13:15:24,2026-06-17 13:15:20,603093,南华期货,20.82,-3.8337,21.66,22.17,20.77,21.65,309447631.0,21.65,19.12
2026-06-17T13:15:24,2026-06-17 13:15:21,000759,中百集团,6.07,-2.2544,6.18,6.22,5.98,6.21,337479253.0,6.1,5.612
2026-06-17T13:15:24,2026-06-17 13:15:21,001268,联合精密,40.99,-1.1575,41.47,42.2,40.85,41.47,51004718.0,41.34,38.033
2026-06-17T13:15:24,2026-06-17 13:15:21,002155,湖南黄金,26.0,-2.2556,26.56,26.89,25.93,26.6,1070495883.08,26.59,24.463
2026-06-17T13:15:24,2026-06-17 13:15:21,002240,盛新锂能,48.94,0.2663,48.81,50.19,47.87,48.81,2188023121.76,50.517,46.475
2026-06-17T13:15:24,2026-06-17 13:15:19,600183,生益科技,179.31,-0.0502,180.0,191.0,176.0,179.4,14584615168.0,182.56,167.955
2026-06-17T13:15:24,2026-06-17 13:15:19,600601,方正科技,14.22,0.8511,13.82,15.07,13.82,14.1,3961256396.0,13.57,12.484
2026-06-17T13:16:24,2026-06-17 13:16:21,002613,北玻股份,5.06,3.9014,4.74,5.27,4.74,4.87,838362979.24,4.87,4.35
2026-06-17T13:16:24,2026-06-17 13:16:21,002664,信质集团,19.29,-1.3804,19.56,19.78,19.25,19.56,92134836.0,19.56,18.0
2026-06-17T13:16:24,2026-06-17 13:16:18,000411,英特集团,9.8,-2.9703,10.08,10.09,9.76,10.1,50445417.36,10.1,9.5
2026-06-17T13:16:24,2026-06-17 13:16:23,603093,南华期货,20.86,-3.649,21.66,22.17,20.77,21.65,310852920.0,21.65,19.12
2026-06-17T13:16:24,2026-06-17 13:16:21,000759,中百集团,6.08,-2.0934,6.18,6.22,5.98,6.21,337747228.0,6.1,5.612
2026-06-17T13:16:24,2026-06-17 13:16:21,001268,联合精密,40.99,-1.1575,41.47,42.2,40.85,41.47,51205533.0,41.34,38.033
2026-06-17T13:16:24,2026-06-17 13:16:21,002155,湖南黄金,25.98,-2.3308,26.56,26.89,25.93,26.6,1076263918.08,26.59,24.463
2026-06-17T13:16:24,2026-06-17 13:16:21,002240,盛新锂能,49.08,0.5532,48.81,50.19,47.87,48.81,2191182464.76,50.517,46.475
2026-06-17T13:16:24,2026-06-17 13:16:22,600183,生益科技,179.18,-0.1226,180.0,191.0,176.0,179.4,14674348240.0,182.56,167.955
2026-06-17T13:16:24,2026-06-17 13:16:22,600601,方正科技,14.26,1.1348,13.82,15.07,13.82,14.1,3979215686.0,13.57,12.484
2026-06-17T13:17:24,2026-06-17 13:17:21,002613,北玻股份,5.06,3.9014,4.74,5.27,4.74,4.87,839198989.24,4.87,4.35
2026-06-17T13:17:24,2026-06-17 13:17:21,002664,信质集团,19.3,-1.3292,19.56,19.78,19.25,19.56,92673037.29,19.56,18.0
2026-06-17T13:17:24,2026-06-17 13:17:00,000411,英特集团,9.8,-2.9703,10.08,10.09,9.76,10.1,50974142.36,10.1,9.5
2026-06-17T13:17:24,2026-06-17 13:17:20,603093,南华期货,20.84,-3.7413,21.66,22.17,20.77,21.65,311699926.0,21.65,19.12
2026-06-17T13:17:24,2026-06-17 13:17:21,000759,中百集团,6.09,-1.9324,6.18,6.22,5.98,6.21,338249133.0,6.1,5.612
2026-06-17T13:17:24,2026-06-17 13:17:21,001268,联合精密,41.0,-1.1333,41.47,42.2,40.85,41.47,51344895.0,41.34,38.033
2026-06-17T13:17:24,2026-06-17 13:17:21,002155,湖南黄金,25.95,-2.4436,26.56,26.89,25.92,26.6,1080793982.08,26.59,24.463
2026-06-17T13:17:24,2026-06-17 13:17:21,002240,盛新锂能,48.97,0.3278,48.81,50.19,47.87,48.81,2195753310.76,50.517,46.475
2026-06-17T13:17:24,2026-06-17 13:17:22,600183,生益科技,179.22,-0.1003,180.0,191.0,176.0,179.4,14739541801.0,182.56,167.955
2026-06-17T13:17:24,2026-06-17 13:17:22,600601,方正科技,14.25,1.0638,13.82,15.07,13.82,14.1,3990079248.0,13.57,12.484
2026-06-17T13:18:25,2026-06-17 13:18:24,002613,北玻股份,5.05,3.6961,4.74,5.27,4.74,4.87,841189014.24,4.87,4.35
2026-06-17T13:18:25,2026-06-17 13:18:15,002664,信质集团,19.31,-1.2781,19.56,19.78,19.25,19.56,92705860.29,19.56,18.0
2026-06-17T13:18:25,2026-06-17 13:18:15,000411,英特集团,9.8,-2.9703,10.08,10.09,9.76,10.1,51117125.36,10.1,9.5
2026-06-17T13:18:25,2026-06-17 13:18:23,603093,南华期货,20.82,-3.8337,21.66,22.17,20.77,21.65,312195783.0,21.65,19.12
2026-06-17T13:18:25,2026-06-17 13:18:24,000759,中百集团,6.09,-1.9324,6.18,6.22,5.98,6.21,338688309.0,6.1,5.612
2026-06-17T13:18:25,2026-06-17 13:18:21,001268,联合精密,41.0,-1.1333,41.47,42.2,40.85,41.47,51344895.0,41.34,38.033
2026-06-17T13:18:25,2026-06-17 13:18:24,002155,湖南黄金,25.94,-2.4812,26.56,26.89,25.92,26.6,1083437807.08,26.59,24.463
2026-06-17T13:18:25,2026-06-17 13:18:21,002240,盛新锂能,48.94,0.2663,48.81,50.19,47.87,48.81,2198260548.76,50.517,46.475
2026-06-17T13:18:25,2026-06-17 13:18:22,600183,生益科技,180.5,0.6132,180.0,191.0,176.0,179.4,14855665067.0,182.56,167.955
2026-06-17T13:18:25,2026-06-17 13:18:22,600601,方正科技,14.3,1.4184,13.82,15.07,13.82,14.1,4006894477.0,13.57,12.484
2026-06-17T13:19:25,2026-06-17 13:19:24,002613,北玻股份,5.05,3.6961,4.74,5.27,4.74,4.87,841997118.24,4.87,4.35
2026-06-17T13:19:25,2026-06-17 13:19:24,002664,信质集团,19.3,-1.3292,19.56,19.78,19.25,19.56,92835190.29,19.56,18.0
2026-06-17T13:19:25,2026-06-17 13:19:21,000411,英特集团,9.8,-2.9703,10.08,10.09,9.76,10.1,51125945.36,10.1,9.5
2026-06-17T13:19:25,2026-06-17 13:19:23,603093,南华期货,20.83,-3.7875,21.66,22.17,20.77,21.65,312953614.0,21.65,19.12
2026-06-17T13:19:25,2026-06-17 13:19:24,000759,中百集团,6.08,-2.0934,6.18,6.22,5.98,6.21,339795197.0,6.1,5.612
2026-06-17T13:19:25,2026-06-17 13:19:21,001268,联合精密,41.0,-1.1333,41.47,42.2,40.85,41.47,51566325.0,41.34,38.033
2026-06-17T13:19:25,2026-06-17 13:19:24,002155,湖南黄金,26.01,-2.218,26.56,26.89,25.92,26.6,1089858845.08,26.59,24.463
2026-06-17T13:19:25,2026-06-17 13:19:24,002240,盛新锂能,48.89,0.1639,48.81,50.19,47.87,48.81,2201487985.76,50.517,46.475
2026-06-17T13:19:25,2026-06-17 13:19:22,600183,生益科技,180.05,0.3623,180.0,191.0,176.0,179.4,14983846179.0,182.56,167.955
2026-06-17T13:19:25,2026-06-17 13:19:22,600601,方正科技,14.32,1.5603,13.82,15.07,13.82,14.1,4021236540.0,13.57,12.484
2026-06-17T13:20:25,2026-06-17 13:20:24,002613,北玻股份,5.04,3.4908,4.74,5.27,4.74,4.87,842541661.24,4.87,4.35
2026-06-17T13:20:25,2026-06-17 13:20:24,002664,信质集团,19.3,-1.3292,19.56,19.78,19.25,19.56,93120837.29,19.56,18.0
2026-06-17T13:20:25,2026-06-17 13:20:24,000411,英特集团,9.81,-2.8713,10.08,10.09,9.76,10.1,51210265.36,10.1,9.5
2026-06-17T13:20:25,2026-06-17 13:20:23,603093,南华期货,20.85,-3.6952,21.66,22.17,20.77,21.65,313656095.0,21.65,19.12
2026-06-17T13:20:25,2026-06-17 13:20:24,000759,中百集团,6.07,-2.2544,6.18,6.22,5.98,6.21,339878437.0,6.1,5.612
2026-06-17T13:20:25,2026-06-17 13:20:24,001268,联合精密,41.03,-1.061,41.47,42.2,40.85,41.47,51611358.0,41.34,38.033
2026-06-17T13:20:25,2026-06-17 13:20:24,002155,湖南黄金,26.03,-2.1429,26.56,26.89,25.92,26.6,1093569699.38,26.59,24.463
2026-06-17T13:20:25,2026-06-17 13:20:24,002240,盛新锂能,48.88,0.1434,48.81,50.19,47.87,48.81,2203858395.76,50.517,46.475
2026-06-17T13:20:25,2026-06-17 13:20:22,600183,生益科技,180.0,0.3344,180.0,191.0,176.0,179.4,15075028382.0,182.56,167.955
2026-06-17T13:20:25,2026-06-17 13:20:22,600601,方正科技,14.33,1.6312,13.82,15.07,13.82,14.1,4039282196.0,13.57,12.484
2026-06-17T13:21:26,2026-06-17 13:21:24,002613,北玻股份,5.05,3.6961,4.74,5.27,4.74,4.87,843669946.24,4.87,4.35
2026-06-17T13:21:26,2026-06-17 13:21:24,002664,信质集团,19.31,-1.2781,19.56,19.78,19.25,19.56,93696104.29,19.56,18.0
2026-06-17T13:21:26,2026-06-17 13:21:09,000411,英特集团,9.81,-2.8713,10.08,10.09,9.76,10.1,51306415.36,10.1,9.5
2026-06-17T13:21:26,2026-06-17 13:21:23,603093,南华期货,20.85,-3.6952,21.66,22.17,20.77,21.65,314532073.0,21.65,19.12
2026-06-17T13:21:26,2026-06-17 13:21:24,000759,中百集团,6.07,-2.2544,6.18,6.22,5.98,6.21,340497730.0,6.1,5.612
2026-06-17T13:21:26,2026-06-17 13:21:09,001268,联合精密,40.99,-1.1575,41.47,42.2,40.85,41.47,51701524.0,41.34,38.033
2026-06-17T13:21:26,2026-06-17 13:21:24,002155,湖南黄金,26.02,-2.1805,26.56,26.89,25.92,26.6,1097690593.38,26.59,24.463
2026-06-17T13:21:26,2026-06-17 13:21:24,002240,盛新锂能,48.95,0.2868,48.81,50.19,47.87,48.81,2206538169.76,50.517,46.475
2026-06-17T13:21:26,2026-06-17 13:21:25,600183,生益科技,181.0,0.8919,180.0,191.0,176.0,179.4,15146808827.0,182.56,167.955
2026-06-17T13:21:26,2026-06-17 13:21:25,600601,方正科技,14.34,1.7021,13.82,15.07,13.82,14.1,4064617376.0,13.57,12.484
2026-06-17T13:22:27,2026-06-17 13:22:24,002613,北玻股份,5.05,3.6961,4.74,5.27,4.74,4.87,844520806.24,4.87,4.35
2026-06-17T13:22:27,2026-06-17 13:22:24,002664,信质集团,19.32,-1.227,19.56,19.78,19.25,19.56,94510955.29,19.56,18.0
2026-06-17T13:22:27,2026-06-17 13:22:24,000411,英特集团,9.82,-2.7723,10.08,10.09,9.76,10.1,51405629.36,10.1,9.5
2026-06-17T13:22:27,2026-06-17 13:22:23,603093,南华期货,20.86,-3.649,21.66,22.17,20.77,21.65,315240865.0,21.65,19.12
2026-06-17T13:22:27,2026-06-17 13:22:24,000759,中百集团,6.08,-2.0934,6.18,6.22,5.98,6.21,340891937.0,6.1,5.612
2026-06-17T13:22:27,2026-06-17 13:22:18,001268,联合精密,40.99,-1.1575,41.47,42.2,40.85,41.47,51726103.0,41.34,38.033
2026-06-17T13:22:27,2026-06-17 13:22:24,002155,湖南黄金,26.02,-2.1805,26.56,26.89,25.92,26.6,1100615115.38,26.59,24.463
2026-06-17T13:22:27,2026-06-17 13:22:24,002240,盛新锂能,48.96,0.3073,48.81,50.19,47.87,48.81,2209829303.51,50.517,46.475
2026-06-17T13:22:27,2026-06-17 13:22:25,600183,生益科技,180.66,0.7023,180.0,191.0,176.0,179.4,15240185634.0,182.56,167.955
2026-06-17T13:22:27,2026-06-17 13:22:25,600601,方正科技,14.33,1.6312,13.82,15.07,13.82,14.1,4083280408.0,13.57,12.484
2026-06-17T13:23:27,2026-06-17 13:23:24,002613,北玻股份,5.05,3.6961,4.74,5.27,4.74,4.87,845192970.24,4.87,4.35
2026-06-17T13:23:27,2026-06-17 13:23:24,002664,信质集团,19.32,-1.227,19.56,19.78,19.25,19.56,94586303.29,19.56,18.0
2026-06-17T13:23:27,2026-06-17 13:23:24,000411,英特集团,9.82,-2.7723,10.08,10.09,9.76,10.1,51426260.36,10.1,9.5
2026-06-17T13:23:27,2026-06-17 13:23:23,603093,南华期货,20.87,-3.6028,21.66,22.17,20.77,21.65,315591321.0,21.65,19.12
2026-06-17T13:23:27,2026-06-17 13:23:24,000759,中百集团,6.08,-2.0934,6.18,6.22,5.98,6.21,341228641.0,6.1,5.612
2026-06-17T13:23:27,2026-06-17 13:23:24,001268,联合精密,40.95,-1.2539,41.47,42.2,40.85,41.47,51738388.0,41.34,38.033
2026-06-17T13:23:27,2026-06-17 13:23:24,002155,湖南黄金,25.98,-2.3308,26.56,26.89,25.92,26.6,1102760628.38,26.59,24.463
2026-06-17T13:23:27,2026-06-17 13:23:24,002240,盛新锂能,48.93,0.2459,48.81,50.19,47.87,48.81,2213107973.76,50.517,46.475
2026-06-17T13:23:27,2026-06-17 13:23:25,600183,生益科技,180.55,0.641,180.0,191.0,176.0,179.4,15317193475.0,182.56,167.955
2026-06-17T13:23:27,2026-06-17 13:23:25,600601,方正科技,14.32,1.5603,13.82,15.07,13.82,14.1,4096007548.0,13.57,12.484
2026-06-17T13:24:27,2026-06-17 13:24:24,002613,北玻股份,5.05,3.6961,4.74,5.27,4.74,4.87,845675536.24,4.87,4.35
2026-06-17T13:24:27,2026-06-17 13:24:24,002664,信质集团,19.3,-1.3292,19.56,19.78,19.25,19.56,95078602.29,19.56,18.0
2026-06-17T13:24:27,2026-06-17 13:24:21,000411,英特集团,9.82,-2.7723,10.08,10.09,9.76,10.1,51436080.36,10.1,9.5
2026-06-17T13:24:27,2026-06-17 13:24:26,603093,南华期货,20.84,-3.7413,21.66,22.17,20.77,21.65,316610981.0,21.65,19.12
2026-06-17T13:24:27,2026-06-17 13:24:24,000759,中百集团,6.07,-2.2544,6.18,6.22,5.98,6.21,342006806.0,6.1,5.612
2026-06-17T13:24:27,2026-06-17 13:24:21,001268,联合精密,40.9,-1.3745,41.47,42.2,40.85,41.47,52666909.0,41.34,38.033
2026-06-17T13:24:27,2026-06-17 13:24:24,002155,湖南黄金,25.94,-2.4812,26.56,26.89,25.92,26.6,1107350857.38,26.59,24.463
2026-06-17T13:24:27,2026-06-17 13:24:24,002240,盛新锂能,48.88,0.1434,48.81,50.19,47.87,48.81,2215435565.76,50.517,46.475
2026-06-17T13:24:27,2026-06-17 13:24:25,600183,生益科技,180.5,0.6132,180.0,191.0,176.0,179.4,15398417918.0,182.56,167.955
2026-06-17T13:24:27,2026-06-17 13:24:25,600601,方正科技,14.32,1.5603,13.82,15.07,13.82,14.1,4101890471.0,13.57,12.484
2026-06-17T13:25:27,2026-06-17 13:25:24,002613,北玻股份,5.06,3.9014,4.74,5.27,4.74,4.87,846871644.24,4.87,4.35
2026-06-17T13:25:27,2026-06-17 13:25:24,002664,信质集团,19.3,-1.3292,19.56,19.78,19.25,19.56,95175102.29,19.56,18.0
2026-06-17T13:25:27,2026-06-17 13:25:21,000411,英特集团,9.82,-2.7723,10.08,10.09,9.76,10.1,51440994.36,10.1,9.5
2026-06-17T13:25:27,2026-06-17 13:25:26,603093,南华期货,20.83,-3.7875,21.66,22.17,20.77,21.65,317023550.0,21.65,19.12
2026-06-17T13:25:27,2026-06-17 13:25:24,000759,中百集团,6.06,-2.4155,6.18,6.22,5.98,6.21,343018164.0,6.1,5.612
2026-06-17T13:25:27,2026-06-17 13:25:24,001268,联合精密,40.88,-1.4227,41.47,42.2,40.85,41.47,52846792.0,41.34,38.033
2026-06-17T13:25:27,2026-06-17 13:25:24,002155,湖南黄金,25.95,-2.4436,26.56,26.89,25.92,26.6,1110632487.38,26.59,24.463
2026-06-17T13:25:27,2026-06-17 13:25:24,002240,盛新锂能,48.87,0.1229,48.81,50.19,47.87,48.81,2219785243.76,50.517,46.475
2026-06-17T13:25:27,2026-06-17 13:25:25,600183,生益科技,180.48,0.602,180.0,191.0,176.0,179.4,15445573147.0,182.56,167.955
2026-06-17T13:25:27,2026-06-17 13:25:25,600601,方正科技,14.35,1.773,13.82,15.07,13.82,14.1,4109072022.0,13.57,12.484
2026-06-17T13:26:28,2026-06-17 13:26:24,002613,北玻股份,5.06,3.9014,4.74,5.27,4.74,4.87,847895634.24,4.87,4.35
2026-06-17T13:26:28,2026-06-17 13:26:24,002664,信质集团,19.29,-1.3804,19.56,19.78,19.25,19.56,95705635.29,19.56,18.0
2026-06-17T13:26:28,2026-06-17 13:26:21,000411,英特集团,9.82,-2.7723,10.08,10.09,9.76,10.1,51556872.36,10.1,9.5
2026-06-17T13:26:28,2026-06-17 13:26:26,603093,南华期货,20.82,-3.8337,21.66,22.17,20.77,21.65,317752157.0,21.65,19.12
2026-06-17T13:26:28,2026-06-17 13:26:24,000759,中百集团,6.04,-2.7375,6.18,6.22,5.98,6.21,344403298.0,6.1,5.612
2026-06-17T13:26:28,2026-06-17 13:26:24,001268,联合精密,40.87,-1.4468,41.47,42.2,40.85,41.47,52998055.0,41.34,38.033
2026-06-17T13:26:28,2026-06-17 13:26:24,002155,湖南黄金,25.94,-2.4812,26.56,26.89,25.92,26.6,1113638682.38,26.59,24.463
2026-06-17T13:26:28,2026-06-17 13:26:24,002240,盛新锂能,48.85,0.082,48.81,50.19,47.87,48.81,2223118234.76,50.517,46.475
2026-06-17T13:26:28,2026-06-17 13:26:25,600183,生益科技,180.72,0.7358,180.0,191.0,176.0,179.4,15478565402.0,182.56,167.955
2026-06-17T13:26:28,2026-06-17 13:26:25,600601,方正科技,14.34,1.7021,13.82,15.07,13.82,14.1,4124684771.0,13.57,12.484
2026-06-17T13:27:28,2026-06-17 13:27:24,002613,北玻股份,5.06,3.9014,4.74,5.27,4.74,4.87,848683963.24,4.87,4.35
2026-06-17T13:27:28,2026-06-17 13:27:21,002664,信质集团,19.27,-1.4826,19.56,19.78,19.25,19.56,96256981.29,19.56,18.0
2026-06-17T13:27:28,2026-06-17 13:27:27,000411,英特集团,9.81,-2.8713,10.08,10.09,9.76,10.1,51673655.36,10.1,9.5
2026-06-17T13:27:28,2026-06-17 13:27:26,603093,南华期货,20.81,-3.8799,21.66,22.17,20.77,21.65,318237136.0,21.65,19.12
2026-06-17T13:27:28,2026-06-17 13:27:27,000759,中百集团,6.04,-2.7375,6.18,6.22,5.98,6.21,345220956.0,6.1,5.612
2026-06-17T13:27:28,2026-06-17 13:27:24,001268,联合精密,40.85,-1.4951,41.47,42.2,40.83,41.47,53198228.0,41.34,38.033
2026-06-17T13:27:28,2026-06-17 13:27:24,002155,湖南黄金,25.92,-2.5564,26.56,26.89,25.91,26.6,1120256214.38,26.59,24.463
2026-06-17T13:27:28,2026-06-17 13:27:24,002240,盛新锂能,48.84,0.0615,48.81,50.19,47.87,48.81,2225877641.76,50.517,46.475
2026-06-17T13:27:28,2026-06-17 13:27:25,600183,生益科技,180.86,0.8138,180.0,191.0,176.0,179.4,15527147894.0,182.56,167.955
2026-06-17T13:27:28,2026-06-17 13:27:25,600601,方正科技,14.34,1.7021,13.82,15.07,13.82,14.1,4134631112.0,13.57,12.484
2026-06-17T13:28:28,2026-06-17 13:28:27,002613,北玻股份,5.06,3.9014,4.74,5.27,4.74,4.87,848914555.24,4.87,4.35
2026-06-17T13:28:28,2026-06-17 13:28:27,002664,信质集团,19.27,-1.4826,19.56,19.78,19.25,19.56,97360958.29,19.56,18.0
2026-06-17T13:28:28,2026-06-17 13:28:27,000411,英特集团,9.81,-2.8713,10.08,10.09,9.76,10.1,51834493.36,10.1,9.5
2026-06-17T13:28:28,2026-06-17 13:28:26,603093,南华期货,20.79,-3.9723,21.66,22.17,20.77,21.65,319110750.0,21.65,19.12
2026-06-17T13:28:28,2026-06-17 13:28:27,000759,中百集团,6.04,-2.7375,6.18,6.22,5.98,6.21,346199392.0,6.1,5.612
2026-06-17T13:28:28,2026-06-17 13:28:27,001268,联合精密,40.86,-1.4709,41.47,42.2,40.83,41.47,53279929.0,41.34,38.033
2026-06-17T13:28:28,2026-06-17 13:28:27,002155,湖南黄金,25.94,-2.4812,26.56,26.89,25.9,26.6,1127279334.38,26.59,24.463
2026-06-17T13:28:28,2026-06-17 13:28:27,002240,盛新锂能,48.81,0.0,48.81,50.19,47.87,48.81,2230105484.76,50.517,46.475
2026-06-17T13:28:28,2026-06-17 13:28:25,600183,生益科技,180.31,0.5072,180.0,191.0,176.0,179.4,15580407829.0,182.56,167.955
2026-06-17T13:28:28,2026-06-17 13:28:25,600601,方正科技,14.35,1.773,13.82,15.07,13.82,14.1,4149162314.0,13.57,12.484
2026-06-17T13:29:28,2026-06-17 13:29:27,002613,北玻股份,5.06,3.9014,4.74,5.27,4.74,4.87,850321048.24,4.87,4.35
2026-06-17T13:29:28,2026-06-17 13:29:27,002664,信质集团,19.28,-1.4315,19.56,19.78,19.25,19.56,97513282.29,19.56,18.0
2026-06-17T13:29:28,2026-06-17 13:29:27,000411,英特集团,9.82,-2.7723,10.08,10.09,9.76,10.1,51853145.36,10.1,9.5
2026-06-17T13:29:28,2026-06-17 13:29:26,603093,南华期货,20.79,-3.9723,21.66,22.17,20.77,21.65,320643059.0,21.65,19.12
2026-06-17T13:29:28,2026-06-17 13:29:27,000759,中百集团,6.03,-2.8986,6.18,6.22,5.98,6.21,346573175.0,6.1,5.612
2026-06-17T13:29:28,2026-06-17 13:29:12,001268,联合精密,40.9,-1.3745,41.47,42.2,40.83,41.47,53361682.0,41.34,38.033
2026-06-17T13:29:28,2026-06-17 13:29:27,002155,湖南黄金,25.93,-2.5188,26.56,26.89,25.9,26.6,1129545519.38,26.59,24.463
2026-06-17T13:29:28,2026-06-17 13:29:27,002240,盛新锂能,48.81,0.0,48.81,50.19,47.87,48.81,2232736241.76,50.517,46.475
2026-06-17T13:29:28,2026-06-17 13:29:25,600183,生益科技,181.69,1.2765,180.0,191.0,176.0,179.4,15633836232.0,182.56,167.955
2026-06-17T13:29:28,2026-06-17 13:29:25,600601,方正科技,14.35,1.773,13.82,15.07,13.82,14.1,4162290841.0,13.57,12.484
2026-06-17T13:30:29,2026-06-17 13:30:27,002613,北玻股份,5.06,3.9014,4.74,5.27,4.74,4.87,851093904.24,4.87,4.35
2026-06-17T13:30:29,2026-06-17 13:30:27,002664,信质集团,19.29,-1.3804,19.56,19.78,19.25,19.56,97590437.29,19.56,18.0
2026-06-17T13:30:29,2026-06-17 13:30:21,000411,英特集团,9.81,-2.8713,10.08,10.09,9.76,10.1,51884554.36,10.1,9.5
2026-06-17T13:30:29,2026-06-17 13:30:26,603093,南华期货,20.81,-3.8799,21.66,22.17,20.77,21.65,321125557.0,21.65,19.12
2026-06-17T13:30:29,2026-06-17 13:30:27,000759,中百集团,6.07,-2.2544,6.18,6.22,5.98,6.21,348530319.0,6.1,5.612
2026-06-17T13:30:29,2026-06-17 13:30:27,001268,联合精密,40.99,-1.1575,41.47,42.2,40.83,41.47,54187931.0,41.34,38.033
2026-06-17T13:30:29,2026-06-17 13:30:27,002155,湖南黄金,25.97,-2.3684,26.56,26.89,25.9,26.6,1134852136.38,26.59,24.463
2026-06-17T13:30:29,2026-06-17 13:30:27,002240,盛新锂能,48.81,0.0,48.81,50.19,47.87,48.81,2239550364.76,50.517,46.475
2026-06-17T13:30:29,2026-06-17 13:30:25,600183,生益科技,181.5,1.1706,180.0,191.0,176.0,179.4,15706220473.0,182.56,167.955
2026-06-17T13:30:29,2026-06-17 13:30:25,600601,方正科技,14.35,1.773,13.82,15.07,13.82,14.1,4169930500.0,13.57,12.484
2026-06-17T13:31:29,2026-06-17 13:31:27,002613,北玻股份,5.06,3.9014,4.74,5.27,4.74,4.87,851436417.24,4.87,4.35
2026-06-17T13:31:29,2026-06-17 13:31:24,002664,信质集团,19.3,-1.3292,19.56,19.78,19.25,19.56,97694604.29,19.56,18.0
2026-06-17T13:31:29,2026-06-17 13:31:21,000411,英特集团,9.82,-2.7723,10.08,10.09,9.76,10.1,51889464.36,10.1,9.5
2026-06-17T13:31:29,2026-06-17 13:31:26,603093,南华期货,20.82,-3.8337,21.66,22.17,20.77,21.65,321937209.0,21.65,19.12
2026-06-17T13:31:29,2026-06-17 13:31:27,000759,中百集团,6.05,-2.5765,6.18,6.22,5.98,6.21,349255424.0,6.1,5.612
2026-06-17T13:31:29,2026-06-17 13:31:27,001268,联合精密,41.04,-1.0369,41.47,42.2,40.83,41.47,54409422.0,41.34,38.033
2026-06-17T13:31:29,2026-06-17 13:31:27,002155,湖南黄金,26.03,-2.1429,26.56,26.89,25.9,26.6,1138372794.38,26.59,24.463
2026-06-17T13:31:29,2026-06-17 13:31:27,002240,盛新锂能,48.81,0.0,48.81,50.19,47.87,48.81,2246559173.76,50.517,46.475
2026-06-17T13:31:29,2026-06-17 13:31:28,600183,生益科技,182.08,1.4939,180.0,191.0,176.0,179.4,15740833621.0,182.56,167.955
2026-06-17T13:31:29,2026-06-17 13:31:25,600601,方正科技,14.4,2.1277,13.82,15.07,13.82,14.1,4188325384.0,13.57,12.484
2026-06-17T13:32:29,2026-06-17 13:32:27,002613,北玻股份,5.06,3.9014,4.74,5.27,4.74,4.87,852643491.24,4.87,4.35
2026-06-17T13:32:29,2026-06-17 13:32:27,002664,信质集团,19.3,-1.3292,19.56,19.78,19.25,19.56,97891473.29,19.56,18.0
2026-06-17T13:32:29,2026-06-17 13:32:27,000411,英特集团,9.8,-2.9703,10.08,10.09,9.76,10.1,52263198.36,10.1,9.5
2026-06-17T13:32:29,2026-06-17 13:32:26,603093,南华期货,20.8,-3.9261,21.66,22.17,20.77,21.65,323216063.0,21.65,19.12
2026-06-17T13:32:29,2026-06-17 13:32:27,000759,中百集团,6.04,-2.7375,6.18,6.22,5.98,6.21,350048722.0,6.1,5.612
2026-06-17T13:32:29,2026-06-17 13:32:24,001268,联合精密,41.25,-0.5305,41.47,42.2,40.83,41.47,55268366.0,41.34,38.033
2026-06-17T13:32:29,2026-06-17 13:32:27,002155,湖南黄金,26.04,-2.1053,26.56,26.89,25.9,26.6,1142766190.38,26.59,24.463
2026-06-17T13:32:29,2026-06-17 13:32:27,002240,盛新锂能,48.77,-0.082,48.81,50.19,47.87,48.81,2253814444.76,50.517,46.475
2026-06-17T13:32:29,2026-06-17 13:32:28,600183,生益科技,182.65,1.8116,180.0,191.0,176.0,179.4,15828683044.0,182.56,167.955
2026-06-17T13:32:29,2026-06-17 13:32:28,600601,方正科技,14.41,2.1986,13.82,15.07,13.82,14.1,4203186137.0,13.57,12.484
2026-06-17T13:33:30,2026-06-17 13:33:27,002613,北玻股份,5.05,3.6961,4.74,5.27,4.74,4.87,853748257.24,4.87,4.35
2026-06-17T13:33:30,2026-06-17 13:33:27,002664,信质集团,19.32,-1.227,19.56,19.78,19.25,19.56,97966815.29,19.56,18.0
2026-06-17T13:33:30,2026-06-17 13:33:27,000411,英特集团,9.8,-2.9703,10.08,10.09,9.76,10.1,52559227.36,10.1,9.5
2026-06-17T13:33:30,2026-06-17 13:33:29,603093,南华期货,20.8,-3.9261,21.66,22.17,20.77,21.65,324564582.0,21.65,19.12
2026-06-17T13:33:30,2026-06-17 13:33:27,000759,中百集团,6.06,-2.4155,6.18,6.22,5.98,6.21,350856509.0,6.1,5.612
2026-06-17T13:33:30,2026-06-17 13:33:27,001268,联合精密,41.38,-0.217,41.47,42.2,40.83,41.47,55446128.0,41.34,38.033
2026-06-17T13:33:30,2026-06-17 13:33:27,002155,湖南黄金,26.03,-2.1429,26.56,26.89,25.9,26.6,1146189481.38,26.59,24.463
2026-06-17T13:33:30,2026-06-17 13:33:27,002240,盛新锂能,48.73,-0.1639,48.81,50.19,47.87,48.81,2260649899.76,50.517,46.475
2026-06-17T13:33:30,2026-06-17 13:33:28,600183,生益科技,182.3,1.6165,180.0,191.0,176.0,179.4,15903363414.0,182.56,167.955
2026-06-17T13:33:30,2026-06-17 13:33:28,600601,方正科技,14.39,2.0567,13.82,15.07,13.82,14.1,4214148227.0,13.57,12.484
2026-06-17T13:34:30,2026-06-17 13:34:27,002613,北玻股份,5.06,3.9014,4.74,5.27,4.74,4.87,855650747.24,4.87,4.35
2026-06-17T13:34:30,2026-06-17 13:34:27,002664,信质集团,19.31,-1.2781,19.56,19.78,19.25,19.56,98248605.29,19.56,18.0
2026-06-17T13:34:30,2026-06-17 13:34:30,000411,英特集团,9.8,-2.9703,10.08,10.09,9.76,10.1,52918015.36,10.1,9.5
2026-06-17T13:34:30,2026-06-17 13:34:26,603093,南华期货,20.84,-3.7413,21.66,22.17,20.77,21.65,324906134.0,21.65,19.12
2026-06-17T13:34:30,2026-06-17 13:34:30,000759,中百集团,6.06,-2.4155,6.18,6.22,5.98,6.21,351209561.0,6.1,5.612
2026-06-17T13:34:30,2026-06-17 13:34:30,001268,联合精密,41.48,0.0241,41.47,42.2,40.83,41.47,55491680.0,41.34,38.033
2026-06-17T13:34:30,2026-06-17 13:34:27,002155,湖南黄金,26.05,-2.0677,26.56,26.89,25.9,26.6,1148940019.38,26.59,24.463
2026-06-17T13:34:30,2026-06-17 13:34:27,002240,盛新锂能,48.7,-0.2254,48.81,50.19,47.87,48.81,2268453332.76,50.517,46.475
2026-06-17T13:34:30,2026-06-17 13:34:28,600183,生益科技,182.93,1.9677,180.0,191.0,176.0,179.4,15967958011.0,182.56,167.955
2026-06-17T13:34:30,2026-06-17 13:34:28,600601,方正科技,14.4,2.1277,13.82,15.07,13.82,14.1,4222139073.0,13.57,12.484
2026-06-17T13:35:30,2026-06-17 13:35:27,002613,北玻股份,5.05,3.6961,4.74,5.27,4.74,4.87,856953588.24,4.87,4.35
2026-06-17T13:35:30,2026-06-17 13:35:27,002664,信质集团,19.3,-1.3292,19.56,19.78,19.25,19.56,98628738.29,19.56,18.0
2026-06-17T13:35:30,2026-06-17 13:35:30,000411,英特集团,9.81,-2.8713,10.08,10.09,9.76,10.1,52937650.36,10.1,9.5
2026-06-17T13:35:30,2026-06-17 13:35:29,603093,南华期货,20.81,-3.8799,21.66,22.17,20.77,21.65,326867504.0,21.65,19.12
2026-06-17T13:35:30,2026-06-17 13:35:30,000759,中百集团,6.06,-2.4155,6.18,6.22,5.98,6.21,351971524.0,6.1,5.612
2026-06-17T13:35:30,2026-06-17 13:35:24,001268,联合精密,41.44,-0.0723,41.47,42.2,40.83,41.47,55566283.0,41.34,38.033
2026-06-17T13:35:30,2026-06-17 13:35:27,002155,湖南黄金,26.04,-2.1053,26.56,26.89,25.9,26.6,1152883725.38,26.59,24.463
2026-06-17T13:35:30,2026-06-17 13:35:27,002240,盛新锂能,48.65,-0.3278,48.81,50.19,47.87,48.81,2276145960.76,50.517,46.475
2026-06-17T13:35:30,2026-06-17 13:35:28,600183,生益科技,182.92,1.9621,180.0,191.0,176.0,179.4,16052896015.0,182.56,167.955
2026-06-17T13:35:30,2026-06-17 13:35:28,600601,方正科技,14.42,2.2695,13.82,15.07,13.82,14.1,4234510575.0,13.57,12.484
2026-06-17T13:36:32,2026-06-17 13:36:30,002613,北玻股份,5.06,3.9014,4.74,5.27,4.74,4.87,858022478.24,4.87,4.35
2026-06-17T13:36:32,2026-06-17 13:36:27,002664,信质集团,19.31,-1.2781,19.56,19.78,19.25,19.56,98858527.29,19.56,18.0
2026-06-17T13:36:32,2026-06-17 13:36:27,000411,英特集团,9.81,-2.8713,10.08,10.09,9.76,10.1,52992587.36,10.1,9.5
2026-06-17T13:36:32,2026-06-17 13:36:29,603093,南华期货,20.82,-3.8337,21.66,22.17,20.77,21.65,327300395.0,21.65,19.12
2026-06-17T13:36:32,2026-06-17 13:36:30,000759,中百集团,6.05,-2.5765,6.18,6.22,5.98,6.21,352718964.0,6.1,5.612
2026-06-17T13:36:32,2026-06-17 13:36:30,001268,联合精密,41.37,-0.2411,41.47,42.2,40.83,41.47,55744391.0,41.34,38.033
2026-06-17T13:36:32,2026-06-17 13:36:30,002155,湖南黄金,26.01,-2.218,26.56,26.89,25.9,26.6,1156858384.38,26.59,24.463
2026-06-17T13:36:32,2026-06-17 13:36:30,002240,盛新锂能,48.44,-0.758,48.81,50.19,47.87,48.81,2288843406.64,50.517,46.475
2026-06-17T13:36:32,2026-06-17 13:36:28,600183,生益科技,182.89,1.9454,180.0,191.0,176.0,179.4,16106626741.0,182.56,167.955
2026-06-17T13:36:32,2026-06-17 13:36:28,600601,方正科技,14.43,2.3404,13.82,15.07,13.82,14.1,4252622417.0,13.57,12.484
2026-06-17T13:37:32,2026-06-17 13:37:30,002613,北玻股份,5.07,4.1068,4.74,5.27,4.74,4.87,858954065.24,4.87,4.35
2026-06-17T13:37:32,2026-06-17 13:37:30,002664,信质集团,19.29,-1.3804,19.56,19.78,19.25,19.56,99198268.29,19.56,18.0
2026-06-17T13:37:32,2026-06-17 13:37:30,000411,英特集团,9.81,-2.8713,10.08,10.09,9.76,10.1,53008285.36,10.1,9.5
2026-06-17T13:37:32,2026-06-17 13:37:29,603093,南华期货,20.82,-3.8337,21.66,22.17,20.77,21.65,327810318.0,21.65,19.12
2026-06-17T13:37:32,2026-06-17 13:37:30,000759,中百集团,6.05,-2.5765,6.18,6.22,5.98,6.21,353091375.0,6.1,5.612
2026-06-17T13:37:32,2026-06-17 13:37:30,001268,联合精密,41.45,-0.0482,41.47,42.2,40.83,41.47,56150661.0,41.34,38.033
2026-06-17T13:37:32,2026-06-17 13:37:30,002155,湖南黄金,26.04,-2.1053,26.56,26.89,25.9,26.6,1160807236.38,26.59,24.463
2026-06-17T13:37:32,2026-06-17 13:37:30,002240,盛新锂能,48.67,-0.2868,48.81,50.19,47.87,48.81,2307918190.7,50.517,46.475
2026-06-17T13:37:32,2026-06-17 13:37:28,600183,生益科技,182.41,1.6778,180.0,191.0,176.0,179.4,16164370585.0,182.56,167.955
2026-06-17T13:37:32,2026-06-17 13:37:28,600601,方正科技,14.43,2.3404,13.82,15.07,13.82,14.1,4260493366.0,13.57,12.484
2026-06-17T13:38:32,2026-06-17 13:38:30,002613,北玻股份,5.07,4.1068,4.74,5.27,4.74,4.87,860302982.24,4.87,4.35
2026-06-17T13:38:32,2026-06-17 13:38:21,002664,信质集团,19.29,-1.3804,19.56,19.78,19.25,19.56,99300527.29,19.56,18.0
2026-06-17T13:38:32,2026-06-17 13:38:30,000411,英特集团,9.8,-2.9703,10.08,10.09,9.76,10.1,53056347.36,10.1,9.5
2026-06-17T13:38:32,2026-06-17 13:38:29,603093,南华期货,20.8,-3.9261,21.66,22.17,20.77,21.65,328881576.0,21.65,19.12
2026-06-17T13:38:32,2026-06-17 13:38:30,000759,中百集团,6.06,-2.4155,6.18,6.22,5.98,6.21,353389362.0,6.1,5.612
2026-06-17T13:38:32,2026-06-17 13:38:30,001268,联合精密,41.46,-0.0241,41.47,42.2,40.83,41.47,56212801.0,41.34,38.033
2026-06-17T13:38:32,2026-06-17 13:38:30,002155,湖南黄金,26.08,-1.9549,26.56,26.89,25.9,26.6,1164432483.38,26.59,24.463
2026-06-17T13:38:32,2026-06-17 13:38:30,002240,盛新锂能,48.74,-0.1434,48.81,50.19,47.87,48.81,2313669978.0,50.517,46.475
2026-06-17T13:38:32,2026-06-17 13:38:28,600183,生益科技,182.09,1.4994,180.0,191.0,176.0,179.4,16208598986.0,182.56,167.955
2026-06-17T13:38:32,2026-06-17 13:38:28,600601,方正科技,14.42,2.2695,13.82,15.07,13.82,14.1,4266448039.0,13.57,12.484
2026-06-17T13:39:32,2026-06-17 13:39:30,002613,北玻股份,5.07,4.1068,4.74,5.27,4.74,4.87,861805073.24,4.87,4.35
2026-06-17T13:39:32,2026-06-17 13:39:30,002664,信质集团,19.31,-1.2781,19.56,19.78,19.25,19.56,99368094.29,19.56,18.0
2026-06-17T13:39:32,2026-06-17 13:39:30,000411,英特集团,9.8,-2.9703,10.08,10.09,9.76,10.1,53116137.36,10.1,9.5
2026-06-17T13:39:32,2026-06-17 13:39:29,603093,南华期货,20.79,-3.9723,21.66,22.17,20.77,21.65,330014229.0,21.65,19.12
2026-06-17T13:39:32,2026-06-17 13:39:30,000759,中百集团,6.05,-2.5765,6.18,6.22,5.98,6.21,353866736.0,6.1,5.612
2026-06-17T13:39:32,2026-06-17 13:39:30,001268,联合精密,41.8,0.7958,41.47,42.2,40.83,41.47,56886953.0,41.34,38.033
2026-06-17T13:39:32,2026-06-17 13:39:30,002155,湖南黄金,26.09,-1.9173,26.56,26.89,25.9,26.6,1169289076.38,26.59,24.463
2026-06-17T13:39:32,2026-06-17 13:39:30,002240,盛新锂能,48.7,-0.2254,48.81,50.19,47.87,48.81,2317937423.0,50.517,46.475
2026-06-17T13:39:32,2026-06-17 13:39:31,600183,生益科技,182.38,1.6611,180.0,191.0,176.0,179.4,16237303566.0,182.56,167.955
2026-06-17T13:39:32,2026-06-17 13:39:31,600601,方正科技,14.4,2.1277,13.82,15.07,13.82,14.1,4285171924.0,13.57,12.484
2026-06-17T13:40:32,2026-06-17 13:40:30,002613,北玻股份,5.07,4.1068,4.74,5.27,4.74,4.87,862499696.04,4.87,4.35
2026-06-17T13:40:32,2026-06-17 13:40:30,002664,信质集团,19.3,-1.3292,19.56,19.78,19.25,19.56,99804256.29,19.56,18.0
2026-06-17T13:40:32,2026-06-17 13:40:30,000411,英特集团,9.81,-2.8713,10.08,10.09,9.76,10.1,53429913.36,10.1,9.5
2026-06-17T13:40:32,2026-06-17 13:40:29,603093,南华期货,20.81,-3.8799,21.66,22.17,20.77,21.65,330702825.0,21.65,19.12
2026-06-17T13:40:32,2026-06-17 13:40:30,000759,中百集团,6.04,-2.7375,6.18,6.22,5.98,6.21,354435044.0,6.1,5.612
2026-06-17T13:40:32,2026-06-17 13:40:30,001268,联合精密,41.99,1.2539,41.47,42.2,40.83,41.47,59920955.0,41.34,38.033
2026-06-17T13:40:32,2026-06-17 13:40:30,002155,湖南黄金,26.11,-1.8421,26.56,26.89,25.9,26.6,1171436169.38,26.59,24.463
2026-06-17T13:40:32,2026-06-17 13:40:30,002240,盛新锂能,48.64,-0.3483,48.81,50.19,47.87,48.81,2322127845.0,50.517,46.475
2026-06-17T13:40:32,2026-06-17 13:40:31,600183,生益科技,182.19,1.5552,180.0,191.0,176.0,179.4,16284557014.0,182.56,167.955
2026-06-17T13:40:32,2026-06-17 13:40:31,600601,方正科技,14.4,2.1277,13.82,15.07,13.82,14.1,4297548965.0,13.57,12.484
2026-06-17T13:41:34,2026-06-17 13:41:30,002613,北玻股份,5.06,3.9014,4.74,5.27,4.74,4.87,863800452.04,4.87,4.35
2026-06-17T13:41:34,2026-06-17 13:41:30,002664,信质集团,19.3,-1.3292,19.56,19.78,19.25,19.56,100058955.29,19.56,18.0
2026-06-17T13:41:34,2026-06-17 13:41:33,000411,英特集团,9.8,-2.9703,10.08,10.09,9.76,10.1,53454433.36,10.1,9.5
2026-06-17T13:41:34,2026-06-17 13:41:32,603093,南华期货,20.81,-3.8799,21.66,22.17,20.77,21.65,331406517.0,21.65,19.12
2026-06-17T13:41:34,2026-06-17 13:41:33,000759,中百集团,6.05,-2.5765,6.18,6.22,5.98,6.21,355646919.0,6.1,5.612
2026-06-17T13:41:34,2026-06-17 13:41:30,001268,联合精密,41.89,1.0128,41.47,42.2,40.83,41.47,60470307.0,41.34,38.033
2026-06-17T13:41:34,2026-06-17 13:41:30,002155,湖南黄金,26.09,-1.9173,26.56,26.89,25.9,26.6,1175166263.38,26.59,24.463
2026-06-17T13:41:34,2026-06-17 13:41:30,002240,盛新锂能,48.54,-0.5532,48.81,50.19,47.87,48.81,2326200712.44,50.517,46.475
2026-06-17T13:41:34,2026-06-17 13:41:31,600183,生益科技,181.5,1.1706,180.0,191.0,176.0,179.4,16324949450.0,182.56,167.955
2026-06-17T13:41:34,2026-06-17 13:41:31,600601,方正科技,14.37,1.9149,13.82,15.07,13.82,14.1,4313309891.0,13.57,12.484
2026-06-17T13:42:34,2026-06-17 13:42:30,002613,北玻股份,5.06,3.9014,4.74,5.27,4.74,4.87,864305047.04,4.87,4.35
2026-06-17T13:42:34,2026-06-17 13:42:30,002664,信质集团,19.29,-1.3804,19.56,19.78,19.25,19.56,101634828.29,19.56,18.0
2026-06-17T13:42:34,2026-06-17 13:42:33,000411,英特集团,9.8,-2.9703,10.08,10.09,9.76,10.1,53590788.36,10.1,9.5
2026-06-17T13:42:34,2026-06-17 13:42:32,603093,南华期货,20.84,-3.7413,21.66,22.17,20.77,21.65,332315309.0,21.65,19.12
2026-06-17T13:42:34,2026-06-17 13:42:33,000759,中百集团,6.05,-2.5765,6.18,6.22,5.98,6.21,356025112.0,6.1,5.612
2026-06-17T13:42:34,2026-06-17 13:42:33,001268,联合精密,41.95,1.1575,41.47,42.2,40.83,41.47,61228335.0,41.34,38.033
2026-06-17T13:42:34,2026-06-17 13:42:30,002155,湖南黄金,26.08,-1.9549,26.56,26.89,25.9,26.6,1178037921.38,26.59,24.463
2026-06-17T13:42:34,2026-06-17 13:42:30,002240,盛新锂能,48.58,-0.4712,48.81,50.19,47.87,48.81,2335483126.44,50.517,46.475
2026-06-17T13:42:34,2026-06-17 13:42:31,600183,生益科技,180.58,0.6577,180.0,191.0,176.0,179.4,16385122722.0,182.56,167.955
2026-06-17T13:42:34,2026-06-17 13:42:31,600601,方正科技,14.37,1.9149,13.82,15.07,13.82,14.1,4323557679.0,13.57,12.484
2026-06-17T13:43:34,2026-06-17 13:43:33,002613,北玻股份,5.07,4.1068,4.74,5.27,4.74,4.87,865075007.04,4.87,4.35
2026-06-17T13:43:34,2026-06-17 13:43:33,002664,信质集团,19.29,-1.3804,19.56,19.78,19.25,19.56,101960932.29,19.56,18.0
2026-06-17T13:43:34,2026-06-17 13:43:33,000411,英特集团,9.81,-2.8713,10.08,10.09,9.76,10.1,53637878.36,10.1,9.5
2026-06-17T13:43:34,2026-06-17 13:43:32,603093,南华期货,20.82,-3.8337,21.66,22.17,20.77,21.65,332786010.0,21.65,19.12
2026-06-17T13:43:34,2026-06-17 13:43:33,000759,中百集团,6.04,-2.7375,6.18,6.22,5.98,6.21,356619500.0,6.1,5.612
2026-06-17T13:43:34,2026-06-17 13:43:33,001268,联合精密,41.88,0.9887,41.47,42.2,40.83,41.47,62244362.0,41.34,38.033
2026-06-17T13:43:34,2026-06-17 13:43:33,002155,湖南黄金,26.06,-2.0301,26.56,26.89,25.9,26.6,1181839711.38,26.59,24.463
2026-06-17T13:43:34,2026-06-17 13:43:33,002240,盛新锂能,48.56,-0.5122,48.81,50.19,47.87,48.81,2340989397.44,50.517,46.475
2026-06-17T13:43:34,2026-06-17 13:43:31,600183,生益科技,180.39,0.5518,180.0,191.0,176.0,179.4,16441863327.0,182.56,167.955
2026-06-17T13:43:34,2026-06-17 13:43:31,600601,方正科技,14.36,1.844,13.82,15.07,13.82,14.1,4340760362.0,13.57,12.484
2026-06-17T13:44:34,2026-06-17 13:44:33,002613,北玻股份,5.08,4.3121,4.74,5.27,4.74,4.87,867061712.04,4.87,4.35
2026-06-17T13:44:34,2026-06-17 13:44:33,002664,信质集团,19.29,-1.3804,19.56,19.78,19.25,19.56,102244563.29,19.56,18.0
2026-06-17T13:44:34,2026-06-17 13:44:33,000411,英特集团,9.82,-2.7723,10.08,10.09,9.76,10.1,53694782.36,10.1,9.5
2026-06-17T13:44:34,2026-06-17 13:44:32,603093,南华期货,20.84,-3.7413,21.66,22.17,20.77,21.65,333681315.0,21.65,19.12
2026-06-17T13:44:34,2026-06-17 13:44:33,000759,中百集团,6.04,-2.7375,6.18,6.22,5.98,6.21,357262672.0,6.1,5.612
2026-06-17T13:44:34,2026-06-17 13:44:33,001268,联合精密,41.98,1.2298,41.47,42.2,40.83,41.47,62424927.0,41.34,38.033
2026-06-17T13:44:34,2026-06-17 13:44:33,002155,湖南黄金,26.06,-2.0301,26.56,26.89,25.9,26.6,1183285634.38,26.59,24.463
2026-06-17T13:44:34,2026-06-17 13:44:33,002240,盛新锂能,48.51,-0.6146,48.81,50.19,47.87,48.81,2345186962.44,50.517,46.475
2026-06-17T13:44:34,2026-06-17 13:44:34,600183,生益科技,180.53,0.6299,180.0,191.0,176.0,179.4,16530678075.0,182.56,167.955
2026-06-17T13:44:34,2026-06-17 13:44:31,600601,方正科技,14.36,1.844,13.82,15.07,13.82,14.1,4355751419.0,13.57,12.484
2026-06-17T13:45:35,2026-06-17 13:45:33,002613,北玻股份,5.07,4.1068,4.74,5.27,4.74,4.87,868656818.04,4.87,4.35
2026-06-17T13:45:35,2026-06-17 13:45:33,002664,信质集团,19.29,-1.3804,19.56,19.78,19.25,19.56,102564832.29,19.56,18.0
2026-06-17T13:45:35,2026-06-17 13:45:30,000411,英特集团,9.81,-2.8713,10.08,10.09,9.76,10.1,53746797.36,10.1,9.5
2026-06-17T13:45:35,2026-06-17 13:45:32,603093,南华期货,20.82,-3.8337,21.66,22.17,20.77,21.65,334227181.0,21.65,19.12
2026-06-17T13:45:35,2026-06-17 13:45:33,000759,中百集团,6.04,-2.7375,6.18,6.22,5.98,6.21,357919516.0,6.1,5.612
2026-06-17T13:45:35,2026-06-17 13:45:33,001268,联合精密,41.98,1.2298,41.47,42.2,40.83,41.47,62928739.0,41.34,38.033
2026-06-17T13:45:35,2026-06-17 13:45:33,002155,湖南黄金,26.01,-2.218,26.56,26.89,25.9,26.6,1186807874.38,26.59,24.463
2026-06-17T13:45:35,2026-06-17 13:45:33,002240,盛新锂能,48.46,-0.7171,48.81,50.19,47.87,48.81,2350224850.44,50.517,46.475
2026-06-17T13:45:35,2026-06-17 13:45:31,600183,生益科技,180.12,0.4013,180.0,191.0,176.0,179.4,16562947786.0,182.56,167.955
2026-06-17T13:45:35,2026-06-17 13:45:31,600601,方正科技,14.32,1.5603,13.82,15.07,13.82,14.1,4369310564.0,13.57,12.484
2026-06-17T13:46:35,2026-06-17 13:46:33,002613,北玻股份,5.08,4.3121,4.74,5.27,4.74,4.87,869331270.04,4.87,4.35
2026-06-17T13:46:35,2026-06-17 13:46:33,002664,信质集团,19.31,-1.2781,19.56,19.78,19.25,19.56,102701860.29,19.56,18.0
2026-06-17T13:46:35,2026-06-17 13:46:33,000411,英特集团,9.82,-2.7723,10.08,10.09,9.76,10.1,54124833.36,10.1,9.5
2026-06-17T13:46:35,2026-06-17 13:46:32,603093,南华期货,20.75,-4.157,21.66,22.17,20.75,21.65,336337363.0,21.65,19.12
2026-06-17T13:46:35,2026-06-17 13:46:33,000759,中百集团,6.04,-2.7375,6.18,6.22,5.98,6.21,358706007.0,6.1,5.612
2026-06-17T13:46:35,2026-06-17 13:46:33,001268,联合精密,41.96,1.1816,41.47,42.2,40.83,41.47,63768965.0,41.34,38.033
2026-06-17T13:46:35,2026-06-17 13:46:33,002155,湖南黄金,26.04,-2.1053,26.56,26.89,25.9,26.6,1190233275.38,26.59,24.463
2026-06-17T13:46:35,2026-06-17 13:46:33,002240,盛新锂能,48.38,-0.881,48.81,50.19,47.87,48.81,2358168522.37,50.517,46.475
2026-06-17T13:46:35,2026-06-17 13:46:34,600183,生益科技,180.57,0.6522,180.0,191.0,176.0,179.4,16607981486.0,182.56,167.955
2026-06-17T13:46:35,2026-06-17 13:46:31,600601,方正科技,14.34,1.7021,13.82,15.07,13.82,14.1,4380752632.0,13.57,12.484
2026-06-17T13:47:35,2026-06-17 13:47:33,002613,北玻股份,5.07,4.1068,4.74,5.27,4.74,4.87,870135922.04,4.87,4.35
2026-06-17T13:47:35,2026-06-17 13:47:33,002664,信质集团,19.3,-1.3292,19.56,19.78,19.25,19.56,103371459.29,19.56,18.0
2026-06-17T13:47:35,2026-06-17 13:47:33,000411,英特集团,9.79,-3.0693,10.08,10.09,9.76,10.1,54564244.36,10.1,9.5
2026-06-17T13:47:35,2026-06-17 13:47:32,603093,南华期货,20.71,-4.3418,21.66,22.17,20.7,21.65,338339196.0,21.65,19.12
2026-06-17T13:47:35,2026-06-17 13:47:33,000759,中百集团,6.03,-2.8986,6.18,6.22,5.98,6.21,359342722.0,6.1,5.612
2026-06-17T13:47:35,2026-06-17 13:47:30,001268,联合精密,41.85,0.9163,41.47,42.2,40.83,41.47,64414492.0,41.34,38.033
2026-06-17T13:47:35,2026-06-17 13:47:33,002155,湖南黄金,26.01,-2.218,26.56,26.89,25.9,26.6,1191425448.38,26.59,24.463
2026-06-17T13:47:35,2026-06-17 13:47:33,002240,盛新锂能,48.28,-1.0858,48.81,50.19,47.87,48.81,2366813009.37,50.517,46.475
2026-06-17T13:47:35,2026-06-17 13:47:34,600183,生益科技,181.2,1.0033,180.0,191.0,176.0,179.4,16653833549.0,182.56,167.955
2026-06-17T13:47:35,2026-06-17 13:47:34,600601,方正科技,14.32,1.5603,13.82,15.07,13.82,14.1,4395263821.0,13.57,12.484
2026-06-17T13:48:36,2026-06-17 13:48:33,002613,北玻股份,5.08,4.3121,4.74,5.27,4.74,4.87,871549821.04,4.87,4.35
2026-06-17T13:48:36,2026-06-17 13:48:33,002664,信质集团,19.3,-1.3292,19.56,19.78,19.25,19.56,103599171.29,19.56,18.0
2026-06-17T13:48:36,2026-06-17 13:48:33,000411,英特集团,9.78,-3.1683,10.08,10.09,9.76,10.1,54855796.36,10.1,9.5
2026-06-17T13:48:36,2026-06-17 13:48:35,603093,南华期货,20.7,-4.388,21.66,22.17,20.69,21.65,340411801.0,21.65,19.12
2026-06-17T13:48:36,2026-06-17 13:48:33,000759,中百集团,6.04,-2.7375,6.18,6.22,5.98,6.21,360125837.0,6.1,5.612
2026-06-17T13:48:36,2026-06-17 13:48:33,001268,联合精密,41.8,0.7958,41.47,42.2,40.83,41.47,64510575.0,41.34,38.033
2026-06-17T13:48:36,2026-06-17 13:48:33,002155,湖南黄金,26.06,-2.0301,26.56,26.89,25.9,26.6,1194585225.38,26.59,24.463
2026-06-17T13:48:36,2026-06-17 13:48:33,002240,盛新锂能,48.37,-0.9015,48.81,50.19,47.87,48.81,2383195630.35,50.517,46.475
2026-06-17T13:48:36,2026-06-17 13:48:34,600183,生益科技,181.91,1.3991,180.0,191.0,176.0,179.4,16698891006.0,182.56,167.955
2026-06-17T13:48:36,2026-06-17 13:48:34,600601,方正科技,14.33,1.6312,13.82,15.07,13.82,14.1,4411070162.0,13.57,12.484
2026-06-17T13:49:36,2026-06-17 13:49:33,002613,北玻股份,5.09,4.5175,4.74,5.27,4.74,4.87,873033055.04,4.87,4.35
2026-06-17T13:49:36,2026-06-17 13:49:33,002664,信质集团,19.31,-1.2781,19.56,19.78,19.25,19.56,104409597.29,19.56,18.0
2026-06-17T13:49:36,2026-06-17 13:49:33,000411,英特集团,9.78,-3.1683,10.08,10.09,9.76,10.1,55051579.36,10.1,9.5
2026-06-17T13:49:36,2026-06-17 13:49:35,603093,南华期货,20.7,-4.388,21.66,22.17,20.69,21.65,341136488.0,21.65,19.12
2026-06-17T13:49:36,2026-06-17 13:49:33,000759,中百集团,6.03,-2.8986,6.18,6.22,5.98,6.21,361622753.0,6.1,5.612
2026-06-17T13:49:36,2026-06-17 13:49:33,001268,联合精密,41.75,0.6752,41.47,42.2,40.83,41.47,64543981.0,41.34,38.033
2026-06-17T13:49:36,2026-06-17 13:49:33,002155,湖南黄金,26.06,-2.0301,26.56,26.89,25.9,26.6,1197888412.38,26.59,24.463
2026-06-17T13:49:36,2026-06-17 13:49:33,002240,盛新锂能,48.43,-0.7785,48.81,50.19,47.87,48.81,2390663853.35,50.517,46.475
2026-06-17T13:49:36,2026-06-17 13:49:34,600183,生益科技,182.52,1.7391,180.0,191.0,176.0,179.4,16739192907.0,182.56,167.955
2026-06-17T13:49:36,2026-06-17 13:49:34,600601,方正科技,14.35,1.773,13.82,15.07,13.82,14.1,4423025720.0,13.57,12.484
2026-06-17T13:50:36,2026-06-17 13:50:36,002613,北玻股份,5.09,4.5175,4.74,5.27,4.74,4.87,874504876.04,4.87,4.35
2026-06-17T13:50:36,2026-06-17 13:50:36,002664,信质集团,19.33,-1.1759,19.56,19.78,19.25,19.56,104608581.29,19.56,18.0
2026-06-17T13:50:36,2026-06-17 13:50:36,000411,英特集团,9.78,-3.1683,10.08,10.09,9.76,10.1,55114199.36,10.1,9.5
2026-06-17T13:50:36,2026-06-17 13:50:35,603093,南华期货,20.71,-4.3418,21.66,22.17,20.68,21.65,342020025.0,21.65,19.12
2026-06-17T13:50:36,2026-06-17 13:50:36,000759,中百集团,6.02,-3.0596,6.18,6.22,5.98,6.21,362184676.0,6.1,5.612
2026-06-17T13:50:36,2026-06-17 13:50:36,001268,联合精密,41.66,0.4582,41.47,42.2,40.83,41.47,64664967.0,41.34,38.033
2026-06-17T13:50:36,2026-06-17 13:50:36,002155,湖南黄金,26.04,-2.1053,26.56,26.89,25.9,26.6,1200641775.38,26.59,24.463
2026-06-17T13:50:36,2026-06-17 13:50:36,002240,盛新锂能,48.35,-0.9424,48.81,50.19,47.87,48.81,2396639294.35,50.517,46.475
2026-06-17T13:50:36,2026-06-17 13:50:34,600183,生益科技,182.63,1.8004,180.0,191.0,176.0,179.4,16794874494.0,182.56,167.955
2026-06-17T13:50:36,2026-06-17 13:50:34,600601,方正科技,14.37,1.9149,13.82,15.07,13.82,14.1,4432635706.0,13.57,12.484
2026-06-17T13:51:37,2026-06-17 13:51:36,002613,北玻股份,5.1,4.7228,4.74,5.27,4.74,4.87,875922051.04,4.87,4.35
2026-06-17T13:51:37,2026-06-17 13:51:36,002664,信质集团,19.34,-1.1247,19.56,19.78,19.25,19.56,104931683.29,19.56,18.0
2026-06-17T13:51:37,2026-06-17 13:51:36,000411,英特集团,9.78,-3.1683,10.08,10.09,9.76,10.1,55192451.36,10.1,9.5
2026-06-17T13:51:37,2026-06-17 13:51:35,603093,南华期货,20.7,-4.388,21.66,22.17,20.68,21.65,343474416.0,21.65,19.12
2026-06-17T13:51:37,2026-06-17 13:51:36,000759,中百集团,6.02,-3.0596,6.18,6.22,5.98,6.21,363948014.0,6.1,5.612
2026-06-17T13:51:37,2026-06-17 13:51:36,001268,联合精密,41.7,0.5546,41.47,42.2,40.83,41.47,64810830.0,41.34,38.033
2026-06-17T13:51:37,2026-06-17 13:51:36,002155,湖南黄金,26.04,-2.1053,26.56,26.89,25.9,26.6,1203993630.38,26.59,24.463
2026-06-17T13:51:37,2026-06-17 13:51:36,002240,盛新锂能,48.24,-1.1678,48.81,50.19,47.87,48.81,2401854164.35,50.517,46.475
2026-06-17T13:51:37,2026-06-17 13:51:34,600183,生益科技,183.06,2.0401,180.0,191.0,176.0,179.4,16900275746.0,182.56,167.955
2026-06-17T13:51:37,2026-06-17 13:51:34,600601,方正科技,14.36,1.844,13.82,15.07,13.82,14.1,4441194655.0,13.57,12.484
2026-06-17T13:52:38,2026-06-17 13:52:36,002613,北玻股份,5.11,4.9281,4.74,5.27,4.74,4.87,877990311.04,4.87,4.35
2026-06-17T13:52:38,2026-06-17 13:52:36,002664,信质集团,19.32,-1.227,19.56,19.78,19.25,19.56,105105622.29,19.56,18.0
2026-06-17T13:52:38,2026-06-17 13:52:36,000411,英特集团,9.79,-3.0693,10.08,10.09,9.76,10.1,55372561.36,10.1,9.5
2026-06-17T13:52:38,2026-06-17 13:52:35,603093,南华期货,20.66,-4.5727,21.66,22.17,20.66,21.65,345074796.0,21.65,19.12
2026-06-17T13:52:38,2026-06-17 13:52:36,000759,中百集团,6.02,-3.0596,6.18,6.22,5.98,6.21,365590080.0,6.1,5.612
2026-06-17T13:52:38,2026-06-17 13:52:33,001268,联合精密,41.7,0.5546,41.47,42.2,40.83,41.47,64810830.0,41.34,38.033
2026-06-17T13:52:38,2026-06-17 13:52:36,002155,湖南黄金,26.02,-2.1805,26.56,26.89,25.9,26.6,1205373592.38,26.59,24.463
2026-06-17T13:52:38,2026-06-17 13:52:36,002240,盛新锂能,48.23,-1.1883,48.81,50.19,47.87,48.81,2416466747.35,50.517,46.475
2026-06-17T13:52:38,2026-06-17 13:52:37,600183,生益科技,182.82,1.9064,180.0,191.0,176.0,179.4,16960816395.0,182.56,167.955
2026-06-17T13:52:38,2026-06-17 13:52:37,600601,方正科技,14.33,1.6312,13.82,15.07,13.82,14.1,4454690690.0,13.57,12.484
2026-06-17T13:53:38,2026-06-17 13:53:36,002613,北玻股份,5.1,4.7228,4.74,5.27,4.74,4.87,881521770.04,4.87,4.35
2026-06-17T13:53:38,2026-06-17 13:53:36,002664,信质集团,19.29,-1.3804,19.56,19.78,19.25,19.56,105566918.29,19.56,18.0
2026-06-17T13:53:38,2026-06-17 13:53:36,000411,英特集团,9.79,-3.0693,10.08,10.09,9.76,10.1,55417620.36,10.1,9.5
2026-06-17T13:53:38,2026-06-17 13:53:35,603093,南华期货,20.67,-4.5266,21.66,22.17,20.65,21.65,349453301.0,21.65,19.12
2026-06-17T13:53:38,2026-06-17 13:53:36,000759,中百集团,6.03,-2.8986,6.18,6.22,5.98,6.21,367057858.0,6.1,5.612
2026-06-17T13:53:38,2026-06-17 13:53:36,001268,联合精密,41.5,0.0723,41.47,42.2,40.83,41.47,68053281.0,41.34,38.033
2026-06-17T13:53:38,2026-06-17 13:53:36,002155,湖南黄金,26.02,-2.1805,26.56,26.89,25.9,26.6,1209688591.38,26.59,24.463
2026-06-17T13:53:38,2026-06-17 13:53:36,002240,盛新锂能,48.28,-1.0858,48.81,50.19,47.87,48.81,2422951922.03,50.517,46.475
2026-06-17T13:53:38,2026-06-17 13:53:34,600183,生益科技,182.54,1.7503,180.0,191.0,176.0,179.4,17003497073.0,182.56,167.955
2026-06-17T13:53:38,2026-06-17 13:53:34,600601,方正科技,14.3,1.4184,13.82,15.07,13.82,14.1,4473965457.0,13.57,12.484
2026-06-17T13:54:38,2026-06-17 13:54:36,002613,北玻股份,5.1,4.7228,4.74,5.27,4.74,4.87,883062701.04,4.87,4.35
2026-06-17T13:54:38,2026-06-17 13:54:33,002664,信质集团,19.27,-1.4826,19.56,19.78,19.25,19.56,106351494.29,19.56,18.0
2026-06-17T13:54:38,2026-06-17 13:54:36,000411,英特集团,9.79,-3.0693,10.08,10.09,9.76,10.1,55585117.36,10.1,9.5
2026-06-17T13:54:38,2026-06-17 13:54:35,603093,南华期货,20.66,-4.5727,21.66,22.17,20.65,21.65,351185849.0,21.65,19.12
2026-06-17T13:54:38,2026-06-17 13:54:36,000759,中百集团,6.02,-3.0596,6.18,6.22,5.98,6.21,367545614.0,6.1,5.612
2026-06-17T13:54:38,2026-06-17 13:54:27,001268,联合精密,41.5,0.0723,41.47,42.2,40.83,41.47,68057431.0,41.34,38.033
2026-06-17T13:54:38,2026-06-17 13:54:36,002155,湖南黄金,26.0,-2.2556,26.56,26.89,25.9,26.6,1212403751.38,26.59,24.463
2026-06-17T13:54:38,2026-06-17 13:54:36,002240,盛新锂能,48.22,-1.2088,48.81,50.19,47.87,48.81,2430989590.33,50.517,46.475
2026-06-17T13:54:38,2026-06-17 13:54:37,600183,生益科技,182.0,1.4493,180.0,191.0,176.0,179.4,17040492982.0,182.56,167.955
2026-06-17T13:54:38,2026-06-17 13:54:37,600601,方正科技,14.33,1.6312,13.82,15.07,13.82,14.1,4481998729.0,13.57,12.484
2026-06-17T13:55:39,2026-06-17 13:55:36,002613,北玻股份,5.1,4.7228,4.74,5.27,4.74,4.87,883605688.04,4.87,4.35
2026-06-17T13:55:39,2026-06-17 13:55:36,002664,信质集团,19.26,-1.5337,19.56,19.78,19.25,19.56,106773313.29,19.56,18.0
2026-06-17T13:55:39,2026-06-17 13:55:36,000411,英特集团,9.82,-2.7723,10.08,10.09,9.76,10.1,55730314.36,10.1,9.5
2026-06-17T13:55:39,2026-06-17 13:55:35,603093,南华期货,20.68,-4.4804,21.66,22.17,20.65,21.65,352436352.0,21.65,19.12
2026-06-17T13:55:39,2026-06-17 13:55:36,000759,中百集团,6.05,-2.5765,6.18,6.22,5.98,6.21,368472618.0,6.1,5.612
2026-06-17T13:55:39,2026-06-17 13:55:27,001268,联合精密,41.58,0.2653,41.47,42.2,40.83,41.47,68086537.0,41.34,38.033
2026-06-17T13:55:39,2026-06-17 13:55:36,002155,湖南黄金,26.02,-2.1805,26.56,26.89,25.9,26.6,1214027098.38,26.59,24.463
2026-06-17T13:55:39,2026-06-17 13:55:36,002240,盛新锂能,48.14,-1.3727,48.81,50.19,47.87,48.81,2443778456.33,50.517,46.475
2026-06-17T13:55:39,2026-06-17 13:55:37,600183,生益科技,182.32,1.6276,180.0,191.0,176.0,179.4,17076156719.0,182.56,167.955
2026-06-17T13:55:39,2026-06-17 13:55:37,600601,方正科技,14.32,1.5603,13.82,15.07,13.82,14.1,4489441325.0,13.57,12.484
2026-06-17T13:56:40,2026-06-17 13:56:39,002613,北玻股份,5.1,4.7228,4.74,5.27,4.74,4.87,885296005.04,4.87,4.35
2026-06-17T13:56:40,2026-06-17 13:56:33,002664,信质集团,19.27,-1.4826,19.56,19.78,19.25,19.56,106923537.29,19.56,18.0
2026-06-17T13:56:40,2026-06-17 13:56:39,000411,英特集团,9.81,-2.8713,10.08,10.09,9.76,10.1,55801987.36,10.1,9.5
2026-06-17T13:56:40,2026-06-17 13:56:38,603093,南华期货,20.63,-4.7113,21.66,22.17,20.63,21.65,354226967.0,21.65,19.12
2026-06-17T13:56:40,2026-06-17 13:56:39,000759,中百集团,6.04,-2.7375,6.18,6.22,5.98,6.21,372188500.0,6.1,5.612
2026-06-17T13:56:40,2026-06-17 13:56:39,001268,联合精密,41.56,0.217,41.47,42.2,40.83,41.47,68202914.0,41.34,38.033
2026-06-17T13:56:40,2026-06-17 13:56:39,002155,湖南黄金,25.98,-2.3308,26.56,26.89,25.9,26.6,1216665376.08,26.59,24.463
2026-06-17T13:56:40,2026-06-17 13:56:39,002240,盛新锂能,48.15,-1.3522,48.81,50.19,47.87,48.81,2459693703.81,50.517,46.475
2026-06-17T13:56:40,2026-06-17 13:56:37,600183,生益科技,181.92,1.4047,180.0,191.0,176.0,179.4,17098227624.0,182.56,167.955
2026-06-17T13:56:40,2026-06-17 13:56:37,600601,方正科技,14.31,1.4894,13.82,15.07,13.82,14.1,4500709833.0,13.57,12.484
2026-06-17T13:57:40,2026-06-17 13:57:39,002613,北玻股份,5.1,4.7228,4.74,5.27,4.74,4.87,886114793.04,4.87,4.35
2026-06-17T13:57:40,2026-06-17 13:57:39,002664,信质集团,19.25,-1.5849,19.56,19.78,19.25,19.56,107064107.29,19.56,18.0
2026-06-17T13:57:40,2026-06-17 13:57:39,000411,英特集团,9.8,-2.9703,10.08,10.09,9.76,10.1,55861799.36,10.1,9.5
2026-06-17T13:57:40,2026-06-17 13:57:38,603093,南华期货,20.63,-4.7113,21.66,22.17,20.61,21.65,355458152.0,21.65,19.12
2026-06-17T13:57:40,2026-06-17 13:57:39,000759,中百集团,6.03,-2.8986,6.18,6.22,5.98,6.21,372760509.0,6.1,5.612
2026-06-17T13:57:40,2026-06-17 13:57:39,001268,联合精密,41.7,0.5546,41.47,42.2,40.83,41.47,68510519.0,41.34,38.033
2026-06-17T13:57:40,2026-06-17 13:57:39,002155,湖南黄金,25.99,-2.2932,26.56,26.89,25.9,26.6,1220083866.08,26.59,24.463
2026-06-17T13:57:40,2026-06-17 13:57:39,002240,盛新锂能,48.13,-1.3932,48.81,50.19,47.87,48.81,2466048262.81,50.517,46.475
2026-06-17T13:57:40,2026-06-17 13:57:37,600183,生益科技,182.05,1.4771,180.0,191.0,176.0,179.4,17118392830.0,182.56,167.955
2026-06-17T13:57:40,2026-06-17 13:57:37,600601,方正科技,14.31,1.4894,13.82,15.07,13.82,14.1,4509093730.0,13.57,12.484
2026-06-17T13:58:40,2026-06-17 13:58:39,002613,北玻股份,5.12,5.1335,4.74,5.27,4.74,4.87,887243399.04,4.87,4.35
2026-06-17T13:58:40,2026-06-17 13:58:39,002664,信质集团,19.26,-1.5337,19.56,19.78,19.25,19.56,108069007.29,19.56,18.0
2026-06-17T13:58:40,2026-06-17 13:58:39,000411,英特集团,9.8,-2.9703,10.08,10.09,9.76,10.1,55895134.36,10.1,9.5
2026-06-17T13:58:40,2026-06-17 13:58:38,603093,南华期货,20.62,-4.7575,21.66,22.17,20.61,21.65,356832069.0,21.65,19.12
2026-06-17T13:58:40,2026-06-17 13:58:39,000759,中百集团,6.02,-3.0596,6.18,6.22,5.98,6.21,372958695.0,6.1,5.612
2026-06-17T13:58:40,2026-06-17 13:58:39,001268,联合精密,41.72,0.6028,41.47,42.2,40.83,41.47,68623001.0,41.34,38.033
2026-06-17T13:58:40,2026-06-17 13:58:39,002155,湖南黄金,25.96,-2.406,26.56,26.89,25.9,26.6,1224343465.08,26.59,24.463
2026-06-17T13:58:40,2026-06-17 13:58:39,002240,盛新锂能,48.15,-1.3522,48.81,50.19,47.87,48.81,2473743231.81,50.517,46.475
2026-06-17T13:58:40,2026-06-17 13:58:37,600183,生益科技,182.54,1.7503,180.0,191.0,176.0,179.4,17196419069.0,182.56,167.955
2026-06-17T13:58:40,2026-06-17 13:58:37,600601,方正科技,14.31,1.4894,13.82,15.07,13.82,14.1,4522149569.0,13.57,12.484
2026-06-17T13:59:41,2026-06-17 13:59:39,002613,北玻股份,5.12,5.1335,4.74,5.27,4.74,4.87,889377823.04,4.87,4.35
2026-06-17T13:59:41,2026-06-17 13:59:39,002664,信质集团,19.26,-1.5337,19.56,19.78,19.25,19.56,108240412.29,19.56,18.0
2026-06-17T13:59:41,2026-06-17 13:59:36,000411,英特集团,9.81,-2.8713,10.08,10.09,9.76,10.1,56014698.36,10.1,9.5
2026-06-17T13:59:41,2026-06-17 13:59:38,603093,南华期货,20.63,-4.7113,21.66,22.17,20.61,21.65,359104303.0,21.65,19.12
2026-06-17T13:59:41,2026-06-17 13:59:39,000759,中百集团,6.04,-2.7375,6.18,6.22,5.98,6.21,373426231.0,6.1,5.612
2026-06-17T13:59:41,2026-06-17 13:59:39,001268,联合精密,41.8,0.7958,41.47,42.2,40.83,41.47,68689851.0,41.34,38.033
2026-06-17T13:59:41,2026-06-17 13:59:39,002155,湖南黄金,26.0,-2.2556,26.56,26.89,25.9,26.6,1225905001.62,26.59,24.463
2026-06-17T13:59:41,2026-06-17 13:59:39,002240,盛新锂能,48.19,-1.2702,48.81,50.19,47.87,48.81,2481872037.81,50.517,46.475
2026-06-17T13:59:41,2026-06-17 13:59:40,600183,生益科技,182.39,1.6667,180.0,191.0,176.0,179.4,17218554679.0,182.56,167.955
2026-06-17T13:59:41,2026-06-17 13:59:37,600601,方正科技,14.34,1.7021,13.82,15.07,13.82,14.1,4538174426.0,13.57,12.484
2026-06-17T14:00:41,2026-06-17 14:00:39,002613,北玻股份,5.14,5.5441,4.74,5.27,4.74,4.87,891017590.04,4.87,4.35
2026-06-17T14:00:41,2026-06-17 14:00:39,002664,信质集团,19.28,-1.4315,19.56,19.78,19.25,19.56,108523590.29,19.56,18.0
2026-06-17T14:00:41,2026-06-17 14:00:39,000411,英特集团,9.8,-2.9703,10.08,10.09,9.76,10.1,56047041.36,10.1,9.5
2026-06-17T14:00:41,2026-06-17 14:00:38,603093,南华期货,20.68,-4.4804,21.66,22.17,20.61,21.65,360550352.0,21.65,19.12
2026-06-17T14:00:41,2026-06-17 14:00:39,000759,中百集团,6.03,-2.8986,6.18,6.22,5.98,6.21,373724906.0,6.1,5.612
2026-06-17T14:00:41,2026-06-17 14:00:39,001268,联合精密,41.85,0.9163,41.47,42.2,40.83,41.47,68798621.0,41.34,38.033
2026-06-17T14:00:41,2026-06-17 14:00:39,002155,湖南黄金,26.01,-2.218,26.56,26.89,25.9,26.6,1230422077.62,26.59,24.463
2026-06-17T14:00:41,2026-06-17 14:00:39,002240,盛新锂能,48.26,-1.1268,48.81,50.19,47.87,48.81,2491491072.73,50.517,46.475
2026-06-17T14:00:41,2026-06-17 14:00:40,600183,生益科技,182.19,1.5552,180.0,191.0,176.0,179.4,17235965696.0,182.56,167.955
2026-06-17T14:00:41,2026-06-17 14:00:40,600601,方正科技,14.37,1.9149,13.82,15.07,13.82,14.1,4563854499.0,13.57,12.484
2026-06-17T14:01:42,2026-06-17 14:01:39,002613,北玻股份,5.11,4.9281,4.74,5.27,4.74,4.87,893556448.04,4.87,4.35
2026-06-17T14:01:42,2026-06-17 14:01:39,002664,信质集团,19.26,-1.5337,19.56,19.78,19.25,19.56,108774102.29,19.56,18.0
2026-06-17T14:01:42,2026-06-17 14:01:39,000411,英特集团,9.79,-3.0693,10.08,10.09,9.76,10.1,56167579.36,10.1,9.5
2026-06-17T14:01:42,2026-06-17 14:01:41,603093,南华期货,20.68,-4.4804,21.66,22.17,20.61,21.65,361269903.0,21.65,19.12
2026-06-17T14:01:42,2026-06-17 14:01:39,000759,中百集团,6.04,-2.7375,6.18,6.22,5.98,6.21,374146660.0,6.1,5.612
2026-06-17T14:01:42,2026-06-17 14:01:36,001268,联合精密,41.97,1.2057,41.47,42.2,40.83,41.47,69393773.0,41.34,38.033
2026-06-17T14:01:42,2026-06-17 14:01:39,002155,湖南黄金,26.03,-2.1429,26.56,26.89,25.9,26.6,1233890529.62,26.59,24.463
2026-06-17T14:01:42,2026-06-17 14:01:39,002240,盛新锂能,48.4,-0.84,48.81,50.19,47.87,48.81,2500258542.31,50.517,46.475
2026-06-17T14:01:42,2026-06-17 14:01:40,600183,生益科技,181.65,1.2542,180.0,191.0,176.0,179.4,17254742368.0,182.56,167.955
2026-06-17T14:01:42,2026-06-17 14:01:40,600601,方正科技,14.35,1.773,13.82,15.07,13.82,14.1,4574928264.0,13.57,12.484
2026-06-17T14:02:43,2026-06-17 14:02:42,002613,北玻股份,5.12,5.1335,4.74,5.27,4.74,4.87,895342226.04,4.87,4.35
2026-06-17T14:02:43,2026-06-17 14:02:42,002664,信质集团,19.25,-1.5849,19.56,19.78,19.25,19.56,109099659.29,19.56,18.0
2026-06-17T14:02:43,2026-06-17 14:02:42,000411,英特集团,9.79,-3.0693,10.08,10.09,9.76,10.1,56256736.36,10.1,9.5
2026-06-17T14:02:43,2026-06-17 14:02:41,603093,南华期货,20.66,-4.5727,21.66,22.17,20.61,21.65,361921303.0,21.65,19.12
2026-06-17T14:02:43,2026-06-17 14:02:42,000759,中百集团,6.04,-2.7375,6.18,6.22,5.98,6.21,374359120.0,6.1,5.612
2026-06-17T14:02:43,2026-06-17 14:02:42,001268,联合精密,41.88,0.9887,41.47,42.2,40.83,41.47,69494332.0,41.34,38.033
2026-06-17T14:02:43,2026-06-17 14:02:42,002155,湖南黄金,26.02,-2.1805,26.56,26.89,25.9,26.6,1235930974.62,26.59,24.463
2026-06-17T14:02:43,2026-06-17 14:02:42,002240,盛新锂能,48.61,-0.4098,48.81,50.19,47.87,48.81,2508344783.31,50.517,46.475
2026-06-17T14:02:43,2026-06-17 14:02:40,600183,生益科技,180.98,0.8807,180.0,191.0,176.0,179.4,17366787672.0,182.56,167.955
2026-06-17T14:02:43,2026-06-17 14:02:40,600601,方正科技,14.33,1.6312,13.82,15.07,13.82,14.1,4582194561.0,13.57,12.484
2026-06-17T14:03:43,2026-06-17 14:03:42,002613,北玻股份,5.13,5.3388,4.74,5.27,4.74,4.87,896731398.04,4.87,4.35
2026-06-17T14:03:43,2026-06-17 14:03:42,002664,信质集团,19.24,-1.636,19.56,19.78,19.23,19.56,110159883.29,19.56,18.0
2026-06-17T14:03:43,2026-06-17 14:03:42,000411,英特集团,9.8,-2.9703,10.08,10.09,9.76,10.1,56373356.36,10.1,9.5
2026-06-17T14:03:43,2026-06-17 14:03:41,603093,南华期货,20.68,-4.4804,21.66,22.17,20.61,21.65,362940771.0,21.65,19.12
2026-06-17T14:03:43,2026-06-17 14:03:42,000759,中百集团,6.04,-2.7375,6.18,6.22,5.98,6.21,374591020.0,6.1,5.612
2026-06-17T14:03:43,2026-06-17 14:03:42,001268,联合精密,41.78,0.7475,41.47,42.2,40.83,41.47,69623939.0,41.34,38.033
2026-06-17T14:03:43,2026-06-17 14:03:42,002155,湖南黄金,26.01,-2.218,26.56,26.89,25.9,26.6,1241185086.62,26.59,24.463
2026-06-17T14:03:43,2026-06-17 14:03:42,002240,盛新锂能,48.42,-0.799,48.81,50.19,47.87,48.81,2517293651.31,50.517,46.475
2026-06-17T14:03:43,2026-06-17 14:03:40,600183,生益科技,180.96,0.8696,180.0,191.0,176.0,179.4,17403872541.0,182.56,167.955
2026-06-17T14:03:43,2026-06-17 14:03:40,600601,方正科技,14.33,1.6312,13.82,15.07,13.82,14.1,4595109082.0,13.57,12.484
2026-06-17T14:04:43,2026-06-17 14:04:42,002613,北玻股份,5.13,5.3388,4.74,5.27,4.74,4.87,897743849.04,4.87,4.35
2026-06-17T14:04:43,2026-06-17 14:04:42,002664,信质集团,19.25,-1.5849,19.56,19.78,19.23,19.56,111052674.29,19.56,18.0
2026-06-17T14:04:43,2026-06-17 14:04:39,000411,英特集团,9.8,-2.9703,10.08,10.09,9.76,10.1,56644880.36,10.1,9.5
2026-06-17T14:04:43,2026-06-17 14:04:41,603093,南华期货,20.67,-4.5266,21.66,22.17,20.61,21.65,363743119.0,21.65,19.12
2026-06-17T14:04:43,2026-06-17 14:04:42,000759,中百集团,6.05,-2.5765,6.18,6.22,5.98,6.21,375375735.0,6.1,5.612
2026-06-17T14:04:43,2026-06-17 14:04:36,001268,联合精密,41.82,0.844,41.47,42.2,40.83,41.47,69766028.0,41.34,38.033
2026-06-17T14:04:43,2026-06-17 14:04:42,002155,湖南黄金,26.05,-2.0677,26.56,26.89,25.9,26.6,1245830384.96,26.59,24.463
2026-06-17T14:04:43,2026-06-17 14:04:42,002240,盛新锂能,48.4,-0.84,48.81,50.19,47.87,48.81,2521294161.31,50.517,46.475
2026-06-17T14:04:43,2026-06-17 14:04:40,600183,生益科技,181.06,0.9253,180.0,191.0,176.0,179.4,17446272693.0,182.56,167.955
2026-06-17T14:04:43,2026-06-17 14:04:40,600601,方正科技,14.35,1.773,13.82,15.07,13.82,14.1,4605889763.0,13.57,12.484
2026-06-17T14:05:44,2026-06-17 14:05:42,002613,北玻股份,5.12,5.1335,4.74,5.27,4.74,4.87,898346828.04,4.87,4.35
2026-06-17T14:05:44,2026-06-17 14:05:42,002664,信质集团,19.25,-1.5849,19.56,19.78,19.23,19.56,112290546.29,19.56,18.0
2026-06-17T14:05:44,2026-06-17 14:05:42,000411,英特集团,9.81,-2.8713,10.08,10.09,9.76,10.1,56856783.36,10.1,9.5
2026-06-17T14:05:44,2026-06-17 14:05:41,603093,南华期货,20.66,-4.5727,21.66,22.17,20.61,21.65,365099302.0,21.65,19.12
2026-06-17T14:05:44,2026-06-17 14:05:42,000759,中百集团,6.05,-2.5765,6.18,6.22,5.98,6.21,377227474.0,6.1,5.612
2026-06-17T14:05:44,2026-06-17 14:05:39,001268,联合精密,41.74,0.6511,41.47,42.2,40.83,41.47,69903747.0,41.34,38.033
2026-06-17T14:05:44,2026-06-17 14:05:42,002155,湖南黄金,26.02,-2.1805,26.56,26.89,25.9,26.6,1249032368.96,26.59,24.463
2026-06-17T14:05:44,2026-06-17 14:05:42,002240,盛新锂能,48.51,-0.6146,48.81,50.19,47.87,48.81,2524462961.31,50.517,46.475
2026-06-17T14:05:44,2026-06-17 14:05:43,600183,生益科技,180.45,0.5853,180.0,191.0,176.0,179.4,17556851335.0,182.56,167.955
2026-06-17T14:05:44,2026-06-17 14:05:40,600601,方正科技,14.34,1.7021,13.82,15.07,13.82,14.1,4624846174.0,13.57,12.484
2026-06-17T14:06:44,2026-06-17 14:06:42,002613,北玻股份,5.14,5.5441,4.74,5.27,4.74,4.87,901859297.57,4.87,4.35
2026-06-17T14:06:44,2026-06-17 14:06:42,002664,信质集团,19.3,-1.3292,19.56,19.78,19.23,19.56,113767696.29,19.56,18.0
2026-06-17T14:06:44,2026-06-17 14:06:42,000411,英特集团,9.81,-2.8713,10.08,10.09,9.76,10.1,56914630.36,10.1,9.5
2026-06-17T14:06:44,2026-06-17 14:06:41,603093,南华期货,20.65,-4.6189,21.66,22.17,20.61,21.65,367449104.0,21.65,19.12
2026-06-17T14:06:44,2026-06-17 14:06:42,000759,中百集团,6.07,-2.2544,6.18,6.22,5.98,6.21,378361893.0,6.1,5.612
2026-06-17T14:06:44,2026-06-17 14:06:42,001268,联合精密,41.74,0.6511,41.47,42.2,40.83,41.47,69924616.0,41.34,38.033
2026-06-17T14:06:44,2026-06-17 14:06:42,002155,湖南黄金,26.01,-2.218,26.56,26.89,25.9,26.6,1252176365.96,26.59,24.463
2026-06-17T14:06:44,2026-06-17 14:06:42,002240,盛新锂能,48.52,-0.5941,48.81,50.19,47.87,48.81,2527525554.31,50.517,46.475
2026-06-17T14:06:44,2026-06-17 14:06:40,600183,生益科技,180.32,0.5128,180.0,191.0,176.0,179.4,17647821675.0,182.56,167.955
2026-06-17T14:06:44,2026-06-17 14:06:40,600601,方正科技,14.34,1.7021,13.82,15.07,13.82,14.1,4632593827.0,13.57,12.484
2026-06-17T14:07:44,2026-06-17 14:07:42,002613,北玻股份,5.14,5.5441,4.74,5.27,4.74,4.87,902903867.57,4.87,4.35
2026-06-17T14:07:44,2026-06-17 14:07:42,002664,信质集团,19.33,-1.1759,19.56,19.78,19.23,19.56,114394238.29,19.56,18.0
2026-06-17T14:07:44,2026-06-17 14:07:42,000411,英特集团,9.81,-2.8713,10.08,10.09,9.76,10.1,56939155.36,10.1,9.5
2026-06-17T14:07:44,2026-06-17 14:07:41,603093,南华期货,20.68,-4.4804,21.66,22.17,20.61,21.65,367928360.0,21.65,19.12
2026-06-17T14:07:44,2026-06-17 14:07:42,000759,中百集团,6.06,-2.4155,6.18,6.22,5.98,6.21,379019513.0,6.1,5.612
2026-06-17T14:07:44,2026-06-17 14:07:42,001268,联合精密,41.7,0.5546,41.47,42.2,40.83,41.47,70045605.0,41.34,38.033
2026-06-17T14:07:44,2026-06-17 14:07:42,002155,湖南黄金,26.03,-2.1429,26.56,26.89,25.9,26.6,1253315658.96,26.59,24.463
2026-06-17T14:07:44,2026-06-17 14:07:42,002240,盛新锂能,48.46,-0.7171,48.81,50.19,47.87,48.81,2531214574.31,50.517,46.475
2026-06-17T14:07:44,2026-06-17 14:07:43,600183,生益科技,179.8,0.223,180.0,191.0,176.0,179.4,17721747356.0,182.56,167.955
2026-06-17T14:07:44,2026-06-17 14:07:43,600601,方正科技,14.32,1.5603,13.82,15.07,13.82,14.1,4644665081.0,13.57,12.484
2026-06-17T14:08:44,2026-06-17 14:08:42,002613,北玻股份,5.13,5.3388,4.74,5.27,4.74,4.87,904142148.57,4.87,4.35
2026-06-17T14:08:44,2026-06-17 14:08:42,002664,信质集团,19.39,-0.8691,19.56,19.78,19.23,19.56,115424760.29,19.56,18.0
2026-06-17T14:08:44,2026-06-17 14:08:42,000411,英特集团,9.82,-2.7723,10.08,10.09,9.76,10.1,57077602.36,10.1,9.5
2026-06-17T14:08:44,2026-06-17 14:08:41,603093,南华期货,20.65,-4.6189,21.66,22.17,20.61,21.65,368430534.0,21.65,19.12
2026-06-17T14:08:44,2026-06-17 14:08:42,000759,中百集团,6.06,-2.4155,6.18,6.22,5.98,6.21,379081909.0,6.1,5.612
2026-06-17T14:08:44,2026-06-17 14:08:39,001268,联合精密,41.79,0.7716,41.47,42.2,40.83,41.47,70108209.0,41.34,38.033
2026-06-17T14:08:44,2026-06-17 14:08:42,002155,湖南黄金,26.01,-2.218,26.56,26.89,25.9,26.6,1254686256.96,26.59,24.463
2026-06-17T14:08:44,2026-06-17 14:08:42,002240,盛新锂能,48.4,-0.84,48.81,50.19,47.87,48.81,2533074389.31,50.517,46.475
2026-06-17T14:08:44,2026-06-17 14:08:43,600183,生益科技,179.8,0.223,180.0,191.0,176.0,179.4,17796851619.0,182.56,167.955
2026-06-17T14:08:44,2026-06-17 14:08:43,600601,方正科技,14.31,1.4894,13.82,15.07,13.82,14.1,4650632789.0,13.57,12.484
2026-06-17T14:09:45,2026-06-17 14:09:42,002613,北玻股份,5.14,5.5441,4.74,5.27,4.74,4.87,904843526.57,4.87,4.35
2026-06-17T14:09:45,2026-06-17 14:09:42,002664,信质集团,19.36,-1.0225,19.56,19.78,19.23,19.56,115864882.29,19.56,18.0
2026-06-17T14:09:45,2026-06-17 14:09:36,000411,英特集团,9.82,-2.7723,10.08,10.09,9.76,10.1,57184595.36,10.1,9.5
2026-06-17T14:09:45,2026-06-17 14:09:44,603093,南华期货,20.64,-4.6651,21.66,22.17,20.61,21.65,369719412.0,21.65,19.12
2026-06-17T14:09:45,2026-06-17 14:09:42,000759,中百集团,6.06,-2.4155,6.18,6.22,5.98,6.21,379579118.0,6.1,5.612
2026-06-17T14:09:45,2026-06-17 14:09:42,001268,联合精密,41.78,0.7475,41.47,42.2,40.83,41.47,70141579.0,41.34,38.033
2026-06-17T14:09:45,2026-06-17 14:09:42,002155,湖南黄金,26.02,-2.1805,26.56,26.89,25.9,26.6,1256655827.96,26.59,24.463
2026-06-17T14:09:45,2026-06-17 14:09:42,002240,盛新锂能,48.38,-0.881,48.81,50.19,47.87,48.81,2536398617.31,50.517,46.475
2026-06-17T14:09:45,2026-06-17 14:09:43,600183,生益科技,180.49,0.6076,180.0,191.0,176.0,179.4,17878937976.0,182.56,167.955
2026-06-17T14:09:45,2026-06-17 14:09:43,600601,方正科技,14.34,1.7021,13.82,15.07,13.82,14.1,4660094151.0,13.57,12.484
2026-06-17T14:10:45,2026-06-17 14:10:42,002613,北玻股份,5.13,5.3388,4.74,5.27,4.74,4.87,905676643.57,4.87,4.35
2026-06-17T14:10:45,2026-06-17 14:10:39,002664,信质集团,19.38,-0.9202,19.56,19.78,19.23,19.56,116628007.29,19.56,18.0
2026-06-17T14:10:45,2026-06-17 14:10:39,000411,英特集团,9.8,-2.9703,10.08,10.09,9.76,10.1,57239503.36,10.1,9.5
2026-06-17T14:10:45,2026-06-17 14:10:41,603093,南华期货,20.64,-4.6651,21.66,22.17,20.61,21.65,370563635.0,21.65,19.12
2026-06-17T14:10:45,2026-06-17 14:10:42,000759,中百集团,6.06,-2.4155,6.18,6.22,5.98,6.21,379983894.0,6.1,5.612
2026-06-17T14:10:45,2026-06-17 14:10:42,001268,联合精密,41.7,0.5546,41.47,42.2,40.83,41.47,70174974.0,41.34,38.033
2026-06-17T14:10:45,2026-06-17 14:10:42,002155,湖南黄金,25.99,-2.2932,26.56,26.89,25.9,26.6,1258714892.96,26.59,24.463
2026-06-17T14:10:45,2026-06-17 14:10:42,002240,盛新锂能,48.35,-0.9424,48.81,50.19,47.87,48.81,2538802702.31,50.517,46.475
2026-06-17T14:10:45,2026-06-17 14:10:43,600183,生益科技,180.87,0.8194,180.0,191.0,176.0,179.4,17906651514.0,182.56,167.955
2026-06-17T14:10:45,2026-06-17 14:10:43,600601,方正科技,14.34,1.7021,13.82,15.07,13.82,14.1,4668532147.0,13.57,12.484
2026-06-17T14:11:46,2026-06-17 14:11:45,002613,北玻股份,5.13,5.3388,4.74,5.27,4.74,4.87,907960908.57,4.87,4.35
2026-06-17T14:11:46,2026-06-17 14:11:45,002664,信质集团,19.35,-1.0736,19.56,19.78,19.23,19.56,116856563.29,19.56,18.0
2026-06-17T14:11:46,2026-06-17 14:11:45,000411,英特集团,9.79,-3.0693,10.08,10.09,9.76,10.1,57625624.36,10.1,9.5
2026-06-17T14:11:46,2026-06-17 14:11:44,603093,南华期货,20.58,-4.9423,21.66,22.17,20.55,21.65,374567174.0,21.65,19.12
2026-06-17T14:11:46,2026-06-17 14:11:45,000759,中百集团,6.05,-2.5765,6.18,6.22,5.98,6.21,381009318.0,6.1,5.612
2026-06-17T14:11:46,2026-06-17 14:11:45,001268,联合精密,41.72,0.6028,41.47,42.2,40.83,41.47,70441893.0,41.34,38.033
2026-06-17T14:11:46,2026-06-17 14:11:45,002155,湖南黄金,25.98,-2.3308,26.56,26.89,25.9,26.6,1262326884.96,26.59,24.463
2026-06-17T14:11:46,2026-06-17 14:11:45,002240,盛新锂能,48.28,-1.0858,48.81,50.19,47.87,48.81,2543350300.31,50.517,46.475
2026-06-17T14:11:46,2026-06-17 14:11:43,600183,生益科技,180.48,0.602,180.0,191.0,176.0,179.4,17937575750.0,182.56,167.955
2026-06-17T14:11:46,2026-06-17 14:11:43,600601,方正科技,14.31,1.4894,13.82,15.07,13.82,14.1,4678494710.0,13.57,12.484
2026-06-17T14:12:46,2026-06-17 14:12:45,002613,北玻股份,5.13,5.3388,4.74,5.27,4.74,4.87,909240199.57,4.87,4.35
2026-06-17T14:12:46,2026-06-17 14:12:42,002664,信质集团,19.33,-1.1759,19.56,19.78,19.23,19.56,117177441.29,19.56,18.0
2026-06-17T14:12:46,2026-06-17 14:12:39,000411,英特集团,9.8,-2.9703,10.08,10.09,9.76,10.1,57650124.36,10.1,9.5
2026-06-17T14:12:46,2026-06-17 14:12:44,603093,南华期货,20.57,-4.9885,21.66,22.17,20.55,21.65,375361596.0,21.65,19.12
2026-06-17T14:12:46,2026-06-17 14:12:45,000759,中百集团,6.05,-2.5765,6.18,6.22,5.98,6.21,381519767.0,6.1,5.612
2026-06-17T14:12:46,2026-06-17 14:12:42,001268,联合精密,41.66,0.4582,41.47,42.2,40.83,41.47,70938062.0,41.34,38.033
2026-06-17T14:12:46,2026-06-17 14:12:45,002155,湖南黄金,25.97,-2.3684,26.56,26.89,25.9,26.6,1266767531.96,26.59,24.463
2026-06-17T14:12:46,2026-06-17 14:12:45,002240,盛新锂能,48.23,-1.1883,48.81,50.19,47.87,48.81,2547189454.31,50.517,46.475
2026-06-17T14:12:46,2026-06-17 14:12:43,600183,生益科技,180.0,0.3344,180.0,191.0,176.0,179.4,17983042131.0,182.56,167.955
2026-06-17T14:12:46,2026-06-17 14:12:43,600601,方正科技,14.29,1.3475,13.82,15.07,13.82,14.1,4691189505.0,13.57,12.484
2026-06-17T14:13:47,2026-06-17 14:13:45,002613,北玻股份,5.13,5.3388,4.74,5.27,4.74,4.87,911720152.57,4.87,4.35
2026-06-17T14:13:47,2026-06-17 14:13:39,002664,信质集团,19.36,-1.0225,19.56,19.78,19.23,19.56,117403721.29,19.56,18.0
2026-06-17T14:13:47,2026-06-17 14:13:42,000411,英特集团,9.81,-2.8713,10.08,10.09,9.76,10.1,57965473.36,10.1,9.5
2026-06-17T14:13:47,2026-06-17 14:13:44,603093,南华期货,20.57,-4.9885,21.66,22.17,20.55,21.65,376495004.0,21.65,19.12
2026-06-17T14:13:47,2026-06-17 14:13:45,000759,中百集团,6.05,-2.5765,6.18,6.22,5.98,6.21,382226246.0,6.1,5.612
2026-06-17T14:13:47,2026-06-17 14:13:39,001268,联合精密,41.65,0.434,41.47,42.2,40.83,41.47,71008887.0,41.34,38.033
2026-06-17T14:13:47,2026-06-17 14:13:45,002155,湖南黄金,25.97,-2.3684,26.56,26.89,25.9,26.6,1269349263.96,26.59,24.463
2026-06-17T14:13:47,2026-06-17 14:13:45,002240,盛新锂能,48.28,-1.0858,48.81,50.19,47.87,48.81,2550503422.67,50.517,46.475
2026-06-17T14:13:47,2026-06-17 14:13:43,600183,生益科技,180.71,0.7302,180.0,191.0,176.0,179.4,18007391433.0,182.56,167.955
2026-06-17T14:13:47,2026-06-17 14:13:43,600601,方正科技,14.3,1.4184,13.82,15.07,13.82,14.1,4706005139.0,13.57,12.484
2026-06-17T14:14:47,2026-06-17 14:14:45,002613,北玻股份,5.11,4.9281,4.74,5.27,4.74,4.87,915161934.04,4.87,4.35
2026-06-17T14:14:47,2026-06-17 14:14:45,002664,信质集团,19.35,-1.0736,19.56,19.78,19.23,19.56,117548882.29,19.56,18.0
2026-06-17T14:14:47,2026-06-17 14:14:45,000411,英特集团,9.79,-3.0693,10.08,10.09,9.76,10.1,57997802.36,10.1,9.5
2026-06-17T14:14:47,2026-06-17 14:14:44,603093,南华期货,20.55,-5.0808,21.66,22.17,20.55,21.65,377159327.0,21.65,19.12
2026-06-17T14:14:47,2026-06-17 14:14:45,000759,中百集团,6.04,-2.7375,6.18,6.22,5.98,6.21,382786205.0,6.1,5.612
2026-06-17T14:14:47,2026-06-17 14:14:39,001268,联合精密,41.66,0.4582,41.47,42.2,40.83,41.47,71071399.0,41.34,38.033
2026-06-17T14:14:47,2026-06-17 14:14:45,002155,湖南黄金,25.98,-2.3308,26.56,26.89,25.9,26.6,1271307846.96,26.59,24.463
2026-06-17T14:14:47,2026-06-17 14:14:45,002240,盛新锂能,48.38,-0.881,48.81,50.19,47.87,48.81,2553369243.68,50.517,46.475
2026-06-17T14:14:47,2026-06-17 14:14:46,600183,生益科技,180.58,0.6577,180.0,191.0,176.0,179.4,18024465471.0,182.56,167.955
2026-06-17T14:14:47,2026-06-17 14:14:43,600601,方正科技,14.29,1.3475,13.82,15.07,13.82,14.1,4723748639.0,13.57,12.484
2026-06-17T14:15:47,2026-06-17 14:15:45,002613,北玻股份,5.1,4.7228,4.74,5.27,4.74,4.87,917482288.04,4.87,4.35
2026-06-17T14:15:47,2026-06-17 14:15:45,002664,信质集团,19.37,-0.9714,19.56,19.78,19.23,19.56,117595334.29,19.56,18.0
2026-06-17T14:15:47,2026-06-17 14:15:45,000411,英特集团,9.81,-2.8713,10.08,10.09,9.76,10.1,58037005.36,10.1,9.5
2026-06-17T14:15:47,2026-06-17 14:15:44,603093,南华期货,20.57,-4.9885,21.66,22.17,20.53,21.65,378594172.0,21.65,19.12
2026-06-17T14:15:47,2026-06-17 14:15:45,000759,中百集团,6.04,-2.7375,6.18,6.22,5.98,6.21,383179409.0,6.1,5.612
2026-06-17T14:15:47,2026-06-17 14:15:42,001268,联合精密,41.69,0.5305,41.47,42.2,40.83,41.47,71117251.0,41.34,38.033
2026-06-17T14:15:47,2026-06-17 14:15:45,002155,湖南黄金,26.01,-2.218,26.56,26.89,25.9,26.6,1275032291.96,26.59,24.463
2026-06-17T14:15:47,2026-06-17 14:15:45,002240,盛新锂能,48.46,-0.7171,48.81,50.19,47.87,48.81,2557818354.68,50.517,46.475
2026-06-17T14:15:47,2026-06-17 14:15:46,600183,生益科技,180.6,0.6689,180.0,191.0,176.0,179.4,18050486256.0,182.56,167.955
2026-06-17T14:15:47,2026-06-17 14:15:46,600601,方正科技,14.3,1.4184,13.82,15.07,13.82,14.1,4733736773.0,13.57,12.484
2026-06-17T14:16:48,2026-06-17 14:16:45,002613,北玻股份,5.1,4.7228,4.74,5.27,4.74,4.87,918183972.04,4.87,4.35
2026-06-17T14:16:48,2026-06-17 14:16:45,002664,信质集团,19.36,-1.0225,19.56,19.78,19.23,19.56,118209164.29,19.56,18.0
2026-06-17T14:16:48,2026-06-17 14:16:33,000411,英特集团,9.8,-2.9703,10.08,10.09,9.76,10.1,58042885.36,10.1,9.5
2026-06-17T14:16:48,2026-06-17 14:16:47,603093,南华期货,20.6,-4.8499,21.66,22.17,20.53,21.65,379374100.0,21.65,19.12
2026-06-17T14:16:48,2026-06-17 14:16:48,000759,中百集团,6.04,-2.7375,6.18,6.22,5.98,6.21,383613914.0,6.1,5.612
2026-06-17T14:16:48,2026-06-17 14:16:33,001268,联合精密,41.7,0.5546,41.47,42.2,40.83,41.47,71142272.0,41.34,38.033
2026-06-17T14:16:48,2026-06-17 14:16:48,002155,湖南黄金,26.01,-2.218,26.56,26.89,25.9,26.6,1277511435.96,26.59,24.463
2026-06-17T14:16:48,2026-06-17 14:16:45,002240,盛新锂能,48.46,-0.7171,48.81,50.19,47.87,48.81,2562768181.68,50.517,46.475
2026-06-17T14:16:48,2026-06-17 14:16:46,600183,生益科技,180.37,0.5407,180.0,191.0,176.0,179.4,18067869344.0,182.56,167.955
2026-06-17T14:16:48,2026-06-17 14:16:46,600601,方正科技,14.3,1.4184,13.82,15.07,13.82,14.1,4749858068.0,13.57,12.484
2026-06-17T14:17:49,2026-06-17 14:17:45,002613,北玻股份,5.09,4.5175,4.74,5.27,4.74,4.87,919165583.04,4.87,4.35
2026-06-17T14:17:49,2026-06-17 14:17:45,002664,信质集团,19.37,-0.9714,19.56,19.78,19.23,19.56,118321505.29,19.56,18.0
2026-06-17T14:17:49,2026-06-17 14:17:39,000411,英特集团,9.81,-2.8713,10.08,10.09,9.76,10.1,58045828.36,10.1,9.5
2026-06-17T14:17:49,2026-06-17 14:17:47,603093,南华期货,20.58,-4.9423,21.66,22.17,20.53,21.65,380451126.0,21.65,19.12
2026-06-17T14:17:49,2026-06-17 14:17:48,000759,中百集团,6.04,-2.7375,6.18,6.22,5.98,6.21,383781827.0,6.1,5.612
2026-06-17T14:17:49,2026-06-17 14:17:48,001268,联合精密,41.73,0.627,41.47,42.2,40.83,41.47,71288231.0,41.34,38.033
2026-06-17T14:17:49,2026-06-17 14:17:48,002155,湖南黄金,26.02,-2.1805,26.56,26.89,25.9,26.6,1279525389.96,26.59,24.463
2026-06-17T14:17:49,2026-06-17 14:17:45,002240,盛新锂能,48.41,-0.8195,48.81,50.19,47.87,48.81,2564598795.68,50.517,46.475
2026-06-17T14:17:49,2026-06-17 14:17:46,600183,生益科技,179.59,0.1059,180.0,191.0,176.0,179.4,18160359004.0,182.56,167.955
2026-06-17T14:17:49,2026-06-17 14:17:46,600601,方正科技,14.29,1.3475,13.82,15.07,13.82,14.1,4760210603.0,13.57,12.484
2026-06-17T14:18:49,2026-06-17 14:18:45,002613,北玻股份,5.09,4.5175,4.74,5.27,4.74,4.87,920519412.04,4.87,4.35
2026-06-17T14:18:49,2026-06-17 14:18:42,002664,信质集团,19.38,-0.9202,19.56,19.78,19.23,19.56,118736147.29,19.56,18.0
2026-06-17T14:18:49,2026-06-17 14:18:48,000411,英特集团,9.8,-2.9703,10.08,10.09,9.76,10.1,58142910.36,10.1,9.5
2026-06-17T14:18:49,2026-06-17 14:18:47,603093,南华期货,20.6,-4.8499,21.66,22.17,20.53,21.65,380776458.0,21.65,19.12
2026-06-17T14:18:49,2026-06-17 14:18:48,000759,中百集团,6.04,-2.7375,6.18,6.22,5.98,6.21,384803578.0,6.1,5.612
2026-06-17T14:18:49,2026-06-17 14:18:48,001268,联合精密,41.85,0.9163,41.47,42.2,40.83,41.47,71726912.0,41.34,38.033
2026-06-17T14:18:49,2026-06-17 14:18:45,002155,湖南黄金,26.03,-2.1429,26.56,26.89,25.9,26.6,1281571428.96,26.59,24.463
2026-06-17T14:18:49,2026-06-17 14:18:45,002240,盛新锂能,48.42,-0.799,48.81,50.19,47.87,48.81,2567469358.68,50.517,46.475
2026-06-17T14:18:49,2026-06-17 14:18:46,600183,生益科技,179.57,0.0948,180.0,191.0,176.0,179.4,18250252455.0,182.56,167.955
2026-06-17T14:18:49,2026-06-17 14:18:46,600601,方正科技,14.27,1.2057,13.82,15.07,13.82,14.1,4771677046.0,13.57,12.484
2026-06-17T14:19:49,2026-06-17 14:19:48,002613,北玻股份,5.09,4.5175,4.74,5.27,4.74,4.87,921745725.04,4.87,4.35
2026-06-17T14:19:49,2026-06-17 14:19:42,002664,信质集团,19.39,-0.8691,19.56,19.78,19.23,19.56,118831127.29,19.56,18.0
2026-06-17T14:19:49,2026-06-17 14:19:42,000411,英特集团,9.81,-2.8713,10.08,10.09,9.76,10.1,58316526.36,10.1,9.5
2026-06-17T14:19:49,2026-06-17 14:19:47,603093,南华期货,20.59,-4.8961,21.66,22.17,20.53,21.65,381252227.0,21.65,19.12
2026-06-17T14:19:49,2026-06-17 14:19:48,000759,中百集团,6.04,-2.7375,6.18,6.22,5.98,6.21,385015037.0,6.1,5.612
2026-06-17T14:19:49,2026-06-17 14:19:48,001268,联合精密,41.8,0.7958,41.47,42.2,40.83,41.47,71827300.0,41.34,38.033
2026-06-17T14:19:49,2026-06-17 14:19:48,002155,湖南黄金,26.02,-2.1805,26.56,26.89,25.9,26.6,1284402990.96,26.59,24.463
2026-06-17T14:19:49,2026-06-17 14:19:48,002240,盛新锂能,48.41,-0.8195,48.81,50.19,47.87,48.81,2570310575.68,50.517,46.475
2026-06-17T14:19:49,2026-06-17 14:19:46,600183,生益科技,179.33,-0.039,180.0,191.0,176.0,179.4,18328737211.0,182.56,167.955
2026-06-17T14:19:49,2026-06-17 14:19:46,600601,方正科技,14.25,1.0638,13.82,15.07,13.82,14.1,4782553779.0,13.57,12.484
2026-06-17T14:20:49,2026-06-17 14:20:48,002613,北玻股份,5.09,4.5175,4.74,5.27,4.74,4.87,922413405.04,4.87,4.35
2026-06-17T14:20:49,2026-06-17 14:20:48,002664,信质集团,19.38,-0.9202,19.56,19.78,19.23,19.56,118937717.29,19.56,18.0
2026-06-17T14:20:49,2026-06-17 14:20:48,000411,英特集团,9.8,-2.9703,10.08,10.09,9.76,10.1,58351828.36,10.1,9.5
2026-06-17T14:20:49,2026-06-17 14:20:47,603093,南华期货,20.6,-4.8499,21.66,22.17,20.53,21.65,381882494.0,21.65,19.12
2026-06-17T14:20:49,2026-06-17 14:20:48,000759,中百集团,6.05,-2.5765,6.18,6.22,5.98,6.21,386354493.0,6.1,5.612
2026-06-17T14:20:49,2026-06-17 14:20:48,001268,联合精密,41.96,1.1816,41.47,42.2,40.83,41.47,72375541.0,41.34,38.033
2026-06-17T14:20:49,2026-06-17 14:20:48,002155,湖南黄金,26.04,-2.1053,26.56,26.89,25.9,26.6,1286197093.96,26.59,24.463
2026-06-17T14:20:49,2026-06-17 14:20:48,002240,盛新锂能,48.39,-0.8605,48.81,50.19,47.87,48.81,2572614048.68,50.517,46.475
2026-06-17T14:20:49,2026-06-17 14:20:46,600183,生益科技,180.41,0.563,180.0,191.0,176.0,179.4,18369491086.0,182.56,167.955
2026-06-17T14:20:49,2026-06-17 14:20:46,600601,方正科技,14.29,1.3475,13.82,15.07,13.82,14.1,4802006940.0,13.57,12.484
2026-06-17T14:21:52,2026-06-17 14:21:48,002613,北玻股份,5.09,4.5175,4.74,5.27,4.74,4.87,923497424.04,4.87,4.35
2026-06-17T14:21:52,2026-06-17 14:21:48,002664,信质集团,19.39,-0.8691,19.56,19.78,19.23,19.56,119461108.29,19.56,18.0
2026-06-17T14:21:52,2026-06-17 14:21:33,000411,英特集团,9.8,-2.9703,10.08,10.09,9.76,10.1,58495047.36,10.1,9.5
2026-06-17T14:21:52,2026-06-17 14:21:50,603093,南华期货,20.59,-4.8961,21.66,22.17,20.53,21.65,382805250.0,21.65,19.12
2026-06-17T14:21:52,2026-06-17 14:21:51,000759,中百集团,6.04,-2.7375,6.18,6.22,5.98,6.21,386869798.0,6.1,5.612
2026-06-17T14:21:52,2026-06-17 14:21:42,001268,联合精密,41.9,1.0369,41.47,42.2,40.83,41.47,72476137.0,41.34,38.033
2026-06-17T14:21:52,2026-06-17 14:21:48,002155,湖南黄金,26.02,-2.1805,26.56,26.89,25.9,26.6,1288700899.96,26.59,24.463
2026-06-17T14:21:52,2026-06-17 14:21:48,002240,盛新锂能,48.33,-0.9834,48.81,50.19,47.87,48.81,2577889492.68,50.517,46.475
2026-06-17T14:21:52,2026-06-17 14:21:49,600183,生益科技,180.45,0.5853,180.0,191.0,176.0,179.4,18406402496.0,182.56,167.955
2026-06-17T14:21:52,2026-06-17 14:21:49,600601,方正科技,14.27,1.2057,13.82,15.07,13.82,14.1,4816730569.0,13.57,12.484
2026-06-17T14:22:52,2026-06-17 14:22:51,002613,北玻股份,5.1,4.7228,4.74,5.27,4.74,4.87,924779374.04,4.87,4.35
2026-06-17T14:22:52,2026-06-17 14:22:51,002664,信质集团,19.38,-0.9202,19.56,19.78,19.23,19.56,119715008.29,19.56,18.0
2026-06-17T14:22:52,2026-06-17 14:22:51,000411,英特集团,9.8,-2.9703,10.08,10.09,9.76,10.1,58658870.36,10.1,9.5
2026-06-17T14:22:52,2026-06-17 14:22:50,603093,南华期货,20.58,-4.9423,21.66,22.17,20.53,21.65,383671743.0,21.65,19.12
2026-06-17T14:22:52,2026-06-17 14:22:48,000759,中百集团,6.04,-2.7375,6.18,6.22,5.98,6.21,387263633.0,6.1,5.612
2026-06-17T14:22:52,2026-06-17 14:22:39,001268,联合精密,41.82,0.844,41.47,42.2,40.83,41.47,72576517.0,41.34,38.033
2026-06-17T14:22:52,2026-06-17 14:22:51,002155,湖南黄金,26.02,-2.1805,26.56,26.89,25.9,26.6,1292106843.96,26.59,24.463
2026-06-17T14:22:52,2026-06-17 14:22:51,002240,盛新锂能,48.4,-0.84,48.81,50.19,47.87,48.81,2583485434.68,50.517,46.475
2026-06-17T14:22:52,2026-06-17 14:22:49,600183,生益科技,180.14,0.4125,180.0,191.0,176.0,179.4,18429627124.0,182.56,167.955
2026-06-17T14:22:52,2026-06-17 14:22:49,600601,方正科技,14.26,1.1348,13.82,15.07,13.82,14.1,4826700557.0,13.57,12.484
2026-06-17T14:23:52,2026-06-17 14:23:51,002613,北玻股份,5.11,4.9281,4.74,5.27,4.74,4.87,925828843.04,4.87,4.35
2026-06-17T14:23:52,2026-06-17 14:23:48,002664,信质集团,19.37,-0.9714,19.56,19.78,19.23,19.56,119825425.29,19.56,18.0
2026-06-17T14:23:52,2026-06-17 14:23:48,000411,英特集团,9.82,-2.7723,10.08,10.09,9.76,10.1,58881773.36,10.1,9.5
2026-06-17T14:23:52,2026-06-17 14:23:50,603093,南华期货,20.56,-5.0346,21.66,22.17,20.53,21.65,384484015.0,21.65,19.12
2026-06-17T14:23:52,2026-06-17 14:23:51,000759,中百集团,6.04,-2.7375,6.18,6.22,5.98,6.21,387972254.0,6.1,5.612
2026-06-17T14:23:52,2026-06-17 14:23:51,001268,联合精密,41.9,1.0369,41.47,42.2,40.83,41.47,72618374.0,41.34,38.033
2026-06-17T14:23:52,2026-06-17 14:23:51,002155,湖南黄金,26.02,-2.1805,26.56,26.89,25.9,26.6,1293850102.96,26.59,24.463
2026-06-17T14:23:52,2026-06-17 14:23:51,002240,盛新锂能,48.41,-0.8195,48.81,50.19,47.87,48.81,2587145520.68,50.517,46.475
2026-06-17T14:23:52,2026-06-17 14:23:49,600183,生益科技,180.73,0.7414,180.0,191.0,176.0,179.4,18476888409.0,182.56,167.955
2026-06-17T14:23:52,2026-06-17 14:23:49,600601,方正科技,14.26,1.1348,13.82,15.07,13.82,14.1,4835657173.0,13.57,12.484
2026-06-17T14:24:53,2026-06-17 14:24:51,002613,北玻股份,5.11,4.9281,4.74,5.27,4.74,4.87,926520028.04,4.87,4.35
2026-06-17T14:24:53,2026-06-17 14:24:51,002664,信质集团,19.33,-1.1759,19.56,19.78,19.23,19.56,120646163.29,19.56,18.0
2026-06-17T14:24:53,2026-06-17 14:24:51,000411,英特集团,9.84,-2.5743,10.08,10.09,9.76,10.1,59005680.36,10.1,9.5
2026-06-17T14:24:53,2026-06-17 14:24:50,603093,南华期货,20.59,-4.8961,21.66,22.17,20.53,21.65,385962917.0,21.65,19.12
2026-06-17T14:24:53,2026-06-17 14:24:51,000759,中百集团,6.03,-2.8986,6.18,6.22,5.98,6.21,388262336.0,6.1,5.612
2026-06-17T14:24:53,2026-06-17 14:24:51,001268,联合精密,41.84,0.8922,41.47,42.2,40.83,41.47,72810684.0,41.34,38.033
2026-06-17T14:24:53,2026-06-17 14:24:51,002155,湖南黄金,26.05,-2.0677,26.56,26.89,25.9,26.6,1298378653.96,26.59,24.463
2026-06-17T14:24:53,2026-06-17 14:24:51,002240,盛新锂能,48.39,-0.8605,48.81,50.19,47.87,48.81,2589938116.68,50.517,46.475
2026-06-17T14:24:53,2026-06-17 14:24:52,600183,生益科技,180.81,0.786,180.0,191.0,176.0,179.4,18514505632.0,182.56,167.955
2026-06-17T14:24:53,2026-06-17 14:24:49,600601,方正科技,14.25,1.0638,13.82,15.07,13.82,14.1,4854220190.0,13.57,12.484
2026-06-17T14:25:53,2026-06-17 14:25:51,002613,北玻股份,5.12,5.1335,4.74,5.27,4.74,4.87,928050709.04,4.87,4.35
2026-06-17T14:25:53,2026-06-17 14:25:42,002664,信质集团,19.37,-0.9714,19.56,19.78,19.23,19.56,120762300.29,19.56,18.0
2026-06-17T14:25:53,2026-06-17 14:25:51,000411,英特集团,9.85,-2.4752,10.08,10.09,9.76,10.1,59252827.36,10.1,9.5
2026-06-17T14:25:53,2026-06-17 14:25:50,603093,南华期货,20.59,-4.8961,21.66,22.17,20.53,21.65,386249136.0,21.65,19.12
2026-06-17T14:25:53,2026-06-17 14:25:51,000759,中百集团,6.04,-2.7375,6.18,6.22,5.98,6.21,389024046.0,6.1,5.612
2026-06-17T14:25:53,2026-06-17 14:25:48,001268,联合精密,41.83,0.8681,41.47,42.2,40.83,41.47,72948668.0,41.34,38.033
2026-06-17T14:25:53,2026-06-17 14:25:51,002155,湖南黄金,26.09,-1.9173,26.56,26.89,25.9,26.6,1302395276.96,26.59,24.463
2026-06-17T14:25:53,2026-06-17 14:25:51,002240,盛新锂能,48.41,-0.8195,48.81,50.19,47.87,48.81,2594594477.68,50.517,46.475
2026-06-17T14:25:53,2026-06-17 14:25:49,600183,生益科技,180.81,0.786,180.0,191.0,176.0,179.4,18545442716.0,182.56,167.955
2026-06-17T14:25:53,2026-06-17 14:25:49,600601,方正科技,14.24,0.9929,13.82,15.07,13.82,14.1,4871195377.0,13.57,12.484
2026-06-17T14:26:54,2026-06-17 14:26:51,002613,北玻股份,5.12,5.1335,4.74,5.27,4.74,4.87,929999898.04,4.87,4.35
2026-06-17T14:26:54,2026-06-17 14:26:51,002664,信质集团,19.37,-0.9714,19.56,19.78,19.23,19.56,120893962.29,19.56,18.0
2026-06-17T14:26:54,2026-06-17 14:26:51,000411,英特集团,9.84,-2.5743,10.08,10.09,9.76,10.1,59431077.36,10.1,9.5
2026-06-17T14:26:54,2026-06-17 14:26:53,603093,南华期货,20.56,-5.0346,21.66,22.17,20.53,21.65,386971414.0,21.65,19.12
2026-06-17T14:26:54,2026-06-17 14:26:54,000759,中百集团,6.03,-2.8986,6.18,6.22,5.98,6.21,389380633.0,6.1,5.612
2026-06-17T14:26:54,2026-06-17 14:26:48,001268,联合精密,41.83,0.8681,41.47,42.2,40.83,41.47,72990483.0,41.34,38.033
2026-06-17T14:26:54,2026-06-17 14:26:51,002155,湖南黄金,26.11,-1.8421,26.56,26.89,25.9,26.6,1307810273.96,26.59,24.463
2026-06-17T14:26:54,2026-06-17 14:26:51,002240,盛新锂能,48.41,-0.8195,48.81,50.19,47.87,48.81,2596705144.68,50.517,46.475
2026-06-17T14:26:54,2026-06-17 14:26:52,600183,生益科技,180.74,0.7469,180.0,191.0,176.0,179.4,18577019219.0,182.56,167.955
2026-06-17T14:26:54,2026-06-17 14:26:52,600601,方正科技,14.25,1.0638,13.82,15.07,13.82,14.1,4887451970.0,13.57,12.484
2026-06-17T14:27:55,2026-06-17 14:27:51,002613,北玻股份,5.12,5.1335,4.74,5.27,4.74,4.87,931729896.04,4.87,4.35
2026-06-17T14:27:55,2026-06-17 14:27:51,002664,信质集团,19.37,-0.9714,19.56,19.78,19.23,19.56,121168894.29,19.56,18.0
2026-06-17T14:27:55,2026-06-17 14:27:54,000411,英特集团,9.85,-2.4752,10.08,10.09,9.76,10.1,59552179.36,10.1,9.5
2026-06-17T14:27:55,2026-06-17 14:27:53,603093,南华期货,20.58,-4.9423,21.66,22.17,20.53,21.65,388453067.0,21.65,19.12
2026-06-17T14:27:55,2026-06-17 14:27:54,000759,中百集团,6.04,-2.7375,6.18,6.22,5.98,6.21,389576048.0,6.1,5.612
2026-06-17T14:27:55,2026-06-17 14:27:42,001268,联合精密,41.77,0.7234,41.47,42.2,40.83,41.47,73211981.0,41.34,38.033
2026-06-17T14:27:55,2026-06-17 14:27:54,002155,湖南黄金,26.27,-1.2406,26.56,26.89,25.9,26.6,1318796436.96,26.59,24.463
2026-06-17T14:27:55,2026-06-17 14:27:51,002240,盛新锂能,48.4,-0.84,48.81,50.19,47.87,48.81,2599401505.68,50.517,46.475
2026-06-17T14:27:55,2026-06-17 14:27:52,600183,生益科技,180.0,0.3344,180.0,191.0,176.0,179.4,18620289587.0,182.56,167.955
2026-06-17T14:27:55,2026-06-17 14:27:52,600601,方正科技,14.25,1.0638,13.82,15.07,13.82,14.1,4901050000.0,13.57,12.484
2026-06-17T14:28:55,2026-06-17 14:28:51,002613,北玻股份,5.12,5.1335,4.74,5.27,4.74,4.87,932594010.04,4.87,4.35
2026-06-17T14:28:55,2026-06-17 14:28:48,002664,信质集团,19.36,-1.0225,19.56,19.78,19.23,19.56,121244391.29,19.56,18.0
2026-06-17T14:28:55,2026-06-17 14:28:54,000411,英特集团,9.85,-2.4752,10.08,10.09,9.76,10.1,59635913.36,10.1,9.5
2026-06-17T14:28:55,2026-06-17 14:28:53,603093,南华期货,20.58,-4.9423,21.66,22.17,20.53,21.65,388926487.0,21.65,19.12
2026-06-17T14:28:55,2026-06-17 14:28:54,000759,中百集团,6.03,-2.8986,6.18,6.22,5.98,6.21,390293703.0,6.1,5.612
2026-06-17T14:28:55,2026-06-17 14:28:54,001268,联合精密,41.75,0.6752,41.47,42.2,40.83,41.47,73278782.0,41.34,38.033
2026-06-17T14:28:55,2026-06-17 14:28:54,002155,湖南黄金,26.4,-0.7519,26.56,26.89,25.9,26.6,1341871695.96,26.59,24.463
2026-06-17T14:28:55,2026-06-17 14:28:51,002240,盛新锂能,48.44,-0.758,48.81,50.19,47.87,48.81,2603647417.68,50.517,46.475
2026-06-17T14:28:55,2026-06-17 14:28:52,600183,生益科技,179.96,0.3122,180.0,191.0,176.0,179.4,18654575354.0,182.56,167.955
2026-06-17T14:28:55,2026-06-17 14:28:52,600601,方正科技,14.27,1.2057,13.82,15.07,13.82,14.1,4910037810.0,13.57,12.484
2026-06-17T14:29:55,2026-06-17 14:29:54,002613,北玻股份,5.13,5.3388,4.74,5.27,4.74,4.87,933978283.04,4.87,4.35
2026-06-17T14:29:55,2026-06-17 14:29:54,002664,信质集团,19.35,-1.0736,19.56,19.78,19.23,19.56,121573495.29,19.56,18.0
2026-06-17T14:29:55,2026-06-17 14:29:54,000411,英特集团,9.84,-2.5743,10.08,10.09,9.76,10.1,59898050.36,10.1,9.5
2026-06-17T14:29:55,2026-06-17 14:29:53,603093,南华期货,20.58,-4.9423,21.66,22.17,20.53,21.65,389476190.0,21.65,19.12
2026-06-17T14:29:55,2026-06-17 14:29:54,000759,中百集团,6.04,-2.7375,6.18,6.22,5.98,6.21,391408899.0,6.1,5.612
2026-06-17T14:29:55,2026-06-17 14:29:45,001268,联合精密,41.74,0.6511,41.47,42.2,40.83,41.47,73320516.0,41.34,38.033
2026-06-17T14:29:55,2026-06-17 14:29:54,002155,湖南黄金,26.46,-0.5263,26.56,26.89,25.9,26.6,1358114780.96,26.59,24.463
2026-06-17T14:29:55,2026-06-17 14:29:54,002240,盛新锂能,48.4,-0.84,48.81,50.19,47.87,48.81,2609742033.68,50.517,46.475
2026-06-17T14:29:55,2026-06-17 14:29:52,600183,生益科技,179.87,0.262,180.0,191.0,176.0,179.4,18687793125.0,182.56,167.955
2026-06-17T14:29:55,2026-06-17 14:29:52,600601,方正科技,14.26,1.1348,13.82,15.07,13.82,14.1,4923142654.0,13.57,12.484
2026-06-17T14:30:55,2026-06-17 14:30:54,002613,北玻股份,5.12,5.1335,4.74,5.27,4.74,4.87,935529620.04,4.87,4.35
2026-06-17T14:30:55,2026-06-17 14:30:54,002664,信质集团,19.37,-0.9714,19.56,19.78,19.23,19.56,121796102.29,19.56,18.0
2026-06-17T14:30:55,2026-06-17 14:30:54,000411,英特集团,9.84,-2.5743,10.08,10.09,9.76,10.1,59971866.36,10.1,9.5
2026-06-17T14:30:55,2026-06-17 14:30:53,603093,南华期货,20.61,-4.8037,21.66,22.17,20.53,21.65,390334988.0,21.65,19.12
2026-06-17T14:30:55,2026-06-17 14:30:54,000759,中百集团,6.04,-2.7375,6.18,6.22,5.98,6.21,392897018.0,6.1,5.612
2026-06-17T14:30:55,2026-06-17 14:30:48,001268,联合精密,41.72,0.6028,41.47,42.2,40.83,41.47,73445710.0,41.34,38.033
2026-06-17T14:30:55,2026-06-17 14:30:54,002155,湖南黄金,26.51,-0.3383,26.56,26.89,25.9,26.6,1387786900.23,26.59,24.463
2026-06-17T14:30:55,2026-06-17 14:30:54,002240,盛新锂能,48.41,-0.8195,48.81,50.19,47.87,48.81,2615594846.68,50.517,46.475
2026-06-17T14:30:55,2026-06-17 14:30:52,600183,生益科技,180.16,0.4236,180.0,191.0,176.0,179.4,18729346924.0,182.56,167.955
2026-06-17T14:30:55,2026-06-17 14:30:52,600601,方正科技,14.28,1.2766,13.82,15.07,13.82,14.1,4944586892.0,13.57,12.484
2026-06-17T14:31:57,2026-06-17 14:31:54,002613,北玻股份,5.11,4.9281,4.74,5.27,4.74,4.87,937148118.04,4.87,4.35
2026-06-17T14:31:57,2026-06-17 14:31:54,002664,信质集团,19.41,-0.7669,19.56,19.78,19.23,19.56,125002630.29,19.56,18.0
2026-06-17T14:31:57,2026-06-17 14:31:54,000411,英特集团,9.85,-2.4752,10.08,10.09,9.76,10.1,60009271.36,10.1,9.5
2026-06-17T14:31:57,2026-06-17 14:31:53,603093,南华期货,20.59,-4.8961,21.66,22.17,20.53,21.65,391537841.0,21.65,19.12
2026-06-17T14:31:57,2026-06-17 14:31:54,000759,中百集团,6.04,-2.7375,6.18,6.22,5.98,6.21,394504168.0,6.1,5.612
2026-06-17T14:31:57,2026-06-17 14:31:54,001268,联合精密,41.73,0.627,41.47,42.2,40.83,41.47,73575046.0,41.34,38.033
2026-06-17T14:31:57,2026-06-17 14:31:54,002155,湖南黄金,26.45,-0.5639,26.56,26.89,25.9,26.6,1396513901.25,26.59,24.463
2026-06-17T14:31:57,2026-06-17 14:31:54,002240,盛新锂能,48.45,-0.7376,48.81,50.19,47.87,48.81,2620320681.68,50.517,46.475
2026-06-17T14:31:57,2026-06-17 14:31:55,600183,生益科技,180.3,0.5017,180.0,191.0,176.0,179.4,18758985752.0,182.56,167.955
2026-06-17T14:31:57,2026-06-17 14:31:55,600601,方正科技,14.29,1.3475,13.82,15.07,13.82,14.1,4955737410.0,13.57,12.484
2026-06-17T14:32:57,2026-06-17 14:32:54,002613,北玻股份,5.11,4.9281,4.74,5.27,4.74,4.87,938101055.04,4.87,4.35
2026-06-17T14:32:57,2026-06-17 14:32:51,002664,信质集团,19.41,-0.7669,19.56,19.78,19.23,19.56,125427807.29,19.56,18.0
2026-06-17T14:32:57,2026-06-17 14:32:54,000411,英特集团,9.84,-2.5743,10.08,10.09,9.76,10.1,60720516.36,10.1,9.5
2026-06-17T14:32:57,2026-06-17 14:32:56,603093,南华期货,20.59,-4.8961,21.66,22.17,20.53,21.65,393338151.0,21.65,19.12
2026-06-17T14:32:57,2026-06-17 14:32:54,000759,中百集团,6.04,-2.7375,6.18,6.22,5.98,6.21,395514141.0,6.1,5.612
2026-06-17T14:32:57,2026-06-17 14:32:54,001268,联合精密,41.73,0.627,41.47,42.2,40.83,41.47,73595911.0,41.34,38.033
2026-06-17T14:32:57,2026-06-17 14:32:54,002155,湖南黄金,26.43,-0.6391,26.56,26.89,25.9,26.6,1404253893.25,26.59,24.463
2026-06-17T14:32:57,2026-06-17 14:32:54,002240,盛新锂能,48.5,-0.6351,48.81,50.19,47.87,48.81,2625864889.68,50.517,46.475
2026-06-17T14:32:57,2026-06-17 14:32:55,600183,生益科技,180.18,0.4348,180.0,191.0,176.0,179.4,18817817414.0,182.56,167.955
2026-06-17T14:32:57,2026-06-17 14:32:55,600601,方正科技,14.3,1.4184,13.82,15.07,13.82,14.1,4974230983.0,13.57,12.484
2026-06-17T14:33:57,2026-06-17 14:33:54,002613,北玻股份,5.1,4.7228,4.74,5.27,4.74,4.87,940528271.04,4.87,4.35
2026-06-17T14:33:57,2026-06-17 14:33:54,002664,信质集团,19.38,-0.9202,19.56,19.78,19.23,19.56,126541118.29,19.56,18.0
2026-06-17T14:33:57,2026-06-17 14:33:57,000411,英特集团,9.84,-2.5743,10.08,10.09,9.76,10.1,60898656.36,10.1,9.5
2026-06-17T14:33:57,2026-06-17 14:33:53,603093,南华期货,20.61,-4.8037,21.66,22.17,20.53,21.65,394380460.0,21.65,19.12
2026-06-17T14:33:57,2026-06-17 14:33:57,000759,中百集团,6.04,-2.7375,6.18,6.22,5.98,6.21,395974881.0,6.1,5.612
2026-06-17T14:33:57,2026-06-17 14:33:57,001268,联合精密,41.71,0.5787,41.47,42.2,40.83,41.47,73787738.0,41.34,38.033
2026-06-17T14:33:57,2026-06-17 14:33:54,002155,湖南黄金,26.37,-0.8647,26.56,26.89,25.9,26.6,1411035159.25,26.59,24.463
2026-06-17T14:33:57,2026-06-17 14:33:54,002240,盛新锂能,48.68,-0.2663,48.81,50.19,47.87,48.81,2631857761.68,50.517,46.475
2026-06-17T14:33:57,2026-06-17 14:33:55,600183,生益科技,179.99,0.3289,180.0,191.0,176.0,179.4,18867213693.0,182.56,167.955
2026-06-17T14:33:57,2026-06-17 14:33:55,600601,方正科技,14.3,1.4184,13.82,15.07,13.82,14.1,4982752291.0,13.57,12.484
2026-06-17T14:34:58,2026-06-17 14:34:54,002613,北玻股份,5.1,4.7228,4.74,5.27,4.74,4.87,942284319.04,4.87,4.35
2026-06-17T14:34:58,2026-06-17 14:34:54,002664,信质集团,19.37,-0.9714,19.56,19.78,19.23,19.56,127143719.29,19.56,18.0
2026-06-17T14:34:58,2026-06-17 14:34:57,000411,英特集团,9.84,-2.5743,10.08,10.09,9.76,10.1,61112241.36,10.1,9.5
2026-06-17T14:34:58,2026-06-17 14:34:56,603093,南华期货,20.61,-4.8037,21.66,22.17,20.53,21.65,395004768.0,21.65,19.12
2026-06-17T14:34:58,2026-06-17 14:34:57,000759,中百集团,6.04,-2.7375,6.18,6.22,5.98,6.21,396890905.0,6.1,5.612
2026-06-17T14:34:58,2026-06-17 14:34:57,001268,联合精密,41.68,0.5064,41.47,42.2,40.83,41.47,74058794.0,41.34,38.033
2026-06-17T14:34:58,2026-06-17 14:34:57,002155,湖南黄金,26.31,-1.0902,26.56,26.89,25.9,26.6,1414839115.25,26.59,24.463
2026-06-17T14:34:58,2026-06-17 14:34:57,002240,盛新锂能,48.58,-0.4712,48.81,50.19,47.87,48.81,2641609193.54,50.517,46.475
2026-06-17T14:34:58,2026-06-17 14:34:55,600183,生益科技,179.65,0.1394,180.0,191.0,176.0,179.4,19035724085.0,182.56,167.955
2026-06-17T14:34:58,2026-06-17 14:34:55,600601,方正科技,14.28,1.2766,13.82,15.07,13.82,14.1,4992664997.0,13.57,12.484
2026-06-17T14:35:58,2026-06-17 14:35:54,002613,北玻股份,5.11,4.9281,4.74,5.27,4.74,4.87,945061371.04,4.87,4.35
2026-06-17T14:35:58,2026-06-17 14:35:54,002664,信质集团,19.36,-1.0225,19.56,19.78,19.23,19.56,127331520.29,19.56,18.0
2026-06-17T14:35:58,2026-06-17 14:35:48,000411,英特集团,9.84,-2.5743,10.08,10.09,9.76,10.1,61121100.36,10.1,9.5
2026-06-17T14:35:58,2026-06-17 14:35:56,603093,南华期货,20.62,-4.7575,21.66,22.17,20.53,21.65,395563569.0,21.65,19.12
2026-06-17T14:35:58,2026-06-17 14:35:57,000759,中百集团,6.03,-2.8986,6.18,6.22,5.98,6.21,400209384.0,6.1,5.612
2026-06-17T14:35:58,2026-06-17 14:35:57,001268,联合精密,41.68,0.5064,41.47,42.2,40.83,41.47,74233989.0,41.34,38.033
2026-06-17T14:35:58,2026-06-17 14:35:57,002155,湖南黄金,26.32,-1.0526,26.56,26.89,25.9,26.6,1419896685.25,26.59,24.463
2026-06-17T14:35:58,2026-06-17 14:35:54,002240,盛新锂能,48.6,-0.4302,48.81,50.19,47.87,48.81,2647191706.54,50.517,46.475
2026-06-17T14:35:58,2026-06-17 14:35:55,600183,生益科技,179.9,0.2787,180.0,191.0,176.0,179.4,19082958497.0,182.56,167.955
2026-06-17T14:35:58,2026-06-17 14:35:55,600601,方正科技,14.3,1.4184,13.82,15.07,13.82,14.1,5005644640.0,13.57,12.484
2026-06-17T14:36:59,2026-06-17 14:36:57,002613,北玻股份,5.12,5.1335,4.74,5.27,4.74,4.87,946683282.04,4.87,4.35
2026-06-17T14:36:59,2026-06-17 14:36:57,002664,信质集团,19.38,-0.9202,19.56,19.78,19.23,19.56,127649157.29,19.56,18.0
2026-06-17T14:36:59,2026-06-17 14:36:57,000411,英特集团,9.83,-2.6733,10.08,10.09,9.76,10.1,61367045.36,10.1,9.5
2026-06-17T14:36:59,2026-06-17 14:36:56,603093,南华期货,20.63,-4.7113,21.66,22.17,20.53,21.65,396596989.0,21.65,19.12
2026-06-17T14:36:59,2026-06-17 14:36:57,000759,中百集团,6.03,-2.8986,6.18,6.22,5.98,6.21,400995964.0,6.1,5.612
2026-06-17T14:36:59,2026-06-17 14:36:57,001268,联合精密,41.84,0.8922,41.47,42.2,40.83,41.47,74856274.0,41.34,38.033
2026-06-17T14:36:59,2026-06-17 14:36:57,002155,湖南黄金,26.37,-0.8647,26.56,26.89,25.9,26.6,1429121241.25,26.59,24.463
2026-06-17T14:36:59,2026-06-17 14:36:57,002240,盛新锂能,48.71,-0.2049,48.81,50.19,47.87,48.81,2651786080.54,50.517,46.475
2026-06-17T14:36:59,2026-06-17 14:36:58,600183,生益科技,179.72,0.1784,180.0,191.0,176.0,179.4,19127678068.0,182.56,167.955
2026-06-17T14:36:59,2026-06-17 14:36:58,600601,方正科技,14.3,1.4184,13.82,15.07,13.82,14.1,5024759028.0,13.57,12.484
2026-06-17T14:38:00,2026-06-17 14:37:57,002613,北玻股份,5.11,4.9281,4.74,5.27,4.74,4.87,949614406.04,4.87,4.35
2026-06-17T14:38:00,2026-06-17 14:37:57,002664,信质集团,19.37,-0.9714,19.56,19.78,19.23,19.56,127837095.29,19.56,18.0
2026-06-17T14:38:00,2026-06-17 14:37:57,000411,英特集团,9.82,-2.7723,10.08,10.09,9.76,10.1,62385730.36,10.1,9.5
2026-06-17T14:38:00,2026-06-17 14:37:56,603093,南华期货,20.63,-4.7113,21.66,22.17,20.53,21.65,400073297.0,21.65,19.12
2026-06-17T14:38:00,2026-06-17 14:37:57,000759,中百集团,6.03,-2.8986,6.18,6.22,5.98,6.21,401534627.0,6.1,5.612
2026-06-17T14:38:00,2026-06-17 14:37:57,001268,联合精密,41.77,0.7234,41.47,42.2,40.83,41.47,75069426.0,41.34,38.033
2026-06-17T14:38:00,2026-06-17 14:37:57,002155,湖南黄金,26.37,-0.8647,26.56,26.89,25.9,26.6,1437219121.25,26.59,24.463
2026-06-17T14:38:00,2026-06-17 14:37:57,002240,盛新锂能,48.67,-0.2868,48.81,50.19,47.87,48.81,2660672398.54,50.517,46.475
2026-06-17T14:38:00,2026-06-17 14:37:58,600183,生益科技,179.68,0.1561,180.0,191.0,176.0,179.4,19173872813.0,182.56,167.955
2026-06-17T14:38:00,2026-06-17 14:37:58,600601,方正科技,14.29,1.3475,13.82,15.07,13.82,14.1,5036535002.0,13.57,12.484
2026-06-17T14:39:00,2026-06-17 14:38:57,002613,北玻股份,5.1,4.7228,4.74,5.27,4.74,4.87,952226745.04,4.87,4.35
2026-06-17T14:39:00,2026-06-17 14:38:57,002664,信质集团,19.36,-1.0225,19.56,19.78,19.23,19.56,128034648.29,19.56,18.0
2026-06-17T14:39:00,2026-06-17 14:38:57,000411,英特集团,9.84,-2.5743,10.08,10.09,9.76,10.1,62919362.36,10.1,9.5
2026-06-17T14:39:00,2026-06-17 14:38:56,603093,南华期货,20.63,-4.7113,21.66,22.17,20.53,21.65,400954642.0,21.65,19.12
2026-06-17T14:39:00,2026-06-17 14:38:57,000759,中百集团,6.04,-2.7375,6.18,6.22,5.98,6.21,402152245.0,6.1,5.612
2026-06-17T14:39:00,2026-06-17 14:38:57,001268,联合精密,41.74,0.6511,41.47,42.2,40.83,41.47,75391068.0,41.34,38.033
2026-06-17T14:39:00,2026-06-17 14:38:57,002155,湖南黄金,26.36,-0.9023,26.56,26.89,25.9,26.6,1447944258.25,26.59,24.463
2026-06-17T14:39:00,2026-06-17 14:38:57,002240,盛新锂能,48.65,-0.3278,48.81,50.19,47.87,48.81,2665825719.54,50.517,46.475
2026-06-17T14:39:00,2026-06-17 14:38:58,600183,生益科技,179.69,0.1616,180.0,191.0,176.0,179.4,19211113964.0,182.56,167.955
2026-06-17T14:39:00,2026-06-17 14:38:58,600601,方正科技,14.27,1.2057,13.82,15.07,13.82,14.1,5053472996.0,13.57,12.484
2026-06-17T14:40:00,2026-06-17 14:39:57,002613,北玻股份,5.1,4.7228,4.74,5.27,4.74,4.87,954486785.04,4.87,4.35
2026-06-17T14:40:00,2026-06-17 14:39:57,002664,信质集团,19.36,-1.0225,19.56,19.78,19.23,19.56,128197323.29,19.56,18.0
2026-06-17T14:40:00,2026-06-17 14:39:54,000411,英特集团,9.84,-2.5743,10.08,10.09,9.76,10.1,63005034.36,10.1,9.5
2026-06-17T14:40:00,2026-06-17 14:39:59,603093,南华期货,20.65,-4.6189,21.66,22.17,20.53,21.65,401968157.0,21.65,19.12
2026-06-17T14:40:00,2026-06-17 14:39:57,000759,中百集团,6.03,-2.8986,6.18,6.22,5.98,6.21,402926423.0,6.1,5.612
2026-06-17T14:40:00,2026-06-17 14:39:57,001268,联合精密,41.75,0.6752,41.47,42.2,40.83,41.47,75687508.0,41.34,38.033
2026-06-17T14:40:00,2026-06-17 14:39:57,002155,湖南黄金,26.42,-0.6767,26.56,26.89,25.9,26.6,1460326360.25,26.59,24.463
2026-06-17T14:40:00,2026-06-17 14:39:57,002240,盛新锂能,48.61,-0.4098,48.81,50.19,47.87,48.81,2672117772.54,50.517,46.475
2026-06-17T14:40:00,2026-06-17 14:39:58,600183,生益科技,179.39,-0.0056,180.0,191.0,176.0,179.4,19281969498.0,182.56,167.955
2026-06-17T14:40:00,2026-06-17 14:39:58,600601,方正科技,14.29,1.3475,13.82,15.07,13.82,14.1,5065538208.0,13.57,12.484
2026-06-17T14:41:01,2026-06-17 14:41:00,002613,北玻股份,5.1,4.7228,4.74,5.27,4.74,4.87,956410090.04,4.87,4.35
2026-06-17T14:41:01,2026-06-17 14:41:00,002664,信质集团,19.36,-1.0225,19.56,19.78,19.23,19.56,128272845.29,19.56,18.0
2026-06-17T14:41:01,2026-06-17 14:41:00,000411,英特集团,9.85,-2.4752,10.08,10.09,9.76,10.1,63156742.36,10.1,9.5
2026-06-17T14:41:01,2026-06-17 14:40:59,603093,南华期货,20.62,-4.7575,21.66,22.17,20.53,21.65,403629053.0,21.65,19.12
2026-06-17T14:41:01,2026-06-17 14:41:00,000759,中百集团,6.03,-2.8986,6.18,6.22,5.98,6.21,403628053.0,6.1,5.612
2026-06-17T14:41:01,2026-06-17 14:41:00,001268,联合精密,41.81,0.8199,41.47,42.2,40.83,41.47,76113567.0,41.34,38.033
2026-06-17T14:41:01,2026-06-17 14:41:00,002155,湖南黄金,26.4,-0.7519,26.56,26.89,25.9,26.6,1464499894.25,26.59,24.463
2026-06-17T14:41:01,2026-06-17 14:41:00,002240,盛新锂能,48.62,-0.3893,48.81,50.19,47.87,48.81,2676134354.54,50.517,46.475
2026-06-17T14:41:01,2026-06-17 14:40:58,600183,生益科技,178.91,-0.2731,180.0,191.0,176.0,179.4,19418618174.0,182.56,167.955
2026-06-17T14:41:01,2026-06-17 14:40:58,600601,方正科技,14.3,1.4184,13.82,15.07,13.82,14.1,5079479611.0,13.57,12.484
2026-06-17T14:42:02,2026-06-17 14:42:00,002613,北玻股份,5.1,4.7228,4.74,5.27,4.74,4.87,958312221.04,4.87,4.35
2026-06-17T14:42:02,2026-06-17 14:42:00,002664,信质集团,19.37,-0.9714,19.56,19.78,19.23,19.56,128840387.29,19.56,18.0
2026-06-17T14:42:02,2026-06-17 14:42:00,000411,英特集团,9.88,-2.1782,10.08,10.09,9.76,10.1,63617519.76,10.1,9.5
2026-06-17T14:42:02,2026-06-17 14:41:59,603093,南华期货,20.62,-4.7575,21.66,22.17,20.53,21.65,404451816.0,21.65,19.12
2026-06-17T14:42:02,2026-06-17 14:42:00,000759,中百集团,6.03,-2.8986,6.18,6.22,5.98,6.21,404303656.0,6.1,5.612
2026-06-17T14:42:02,2026-06-17 14:42:00,001268,联合精密,41.8,0.7958,41.47,42.2,40.83,41.47,76234840.0,41.34,38.033
2026-06-17T14:42:02,2026-06-17 14:42:00,002155,湖南黄金,26.41,-0.7143,26.56,26.89,25.9,26.6,1468913413.25,26.59,24.463
2026-06-17T14:42:02,2026-06-17 14:42:00,002240,盛新锂能,48.62,-0.3893,48.81,50.19,47.87,48.81,2681613715.54,50.517,46.475
2026-06-17T14:42:02,2026-06-17 14:41:58,600183,生益科技,179.05,-0.1951,180.0,191.0,176.0,179.4,19590451792.0,182.56,167.955
2026-06-17T14:42:02,2026-06-17 14:41:58,600601,方正科技,14.29,1.3475,13.82,15.07,13.82,14.1,5100421031.0,13.57,12.484
2026-06-17T14:43:02,2026-06-17 14:43:00,002613,北玻股份,5.09,4.5175,4.74,5.27,4.74,4.87,959974320.04,4.87,4.35
2026-06-17T14:43:02,2026-06-17 14:42:57,002664,信质集团,19.36,-1.0225,19.56,19.78,19.23,19.56,129425351.29,19.56,18.0
2026-06-17T14:43:02,2026-06-17 14:43:00,000411,英特集团,9.88,-2.1782,10.08,10.09,9.76,10.1,63832736.76,10.1,9.5
2026-06-17T14:43:02,2026-06-17 14:42:59,603093,南华期货,20.62,-4.7575,21.66,22.17,20.53,21.65,405058078.0,21.65,19.12
2026-06-17T14:43:02,2026-06-17 14:43:00,000759,中百集团,6.04,-2.7375,6.18,6.22,5.98,6.21,407116308.0,6.1,5.612
2026-06-17T14:43:02,2026-06-17 14:43:00,001268,联合精密,41.81,0.8199,41.47,42.2,40.83,41.47,76406128.0,41.34,38.033
2026-06-17T14:43:02,2026-06-17 14:43:00,002155,湖南黄金,26.46,-0.5263,26.56,26.89,25.9,26.6,1475401691.25,26.59,24.463
2026-06-17T14:43:02,2026-06-17 14:43:00,002240,盛新锂能,48.61,-0.4098,48.81,50.19,47.87,48.81,2686566626.54,50.517,46.475
2026-06-17T14:43:02,2026-06-17 14:43:01,600183,生益科技,178.54,-0.4794,180.0,191.0,176.0,179.4,19679025143.0,182.56,167.955
2026-06-17T14:43:02,2026-06-17 14:43:01,600601,方正科技,14.29,1.3475,13.82,15.07,13.82,14.1,5122634587.0,13.57,12.484
2026-06-17T14:44:02,2026-06-17 14:44:00,002613,北玻股份,5.1,4.7228,4.74,5.27,4.74,4.87,962283809.04,4.87,4.35
2026-06-17T14:44:02,2026-06-17 14:44:00,002664,信质集团,19.37,-0.9714,19.56,19.78,19.23,19.56,129775873.29,19.56,18.0
2026-06-17T14:44:02,2026-06-17 14:44:00,000411,英特集团,9.89,-2.0792,10.08,10.09,9.76,10.1,64303386.76,10.1,9.5
2026-06-17T14:44:02,2026-06-17 14:43:59,603093,南华期货,20.63,-4.7113,21.66,22.17,20.53,21.65,406421937.0,21.65,19.12
2026-06-17T14:44:02,2026-06-17 14:44:00,000759,中百集团,6.04,-2.7375,6.18,6.22,5.98,6.21,409218209.0,6.1,5.612
2026-06-17T14:44:02,2026-06-17 14:44:00,001268,联合精密,41.82,0.844,41.47,42.2,40.83,41.47,76769911.0,41.34,38.033
2026-06-17T14:44:02,2026-06-17 14:44:00,002155,湖南黄金,26.5,-0.3759,26.56,26.89,25.9,26.6,1484795911.25,26.59,24.463
2026-06-17T14:44:02,2026-06-17 14:44:00,002240,盛新锂能,48.59,-0.4507,48.81,50.19,47.87,48.81,2693687212.54,50.517,46.475
2026-06-17T14:44:02,2026-06-17 14:44:01,600183,生益科技,178.81,-0.3289,180.0,191.0,176.0,179.4,19807894802.0,182.56,167.955
2026-06-17T14:44:02,2026-06-17 14:44:01,600601,方正科技,14.3,1.4184,13.82,15.07,13.82,14.1,5136539902.0,13.57,12.484
2026-06-17T14:45:03,2026-06-17 14:45:00,002613,北玻股份,5.09,4.5175,4.74,5.27,4.74,4.87,965269953.04,4.87,4.35
2026-06-17T14:45:03,2026-06-17 14:45:00,002664,信质集团,19.39,-0.8691,19.56,19.78,19.23,19.56,130632314.29,19.56,18.0
2026-06-17T14:45:03,2026-06-17 14:45:00,000411,英特集团,9.88,-2.1782,10.08,10.09,9.76,10.1,65911865.76,10.1,9.5
2026-06-17T14:45:03,2026-06-17 14:44:59,603093,南华期货,20.65,-4.6189,21.66,22.17,20.53,21.65,407431531.0,21.65,19.12
2026-06-17T14:45:03,2026-06-17 14:45:00,000759,中百集团,6.03,-2.8986,6.18,6.22,5.98,6.21,410528285.0,6.1,5.612
2026-06-17T14:45:03,2026-06-17 14:45:00,001268,联合精密,41.85,0.9163,41.47,42.2,40.83,41.47,77368047.0,41.34,38.033
2026-06-17T14:45:03,2026-06-17 14:45:00,002155,湖南黄金,26.48,-0.4511,26.56,26.89,25.9,26.6,1488154711.25,26.59,24.463
2026-06-17T14:45:03,2026-06-17 14:45:00,002240,盛新锂能,48.52,-0.5941,48.81,50.19,47.87,48.81,2697329756.54,50.517,46.475
2026-06-17T14:45:03,2026-06-17 14:45:01,600183,生益科技,178.74,-0.3679,180.0,191.0,176.0,179.4,19883683186.0,182.56,167.955
2026-06-17T14:45:03,2026-06-17 14:45:01,600601,方正科技,14.33,1.6312,13.82,15.07,13.82,14.1,5170223313.0,13.57,12.484
2026-06-17T14:46:03,2026-06-17 14:46:00,002613,北玻股份,5.09,4.5175,4.74,5.27,4.74,4.87,966935280.04,4.87,4.35
2026-06-17T14:46:03,2026-06-17 14:46:00,002664,信质集团,19.38,-0.9202,19.56,19.78,19.23,19.56,131139960.29,19.56,18.0
2026-06-17T14:46:03,2026-06-17 14:46:00,000411,英特集团,9.87,-2.2772,10.08,10.09,9.76,10.1,66496421.76,10.1,9.5
2026-06-17T14:46:03,2026-06-17 14:46:02,603093,南华期货,20.66,-4.5727,21.66,22.17,20.53,21.65,408391525.0,21.65,19.12
2026-06-17T14:46:03,2026-06-17 14:46:00,000759,中百集团,6.03,-2.8986,6.18,6.22,5.98,6.21,411616115.0,6.1,5.612
2026-06-17T14:46:03,2026-06-17 14:46:00,001268,联合精密,41.81,0.8199,41.47,42.2,40.83,41.47,77681762.0,41.34,38.033
2026-06-17T14:46:03,2026-06-17 14:46:00,002155,湖南黄金,26.44,-0.6015,26.56,26.89,25.9,26.6,1493030139.25,26.59,24.463
2026-06-17T14:46:03,2026-06-17 14:46:00,002240,盛新锂能,48.5,-0.6351,48.81,50.19,47.87,48.81,2706070685.54,50.517,46.475
2026-06-17T14:46:03,2026-06-17 14:46:01,600183,生益科技,179.42,0.0111,180.0,191.0,176.0,179.4,20044018026.0,182.56,167.955
2026-06-17T14:46:03,2026-06-17 14:46:01,600601,方正科技,14.31,1.4894,13.82,15.07,13.82,14.1,5183249191.0,13.57,12.484
2026-06-17T14:47:03,2026-06-17 14:47:00,002613,北玻股份,5.08,4.3121,4.74,5.27,4.74,4.87,970244565.04,4.87,4.35
2026-06-17T14:47:03,2026-06-17 14:47:00,002664,信质集团,19.37,-0.9714,19.56,19.78,19.23,19.56,131343345.29,19.56,18.0
2026-06-17T14:47:03,2026-06-17 14:47:00,000411,英特集团,9.87,-2.2772,10.08,10.09,9.76,10.1,66670937.36,10.1,9.5
2026-06-17T14:47:03,2026-06-17 14:47:02,603093,南华期货,20.67,-4.5266,21.66,22.17,20.53,21.65,409773486.0,21.65,19.12
2026-06-17T14:47:03,2026-06-17 14:47:00,000759,中百集团,6.03,-2.8986,6.18,6.22,5.98,6.21,414156096.0,6.1,5.612
2026-06-17T14:47:03,2026-06-17 14:47:00,001268,联合精密,41.8,0.7958,41.47,42.2,40.83,41.47,78279610.0,41.34,38.033
2026-06-17T14:47:03,2026-06-17 14:47:00,002155,湖南黄金,26.45,-0.5639,26.56,26.89,25.9,26.6,1500483371.15,26.59,24.463
2026-06-17T14:47:03,2026-06-17 14:47:00,002240,盛新锂能,48.54,-0.5532,48.81,50.19,47.87,48.81,2715945273.54,50.517,46.475
2026-06-17T14:47:03,2026-06-17 14:47:01,600183,生益科技,179.3,-0.0557,180.0,191.0,176.0,179.4,20133256919.0,182.56,167.955
2026-06-17T14:47:03,2026-06-17 14:47:01,600601,方正科技,14.31,1.4894,13.82,15.07,13.82,14.1,5200250988.0,13.57,12.484
2026-06-17T14:48:03,2026-06-17 14:48:03,002613,北玻股份,5.08,4.3121,4.74,5.27,4.74,4.87,972264314.04,4.87,4.35
2026-06-17T14:48:03,2026-06-17 14:48:03,002664,信质集团,19.37,-0.9714,19.56,19.78,19.23,19.56,131626629.43,19.56,18.0
2026-06-17T14:48:03,2026-06-17 14:48:03,000411,英特集团,9.87,-2.2772,10.08,10.09,9.76,10.1,67163768.36,10.1,9.5
2026-06-17T14:48:03,2026-06-17 14:48:02,603093,南华期货,20.65,-4.6189,21.66,22.17,20.53,21.65,412150136.0,21.65,19.12
2026-06-17T14:48:03,2026-06-17 14:48:03,000759,中百集团,6.04,-2.7375,6.18,6.22,5.98,6.21,416666521.0,6.1,5.612
2026-06-17T14:48:03,2026-06-17 14:48:00,001268,联合精密,41.8,0.7958,41.47,42.2,40.83,41.47,78371543.0,41.34,38.033
2026-06-17T14:48:03,2026-06-17 14:48:03,002155,湖南黄金,26.5,-0.3759,26.56,26.89,25.9,26.6,1512288643.21,26.59,24.463
2026-06-17T14:48:03,2026-06-17 14:48:03,002240,盛新锂能,48.51,-0.6146,48.81,50.19,47.87,48.81,2723475677.04,50.517,46.475
2026-06-17T14:48:03,2026-06-17 14:48:01,600183,生益科技,179.3,-0.0557,180.0,191.0,176.0,179.4,20205128109.0,182.56,167.955
2026-06-17T14:48:03,2026-06-17 14:48:01,600601,方正科技,14.31,1.4894,13.82,15.07,13.82,14.1,5219622516.0,13.57,12.484
2026-06-17T14:49:04,2026-06-17 14:49:03,002613,北玻股份,5.09,4.5175,4.74,5.27,4.74,4.87,975435749.04,4.87,4.35
2026-06-17T14:49:04,2026-06-17 14:49:03,002664,信质集团,19.36,-1.0225,19.56,19.78,19.23,19.56,131936583.21,19.56,18.0
2026-06-17T14:49:04,2026-06-17 14:49:03,000411,英特集团,9.87,-2.2772,10.08,10.09,9.76,10.1,67730186.36,10.1,9.5
2026-06-17T14:49:04,2026-06-17 14:49:02,603093,南华期货,20.66,-4.5727,21.66,22.17,20.53,21.65,414639995.0,21.65,19.12
2026-06-17T14:49:04,2026-06-17 14:49:03,000759,中百集团,6.03,-2.8986,6.18,6.22,5.98,6.21,418283378.0,6.1,5.612
2026-06-17T14:49:04,2026-06-17 14:49:03,001268,联合精密,41.79,0.7716,41.47,42.2,40.83,41.47,78659943.0,41.34,38.033
2026-06-17T14:49:04,2026-06-17 14:49:03,002155,湖南黄金,26.51,-0.3383,26.56,26.89,25.9,26.6,1516097226.21,26.59,24.463
2026-06-17T14:49:04,2026-06-17 14:49:03,002240,盛新锂能,48.5,-0.6351,48.81,50.19,47.87,48.81,2733009361.54,50.517,46.475
2026-06-17T14:49:04,2026-06-17 14:49:01,600183,生益科技,179.3,-0.0557,180.0,191.0,176.0,179.4,20278173294.0,182.56,167.955
2026-06-17T14:49:04,2026-06-17 14:49:01,600601,方正科技,14.32,1.5603,13.82,15.07,13.82,14.1,5240822118.0,13.57,12.484
2026-06-17T14:50:04,2026-06-17 14:50:03,002613,北玻股份,5.1,4.7228,4.74,5.27,4.74,4.87,978783578.04,4.87,4.35
2026-06-17T14:50:04,2026-06-17 14:50:03,002664,信质集团,19.37,-0.9714,19.56,19.78,19.23,19.56,132219514.21,19.56,18.0
2026-06-17T14:50:04,2026-06-17 14:50:03,000411,英特集团,9.87,-2.2772,10.08,10.09,9.76,10.1,67925644.36,10.1,9.5
2026-06-17T14:50:04,2026-06-17 14:50:02,603093,南华期货,20.67,-4.5266,21.66,22.17,20.53,21.65,418323352.0,21.65,19.12
2026-06-17T14:50:04,2026-06-17 14:50:03,000759,中百集团,6.03,-2.8986,6.18,6.22,5.98,6.21,419765946.0,6.1,5.612
2026-06-17T14:50:04,2026-06-17 14:50:03,001268,联合精密,41.83,0.8681,41.47,42.2,40.83,41.47,79249712.0,41.34,38.033
2026-06-17T14:50:04,2026-06-17 14:50:03,002155,湖南黄金,26.51,-0.3383,26.56,26.89,25.9,26.6,1526814126.21,26.59,24.463
2026-06-17T14:50:04,2026-06-17 14:50:03,002240,盛新锂能,48.38,-0.881,48.81,50.19,47.87,48.81,2747952480.54,50.517,46.475
2026-06-17T14:50:04,2026-06-17 14:50:01,600183,生益科技,179.66,0.1449,180.0,191.0,176.0,179.4,20378383032.0,182.56,167.955
2026-06-17T14:50:04,2026-06-17 14:50:01,600601,方正科技,14.36,1.844,13.82,15.07,13.82,14.1,5277062660.0,13.57,12.484
2026-06-17T14:51:04,2026-06-17 14:51:03,002613,北玻股份,5.1,4.7228,4.74,5.27,4.74,4.87,981059148.04,4.87,4.35
2026-06-17T14:51:04,2026-06-17 14:51:03,002664,信质集团,19.37,-0.9714,19.56,19.78,19.23,19.56,132889774.21,19.56,18.0
2026-06-17T14:51:04,2026-06-17 14:51:03,000411,英特集团,9.87,-2.2772,10.08,10.09,9.76,10.1,68673703.36,10.1,9.5
2026-06-17T14:51:04,2026-06-17 14:51:02,603093,南华期货,20.69,-4.4342,21.66,22.17,20.53,21.65,421691178.0,21.65,19.12
2026-06-17T14:51:04,2026-06-17 14:51:03,000759,中百集团,6.03,-2.8986,6.18,6.22,5.98,6.21,422368089.0,6.1,5.612
2026-06-17T14:51:04,2026-06-17 14:51:03,001268,联合精密,41.73,0.627,41.47,42.2,40.83,41.47,80210805.0,41.34,38.033
2026-06-17T14:51:04,2026-06-17 14:51:03,002155,湖南黄金,26.54,-0.2256,26.56,26.89,25.9,26.6,1539858767.21,26.59,24.463
2026-06-17T14:51:04,2026-06-17 14:51:03,002240,盛新锂能,48.45,-0.7376,48.81,50.19,47.87,48.81,2760329861.08,50.517,46.475
2026-06-17T14:51:04,2026-06-17 14:51:01,600183,生益科技,179.43,0.0167,180.0,191.0,176.0,179.4,20491338548.0,182.56,167.955
2026-06-17T14:51:04,2026-06-17 14:51:01,600601,方正科技,14.34,1.7021,13.82,15.07,13.82,14.1,5298325555.0,13.57,12.484
2026-06-17T14:52:05,2026-06-17 14:52:03,002613,北玻股份,5.1,4.7228,4.74,5.27,4.74,4.87,985283040.04,4.87,4.35
2026-06-17T14:52:05,2026-06-17 14:52:03,002664,信质集团,19.38,-0.9202,19.56,19.78,19.23,19.56,133583723.21,19.56,18.0
2026-06-17T14:52:05,2026-06-17 14:52:03,000411,英特集团,9.86,-2.3762,10.08,10.09,9.76,10.1,69191791.36,10.1,9.5
2026-06-17T14:52:05,2026-06-17 14:52:02,603093,南华期货,20.72,-4.2956,21.66,22.17,20.53,21.65,422997941.0,21.65,19.12
2026-06-17T14:52:05,2026-06-17 14:52:03,000759,中百集团,6.04,-2.7375,6.18,6.22,5.98,6.21,428105363.0,6.1,5.612
2026-06-17T14:52:05,2026-06-17 14:52:03,001268,联合精密,41.7,0.5546,41.47,42.2,40.83,41.47,80440246.0,41.34,38.033
2026-06-17T14:52:05,2026-06-17 14:52:03,002155,湖南黄金,26.51,-0.3383,26.56,26.89,25.9,26.6,1545420214.21,26.59,24.463
2026-06-17T14:52:05,2026-06-17 14:52:03,002240,盛新锂能,48.48,-0.6761,48.81,50.19,47.87,48.81,2768357582.19,50.517,46.475
2026-06-17T14:52:05,2026-06-17 14:52:04,600183,生益科技,179.46,0.0334,180.0,191.0,176.0,179.4,20627859944.0,182.56,167.955
2026-06-17T14:52:05,2026-06-17 14:52:01,600601,方正科技,14.37,1.9149,13.82,15.07,13.82,14.1,5321206390.0,13.57,12.484
2026-06-17T14:53:05,2026-06-17 14:53:03,002613,北玻股份,5.1,4.7228,4.74,5.27,4.74,4.87,991482354.04,4.87,4.35
2026-06-17T14:53:05,2026-06-17 14:53:03,002664,信质集团,19.38,-0.9202,19.56,19.78,19.23,19.56,133983087.21,19.56,18.0
2026-06-17T14:53:05,2026-06-17 14:53:03,000411,英特集团,9.87,-2.2772,10.08,10.09,9.76,10.1,69407841.36,10.1,9.5
2026-06-17T14:53:05,2026-06-17 14:53:02,603093,南华期货,20.73,-4.2494,21.66,22.17,20.53,21.65,423878590.0,21.65,19.12
2026-06-17T14:53:05,2026-06-17 14:53:03,000759,中百集团,6.03,-2.8986,6.18,6.22,5.98,6.21,431513794.0,6.1,5.612
2026-06-17T14:53:05,2026-06-17 14:53:03,001268,联合精密,41.82,0.844,41.47,42.2,40.83,41.47,81137132.0,41.34,38.033
2026-06-17T14:53:05,2026-06-17 14:53:03,002155,湖南黄金,26.51,-0.3383,26.56,26.89,25.9,26.6,1551399110.21,26.59,24.463
2026-06-17T14:53:05,2026-06-17 14:53:03,002240,盛新锂能,48.46,-0.7171,48.81,50.19,47.87,48.81,2777221969.98,50.517,46.475
2026-06-17T14:53:05,2026-06-17 14:53:01,600183,生益科技,179.43,0.0167,180.0,191.0,176.0,179.4,20700590370.0,182.56,167.955
2026-06-17T14:53:05,2026-06-17 14:53:01,600601,方正科技,14.38,1.9858,13.82,15.07,13.82,14.1,5353053234.0,13.57,12.484
2026-06-17T14:54:05,2026-06-17 14:54:03,002613,北玻股份,5.1,4.7228,4.74,5.27,4.74,4.87,995109749.04,4.87,4.35
2026-06-17T14:54:05,2026-06-17 14:54:03,002664,信质集团,19.38,-0.9202,19.56,19.78,19.23,19.56,134739265.21,19.56,18.0
2026-06-17T14:54:05,2026-06-17 14:54:03,000411,英特集团,9.87,-2.2772,10.08,10.09,9.76,10.1,70207559.76,10.1,9.5
2026-06-17T14:54:05,2026-06-17 14:54:02,603093,南华期货,20.74,-4.2032,21.66,22.17,20.53,21.65,426724501.0,21.65,19.12
2026-06-17T14:54:05,2026-06-17 14:54:03,000759,中百集团,6.03,-2.8986,6.18,6.22,5.98,6.21,433775854.0,6.1,5.612
2026-06-17T14:54:05,2026-06-17 14:54:03,001268,联合精密,41.72,0.6028,41.47,42.2,40.83,41.47,83142822.0,41.34,38.033
2026-06-17T14:54:05,2026-06-17 14:54:03,002155,湖南黄金,26.49,-0.4135,26.56,26.89,25.9,26.6,1555696215.71,26.59,24.463
2026-06-17T14:54:05,2026-06-17 14:54:03,002240,盛新锂能,48.31,-1.0244,48.81,50.19,47.87,48.81,2797080893.44,50.517,46.475
2026-06-17T14:54:05,2026-06-17 14:54:04,600183,生益科技,179.74,0.1895,180.0,191.0,176.0,179.4,20802465437.0,182.56,167.955
2026-06-17T14:54:05,2026-06-17 14:54:04,600601,方正科技,14.4,2.1277,13.82,15.07,13.82,14.1,5386224860.0,13.57,12.484
2026-06-17T14:55:05,2026-06-17 14:55:03,002613,北玻股份,5.1,4.7228,4.74,5.27,4.74,4.87,1001302656.04,4.87,4.35
2026-06-17T14:55:05,2026-06-17 14:55:03,002664,信质集团,19.39,-0.8691,19.56,19.78,19.23,19.56,135856756.37,19.56,18.0
2026-06-17T14:55:05,2026-06-17 14:55:03,000411,英特集团,9.87,-2.2772,10.08,10.09,9.76,10.1,70871644.16,10.1,9.5
2026-06-17T14:55:05,2026-06-17 14:55:02,603093,南华期货,20.73,-4.2494,21.66,22.17,20.53,21.65,428559349.0,21.65,19.12
2026-06-17T14:55:05,2026-06-17 14:55:03,000759,中百集团,6.05,-2.5765,6.18,6.22,5.98,6.21,435519197.0,6.1,5.612
2026-06-17T14:55:05,2026-06-17 14:55:03,001268,联合精密,41.74,0.6511,41.47,42.2,40.83,41.47,83982106.0,41.34,38.033
2026-06-17T14:55:05,2026-06-17 14:55:03,002155,湖南黄金,26.53,-0.2632,26.56,26.89,25.9,26.6,1565488881.71,26.59,24.463
2026-06-17T14:55:05,2026-06-17 14:55:03,002240,盛新锂能,48.26,-1.1268,48.81,50.19,47.87,48.81,2820778832.62,50.517,46.475
2026-06-17T14:55:05,2026-06-17 14:55:04,600183,生益科技,179.93,0.2954,180.0,191.0,176.0,179.4,20907203982.0,182.56,167.955
2026-06-17T14:55:05,2026-06-17 14:55:01,600601,方正科技,14.4,2.1277,13.82,15.07,13.82,14.1,5419423995.0,13.57,12.484
2026-06-17T14:56:06,2026-06-17 14:56:03,002613,北玻股份,5.1,4.7228,4.74,5.27,4.74,4.87,1006356221.04,4.87,4.35
2026-06-17T14:56:06,2026-06-17 14:56:03,002664,信质集团,19.38,-0.9202,19.56,19.78,19.23,19.56,138404588.21,19.56,18.0
2026-06-17T14:56:06,2026-06-17 14:56:06,000411,英特集团,9.86,-2.3762,10.08,10.09,9.76,10.1,72102604.16,10.1,9.5
2026-06-17T14:56:06,2026-06-17 14:56:05,603093,南华期货,20.77,-4.0647,21.66,22.17,20.53,21.65,431508427.0,21.65,19.12
2026-06-17T14:56:06,2026-06-17 14:56:06,000759,中百集团,6.07,-2.2544,6.18,6.22,5.98,6.21,443589054.0,6.1,5.612
2026-06-17T14:56:06,2026-06-17 14:56:06,001268,联合精密,41.73,0.627,41.47,42.2,40.83,41.47,85058272.0,41.34,38.033
2026-06-17T14:56:06,2026-06-17 14:56:03,002155,湖南黄金,26.51,-0.3383,26.56,26.89,25.9,26.6,1573694006.81,26.59,24.463
2026-06-17T14:56:06,2026-06-17 14:56:03,002240,盛新锂能,48.28,-1.0858,48.81,50.19,47.87,48.81,2844476641.62,50.517,46.475
2026-06-17T14:56:06,2026-06-17 14:56:04,600183,生益科技,180.0,0.3344,180.0,191.0,176.0,179.4,20983897663.0,182.56,167.955
2026-06-17T14:56:06,2026-06-17 14:56:04,600601,方正科技,14.37,1.9149,13.82,15.07,13.82,14.1,5442498923.0,13.57,12.484
2026-06-17T14:57:07,2026-06-17 14:57:00,002613,北玻股份,5.11,4.9281,4.74,5.27,4.74,4.87,1012716369.04,4.87,4.35
2026-06-17T14:57:07,2026-06-17 14:57:00,002664,信质集团,19.34,-1.1247,19.56,19.78,19.23,19.56,139572110.21,19.56,18.0
2026-06-17T14:57:07,2026-06-17 14:57:00,000411,英特集团,9.87,-2.2772,10.08,10.09,9.76,10.1,72346518.16,10.1,9.5
2026-06-17T14:57:07,2026-06-17 14:57:05,603093,南华期货,20.78,-4.0185,21.66,22.17,20.53,21.65,434712900.0,21.65,19.12
2026-06-17T14:57:07,2026-06-17 14:57:00,000759,中百集团,6.06,-2.4155,6.18,6.22,5.98,6.21,448236939.0,6.1,5.612
2026-06-17T14:57:07,2026-06-17 14:57:00,001268,联合精密,41.74,0.6511,41.47,42.2,40.83,41.47,85583789.0,41.34,38.033
2026-06-17T14:57:07,2026-06-17 14:57:00,002155,湖南黄金,26.5,-0.3759,26.56,26.89,25.9,26.6,1582752874.81,26.59,24.463
2026-06-17T14:57:07,2026-06-17 14:57:00,002240,盛新锂能,48.3,-1.0449,48.81,50.19,47.87,48.81,2868356715.34,50.517,46.475
2026-06-17T14:57:07,2026-06-17 14:57:04,600183,生益科技,180.14,0.4125,180.0,191.0,176.0,179.4,21087925259.0,182.56,167.955
2026-06-17T14:57:07,2026-06-17 14:57:04,600601,方正科技,14.36,1.844,13.82,15.07,13.82,14.1,5479871708.0,13.57,12.484
2026-06-17T14:58:07,2026-06-17 14:58:03,002613,北玻股份,5.11,4.9281,4.74,5.27,4.74,4.87,1012716369.04,4.87,4.35
2026-06-17T14:58:07,2026-06-17 14:57:54,002664,信质集团,19.34,-1.1247,19.56,19.78,19.23,19.56,139572110.21,19.56,18.0
2026-06-17T14:58:07,2026-06-17 14:58:03,000411,英特集团,9.87,-2.2772,10.08,10.09,9.76,10.1,72346518.16,10.1,9.5
2026-06-17T14:58:07,2026-06-17 14:58:05,603093,南华期货,20.78,-4.0185,21.66,22.17,20.53,21.65,434712900.0,21.65,19.12
2026-06-17T14:58:07,2026-06-17 14:58:03,000759,中百集团,6.06,-2.4155,6.18,6.22,5.98,6.21,448236939.0,6.1,5.612
2026-06-17T14:58:07,2026-06-17 14:58:03,001268,联合精密,41.74,0.6511,41.47,42.2,40.83,41.47,85583789.0,41.34,38.033
2026-06-17T14:58:07,2026-06-17 14:58:03,002155,湖南黄金,26.5,-0.3759,26.56,26.89,25.9,26.6,1582752874.81,26.59,24.463
2026-06-17T14:58:07,2026-06-17 14:58:03,002240,盛新锂能,48.3,-1.0449,48.81,50.19,47.87,48.81,2868356715.34,50.517,46.475
2026-06-17T14:58:07,2026-06-17 14:58:03,600183,生益科技,180.14,0.4125,180.0,191.0,176.0,179.4,21087925259.0,182.56,167.955
2026-06-17T14:58:07,2026-06-17 14:58:04,600601,方正科技,14.36,1.844,13.82,15.07,13.82,14.1,5479871708.0,13.57,12.484
2026-06-17T14:59:07,2026-06-17 14:59:06,002613,北玻股份,5.11,4.9281,4.74,5.27,4.74,4.87,1012716369.04,4.87,4.35
2026-06-17T14:59:07,2026-06-17 14:59:06,002664,信质集团,19.34,-1.1247,19.56,19.78,19.23,19.56,139572110.21,19.56,18.0
2026-06-17T14:59:07,2026-06-17 14:59:06,000411,英特集团,9.87,-2.2772,10.08,10.09,9.76,10.1,72346518.16,10.1,9.5
2026-06-17T14:59:07,2026-06-17 14:59:05,603093,南华期货,20.78,-4.0185,21.66,22.17,20.53,21.65,434712900.0,21.65,19.12
2026-06-17T14:59:07,2026-06-17 14:59:06,000759,中百集团,6.06,-2.4155,6.18,6.22,5.98,6.21,448236939.0,6.1,5.612
2026-06-17T14:59:07,2026-06-17 14:59:06,001268,联合精密,41.74,0.6511,41.47,42.2,40.83,41.47,85583789.0,41.34,38.033
2026-06-17T14:59:07,2026-06-17 14:59:06,002155,湖南黄金,26.5,-0.3759,26.56,26.89,25.9,26.6,1582752874.81,26.59,24.463
2026-06-17T14:59:07,2026-06-17 14:59:06,002240,盛新锂能,48.3,-1.0449,48.81,50.19,47.87,48.81,2868356715.34,50.517,46.475
2026-06-17T14:59:07,2026-06-17 14:59:04,600183,生益科技,180.14,0.4125,180.0,191.0,176.0,179.4,21087925259.0,182.56,167.955
2026-06-17T14:59:07,2026-06-17 14:59:04,600601,方正科技,14.36,1.844,13.82,15.07,13.82,14.1,5479871708.0,13.57,12.484
