local_time,quote_time,code,name,price,pct,open,high,low,prev_close,amount,trigger_price,invalid_price
2026-06-16T09:25:23,2026-06-16 09:25:00,000759,中百集团,5.93,-0.3361,5.93,5.93,5.93,5.95,12243078.0,5.95,5.3
2026-06-16T09:25:23,2026-06-16 09:25:01,603036,如通股份,14.46,-0.4818,14.46,14.46,14.46,14.53,1561680.0,14.53,13.43
2026-06-16T09:25:23,2026-06-16 09:25:00,001378,德冠新材,20.54,0.0487,20.54,20.54,20.54,20.53,2187510.0,20.53,19.01
2026-06-16T09:25:23,2026-06-16 09:25:00,003009,中天火箭,62.61,-1.7882,62.61,62.61,62.61,63.75,5622378.0,63.75,55.56
2026-06-16T09:25:23,2026-06-16 09:25:00,001206,依依股份,17.47,-0.4558,17.47,17.47,17.47,17.55,3939485.0,17.55,15.81
2026-06-16T09:25:23,2026-06-16 09:25:00,001299,美能能源,10.96,0.1828,10.96,10.96,10.96,10.94,812793.6,10.94,10.38
2026-06-16T09:25:23,2026-06-16 09:25:00,001268,联合精密,42.0,-1.5471,42.0,42.0,42.0,42.66,525000.0,41.34,38.033
2026-06-16T09:25:23,2026-06-16 09:25:00,002240,盛新锂能,50.52,-2.1499,50.52,50.52,50.52,51.63,40181031.48,50.517,46.475
2026-06-16T09:26:25,2026-06-16 09:25:00,000759,中百集团,5.93,-0.3361,5.93,5.93,5.93,5.95,12243078.0,5.95,5.3
2026-06-16T09:26:25,2026-06-16 09:25:55,603036,如通股份,14.46,-0.4818,14.46,14.46,14.46,14.53,1561680.0,14.53,13.43
2026-06-16T09:26:25,2026-06-16 09:25:00,001378,德冠新材,20.54,0.0487,20.54,20.54,20.54,20.53,2187510.0,20.53,19.01
2026-06-16T09:26:25,2026-06-16 09:25:00,003009,中天火箭,62.61,-1.7882,62.61,62.61,62.61,63.75,5622378.0,63.75,55.56
2026-06-16T09:26:25,2026-06-16 09:25:00,001206,依依股份,17.47,-0.4558,17.47,17.47,17.47,17.55,3939485.0,17.55,15.81
2026-06-16T09:26:25,2026-06-16 09:25:00,001299,美能能源,10.96,0.1828,10.96,10.96,10.96,10.94,812793.6,10.94,10.38
2026-06-16T09:26:25,2026-06-16 09:25:00,001268,联合精密,42.0,-1.5471,42.0,42.0,42.0,42.66,525000.0,41.34,38.033
2026-06-16T09:26:25,2026-06-16 09:25:00,002240,盛新锂能,50.52,-2.1499,50.52,50.52,50.52,51.63,40181031.48,50.517,46.475
2026-06-16T09:27:25,2026-06-16 09:25:00,000759,中百集团,5.93,-0.3361,5.93,5.93,5.93,5.95,12243078.0,5.95,5.3
2026-06-16T09:27:25,2026-06-16 09:26:55,603036,如通股份,14.46,-0.4818,14.46,14.46,14.46,14.53,1561680.0,14.53,13.43
2026-06-16T09:27:25,2026-06-16 09:25:00,001378,德冠新材,20.54,0.0487,20.54,20.54,20.54,20.53,2187510.0,20.53,19.01
2026-06-16T09:27:25,2026-06-16 09:25:00,003009,中天火箭,62.61,-1.7882,62.61,62.61,62.61,63.75,5622378.0,63.75,55.56
2026-06-16T09:27:25,2026-06-16 09:25:00,001206,依依股份,17.47,-0.4558,17.47,17.47,17.47,17.55,3939485.0,17.55,15.81
2026-06-16T09:27:25,2026-06-16 09:25:00,001299,美能能源,10.96,0.1828,10.96,10.96,10.96,10.94,812793.6,10.94,10.38
2026-06-16T09:27:25,2026-06-16 09:25:00,001268,联合精密,42.0,-1.5471,42.0,42.0,42.0,42.66,525000.0,41.34,38.033
2026-06-16T09:27:25,2026-06-16 09:25:00,002240,盛新锂能,50.52,-2.1499,50.52,50.52,50.52,51.63,40181031.48,50.517,46.475
2026-06-16T09:28:25,2026-06-16 09:25:00,000759,中百集团,5.93,-0.3361,5.93,5.93,5.93,5.95,12243078.0,5.95,5.3
2026-06-16T09:28:25,2026-06-16 09:27:55,603036,如通股份,14.46,-0.4818,14.46,14.46,14.46,14.53,1561680.0,14.53,13.43
2026-06-16T09:28:25,2026-06-16 09:25:00,001378,德冠新材,20.54,0.0487,20.54,20.54,20.54,20.53,2187510.0,20.53,19.01
2026-06-16T09:28:25,2026-06-16 09:25:00,003009,中天火箭,62.61,-1.7882,62.61,62.61,62.61,63.75,5622378.0,63.75,55.56
2026-06-16T09:28:25,2026-06-16 09:25:00,001206,依依股份,17.47,-0.4558,17.47,17.47,17.47,17.55,3939485.0,17.55,15.81
2026-06-16T09:28:25,2026-06-16 09:25:00,001299,美能能源,10.96,0.1828,10.96,10.96,10.96,10.94,812793.6,10.94,10.38
2026-06-16T09:28:25,2026-06-16 09:25:00,001268,联合精密,42.0,-1.5471,42.0,42.0,42.0,42.66,525000.0,41.34,38.033
2026-06-16T09:28:25,2026-06-16 09:25:00,002240,盛新锂能,50.52,-2.1499,50.52,50.52,50.52,51.63,40181031.48,50.517,46.475
2026-06-16T09:29:26,2026-06-16 09:25:00,000759,中百集团,5.93,-0.3361,5.93,5.93,5.93,5.95,12243078.0,5.95,5.3
2026-06-16T09:29:26,2026-06-16 09:28:55,603036,如通股份,14.46,-0.4818,14.46,14.46,14.46,14.53,1561680.0,14.53,13.43
2026-06-16T09:29:26,2026-06-16 09:25:00,001378,德冠新材,20.54,0.0487,20.54,20.54,20.54,20.53,2187510.0,20.53,19.01
2026-06-16T09:29:26,2026-06-16 09:25:00,003009,中天火箭,62.61,-1.7882,62.61,62.61,62.61,63.75,5622378.0,63.75,55.56
2026-06-16T09:29:26,2026-06-16 09:25:00,001206,依依股份,17.47,-0.4558,17.47,17.47,17.47,17.55,3939485.0,17.55,15.81
2026-06-16T09:29:26,2026-06-16 09:25:00,001299,美能能源,10.96,0.1828,10.96,10.96,10.96,10.94,812793.6,10.94,10.38
2026-06-16T09:29:26,2026-06-16 09:25:00,001268,联合精密,42.0,-1.5471,42.0,42.0,42.0,42.66,525000.0,41.34,38.033
2026-06-16T09:29:26,2026-06-16 09:25:00,002240,盛新锂能,50.52,-2.1499,50.52,50.52,50.52,51.63,40181031.48,50.517,46.475
2026-06-16T09:30:26,2026-06-16 09:30:24,000759,中百集团,5.93,-0.3361,5.93,5.96,5.89,5.95,24367522.0,5.95,5.3
2026-06-16T09:30:26,2026-06-16 09:30:24,603036,如通股份,14.41,-0.8259,14.46,14.49,14.4,14.53,2179523.0,14.53,13.43
2026-06-16T09:30:26,2026-06-16 09:30:24,001378,德冠新材,20.3,-1.1203,20.54,20.57,20.3,20.53,4765485.0,20.53,19.01
2026-06-16T09:30:26,2026-06-16 09:30:24,003009,中天火箭,61.76,-3.1216,62.61,62.61,61.72,63.75,22323397.0,63.75,55.56
2026-06-16T09:30:26,2026-06-16 09:30:24,001206,依依股份,17.39,-0.9117,17.47,17.53,17.3,17.55,7580444.3,17.55,15.81
2026-06-16T09:30:26,2026-06-16 09:30:24,001299,美能能源,10.91,-0.2742,10.96,11.0,10.88,10.94,1606066.8,10.94,10.38
2026-06-16T09:30:26,2026-06-16 09:30:24,001268,联合精密,41.99,-1.5706,42.0,42.01,41.68,42.66,2167681.0,41.34,38.033
2026-06-16T09:30:26,2026-06-16 09:30:24,002240,盛新锂能,49.9,-3.3508,50.52,50.55,49.89,51.63,140072801.99,50.517,46.475
2026-06-16T09:31:27,2026-06-16 09:31:27,000759,中百集团,5.92,-0.5042,5.93,5.98,5.89,5.95,37417349.0,5.95,5.3
2026-06-16T09:31:27,2026-06-16 09:31:18,603036,如通股份,14.45,-0.5506,14.46,14.49,14.37,14.53,3677785.0,14.53,13.43
2026-06-16T09:31:27,2026-06-16 09:31:27,001378,德冠新材,20.29,-1.169,20.54,20.57,20.28,20.53,9706087.1,20.53,19.01
2026-06-16T09:31:27,2026-06-16 09:31:27,003009,中天火箭,61.63,-3.3255,62.61,62.61,61.58,63.75,45298865.0,63.75,55.56
2026-06-16T09:31:27,2026-06-16 09:31:27,001206,依依股份,17.31,-1.3675,17.47,17.53,17.3,17.55,13045243.9,17.55,15.81
2026-06-16T09:31:27,2026-06-16 09:31:27,001299,美能能源,10.93,-0.0914,10.96,11.0,10.85,10.94,2364163.8,10.94,10.38
2026-06-16T09:31:27,2026-06-16 09:31:27,001268,联合精密,41.58,-2.5316,42.0,42.01,41.55,42.66,6116561.0,41.34,38.033
2026-06-16T09:31:27,2026-06-16 09:31:27,002240,盛新锂能,50.01,-3.1377,50.52,50.55,49.38,51.63,303789730.23,50.517,46.475
2026-06-16T09:32:28,2026-06-16 09:32:27,000759,中百集团,5.89,-1.0084,5.93,5.98,5.89,5.95,48821508.0,5.95,5.3
2026-06-16T09:32:28,2026-06-16 09:32:27,603036,如通股份,14.41,-0.8259,14.46,14.49,14.37,14.53,4878518.0,14.53,13.43
2026-06-16T09:32:28,2026-06-16 09:32:27,001378,德冠新材,20.18,-1.7048,20.54,20.57,20.16,20.53,13616486.1,20.53,19.01
2026-06-16T09:32:28,2026-06-16 09:32:27,003009,中天火箭,61.84,-2.9961,62.61,62.61,61.4,63.75,64759197.08,63.75,55.56
2026-06-16T09:32:28,2026-06-16 09:32:27,001206,依依股份,17.14,-2.3362,17.47,17.53,17.12,17.55,17930969.64,17.55,15.81
2026-06-16T09:32:28,2026-06-16 09:32:27,001299,美能能源,10.9,-0.3656,10.96,11.0,10.85,10.94,3038897.8,10.94,10.38
2026-06-16T09:32:28,2026-06-16 09:32:27,001268,联合精密,41.92,-1.7346,42.0,42.01,41.42,42.66,7776823.0,41.34,38.033
2026-06-16T09:32:28,2026-06-16 09:32:27,002240,盛新锂能,49.56,-4.0093,50.52,50.55,49.38,51.63,415501346.02,50.517,46.475
2026-06-16T09:33:28,2026-06-16 09:33:27,000759,中百集团,6.02,1.1765,5.93,6.02,5.89,5.95,56727500.0,5.95,5.3
2026-06-16T09:33:28,2026-06-16 09:33:24,603036,如通股份,14.35,-1.2388,14.46,14.49,14.35,14.53,7374594.0,14.53,13.43
2026-06-16T09:33:28,2026-06-16 09:33:27,001378,德冠新材,20.04,-2.3868,20.54,20.57,20.04,20.53,17410397.1,20.53,19.01
2026-06-16T09:33:28,2026-06-16 09:33:24,003009,中天火箭,61.61,-3.3569,62.61,62.61,61.4,63.75,78711329.44,63.75,55.56
2026-06-16T09:33:28,2026-06-16 09:33:27,001206,依依股份,17.17,-2.1652,17.47,17.53,17.12,17.55,19536905.72,17.55,15.81
2026-06-16T09:33:28,2026-06-16 09:33:27,001299,美能能源,10.87,-0.6399,10.96,11.0,10.85,10.94,3632814.3,10.94,10.38
2026-06-16T09:33:28,2026-06-16 09:33:27,001268,联合精密,41.36,-3.0474,42.0,42.01,41.36,42.66,9817707.0,41.34,38.033
2026-06-16T09:33:28,2026-06-16 09:33:27,002240,盛新锂能,49.15,-4.8034,50.52,50.55,49.15,51.63,522098693.74,50.517,46.475
2026-06-16T09:34:29,2026-06-16 09:34:27,000759,中百集团,6.08,2.1849,5.93,6.09,5.89,5.95,71887441.0,5.95,5.3
2026-06-16T09:34:29,2026-06-16 09:34:27,603036,如通股份,14.38,-1.0323,14.46,14.49,14.35,14.53,9019654.0,14.53,13.43
2026-06-16T09:34:29,2026-06-16 09:34:27,001378,德冠新材,19.98,-2.679,20.54,20.57,19.91,20.53,22214926.1,20.53,19.01
2026-06-16T09:34:29,2026-06-16 09:34:27,003009,中天火箭,61.45,-3.6078,62.61,62.61,61.4,63.75,91589828.44,63.75,55.56
2026-06-16T09:34:29,2026-06-16 09:34:27,001206,依依股份,17.26,-1.6524,17.47,17.53,17.12,17.55,21594571.72,17.55,15.81
2026-06-16T09:34:29,2026-06-16 09:34:27,001299,美能能源,10.92,-0.1828,10.96,11.0,10.85,10.94,4448411.3,10.94,10.38
2026-06-16T09:34:29,2026-06-16 09:34:27,001268,联合精密,41.66,-2.3441,42.0,42.01,41.24,42.66,10922003.0,41.34,38.033
2026-06-16T09:34:29,2026-06-16 09:34:27,002240,盛新锂能,49.22,-4.6678,50.52,50.55,49.06,51.63,632911194.37,50.517,46.475
2026-06-16T09:35:29,2026-06-16 09:35:27,000759,中百集团,6.02,1.1765,5.93,6.09,5.89,5.95,85615532.0,5.95,5.3
2026-06-16T09:35:29,2026-06-16 09:35:27,603036,如通股份,14.43,-0.6882,14.46,14.49,14.35,14.53,11260251.0,14.53,13.43
2026-06-16T09:35:29,2026-06-16 09:35:27,001378,德冠新材,19.92,-2.9713,20.54,20.57,19.91,20.53,24787732.0,20.53,19.01
2026-06-16T09:35:29,2026-06-16 09:35:27,003009,中天火箭,61.11,-4.1412,62.61,62.61,61.01,63.75,108225668.44,63.75,55.56
2026-06-16T09:35:29,2026-06-16 09:35:27,001206,依依股份,17.36,-1.0826,17.47,17.53,17.12,17.55,22480940.72,17.55,15.81
2026-06-16T09:35:29,2026-06-16 09:35:27,001299,美能能源,10.92,-0.1828,10.96,11.0,10.85,10.94,4879426.26,10.94,10.38
2026-06-16T09:35:29,2026-06-16 09:35:24,001268,联合精密,41.35,-3.0708,42.0,42.01,41.24,42.66,12534974.0,41.34,38.033
2026-06-16T09:35:29,2026-06-16 09:35:27,002240,盛新锂能,49.08,-4.939,50.52,50.55,49.06,51.63,712649640.93,50.517,46.475
2026-06-16T09:36:30,2026-06-16 09:36:30,000759,中百集团,5.99,0.6723,5.93,6.09,5.89,5.95,91204545.0,5.95,5.3
2026-06-16T09:36:30,2026-06-16 09:36:27,603036,如通股份,14.5,-0.2065,14.46,14.51,14.35,14.53,11910635.0,14.53,13.43
2026-06-16T09:36:30,2026-06-16 09:36:30,001378,德冠新材,19.86,-3.2635,20.54,20.57,19.83,20.53,27524655.6,20.53,19.01
2026-06-16T09:36:30,2026-06-16 09:36:27,003009,中天火箭,61.45,-3.6078,62.61,62.61,61.01,63.75,120134788.44,63.75,55.56
2026-06-16T09:36:30,2026-06-16 09:36:30,001206,依依股份,17.38,-0.9687,17.47,17.53,17.12,17.55,23960174.72,17.55,15.81
2026-06-16T09:36:30,2026-06-16 09:36:30,001299,美能能源,10.88,-0.5484,10.96,11.0,10.85,10.94,5501412.26,10.94,10.38
2026-06-16T09:36:30,2026-06-16 09:36:30,001268,联合精密,41.37,-3.0239,42.0,42.01,41.24,42.66,13397232.0,41.34,38.033
2026-06-16T09:36:30,2026-06-16 09:36:30,002240,盛新锂能,49.25,-4.6097,50.52,50.55,49.06,51.63,777376589.87,50.517,46.475
2026-06-16T09:37:31,2026-06-16 09:37:30,000759,中百集团,5.99,0.6723,5.93,6.09,5.89,5.95,96925749.0,5.95,5.3
2026-06-16T09:37:31,2026-06-16 09:37:27,603036,如通股份,14.56,0.2065,14.46,14.56,14.35,14.53,12126891.0,14.53,13.43
2026-06-16T09:37:31,2026-06-16 09:37:30,001378,德冠新材,19.8,-3.5558,20.54,20.57,19.78,20.53,29931018.8,20.53,19.01
2026-06-16T09:37:31,2026-06-16 09:37:30,003009,中天火箭,61.34,-3.7804,62.61,62.61,61.01,63.75,130543998.44,63.75,55.56
2026-06-16T09:37:31,2026-06-16 09:37:30,001206,依依股份,17.41,-0.7977,17.47,17.53,17.12,17.55,24583129.72,17.55,15.81
2026-06-16T09:37:31,2026-06-16 09:37:30,001299,美能能源,10.87,-0.6399,10.96,11.0,10.85,10.94,5858125.26,10.94,10.38
2026-06-16T09:37:31,2026-06-16 09:37:30,001268,联合精密,41.43,-2.8833,42.0,42.01,41.24,42.66,15188108.0,41.34,38.033
2026-06-16T09:37:31,2026-06-16 09:37:30,002240,盛新锂能,49.3,-4.5129,50.52,50.55,49.06,51.63,830184332.49,50.517,46.475
2026-06-16T09:38:31,2026-06-16 09:38:30,000759,中百集团,6.1,2.521,5.93,6.1,5.89,5.95,109486964.0,5.95,5.3
2026-06-16T09:38:31,2026-06-16 09:38:30,603036,如通股份,14.46,-0.4818,14.46,14.67,14.35,14.53,14143147.0,14.53,13.43
2026-06-16T09:38:31,2026-06-16 09:38:30,001378,德冠新材,19.67,-4.189,20.54,20.57,19.67,20.53,33014291.8,20.53,19.01
2026-06-16T09:38:31,2026-06-16 09:38:30,003009,中天火箭,61.42,-3.6549,62.61,62.61,61.01,63.75,142314312.32,63.75,55.56
2026-06-16T09:38:31,2026-06-16 09:38:30,001206,依依股份,17.3,-1.4245,17.47,17.53,17.12,17.55,26921853.72,17.55,15.81
2026-06-16T09:38:31,2026-06-16 09:38:30,001299,美能能源,10.82,-1.0969,10.96,11.0,10.82,10.94,7102232.26,10.94,10.38
2026-06-16T09:38:31,2026-06-16 09:38:30,001268,联合精密,41.02,-3.8444,42.0,42.01,41.0,42.66,19513913.0,41.34,38.033
2026-06-16T09:38:31,2026-06-16 09:38:30,002240,盛新锂能,48.98,-5.1327,50.52,50.55,48.98,51.63,957228398.46,50.517,46.475
2026-06-16T09:39:31,2026-06-16 09:39:30,000759,中百集团,6.13,3.0252,5.93,6.15,5.89,5.95,130796782.0,5.95,5.3
2026-06-16T09:39:31,2026-06-16 09:39:30,603036,如通股份,14.51,-0.1376,14.46,14.67,14.35,14.53,14909550.0,14.53,13.43
2026-06-16T09:39:31,2026-06-16 09:39:30,001378,德冠新材,19.58,-4.6274,20.54,20.57,19.55,20.53,36886627.7,20.53,19.01
2026-06-16T09:39:31,2026-06-16 09:39:27,003009,中天火箭,61.37,-3.7333,62.61,62.61,61.01,63.75,147141907.32,63.75,55.56
2026-06-16T09:39:31,2026-06-16 09:39:30,001206,依依股份,17.32,-1.3105,17.47,17.53,17.12,17.55,28820291.72,17.55,15.81
2026-06-16T09:39:31,2026-06-16 09:39:30,001299,美能能源,10.85,-0.8227,10.96,11.0,10.81,10.94,7890057.26,10.94,10.38
2026-06-16T09:39:31,2026-06-16 09:39:30,001268,联合精密,40.9,-4.1256,42.0,42.01,40.88,42.66,21009799.0,41.34,38.033
2026-06-16T09:39:31,2026-06-16 09:39:30,002240,盛新锂能,49.14,-4.8228,50.52,50.55,48.98,51.63,990605094.47,50.517,46.475
2026-06-16T09:40:32,2026-06-16 09:40:30,000759,中百集团,6.14,3.1933,5.93,6.15,5.89,5.95,149028905.0,5.95,5.3
2026-06-16T09:40:32,2026-06-16 09:40:30,603036,如通股份,14.48,-0.3441,14.46,14.67,14.35,14.53,15447038.0,14.53,13.43
2026-06-16T09:40:32,2026-06-16 09:40:30,001378,德冠新材,19.7,-4.0429,20.54,20.57,19.53,20.53,39669058.8,20.53,19.01
2026-06-16T09:40:32,2026-06-16 09:40:30,003009,中天火箭,62.16,-2.4941,62.61,62.61,61.01,63.75,156130588.32,63.75,55.56
2026-06-16T09:40:32,2026-06-16 09:40:30,001206,依依股份,17.29,-1.4815,17.47,17.53,17.12,17.55,29909641.72,17.55,15.81
2026-06-16T09:40:32,2026-06-16 09:40:30,001299,美能能源,10.85,-0.8227,10.96,11.0,10.81,10.94,8504947.26,10.94,10.38
2026-06-16T09:40:32,2026-06-16 09:40:30,001268,联合精密,40.93,-4.0553,42.0,42.01,40.88,42.66,21770748.0,41.34,38.033
2026-06-16T09:40:32,2026-06-16 09:40:30,002240,盛新锂能,49.57,-3.9899,50.52,50.55,48.98,51.63,1033077280.09,50.517,46.475
2026-06-16T09:41:33,2026-06-16 09:41:30,000759,中百集团,6.1,2.521,5.93,6.15,5.89,5.95,156755870.0,5.95,5.3
2026-06-16T09:41:33,2026-06-16 09:41:30,603036,如通股份,14.46,-0.4818,14.46,14.67,14.35,14.53,16331726.0,14.53,13.43
2026-06-16T09:41:33,2026-06-16 09:41:30,001378,德冠新材,19.7,-4.0429,20.54,20.57,19.53,20.53,41904016.8,20.53,19.01
2026-06-16T09:41:33,2026-06-16 09:41:30,003009,中天火箭,62.02,-2.7137,62.61,62.61,61.01,63.75,164044979.62,63.75,55.56
2026-06-16T09:41:33,2026-06-16 09:41:30,001206,依依股份,17.31,-1.3675,17.47,17.53,17.12,17.55,30634712.72,17.55,15.81
2026-06-16T09:41:33,2026-06-16 09:41:30,001299,美能能源,10.82,-1.0969,10.96,11.0,10.81,10.94,8902463.66,10.94,10.38
2026-06-16T09:41:33,2026-06-16 09:41:30,001268,联合精密,40.75,-4.4773,42.0,42.01,40.75,42.66,23499873.0,41.34,38.033
2026-06-16T09:41:33,2026-06-16 09:41:30,002240,盛新锂能,49.53,-4.0674,50.52,50.55,48.98,51.63,1079977721.9,50.517,46.475
2026-06-16T09:42:33,2026-06-16 09:42:30,000759,中百集团,6.14,3.1933,5.93,6.16,5.89,5.95,170447610.0,5.95,5.3
2026-06-16T09:42:33,2026-06-16 09:42:30,603036,如通股份,14.55,0.1376,14.46,14.67,14.35,14.53,17066014.0,14.53,13.43
2026-06-16T09:42:33,2026-06-16 09:42:30,001378,德冠新材,19.72,-3.9454,20.54,20.57,19.53,20.53,43132208.8,20.53,19.01
2026-06-16T09:42:33,2026-06-16 09:42:30,003009,中天火箭,62.09,-2.6039,62.61,62.61,61.01,63.75,170389337.62,63.75,55.56
2026-06-16T09:42:33,2026-06-16 09:42:30,001206,依依股份,17.32,-1.3105,17.47,17.53,17.12,17.55,32166338.72,17.55,15.81
2026-06-16T09:42:33,2026-06-16 09:42:30,001299,美能能源,10.8,-1.2797,10.96,11.0,10.8,10.94,9950046.26,10.94,10.38
2026-06-16T09:42:33,2026-06-16 09:42:30,001268,联合精密,40.73,-4.5241,42.0,42.01,40.7,42.66,24119175.0,41.34,38.033
2026-06-16T09:42:33,2026-06-16 09:42:30,002240,盛新锂能,49.65,-3.835,50.52,50.55,48.98,51.63,1106701255.9,50.517,46.475
2026-06-16T09:43:33,2026-06-16 09:43:30,000759,中百集团,6.16,3.5294,5.93,6.16,5.89,5.95,179162905.0,5.95,5.3
2026-06-16T09:43:33,2026-06-16 09:43:30,603036,如通股份,14.64,0.7571,14.46,14.67,14.35,14.53,18364662.0,14.53,13.43
2026-06-16T09:43:33,2026-06-16 09:43:30,001378,德冠新材,19.7,-4.0429,20.54,20.57,19.53,20.53,44344149.3,20.53,19.01
2026-06-16T09:43:33,2026-06-16 09:43:30,003009,中天火箭,62.05,-2.6667,62.61,62.61,61.01,63.75,176593047.62,63.75,55.56
2026-06-16T09:43:33,2026-06-16 09:43:30,001206,依依股份,17.53,-0.114,17.47,17.57,17.12,17.55,34744238.72,17.55,15.81
2026-06-16T09:43:33,2026-06-16 09:43:30,001299,美能能源,10.8,-1.2797,10.96,11.0,10.79,10.94,10604525.26,10.94,10.38
2026-06-16T09:43:33,2026-06-16 09:43:30,001268,联合精密,40.83,-4.2897,42.0,42.01,40.6,42.66,25145888.0,41.34,38.033
2026-06-16T09:43:33,2026-06-16 09:43:30,002240,盛新锂能,49.56,-4.0093,50.52,50.55,48.98,51.63,1132978904.63,50.517,46.475
2026-06-16T09:44:34,2026-06-16 09:44:33,000759,中百集团,6.16,3.5294,5.93,6.19,5.89,5.95,191762856.0,5.95,5.3
2026-06-16T09:44:34,2026-06-16 09:44:30,603036,如通股份,14.69,1.1012,14.46,14.7,14.35,14.53,21747971.0,14.53,13.43
2026-06-16T09:44:34,2026-06-16 09:44:33,001378,德冠新材,19.67,-4.189,20.54,20.57,19.53,20.53,45215851.3,20.53,19.01
2026-06-16T09:44:34,2026-06-16 09:44:33,003009,中天火箭,62.15,-2.5098,62.61,62.61,61.01,63.75,181042046.62,63.75,55.56
2026-06-16T09:44:34,2026-06-16 09:44:33,001206,依依股份,17.63,0.4558,17.47,17.66,17.12,17.55,37354646.72,17.55,15.81
2026-06-16T09:44:34,2026-06-16 09:44:33,001299,美能能源,10.79,-1.3711,10.96,11.0,10.78,10.94,11409312.26,10.94,10.38
2026-06-16T09:44:34,2026-06-16 09:44:33,001268,联合精密,40.48,-5.1102,42.0,42.01,40.28,42.66,27217025.0,41.34,38.033
2026-06-16T09:44:34,2026-06-16 09:44:33,002240,盛新锂能,49.22,-4.6678,50.52,50.55,48.98,51.63,1161845205.29,50.517,46.475
2026-06-16T09:45:34,2026-06-16 09:45:33,000759,中百集团,6.24,4.8739,5.93,6.28,5.89,5.95,211190309.48,5.95,5.3
2026-06-16T09:45:34,2026-06-16 09:45:33,603036,如通股份,14.73,1.3765,14.46,14.73,14.35,14.53,24583112.0,14.53,13.43
2026-06-16T09:45:34,2026-06-16 09:45:33,001378,德冠新材,19.79,-3.6045,20.54,20.57,19.53,20.53,45986178.0,20.53,19.01
2026-06-16T09:45:34,2026-06-16 09:45:33,003009,中天火箭,62.36,-2.1804,62.61,62.61,61.01,63.75,187448915.62,63.75,55.56
2026-06-16T09:45:34,2026-06-16 09:45:33,001206,依依股份,17.44,-0.6268,17.47,17.66,17.12,17.55,38181147.72,17.55,15.81
2026-06-16T09:45:34,2026-06-16 09:45:33,001299,美能能源,10.78,-1.4625,10.96,11.0,10.77,10.94,12230823.26,10.94,10.38
2026-06-16T09:45:34,2026-06-16 09:45:33,001268,联合精密,40.43,-5.2274,42.0,42.01,40.28,42.66,27822890.0,41.34,38.033
2026-06-16T09:45:34,2026-06-16 09:45:33,002240,盛新锂能,49.11,-4.8809,50.52,50.55,48.98,51.63,1202767250.09,50.517,46.475
2026-06-16T09:46:35,2026-06-16 09:46:33,000759,中百集团,6.19,4.0336,5.93,6.28,5.89,5.95,223336040.48,5.95,5.3
2026-06-16T09:46:35,2026-06-16 09:46:33,603036,如通股份,14.89,2.4776,14.46,14.94,14.35,14.53,29339489.0,14.53,13.43
2026-06-16T09:46:35,2026-06-16 09:46:33,001378,德冠新材,19.88,-3.1661,20.54,20.57,19.53,20.53,46992909.8,20.53,19.01
2026-06-16T09:46:35,2026-06-16 09:46:33,003009,中天火箭,62.53,-1.9137,62.61,62.61,61.01,63.75,193076730.62,63.75,55.56
2026-06-16T09:46:35,2026-06-16 09:46:33,001206,依依股份,17.47,-0.4558,17.47,17.66,17.12,17.55,38734608.72,17.55,15.81
2026-06-16T09:46:35,2026-06-16 09:46:33,001299,美能能源,10.78,-1.4625,10.96,11.0,10.77,10.94,12770007.26,10.94,10.38
2026-06-16T09:46:35,2026-06-16 09:46:33,001268,联合精密,40.57,-4.8992,42.0,42.01,40.28,42.66,28482781.0,41.34,38.033
2026-06-16T09:46:35,2026-06-16 09:46:33,002240,盛新锂能,48.99,-5.1133,50.52,50.55,48.96,51.63,1287198612.99,50.517,46.475
2026-06-16T09:47:36,2026-06-16 09:47:33,000759,中百集团,6.17,3.6975,5.93,6.28,5.89,5.95,228090863.48,5.95,5.3
2026-06-16T09:47:36,2026-06-16 09:47:33,603036,如通股份,14.82,1.9959,14.46,14.94,14.35,14.53,35494993.0,14.53,13.43
2026-06-16T09:47:36,2026-06-16 09:47:33,001378,德冠新材,19.8,-3.5558,20.54,20.57,19.53,20.53,48241176.6,20.53,19.01
2026-06-16T09:47:36,2026-06-16 09:47:33,003009,中天火箭,62.48,-1.9922,62.61,62.61,61.01,63.75,202161572.62,63.75,55.56
2026-06-16T09:47:36,2026-06-16 09:47:33,001206,依依股份,17.45,-0.5698,17.47,17.66,17.12,17.55,39542574.72,17.55,15.81
2026-06-16T09:47:36,2026-06-16 09:47:33,001299,美能能源,10.78,-1.4625,10.96,11.0,10.77,10.94,13126868.26,10.94,10.38
2026-06-16T09:47:36,2026-06-16 09:47:33,001268,联合精密,40.39,-5.3211,42.0,42.01,40.28,42.66,30161940.0,41.34,38.033
2026-06-16T09:47:36,2026-06-16 09:47:33,002240,盛新锂能,48.98,-5.1327,50.52,50.55,48.8,51.63,1361026881.99,50.517,46.475
2026-06-16T09:48:36,2026-06-16 09:48:33,000759,中百集团,6.16,3.5294,5.93,6.28,5.89,5.95,233126877.48,5.95,5.3
2026-06-16T09:48:36,2026-06-16 09:48:33,603036,如通股份,14.85,2.2023,14.46,14.94,14.35,14.53,36536099.0,14.53,13.43
2026-06-16T09:48:36,2026-06-16 09:48:33,001378,德冠新材,19.83,-3.4096,20.54,20.57,19.53,20.53,48665165.2,20.53,19.01
2026-06-16T09:48:36,2026-06-16 09:48:33,003009,中天火箭,62.32,-2.2431,62.61,62.61,61.01,63.75,206466732.62,63.75,55.56
2026-06-16T09:48:36,2026-06-16 09:48:33,001206,依依股份,17.39,-0.9117,17.47,17.66,17.12,17.55,39953402.72,17.55,15.81
2026-06-16T09:48:36,2026-06-16 09:48:33,001299,美能能源,10.77,-1.5539,10.96,11.0,10.77,10.94,13513757.26,10.94,10.38
2026-06-16T09:48:36,2026-06-16 09:48:33,001268,联合精密,40.6,-4.8289,42.0,42.01,40.28,42.66,30510889.0,41.34,38.033
2026-06-16T09:48:36,2026-06-16 09:48:33,002240,盛新锂能,49.17,-4.7647,50.52,50.55,48.8,51.63,1413267269.09,50.517,46.475
2026-06-16T09:49:36,2026-06-16 09:49:33,000759,中百集团,6.15,3.3613,5.93,6.28,5.89,5.95,236184511.48,5.95,5.3
2026-06-16T09:49:36,2026-06-16 09:49:33,603036,如通股份,14.84,2.1335,14.46,14.94,14.35,14.53,37811822.0,14.53,13.43
2026-06-16T09:49:36,2026-06-16 09:49:33,001378,德冠新材,19.81,-3.5071,20.54,20.57,19.53,20.53,49483706.2,20.53,19.01
2026-06-16T09:49:36,2026-06-16 09:49:33,003009,中天火箭,62.1,-2.5882,62.61,62.61,61.01,63.75,210865459.62,63.75,55.56
2026-06-16T09:49:36,2026-06-16 09:49:33,001206,依依股份,17.33,-1.2536,17.47,17.66,17.12,17.55,40227718.72,17.55,15.81
2026-06-16T09:49:36,2026-06-16 09:49:33,001299,美能能源,10.78,-1.4625,10.96,11.0,10.77,10.94,14156939.26,10.94,10.38
2026-06-16T09:49:36,2026-06-16 09:49:33,001268,联合精密,40.53,-4.993,42.0,42.01,40.28,42.66,31241532.0,41.34,38.033
2026-06-16T09:49:36,2026-06-16 09:49:33,002240,盛新锂能,49.5,-4.1255,50.52,50.55,48.8,51.63,1444657774.0,50.517,46.475
2026-06-16T09:50:37,2026-06-16 09:50:33,000759,中百集团,6.13,3.0252,5.93,6.28,5.89,5.95,244162409.48,5.95,5.3
2026-06-16T09:50:37,2026-06-16 09:50:33,603036,如通股份,14.77,1.6518,14.46,14.94,14.35,14.53,39007737.0,14.53,13.43
2026-06-16T09:50:37,2026-06-16 09:50:33,001378,德冠新材,19.76,-3.7506,20.54,20.57,19.53,20.53,50636811.2,20.53,19.01
2026-06-16T09:50:37,2026-06-16 09:50:33,003009,中天火箭,62.1,-2.5882,62.61,62.61,61.01,63.75,213945782.62,63.75,55.56
2026-06-16T09:50:37,2026-06-16 09:50:33,001206,依依股份,17.27,-1.5954,17.47,17.66,17.12,17.55,40577075.72,17.55,15.81
2026-06-16T09:50:37,2026-06-16 09:50:33,001299,美能能源,10.77,-1.5539,10.96,11.0,10.76,10.94,14717964.26,10.94,10.38
2026-06-16T09:50:37,2026-06-16 09:50:33,001268,联合精密,40.48,-5.1102,42.0,42.01,40.2,42.66,34059255.0,41.34,38.033
2026-06-16T09:50:37,2026-06-16 09:50:33,002240,盛新锂能,49.69,-3.7575,50.52,50.55,48.8,51.63,1471370579.72,50.517,46.475
2026-06-16T09:51:38,2026-06-16 09:51:36,000759,中百集团,6.13,3.0252,5.93,6.28,5.89,5.95,247352714.48,5.95,5.3
2026-06-16T09:51:38,2026-06-16 09:51:36,603036,如通股份,14.76,1.5829,14.46,14.94,14.35,14.53,39393290.0,14.53,13.43
2026-06-16T09:51:38,2026-06-16 09:51:36,001378,德冠新材,19.76,-3.7506,20.54,20.57,19.53,20.53,50949237.2,20.53,19.01
2026-06-16T09:51:38,2026-06-16 09:51:36,003009,中天火箭,62.01,-2.7294,62.61,62.61,61.01,63.75,218607343.62,63.75,55.56
2026-06-16T09:51:38,2026-06-16 09:51:36,001206,依依股份,17.27,-1.5954,17.47,17.66,17.12,17.55,41009137.72,17.55,15.81
2026-06-16T09:51:38,2026-06-16 09:51:36,001299,美能能源,10.77,-1.5539,10.96,11.0,10.75,10.94,15116205.26,10.94,10.38
2026-06-16T09:51:38,2026-06-16 09:51:36,001268,联合精密,40.32,-5.4852,42.0,42.01,40.2,42.66,34430675.0,41.34,38.033
2026-06-16T09:51:38,2026-06-16 09:51:36,002240,盛新锂能,49.51,-4.1061,50.52,50.55,48.8,51.63,1499439404.57,50.517,46.475
2026-06-16T09:52:38,2026-06-16 09:52:36,000759,中百集团,6.09,2.3529,5.93,6.28,5.89,5.95,251321377.48,5.95,5.3
2026-06-16T09:52:38,2026-06-16 09:52:36,603036,如通股份,14.76,1.5829,14.46,14.94,14.35,14.53,40289748.0,14.53,13.43
2026-06-16T09:52:38,2026-06-16 09:52:36,001378,德冠新材,19.71,-3.9942,20.54,20.57,19.53,20.53,51583586.2,20.53,19.01
2026-06-16T09:52:38,2026-06-16 09:52:36,003009,中天火箭,62.04,-2.6824,62.61,62.61,61.01,63.75,222715378.62,63.75,55.56
2026-06-16T09:52:38,2026-06-16 09:52:36,001206,依依股份,17.28,-1.5385,17.47,17.66,17.12,17.55,41399525.72,17.55,15.81
2026-06-16T09:52:38,2026-06-16 09:52:36,001299,美能能源,10.75,-1.7367,10.96,11.0,10.75,10.94,15715765.26,10.94,10.38
2026-06-16T09:52:38,2026-06-16 09:52:36,001268,联合精密,40.36,-5.3915,42.0,42.01,40.2,42.66,35172350.0,41.34,38.033
2026-06-16T09:52:38,2026-06-16 09:52:36,002240,盛新锂能,49.39,-4.3386,50.52,50.55,48.8,51.63,1520697467.37,50.517,46.475
2026-06-16T09:53:39,2026-06-16 09:53:36,000759,中百集团,6.12,2.8571,5.93,6.28,5.89,5.95,256669956.48,5.95,5.3
2026-06-16T09:53:39,2026-06-16 09:53:36,603036,如通股份,14.73,1.3765,14.46,14.94,14.35,14.53,40743659.0,14.53,13.43
2026-06-16T09:53:39,2026-06-16 09:53:36,001378,德冠新材,19.7,-4.0429,20.54,20.57,19.53,20.53,53752575.4,20.53,19.01
2026-06-16T09:53:39,2026-06-16 09:53:36,003009,中天火箭,62.17,-2.4784,62.61,62.61,61.01,63.75,224765675.62,63.75,55.56
2026-06-16T09:53:39,2026-06-16 09:53:36,001206,依依股份,17.33,-1.2536,17.47,17.66,17.12,17.55,41811319.72,17.55,15.81
2026-06-16T09:53:39,2026-06-16 09:53:36,001299,美能能源,10.75,-1.7367,10.96,11.0,10.74,10.94,16136112.26,10.94,10.38
2026-06-16T09:53:39,2026-06-16 09:53:36,001268,联合精密,40.35,-5.4149,42.0,42.01,40.2,42.66,35567671.0,41.34,38.033
2026-06-16T09:53:39,2026-06-16 09:53:36,002240,盛新锂能,49.55,-4.0287,50.52,50.55,48.8,51.63,1534566849.29,50.517,46.475
2026-06-16T09:54:39,2026-06-16 09:54:39,000759,中百集团,6.11,2.6891,5.93,6.28,5.89,5.95,260869689.48,5.95,5.3
2026-06-16T09:54:39,2026-06-16 09:54:36,603036,如通股份,14.77,1.6518,14.46,14.94,14.35,14.53,41277441.0,14.53,13.43
2026-06-16T09:54:39,2026-06-16 09:54:36,001378,德冠新材,19.75,-3.7993,20.54,20.57,19.53,20.53,54161658.4,20.53,19.01
2026-06-16T09:54:39,2026-06-16 09:54:36,003009,中天火箭,62.16,-2.4941,62.61,62.61,61.01,63.75,227171288.62,63.75,55.56
2026-06-16T09:54:39,2026-06-16 09:54:36,001206,依依股份,17.27,-1.5954,17.47,17.66,17.12,17.55,42015431.72,17.55,15.81
2026-06-16T09:54:39,2026-06-16 09:54:36,001299,美能能源,10.77,-1.5539,10.96,11.0,10.74,10.94,16656264.26,10.94,10.38
2026-06-16T09:54:39,2026-06-16 09:54:39,001268,联合精密,40.54,-4.9695,42.0,42.01,40.2,42.66,36089665.0,41.34,38.033
2026-06-16T09:54:39,2026-06-16 09:54:36,002240,盛新锂能,49.44,-4.2417,50.52,50.55,48.8,51.63,1557911138.09,50.517,46.475
2026-06-16T09:55:39,2026-06-16 09:55:36,000759,中百集团,6.12,2.8571,5.93,6.28,5.89,5.95,262974990.48,5.95,5.3
2026-06-16T09:55:39,2026-06-16 09:55:36,603036,如通股份,14.73,1.3765,14.46,14.94,14.35,14.53,41647797.0,14.53,13.43
2026-06-16T09:55:39,2026-06-16 09:55:36,001378,德冠新材,19.75,-3.7993,20.54,20.57,19.53,20.53,54560787.4,20.53,19.01
2026-06-16T09:55:39,2026-06-16 09:55:36,003009,中天火箭,62.36,-2.1804,62.61,62.61,61.01,63.75,229922506.62,63.75,55.56
2026-06-16T09:55:39,2026-06-16 09:55:36,001206,依依股份,17.28,-1.5385,17.47,17.66,17.12,17.55,42649798.72,17.55,15.81
2026-06-16T09:55:39,2026-06-16 09:55:36,001299,美能能源,10.78,-1.4625,10.96,11.0,10.74,10.94,17047546.26,10.94,10.38
2026-06-16T09:55:39,2026-06-16 09:55:36,001268,联合精密,40.47,-5.1336,42.0,42.01,40.2,42.66,36843915.0,41.34,38.033
2026-06-16T09:55:39,2026-06-16 09:55:36,002240,盛新锂能,49.3,-4.5129,50.52,50.55,48.8,51.63,1575294730.09,50.517,46.475
2026-06-16T09:56:41,2026-06-16 09:56:39,000759,中百集团,6.13,3.0252,5.93,6.28,5.89,5.95,265523323.48,5.95,5.3
2026-06-16T09:56:41,2026-06-16 09:56:39,603036,如通股份,14.74,1.4453,14.46,14.94,14.35,14.53,41911621.0,14.53,13.43
2026-06-16T09:56:41,2026-06-16 09:56:39,001378,德冠新材,19.8,-3.5558,20.54,20.57,19.53,20.53,54991576.4,20.53,19.01
2026-06-16T09:56:41,2026-06-16 09:56:39,003009,中天火箭,62.17,-2.4784,62.61,62.61,61.01,63.75,233132065.62,63.75,55.56
2026-06-16T09:56:41,2026-06-16 09:56:39,001206,依依股份,17.28,-1.5385,17.47,17.66,17.12,17.55,42843359.72,17.55,15.81
2026-06-16T09:56:41,2026-06-16 09:56:39,001299,美能能源,10.78,-1.4625,10.96,11.0,10.74,10.94,17607179.26,10.94,10.38
2026-06-16T09:56:41,2026-06-16 09:56:39,001268,联合精密,40.45,-5.1805,42.0,42.01,40.2,42.66,37066472.0,41.34,38.033
2026-06-16T09:56:41,2026-06-16 09:56:39,002240,盛新锂能,49.6,-3.9318,50.52,50.55,48.8,51.63,1599582395.09,50.517,46.475
2026-06-16T09:57:41,2026-06-16 09:57:39,000759,中百集团,6.11,2.6891,5.93,6.28,5.89,5.95,267284041.48,5.95,5.3
2026-06-16T09:57:41,2026-06-16 09:57:39,603036,如通股份,14.7,1.17,14.46,14.94,14.35,14.53,42597778.0,14.53,13.43
2026-06-16T09:57:41,2026-06-16 09:57:39,001378,德冠新材,19.76,-3.7506,20.54,20.57,19.53,20.53,55662613.4,20.53,19.01
2026-06-16T09:57:41,2026-06-16 09:57:39,003009,中天火箭,62.12,-2.5569,62.61,62.61,61.01,63.75,236935971.62,63.75,55.56
2026-06-16T09:57:41,2026-06-16 09:57:39,001206,依依股份,17.3,-1.4245,17.47,17.66,17.12,17.55,43121835.72,17.55,15.81
2026-06-16T09:57:41,2026-06-16 09:57:39,001299,美能能源,10.77,-1.5539,10.96,11.0,10.74,10.94,17836730.26,10.94,10.38
2026-06-16T09:57:41,2026-06-16 09:57:39,001268,联合精密,40.43,-5.2274,42.0,42.01,40.2,42.66,37555443.0,41.34,38.033
2026-06-16T09:57:41,2026-06-16 09:57:39,002240,盛新锂能,49.71,-3.7188,50.52,50.55,48.8,51.63,1625687402.93,50.517,46.475
2026-06-16T09:58:41,2026-06-16 09:58:39,000759,中百集团,6.1,2.521,5.93,6.28,5.89,5.95,269142756.48,5.95,5.3
2026-06-16T09:58:41,2026-06-16 09:58:39,603036,如通股份,14.74,1.4453,14.46,14.94,14.35,14.53,43133450.0,14.53,13.43
2026-06-16T09:58:41,2026-06-16 09:58:39,001378,德冠新材,19.73,-3.8967,20.54,20.57,19.53,20.53,56450281.4,20.53,19.01
2026-06-16T09:58:41,2026-06-16 09:58:39,003009,中天火箭,62.06,-2.651,62.61,62.61,61.01,63.75,238692701.62,63.75,55.56
2026-06-16T09:58:41,2026-06-16 09:58:39,001206,依依股份,17.28,-1.5385,17.47,17.66,17.12,17.55,43510838.72,17.55,15.81
2026-06-16T09:58:41,2026-06-16 09:58:39,001299,美能能源,10.78,-1.4625,10.96,11.0,10.74,10.94,18008121.26,10.94,10.38
2026-06-16T09:58:41,2026-06-16 09:58:39,001268,联合精密,40.39,-5.3211,42.0,42.01,40.2,42.66,39468823.0,41.34,38.033
2026-06-16T09:58:41,2026-06-16 09:58:39,002240,盛新锂能,49.56,-4.0093,50.52,50.55,48.8,51.63,1644222685.35,50.517,46.475
2026-06-16T09:59:42,2026-06-16 09:59:39,000759,中百集团,6.1,2.521,5.93,6.28,5.89,5.95,270417247.48,5.95,5.3
2026-06-16T09:59:42,2026-06-16 09:59:39,603036,如通股份,14.78,1.7206,14.46,14.94,14.35,14.53,43748595.0,14.53,13.43
2026-06-16T09:59:42,2026-06-16 09:59:39,001378,德冠新材,19.76,-3.7506,20.54,20.57,19.53,20.53,56979956.4,20.53,19.01
2026-06-16T09:59:42,2026-06-16 09:59:39,003009,中天火箭,62.08,-2.6196,62.61,62.61,61.01,63.75,241137847.62,63.75,55.56
2026-06-16T09:59:42,2026-06-16 09:59:39,001206,依依股份,17.25,-1.7094,17.47,17.66,17.12,17.55,44446701.72,17.55,15.81
2026-06-16T09:59:42,2026-06-16 09:59:39,001299,美能能源,10.77,-1.5539,10.96,11.0,10.74,10.94,18377895.06,10.94,10.38
2026-06-16T09:59:42,2026-06-16 09:59:39,001268,联合精密,40.55,-4.9461,42.0,42.01,40.2,42.66,40917755.0,41.34,38.033
2026-06-16T09:59:42,2026-06-16 09:59:39,002240,盛新锂能,49.45,-4.2224,50.52,50.55,48.8,51.63,1657748018.75,50.517,46.475
2026-06-16T10:00:42,2026-06-16 10:00:39,000759,中百集团,6.13,3.0252,5.93,6.28,5.89,5.95,272368949.48,5.95,5.3
2026-06-16T10:00:42,2026-06-16 10:00:39,603036,如通股份,14.84,2.1335,14.46,14.94,14.35,14.53,44301497.0,14.53,13.43
2026-06-16T10:00:42,2026-06-16 10:00:39,001378,德冠新材,19.83,-3.4096,20.54,20.57,19.53,20.53,57506442.4,20.53,19.01
2026-06-16T10:00:42,2026-06-16 10:00:39,003009,中天火箭,61.9,-2.902,62.61,62.61,61.01,63.75,245020268.62,63.75,55.56
2026-06-16T10:00:42,2026-06-16 10:00:39,001206,依依股份,17.25,-1.7094,17.47,17.66,17.12,17.55,45893373.72,17.55,15.81
2026-06-16T10:00:42,2026-06-16 10:00:39,001299,美能能源,10.79,-1.3711,10.96,11.0,10.74,10.94,19326308.06,10.94,10.38
2026-06-16T10:00:42,2026-06-16 10:00:39,001268,联合精密,40.63,-4.7586,42.0,42.01,40.2,42.66,41665663.0,41.34,38.033
2026-06-16T10:00:42,2026-06-16 10:00:39,002240,盛新锂能,49.66,-3.8156,50.52,50.55,48.8,51.63,1669952379.75,50.517,46.475
2026-06-16T10:01:43,2026-06-16 10:01:42,000759,中百集团,6.15,3.3613,5.93,6.28,5.89,5.95,274610747.48,5.95,5.3
2026-06-16T10:01:43,2026-06-16 10:01:42,603036,如通股份,14.94,2.8217,14.46,14.95,14.35,14.53,47416365.0,14.53,13.43
2026-06-16T10:01:43,2026-06-16 10:01:42,001378,德冠新材,19.85,-3.3122,20.54,20.57,19.53,20.53,57975086.6,20.53,19.01
2026-06-16T10:01:43,2026-06-16 10:01:42,003009,中天火箭,61.94,-2.8392,62.61,62.61,61.01,63.75,251204481.62,63.75,55.56
2026-06-16T10:01:43,2026-06-16 10:01:42,001206,依依股份,17.22,-1.8803,17.47,17.66,17.12,17.55,46124176.72,17.55,15.81
2026-06-16T10:01:43,2026-06-16 10:01:42,001299,美能能源,10.78,-1.4625,10.96,11.0,10.74,10.94,19467435.06,10.94,10.38
2026-06-16T10:01:43,2026-06-16 10:01:42,001268,联合精密,41.34,-3.0942,42.0,42.01,40.2,42.66,43853381.0,41.34,38.033
2026-06-16T10:01:43,2026-06-16 10:01:42,002240,盛新锂能,49.58,-3.9706,50.52,50.55,48.8,51.63,1695188023.75,50.517,46.475
2026-06-16T10:02:44,2026-06-16 10:02:42,000759,中百集团,6.11,2.6891,5.93,6.28,5.89,5.95,277004814.48,5.95,5.3
2026-06-16T10:02:44,2026-06-16 10:02:42,603036,如通股份,14.93,2.7529,14.46,14.98,14.35,14.53,48946298.0,14.53,13.43
2026-06-16T10:02:44,2026-06-16 10:02:42,001378,德冠新材,19.77,-3.7019,20.54,20.57,19.53,20.53,58626400.1,20.53,19.01
2026-06-16T10:02:44,2026-06-16 10:02:42,003009,中天火箭,61.92,-2.8706,62.61,62.61,61.01,63.75,252882802.62,63.75,55.56
2026-06-16T10:02:44,2026-06-16 10:02:42,001206,依依股份,17.24,-1.7664,17.47,17.66,17.12,17.55,46928081.72,17.55,15.81
2026-06-16T10:02:44,2026-06-16 10:02:39,001299,美能能源,10.77,-1.5539,10.96,11.0,10.74,10.94,19930571.06,10.94,10.38
2026-06-16T10:02:44,2026-06-16 10:02:42,001268,联合精密,40.91,-4.1022,42.0,42.01,40.2,42.66,45667308.0,41.34,38.033
2026-06-16T10:02:44,2026-06-16 10:02:42,002240,盛新锂能,49.36,-4.3967,50.52,50.55,48.8,51.63,1716352210.75,50.517,46.475
2026-06-16T10:03:44,2026-06-16 10:03:42,000759,中百集团,6.12,2.8571,5.93,6.28,5.89,5.95,278284586.48,5.95,5.3
2026-06-16T10:03:44,2026-06-16 10:03:42,603036,如通股份,14.94,2.8217,14.46,14.98,14.35,14.53,49810158.0,14.53,13.43
2026-06-16T10:03:44,2026-06-16 10:03:42,001378,德冠新材,19.78,-3.6532,20.54,20.57,19.53,20.53,59099614.5,20.53,19.01
2026-06-16T10:03:44,2026-06-16 10:03:42,003009,中天火箭,62.0,-2.7451,62.61,62.61,61.01,63.75,254666813.62,63.75,55.56
2026-06-16T10:03:44,2026-06-16 10:03:42,001206,依依股份,17.21,-1.9373,17.47,17.66,17.12,17.55,48224788.72,17.55,15.81
2026-06-16T10:03:44,2026-06-16 10:03:42,001299,美能能源,10.78,-1.4625,10.96,11.0,10.74,10.94,20135162.66,10.94,10.38
2026-06-16T10:03:44,2026-06-16 10:03:42,001268,联合精密,40.84,-4.2663,42.0,42.01,40.2,42.66,46922343.0,41.34,38.033
2026-06-16T10:03:44,2026-06-16 10:03:42,002240,盛新锂能,49.39,-4.3386,50.52,50.55,48.8,51.63,1726951632.2,50.517,46.475
2026-06-16T10:04:44,2026-06-16 10:04:42,000759,中百集团,6.12,2.8571,5.93,6.28,5.89,5.95,279213875.48,5.95,5.3
2026-06-16T10:04:44,2026-06-16 10:04:42,603036,如通股份,14.88,2.4088,14.46,14.98,14.35,14.53,49930803.0,14.53,13.43
2026-06-16T10:04:44,2026-06-16 10:04:42,001378,德冠新材,19.86,-3.2635,20.54,20.57,19.53,20.53,59478406.0,20.53,19.01
2026-06-16T10:04:44,2026-06-16 10:04:42,003009,中天火箭,61.83,-3.0118,62.61,62.61,61.01,63.75,258516951.62,63.75,55.56
2026-06-16T10:04:44,2026-06-16 10:04:42,001206,依依股份,17.16,-2.2222,17.47,17.66,17.12,17.55,48991000.72,17.55,15.81
2026-06-16T10:04:44,2026-06-16 10:04:42,001299,美能能源,10.77,-1.5539,10.96,11.0,10.74,10.94,20377806.06,10.94,10.38
2026-06-16T10:04:44,2026-06-16 10:04:42,001268,联合精密,40.55,-4.9461,42.0,42.01,40.2,42.66,47508067.0,41.34,38.033
2026-06-16T10:04:44,2026-06-16 10:04:42,002240,盛新锂能,49.39,-4.3386,50.52,50.55,48.8,51.63,1737167976.15,50.517,46.475
2026-06-16T10:05:45,2026-06-16 10:05:42,000759,中百集团,6.12,2.8571,5.93,6.28,5.89,5.95,280203468.48,5.95,5.3
2026-06-16T10:05:45,2026-06-16 10:05:42,603036,如通股份,14.88,2.4088,14.46,14.98,14.35,14.53,50229827.0,14.53,13.43
2026-06-16T10:05:45,2026-06-16 10:05:42,001378,德冠新材,19.89,-3.1174,20.54,20.57,19.53,20.53,59844504.0,20.53,19.01
2026-06-16T10:05:45,2026-06-16 10:05:42,003009,中天火箭,61.76,-3.1216,62.61,62.61,61.01,63.75,263183473.62,63.75,55.56
2026-06-16T10:05:45,2026-06-16 10:05:42,001206,依依股份,17.16,-2.2222,17.47,17.66,17.12,17.55,49929572.72,17.55,15.81
2026-06-16T10:05:45,2026-06-16 10:05:39,001299,美能能源,10.75,-1.7367,10.96,11.0,10.74,10.94,20859972.66,10.94,10.38
2026-06-16T10:05:45,2026-06-16 10:05:42,001268,联合精密,40.55,-4.9461,42.0,42.01,40.2,42.66,48362985.0,41.34,38.033
2026-06-16T10:05:45,2026-06-16 10:05:42,002240,盛新锂能,49.29,-4.5322,50.52,50.55,48.8,51.63,1750778012.35,50.517,46.475
2026-06-16T10:06:46,2026-06-16 10:06:45,000759,中百集团,6.1,2.521,5.93,6.28,5.89,5.95,284631529.48,5.95,5.3
2026-06-16T10:06:46,2026-06-16 10:06:45,603036,如通股份,14.9,2.5465,14.46,14.98,14.35,14.53,50850585.0,14.53,13.43
2026-06-16T10:06:46,2026-06-16 10:06:45,001378,德冠新材,19.83,-3.4096,20.54,20.57,19.53,20.53,60680534.0,20.53,19.01
2026-06-16T10:06:46,2026-06-16 10:06:42,003009,中天火箭,61.59,-3.3882,62.61,62.61,61.01,63.75,267357573.62,63.75,55.56
2026-06-16T10:06:46,2026-06-16 10:06:45,001206,依依股份,17.16,-2.2222,17.47,17.66,17.12,17.55,51230323.72,17.55,15.81
2026-06-16T10:06:46,2026-06-16 10:06:45,001299,美能能源,10.77,-1.5539,10.96,11.0,10.74,10.94,21077350.66,10.94,10.38
2026-06-16T10:06:46,2026-06-16 10:06:45,001268,联合精密,40.5,-5.0633,42.0,42.01,40.2,42.66,48834069.0,41.34,38.033
2026-06-16T10:06:46,2026-06-16 10:06:45,002240,盛新锂能,49.11,-4.8809,50.52,50.55,48.8,51.63,1765675593.35,50.517,46.475
2026-06-16T10:07:46,2026-06-16 10:07:45,000759,中百集团,6.11,2.6891,5.93,6.28,5.89,5.95,287652369.48,5.95,5.3
2026-06-16T10:07:46,2026-06-16 10:07:45,603036,如通股份,14.98,3.097,14.46,14.98,14.35,14.53,51802676.0,14.53,13.43
2026-06-16T10:07:46,2026-06-16 10:07:45,001378,德冠新材,19.83,-3.4096,20.54,20.57,19.53,20.53,60966349.0,20.53,19.01
2026-06-16T10:07:46,2026-06-16 10:07:42,003009,中天火箭,61.56,-3.4353,62.61,62.61,61.01,63.75,272004300.62,63.75,55.56
2026-06-16T10:07:46,2026-06-16 10:07:45,001206,依依股份,17.15,-2.2792,17.47,17.66,17.12,17.55,51755295.72,17.55,15.81
2026-06-16T10:07:46,2026-06-16 10:07:45,001299,美能能源,10.75,-1.7367,10.96,11.0,10.74,10.94,21266644.66,10.94,10.38
2026-06-16T10:07:46,2026-06-16 10:07:45,001268,联合精密,40.52,-5.0164,42.0,42.01,40.2,42.66,48943475.0,41.34,38.033
2026-06-16T10:07:46,2026-06-16 10:07:45,002240,盛新锂能,49.06,-4.9777,50.52,50.55,48.8,51.63,1795857941.07,50.517,46.475
2026-06-16T10:08:46,2026-06-16 10:08:45,000759,中百集团,6.12,2.8571,5.93,6.28,5.89,5.95,289358707.48,5.95,5.3
2026-06-16T10:08:46,2026-06-16 10:08:45,603036,如通股份,15.03,3.4412,14.46,15.03,14.35,14.53,53933983.0,14.53,13.43
2026-06-16T10:08:46,2026-06-16 10:08:45,001378,德冠新材,19.91,-3.02,20.54,20.57,19.53,20.53,61755993.82,20.53,19.01
2026-06-16T10:08:46,2026-06-16 10:08:45,003009,中天火箭,61.8,-3.0588,62.61,62.61,61.01,63.75,274100201.62,63.75,55.56
2026-06-16T10:08:46,2026-06-16 10:08:45,001206,依依股份,17.2,-1.9943,17.47,17.66,17.1,17.55,53019358.72,17.55,15.81
2026-06-16T10:08:46,2026-06-16 10:08:45,001299,美能能源,10.76,-1.6453,10.96,11.0,10.74,10.94,21760116.06,10.94,10.38
2026-06-16T10:08:46,2026-06-16 10:08:45,001268,联合精密,40.54,-4.9695,42.0,42.01,40.2,42.66,49097575.0,41.34,38.033
2026-06-16T10:08:46,2026-06-16 10:08:45,002240,盛新锂能,49.11,-4.8809,50.52,50.55,48.8,51.63,1826863058.03,50.517,46.475
2026-06-16T10:09:47,2026-06-16 10:09:45,000759,中百集团,6.11,2.6891,5.93,6.28,5.89,5.95,290861742.48,5.95,5.3
2026-06-16T10:09:47,2026-06-16 10:09:45,603036,如通股份,15.06,3.6476,14.46,15.11,14.35,14.53,57942462.0,14.53,13.43
2026-06-16T10:09:47,2026-06-16 10:09:45,001378,德冠新材,19.93,-2.9226,20.54,20.57,19.53,20.53,62375874.82,20.53,19.01
2026-06-16T10:09:47,2026-06-16 10:09:45,003009,中天火箭,61.63,-3.3255,62.61,62.61,61.01,63.75,276978062.62,63.75,55.56
2026-06-16T10:09:47,2026-06-16 10:09:45,001206,依依股份,17.18,-2.1083,17.47,17.66,17.1,17.55,53268739.72,17.55,15.81
2026-06-16T10:09:47,2026-06-16 10:09:42,001299,美能能源,10.77,-1.5539,10.96,11.0,10.74,10.94,21998123.06,10.94,10.38
2026-06-16T10:09:47,2026-06-16 10:09:45,001268,联合精密,40.51,-5.0398,42.0,42.01,40.2,42.66,49859926.0,41.34,38.033
2026-06-16T10:09:47,2026-06-16 10:09:45,002240,盛新锂能,49.29,-4.5322,50.52,50.55,48.8,51.63,1842707129.05,50.517,46.475
2026-06-16T10:10:47,2026-06-16 10:10:45,000759,中百集团,6.11,2.6891,5.93,6.28,5.89,5.95,292382433.48,5.95,5.3
2026-06-16T10:10:47,2026-06-16 10:10:45,603036,如通股份,15.11,3.9917,14.46,15.11,14.35,14.53,59970179.0,14.53,13.43
2026-06-16T10:10:47,2026-06-16 10:10:45,001378,德冠新材,19.93,-2.9226,20.54,20.57,19.53,20.53,62728573.82,20.53,19.01
2026-06-16T10:10:47,2026-06-16 10:10:45,003009,中天火箭,61.8,-3.0588,62.61,62.61,61.01,63.75,281596410.62,63.75,55.56
2026-06-16T10:10:47,2026-06-16 10:10:45,001206,依依股份,17.22,-1.8803,17.47,17.66,17.1,17.55,53609040.72,17.55,15.81
2026-06-16T10:10:47,2026-06-16 10:10:45,001299,美能能源,10.78,-1.4625,10.96,11.0,10.74,10.94,22055244.06,10.94,10.38
2026-06-16T10:10:47,2026-06-16 10:10:45,001268,联合精密,40.45,-5.1805,42.0,42.01,40.2,42.66,50139150.0,41.34,38.033
2026-06-16T10:10:47,2026-06-16 10:10:45,002240,盛新锂能,49.21,-4.6872,50.52,50.55,48.8,51.63,1862502056.29,50.517,46.475
2026-06-16T10:11:49,2026-06-16 10:11:48,000759,中百集团,6.09,2.3529,5.93,6.28,5.89,5.95,294077931.48,5.95,5.3
2026-06-16T10:11:49,2026-06-16 10:11:45,603036,如通股份,15.14,4.1982,14.46,15.15,14.35,14.53,61833985.0,14.53,13.43
2026-06-16T10:11:49,2026-06-16 10:11:48,001378,德冠新材,19.93,-2.9226,20.54,20.57,19.53,20.53,63395976.82,20.53,19.01
2026-06-16T10:11:49,2026-06-16 10:11:45,003009,中天火箭,61.73,-3.1686,62.61,62.61,61.01,63.75,283920096.62,63.75,55.56
2026-06-16T10:11:49,2026-06-16 10:11:48,001206,依依股份,17.39,-0.9117,17.47,17.66,17.1,17.55,54740435.72,17.55,15.81
2026-06-16T10:11:49,2026-06-16 10:11:48,001299,美能能源,10.75,-1.7367,10.96,11.0,10.74,10.94,22526250.26,10.94,10.38
2026-06-16T10:11:49,2026-06-16 10:11:48,001268,联合精密,40.34,-5.4383,42.0,42.01,40.2,42.66,50768729.0,41.34,38.033
2026-06-16T10:11:49,2026-06-16 10:11:48,002240,盛新锂能,49.27,-4.571,50.52,50.55,48.8,51.63,1876536530.87,50.517,46.475
2026-06-16T10:12:49,2026-06-16 10:12:48,000759,中百集团,6.06,1.8487,5.93,6.28,5.89,5.95,298925559.48,5.95,5.3
2026-06-16T10:12:49,2026-06-16 10:12:48,603036,如通股份,15.05,3.5788,14.46,15.15,14.35,14.53,64146504.0,14.53,13.43
2026-06-16T10:12:49,2026-06-16 10:12:48,001378,德冠新材,19.92,-2.9713,20.54,20.57,19.53,20.53,63672824.82,20.53,19.01
2026-06-16T10:12:49,2026-06-16 10:12:45,003009,中天火箭,61.64,-3.3098,62.61,62.61,61.01,63.75,286154573.42,63.75,55.56
2026-06-16T10:12:49,2026-06-16 10:12:48,001206,依依股份,17.55,0.0,17.47,17.66,17.1,17.55,57186585.72,17.55,15.81
2026-06-16T10:12:49,2026-06-16 10:12:48,001299,美能能源,10.75,-1.7367,10.96,11.0,10.74,10.94,23199254.26,10.94,10.38
2026-06-16T10:12:49,2026-06-16 10:12:48,001268,联合精密,40.11,-5.9775,42.0,42.01,40.08,42.66,53941392.0,41.34,38.033
2026-06-16T10:12:49,2026-06-16 10:12:48,002240,盛新锂能,49.2,-4.7066,50.52,50.55,48.8,51.63,1888394446.19,50.517,46.475
2026-06-16T10:13:49,2026-06-16 10:13:48,000759,中百集团,6.07,2.0168,5.93,6.28,5.89,5.95,301477144.48,5.95,5.3
2026-06-16T10:13:49,2026-06-16 10:13:48,603036,如通股份,15.02,3.3723,14.46,15.15,14.35,14.53,65090331.0,14.53,13.43
2026-06-16T10:13:49,2026-06-16 10:13:48,001378,德冠新材,19.91,-3.02,20.54,20.57,19.53,20.53,64132761.52,20.53,19.01
2026-06-16T10:13:49,2026-06-16 10:13:48,003009,中天火箭,61.45,-3.6078,62.61,62.61,61.01,63.75,292996960.62,63.75,55.56
2026-06-16T10:13:49,2026-06-16 10:13:48,001206,依依股份,17.7,0.8547,17.47,17.7,17.1,17.55,60696479.72,17.55,15.81
2026-06-16T10:13:49,2026-06-16 10:13:48,001299,美能能源,10.73,-1.9196,10.96,11.0,10.73,10.94,23661265.26,10.94,10.38
2026-06-16T10:13:49,2026-06-16 10:13:48,001268,联合精密,40.04,-6.1416,42.0,42.01,40.0,42.66,55166493.0,41.34,38.033
2026-06-16T10:13:49,2026-06-16 10:13:48,002240,盛新锂能,49.17,-4.7647,50.52,50.55,48.8,51.63,1900347810.19,50.517,46.475
2026-06-16T10:14:50,2026-06-16 10:14:48,000759,中百集团,6.04,1.5126,5.93,6.28,5.89,5.95,303904674.48,5.95,5.3
2026-06-16T10:14:50,2026-06-16 10:14:48,603036,如通股份,15.04,3.51,14.46,15.15,14.35,14.53,65984682.0,14.53,13.43
2026-06-16T10:14:50,2026-06-16 10:14:48,001378,德冠新材,19.92,-2.9713,20.54,20.57,19.53,20.53,64352381.12,20.53,19.01
2026-06-16T10:14:50,2026-06-16 10:14:48,003009,中天火箭,61.35,-3.7647,62.61,62.61,61.01,63.75,299697348.62,63.75,55.56
2026-06-16T10:14:50,2026-06-16 10:14:48,001206,依依股份,17.6,0.2849,17.47,17.71,17.1,17.55,62043220.72,17.55,15.81
2026-06-16T10:14:50,2026-06-16 10:14:48,001299,美能能源,10.74,-1.8282,10.96,11.0,10.73,10.94,24403705.76,10.94,10.38
2026-06-16T10:14:50,2026-06-16 10:14:48,001268,联合精密,40.25,-5.6493,42.0,42.01,40.0,42.66,55711452.0,41.34,38.033
2026-06-16T10:14:50,2026-06-16 10:14:48,002240,盛新锂能,49.12,-4.8615,50.52,50.55,48.8,51.63,1910636162.19,50.517,46.475
2026-06-16T10:15:50,2026-06-16 10:15:48,000759,中百集团,6.06,1.8487,5.93,6.28,5.89,5.95,307954604.48,5.95,5.3
2026-06-16T10:15:50,2026-06-16 10:15:48,603036,如通股份,15.05,3.5788,14.46,15.15,14.35,14.53,67051562.0,14.53,13.43
2026-06-16T10:15:50,2026-06-16 10:15:48,001378,德冠新材,19.99,-2.6303,20.54,20.57,19.53,20.53,64980889.02,20.53,19.01
2026-06-16T10:15:50,2026-06-16 10:15:48,003009,中天火箭,61.47,-3.5765,62.61,62.61,61.01,63.75,301887790.62,63.75,55.56
2026-06-16T10:15:50,2026-06-16 10:15:48,001206,依依股份,17.59,0.2279,17.47,17.71,17.1,17.55,63170647.72,17.55,15.81
2026-06-16T10:15:50,2026-06-16 10:15:48,001299,美能能源,10.73,-1.9196,10.96,11.0,10.73,10.94,24441281.76,10.94,10.38
2026-06-16T10:15:50,2026-06-16 10:15:48,001268,联合精密,40.29,-5.5556,42.0,42.01,40.0,42.66,55977177.0,41.34,38.033
2026-06-16T10:15:50,2026-06-16 10:15:48,002240,盛新锂能,49.11,-4.8809,50.52,50.55,48.8,51.63,1924274075.19,50.517,46.475
2026-06-16T10:16:51,2026-06-16 10:16:51,000759,中百集团,6.05,1.6807,5.93,6.28,5.89,5.95,309264332.48,5.95,5.3
2026-06-16T10:16:51,2026-06-16 10:16:48,603036,如通股份,15.02,3.3723,14.46,15.15,14.35,14.53,68013011.0,14.53,13.43
2026-06-16T10:16:51,2026-06-16 10:16:51,001378,德冠新材,19.97,-2.7277,20.54,20.57,19.53,20.53,65556290.02,20.53,19.01
2026-06-16T10:16:51,2026-06-16 10:16:48,003009,中天火箭,61.43,-3.6392,62.61,62.61,61.01,63.75,303694865.62,63.75,55.56
2026-06-16T10:16:51,2026-06-16 10:16:51,001206,依依股份,17.55,0.0,17.47,17.71,17.1,17.55,63857587.72,17.55,15.81
2026-06-16T10:16:51,2026-06-16 10:16:51,001299,美能能源,10.72,-2.011,10.96,11.0,10.72,10.94,24888197.26,10.94,10.38
2026-06-16T10:16:51,2026-06-16 10:16:45,001268,联合精密,40.31,-5.5087,42.0,42.01,40.0,42.66,56605530.0,41.34,38.033
2026-06-16T10:16:51,2026-06-16 10:16:51,002240,盛新锂能,49.11,-4.8809,50.52,50.55,48.8,51.63,1936936286.19,50.517,46.475
2026-06-16T10:17:52,2026-06-16 10:17:51,000759,中百集团,6.05,1.6807,5.93,6.28,5.89,5.95,310396339.48,5.95,5.3
2026-06-16T10:17:52,2026-06-16 10:17:51,603036,如通股份,15.0,3.2347,14.46,15.15,14.35,14.53,68830575.0,14.53,13.43
2026-06-16T10:17:52,2026-06-16 10:17:45,001378,德冠新材,19.99,-2.6303,20.54,20.57,19.53,20.53,65931823.02,20.53,19.01
2026-06-16T10:17:52,2026-06-16 10:17:48,003009,中天火箭,61.39,-3.702,62.61,62.61,61.01,63.75,305230055.62,63.75,55.56
2026-06-16T10:17:52,2026-06-16 10:17:51,001206,依依股份,17.55,0.0,17.47,17.71,17.1,17.55,64127816.72,17.55,15.81
2026-06-16T10:17:52,2026-06-16 10:17:51,001299,美能能源,10.72,-2.011,10.96,11.0,10.72,10.94,25006137.26,10.94,10.38
2026-06-16T10:17:52,2026-06-16 10:17:48,001268,联合精密,40.25,-5.6493,42.0,42.01,40.0,42.66,56690059.0,41.34,38.033
2026-06-16T10:17:52,2026-06-16 10:17:51,002240,盛新锂能,49.13,-4.8421,50.52,50.55,48.8,51.63,1948085207.3,50.517,46.475
2026-06-16T10:18:52,2026-06-16 10:18:51,000759,中百集团,6.05,1.6807,5.93,6.28,5.89,5.95,312013006.48,5.95,5.3
2026-06-16T10:18:52,2026-06-16 10:18:48,603036,如通股份,15.01,3.3035,14.46,15.15,14.35,14.53,69010702.0,14.53,13.43
2026-06-16T10:18:52,2026-06-16 10:18:51,001378,德冠新材,20.01,-2.5329,20.54,20.57,19.53,20.53,66461425.02,20.53,19.01
2026-06-16T10:18:52,2026-06-16 10:18:48,003009,中天火箭,61.33,-3.7961,62.61,62.61,61.01,63.75,309162140.62,63.75,55.56
2026-06-16T10:18:52,2026-06-16 10:18:51,001206,依依股份,17.53,-0.114,17.47,17.71,17.1,17.55,64301465.72,17.55,15.81
2026-06-16T10:18:52,2026-06-16 10:18:51,001299,美能能源,10.72,-2.011,10.96,11.0,10.71,10.94,25589179.26,10.94,10.38
2026-06-16T10:18:52,2026-06-16 10:18:51,001268,联合精密,40.22,-5.7196,42.0,42.01,40.0,42.66,56818751.0,41.34,38.033
2026-06-16T10:18:52,2026-06-16 10:18:51,002240,盛新锂能,49.11,-4.8809,50.52,50.55,48.8,51.63,1961323897.18,50.517,46.475
2026-06-16T10:19:52,2026-06-16 10:19:51,000759,中百集团,6.04,1.5126,5.93,6.28,5.89,5.95,313479913.48,5.95,5.3
2026-06-16T10:19:52,2026-06-16 10:19:51,603036,如通股份,15.01,3.3035,14.46,15.15,14.35,14.53,69498545.0,14.53,13.43
2026-06-16T10:19:52,2026-06-16 10:19:51,001378,德冠新材,20.05,-2.338,20.54,20.57,19.53,20.53,67026642.02,20.53,19.01
2026-06-16T10:19:52,2026-06-16 10:19:51,003009,中天火箭,61.42,-3.6549,62.61,62.61,61.01,63.75,311477527.0,63.75,55.56
2026-06-16T10:19:52,2026-06-16 10:19:51,001206,依依股份,17.55,0.0,17.47,17.71,17.1,17.55,64557616.72,17.55,15.81
2026-06-16T10:19:52,2026-06-16 10:19:51,001299,美能能源,10.71,-2.1024,10.96,11.0,10.7,10.94,26439078.26,10.94,10.38
2026-06-16T10:19:52,2026-06-16 10:19:51,001268,联合精密,40.24,-5.6728,42.0,42.01,40.0,42.66,56967555.0,41.34,38.033
2026-06-16T10:19:52,2026-06-16 10:19:51,002240,盛新锂能,49.09,-4.9196,50.52,50.55,48.8,51.63,1974232452.18,50.517,46.475
2026-06-16T10:20:53,2026-06-16 10:20:51,000759,中百集团,6.04,1.5126,5.93,6.28,5.89,5.95,315862716.48,5.95,5.3
2026-06-16T10:20:53,2026-06-16 10:20:51,603036,如通股份,15.0,3.2347,14.46,15.15,14.35,14.53,69740069.0,14.53,13.43
2026-06-16T10:20:53,2026-06-16 10:20:51,001378,德冠新材,20.04,-2.3868,20.54,20.57,19.53,20.53,67473684.02,20.53,19.01
2026-06-16T10:20:53,2026-06-16 10:20:51,003009,中天火箭,61.5,-3.5294,62.61,62.61,61.01,63.75,313450723.0,63.75,55.56
2026-06-16T10:20:53,2026-06-16 10:20:51,001206,依依股份,17.61,0.3419,17.47,17.71,17.1,17.55,65672426.72,17.55,15.81
2026-06-16T10:20:53,2026-06-16 10:20:51,001299,美能能源,10.71,-2.1024,10.96,11.0,10.7,10.94,26823352.26,10.94,10.38
2026-06-16T10:20:53,2026-06-16 10:20:45,001268,联合精密,40.31,-5.5087,42.0,42.01,40.0,42.66,57378246.0,41.34,38.033
2026-06-16T10:20:53,2026-06-16 10:20:51,002240,盛新锂能,49.02,-5.0552,50.52,50.55,48.8,51.63,1997622557.38,50.517,46.475
2026-06-16T10:21:53,2026-06-16 10:21:51,000759,中百集团,6.05,1.6807,5.93,6.28,5.89,5.95,317133306.48,5.95,5.3
2026-06-16T10:21:53,2026-06-16 10:21:51,603036,如通股份,14.96,2.9594,14.46,15.15,14.35,14.53,70275184.0,14.53,13.43
2026-06-16T10:21:53,2026-06-16 10:21:51,001378,德冠新材,20.09,-2.1432,20.54,20.57,19.53,20.53,67872927.02,20.53,19.01
2026-06-16T10:21:53,2026-06-16 10:21:51,003009,中天火箭,61.53,-3.4824,62.61,62.61,61.01,63.75,314434754.0,63.75,55.56
2026-06-16T10:21:53,2026-06-16 10:21:51,001206,依依股份,17.6,0.2849,17.47,17.71,17.1,17.55,66242612.72,17.55,15.81
2026-06-16T10:21:53,2026-06-16 10:21:45,001299,美能能源,10.71,-2.1024,10.96,11.0,10.7,10.94,27003165.26,10.94,10.38
2026-06-16T10:21:53,2026-06-16 10:21:51,001268,联合精密,40.54,-4.9695,42.0,42.01,40.0,42.66,57648811.0,41.34,38.033
2026-06-16T10:21:53,2026-06-16 10:21:51,002240,盛新锂能,49.03,-5.0358,50.52,50.55,48.8,51.63,2034430947.38,50.517,46.475
2026-06-16T10:22:53,2026-06-16 10:22:51,000759,中百集团,6.04,1.5126,5.93,6.28,5.89,5.95,317756872.48,5.95,5.3
2026-06-16T10:22:53,2026-06-16 10:22:51,603036,如通股份,14.95,2.8906,14.46,15.15,14.35,14.53,70605775.0,14.53,13.43
2026-06-16T10:22:53,2026-06-16 10:22:51,001378,德冠新材,20.07,-2.2406,20.54,20.57,19.53,20.53,68363273.02,20.53,19.01
2026-06-16T10:22:53,2026-06-16 10:22:51,003009,中天火箭,61.52,-3.498,62.61,62.61,61.01,63.75,316630759.0,63.75,55.56
2026-06-16T10:22:53,2026-06-16 10:22:51,001206,依依股份,17.6,0.2849,17.47,17.71,17.1,17.55,66371042.72,17.55,15.81
2026-06-16T10:22:53,2026-06-16 10:22:51,001299,美能能源,10.69,-2.2852,10.96,11.0,10.69,10.94,27460980.26,10.94,10.38
2026-06-16T10:22:53,2026-06-16 10:22:48,001268,联合精密,40.42,-5.2508,42.0,42.01,40.0,42.66,57863020.0,41.34,38.033
2026-06-16T10:22:53,2026-06-16 10:22:51,002240,盛新锂能,49.04,-5.0165,50.52,50.55,48.8,51.63,2051898745.38,50.517,46.475
2026-06-16T10:23:54,2026-06-16 10:23:51,000759,中百集团,6.03,1.3445,5.93,6.28,5.89,5.95,319384871.48,5.95,5.3
2026-06-16T10:23:54,2026-06-16 10:23:51,603036,如通股份,14.97,3.0282,14.46,15.15,14.35,14.53,71127768.0,14.53,13.43
2026-06-16T10:23:54,2026-06-16 10:23:51,001378,德冠新材,20.05,-2.338,20.54,20.57,19.53,20.53,68616113.02,20.53,19.01
2026-06-16T10:23:54,2026-06-16 10:23:51,003009,中天火箭,61.55,-3.451,62.61,62.61,61.01,63.75,318722105.0,63.75,55.56
2026-06-16T10:23:54,2026-06-16 10:23:51,001206,依依股份,17.59,0.2279,17.47,17.71,17.1,17.55,66777554.72,17.55,15.81
2026-06-16T10:23:54,2026-06-16 10:23:51,001299,美能能源,10.69,-2.2852,10.96,11.0,10.68,10.94,28081858.26,10.94,10.38
2026-06-16T10:23:54,2026-06-16 10:23:51,001268,联合精密,40.41,-5.2743,42.0,42.01,40.0,42.66,58158472.0,41.34,38.033
2026-06-16T10:23:54,2026-06-16 10:23:51,002240,盛新锂能,49.09,-4.9196,50.52,50.55,48.8,51.63,2062500566.38,50.517,46.475
2026-06-16T10:24:54,2026-06-16 10:24:51,000759,中百集团,6.04,1.5126,5.93,6.28,5.89,5.95,321039497.48,5.95,5.3
2026-06-16T10:24:54,2026-06-16 10:24:51,603036,如通股份,14.96,2.9594,14.46,15.15,14.35,14.53,71308880.0,14.53,13.43
2026-06-16T10:24:54,2026-06-16 10:24:51,001378,德冠新材,20.08,-2.1919,20.54,20.57,19.53,20.53,68933047.02,20.53,19.01
2026-06-16T10:24:54,2026-06-16 10:24:51,003009,中天火箭,61.47,-3.5765,62.61,62.61,61.01,63.75,321102530.0,63.75,55.56
2026-06-16T10:24:54,2026-06-16 10:24:51,001206,依依股份,17.59,0.2279,17.47,17.71,17.1,17.55,66881353.72,17.55,15.81
2026-06-16T10:24:54,2026-06-16 10:24:48,001299,美能能源,10.7,-2.1938,10.96,11.0,10.68,10.94,28291542.26,10.94,10.38
2026-06-16T10:24:54,2026-06-16 10:24:51,001268,联合精密,40.44,-5.2039,42.0,42.01,40.0,42.66,58628104.0,41.34,38.033
2026-06-16T10:24:54,2026-06-16 10:24:51,002240,盛新锂能,49.12,-4.8615,50.52,50.55,48.8,51.63,2076506667.06,50.517,46.475
2026-06-16T10:25:54,2026-06-16 10:25:54,000759,中百集团,6.04,1.5126,5.93,6.28,5.89,5.95,321828464.48,5.95,5.3
2026-06-16T10:25:54,2026-06-16 10:25:51,603036,如通股份,14.97,3.0282,14.46,15.15,14.35,14.53,71626239.0,14.53,13.43
2026-06-16T10:25:54,2026-06-16 10:25:54,001378,德冠新材,20.1,-2.0945,20.54,20.57,19.53,20.53,69094199.82,20.53,19.01
2026-06-16T10:25:54,2026-06-16 10:25:54,003009,中天火箭,61.4,-3.6863,62.61,62.61,61.01,63.75,323553806.0,63.75,55.56
2026-06-16T10:25:54,2026-06-16 10:25:54,001206,依依股份,17.52,-0.1709,17.47,17.71,17.1,17.55,67200980.72,17.55,15.81
2026-06-16T10:25:54,2026-06-16 10:25:54,001299,美能能源,10.72,-2.011,10.96,11.0,10.68,10.94,28925068.26,10.94,10.38
2026-06-16T10:25:54,2026-06-16 10:25:54,001268,联合精密,40.51,-5.0398,42.0,42.01,40.0,42.66,58790023.0,41.34,38.033
2026-06-16T10:25:54,2026-06-16 10:25:54,002240,盛新锂能,49.01,-5.0746,50.52,50.55,48.8,51.63,2095110996.38,50.517,46.475
2026-06-16T10:26:56,2026-06-16 10:26:54,000759,中百集团,6.03,1.3445,5.93,6.28,5.89,5.95,323529150.48,5.95,5.3
2026-06-16T10:26:56,2026-06-16 10:26:54,603036,如通股份,14.95,2.8906,14.46,15.15,14.35,14.53,72444687.0,14.53,13.43
2026-06-16T10:26:56,2026-06-16 10:26:54,001378,德冠新材,20.08,-2.1919,20.54,20.57,19.53,20.53,69752085.82,20.53,19.01
2026-06-16T10:26:56,2026-06-16 10:26:54,003009,中天火箭,61.42,-3.6549,62.61,62.61,61.01,63.75,325580370.0,63.75,55.56
2026-06-16T10:26:56,2026-06-16 10:26:54,001206,依依股份,17.57,0.114,17.47,17.71,17.1,17.55,67793717.72,17.55,15.81
2026-06-16T10:26:56,2026-06-16 10:26:54,001299,美能能源,10.72,-2.011,10.96,11.0,10.68,10.94,29110878.26,10.94,10.38
2026-06-16T10:26:56,2026-06-16 10:26:54,001268,联合精密,40.54,-4.9695,42.0,42.01,40.0,42.66,59247628.0,41.34,38.033
2026-06-16T10:26:56,2026-06-16 10:26:54,002240,盛新锂能,49.01,-5.0746,50.52,50.55,48.8,51.63,2111351057.31,50.517,46.475
2026-06-16T10:27:56,2026-06-16 10:27:54,000759,中百集团,6.05,1.6807,5.93,6.28,5.89,5.95,326150740.48,5.95,5.3
2026-06-16T10:27:56,2026-06-16 10:27:54,603036,如通股份,14.94,2.8217,14.46,15.15,14.35,14.53,72913865.0,14.53,13.43
2026-06-16T10:27:56,2026-06-16 10:27:54,001378,德冠新材,20.08,-2.1919,20.54,20.57,19.53,20.53,70039049.02,20.53,19.01
2026-06-16T10:27:56,2026-06-16 10:27:54,003009,中天火箭,61.31,-3.8275,62.61,62.61,61.01,63.75,328987919.0,63.75,55.56
2026-06-16T10:27:56,2026-06-16 10:27:51,001206,依依股份,17.55,0.0,17.47,17.71,17.1,17.55,67925536.72,17.55,15.81
2026-06-16T10:27:56,2026-06-16 10:27:54,001299,美能能源,10.74,-1.8282,10.96,11.0,10.68,10.94,29249532.26,10.94,10.38
2026-06-16T10:27:56,2026-06-16 10:27:54,001268,联合精密,40.65,-4.7117,42.0,42.01,40.0,42.66,60641774.0,41.34,38.033
2026-06-16T10:27:56,2026-06-16 10:27:54,002240,盛新锂能,49.01,-5.0746,50.52,50.55,48.8,51.63,2135329193.59,50.517,46.475
2026-06-16T10:28:57,2026-06-16 10:28:54,000759,中百集团,6.05,1.6807,5.93,6.28,5.89,5.95,326817699.48,5.95,5.3
2026-06-16T10:28:57,2026-06-16 10:28:51,603036,如通股份,14.94,2.8217,14.46,15.15,14.35,14.53,73240765.0,14.53,13.43
2026-06-16T10:28:57,2026-06-16 10:28:54,001378,德冠新材,20.11,-2.0458,20.54,20.57,19.53,20.53,70207856.02,20.53,19.01
2026-06-16T10:28:57,2026-06-16 10:28:54,003009,中天火箭,61.29,-3.8588,62.61,62.61,61.01,63.75,331342037.0,63.75,55.56
2026-06-16T10:28:57,2026-06-16 10:28:54,001206,依依股份,17.55,0.0,17.47,17.71,17.1,17.55,68315179.72,17.55,15.81
2026-06-16T10:28:57,2026-06-16 10:28:54,001299,美能能源,10.76,-1.6453,10.96,11.0,10.68,10.94,29329098.26,10.94,10.38
2026-06-16T10:28:57,2026-06-16 10:28:54,001268,联合精密,40.65,-4.7117,42.0,42.01,40.0,42.66,60938475.0,41.34,38.033
2026-06-16T10:28:57,2026-06-16 10:28:54,002240,盛新锂能,49.21,-4.6872,50.52,50.55,48.8,51.63,2170070598.37,50.517,46.475
2026-06-16T10:29:57,2026-06-16 10:29:54,000759,中百集团,6.05,1.6807,5.93,6.28,5.89,5.95,327861991.48,5.95,5.3
2026-06-16T10:29:57,2026-06-16 10:29:54,603036,如通股份,14.95,2.8906,14.46,15.15,14.35,14.53,73282622.0,14.53,13.43
2026-06-16T10:29:57,2026-06-16 10:29:54,001378,德冠新材,20.14,-1.8997,20.54,20.57,19.53,20.53,70513100.42,20.53,19.01
2026-06-16T10:29:57,2026-06-16 10:29:54,003009,中天火箭,61.25,-3.9216,62.61,62.61,61.01,63.75,333541685.0,63.75,55.56
2026-06-16T10:29:57,2026-06-16 10:29:54,001206,依依股份,17.54,-0.057,17.47,17.71,17.1,17.55,68523941.72,17.55,15.81
2026-06-16T10:29:57,2026-06-16 10:29:54,001299,美能能源,10.76,-1.6453,10.96,11.0,10.68,10.94,29376473.26,10.94,10.38
2026-06-16T10:29:57,2026-06-16 10:29:54,001268,联合精密,40.84,-4.2663,42.0,42.01,40.0,42.66,61179101.0,41.34,38.033
2026-06-16T10:29:57,2026-06-16 10:29:54,002240,盛新锂能,49.7,-3.7381,50.52,50.55,48.8,51.63,2190288634.37,50.517,46.475
2026-06-16T10:30:57,2026-06-16 10:30:54,000759,中百集团,6.06,1.8487,5.93,6.28,5.89,5.95,328467211.48,5.95,5.3
2026-06-16T10:30:57,2026-06-16 10:30:54,603036,如通股份,14.94,2.8217,14.46,15.15,14.35,14.53,73441014.0,14.53,13.43
2026-06-16T10:30:57,2026-06-16 10:30:51,001378,德冠新材,20.08,-2.1919,20.54,20.57,19.53,20.53,70750353.42,20.53,19.01
2026-06-16T10:30:57,2026-06-16 10:30:54,003009,中天火箭,61.31,-3.8275,62.61,62.61,61.01,63.75,334916021.0,63.75,55.56
2026-06-16T10:30:57,2026-06-16 10:30:48,001206,依依股份,17.54,-0.057,17.47,17.71,17.1,17.55,68683869.52,17.55,15.81
2026-06-16T10:30:57,2026-06-16 10:30:54,001299,美能能源,10.78,-1.4625,10.96,11.0,10.68,10.94,29667298.26,10.94,10.38
2026-06-16T10:30:57,2026-06-16 10:30:54,001268,联合精密,40.8,-4.3601,42.0,42.01,40.0,42.66,61534266.0,41.34,38.033
2026-06-16T10:30:57,2026-06-16 10:30:54,002240,盛新锂能,49.71,-3.7188,50.52,50.55,48.8,51.63,2231466130.05,50.517,46.475
2026-06-16T10:31:59,2026-06-16 10:31:57,000759,中百集团,6.05,1.6807,5.93,6.28,5.89,5.95,328880154.48,5.95,5.3
2026-06-16T10:31:59,2026-06-16 10:31:57,603036,如通股份,14.94,2.8217,14.46,15.15,14.35,14.53,73723264.0,14.53,13.43
2026-06-16T10:31:59,2026-06-16 10:31:57,001378,德冠新材,20.12,-1.9971,20.54,20.57,19.53,20.53,71107910.42,20.53,19.01
2026-06-16T10:31:59,2026-06-16 10:31:57,003009,中天火箭,61.34,-3.7804,62.61,62.61,61.01,63.75,336934950.0,63.75,55.56
2026-06-16T10:31:59,2026-06-16 10:31:57,001206,依依股份,17.55,0.0,17.47,17.71,17.1,17.55,69889763.72,17.55,15.81
2026-06-16T10:31:59,2026-06-16 10:31:57,001299,美能能源,10.77,-1.5539,10.96,11.0,10.68,10.94,29783788.26,10.94,10.38
2026-06-16T10:31:59,2026-06-16 10:31:51,001268,联合精密,40.75,-4.4773,42.0,42.01,40.0,42.66,61766575.0,41.34,38.033
2026-06-16T10:31:59,2026-06-16 10:31:57,002240,盛新锂能,49.6,-3.9318,50.52,50.55,48.8,51.63,2252533454.47,50.517,46.475
2026-06-16T10:32:59,2026-06-16 10:32:57,000759,中百集团,6.05,1.6807,5.93,6.28,5.89,5.95,329541152.48,5.95,5.3
2026-06-16T10:32:59,2026-06-16 10:32:57,603036,如通股份,14.94,2.8217,14.46,15.15,14.35,14.53,73868140.0,14.53,13.43
2026-06-16T10:32:59,2026-06-16 10:32:54,001378,德冠新材,20.09,-2.1432,20.54,20.57,19.53,20.53,71164199.42,20.53,19.01
2026-06-16T10:32:59,2026-06-16 10:32:57,003009,中天火箭,61.45,-3.6078,62.61,62.61,61.01,63.75,337751286.0,63.75,55.56
2026-06-16T10:32:59,2026-06-16 10:32:57,001206,依依股份,17.61,0.3419,17.47,17.71,17.1,17.55,70536689.72,17.55,15.81
2026-06-16T10:32:59,2026-06-16 10:32:57,001299,美能能源,10.76,-1.6453,10.96,11.0,10.68,10.94,30016340.26,10.94,10.38
2026-06-16T10:32:59,2026-06-16 10:32:57,001268,联合精密,40.96,-3.985,42.0,42.01,40.0,42.66,62428238.0,41.34,38.033
2026-06-16T10:32:59,2026-06-16 10:32:57,002240,盛新锂能,49.68,-3.7769,50.52,50.55,48.8,51.63,2281447265.63,50.517,46.475
2026-06-16T10:33:59,2026-06-16 10:33:57,000759,中百集团,6.06,1.8487,5.93,6.28,5.89,5.95,330118444.48,5.95,5.3
2026-06-16T10:33:59,2026-06-16 10:33:57,603036,如通股份,14.92,2.6841,14.46,15.15,14.35,14.53,74210060.0,14.53,13.43
2026-06-16T10:33:59,2026-06-16 10:33:54,001378,德冠新材,20.1,-2.0945,20.54,20.57,19.53,20.53,71377105.42,20.53,19.01
2026-06-16T10:33:59,2026-06-16 10:33:57,003009,中天火箭,61.55,-3.451,62.61,62.61,61.01,63.75,338986955.0,63.75,55.56
2026-06-16T10:33:59,2026-06-16 10:33:57,001206,依依股份,17.62,0.3989,17.47,17.71,17.1,17.55,70674079.72,17.55,15.81
2026-06-16T10:33:59,2026-06-16 10:33:57,001299,美能能源,10.77,-1.5539,10.96,11.0,10.68,10.94,30261781.26,10.94,10.38
2026-06-16T10:33:59,2026-06-16 10:33:57,001268,联合精密,41.0,-3.8912,42.0,42.01,40.0,42.66,62588116.0,41.34,38.033
2026-06-16T10:33:59,2026-06-16 10:33:57,002240,盛新锂能,49.73,-3.68,50.52,50.55,48.8,51.63,2297058334.63,50.517,46.475
2026-06-16T10:35:00,2026-06-16 10:34:57,000759,中百集团,6.06,1.8487,5.93,6.28,5.89,5.95,331427896.48,5.95,5.3
2026-06-16T10:35:00,2026-06-16 10:34:57,603036,如通股份,14.89,2.4776,14.46,15.15,14.35,14.53,74916662.0,14.53,13.43
2026-06-16T10:35:00,2026-06-16 10:34:57,001378,德冠新材,20.08,-2.1919,20.54,20.57,19.53,20.53,71569939.42,20.53,19.01
2026-06-16T10:35:00,2026-06-16 10:34:57,003009,中天火箭,61.7,-3.2157,62.61,62.61,61.01,63.75,340651475.0,63.75,55.56
2026-06-16T10:35:00,2026-06-16 10:34:54,001206,依依股份,17.63,0.4558,17.47,17.71,17.1,17.55,70984335.72,17.55,15.81
2026-06-16T10:35:00,2026-06-16 10:34:51,001299,美能能源,10.79,-1.3711,10.96,11.0,10.68,10.94,30713063.26,10.94,10.38
2026-06-16T10:35:00,2026-06-16 10:34:57,001268,联合精密,41.01,-3.8678,42.0,42.01,40.0,42.66,63117256.0,41.34,38.033
2026-06-16T10:35:00,2026-06-16 10:34:57,002240,盛新锂能,49.68,-3.7769,50.52,50.55,48.8,51.63,2314036341.18,50.517,46.475
2026-06-16T10:36:01,2026-06-16 10:36:00,000759,中百集团,6.05,1.6807,5.93,6.28,5.89,5.95,332803333.48,5.95,5.3
2026-06-16T10:36:01,2026-06-16 10:35:57,603036,如通股份,14.92,2.6841,14.46,15.15,14.35,14.53,75490115.0,14.53,13.43
2026-06-16T10:36:01,2026-06-16 10:36:00,001378,德冠新材,20.11,-2.0458,20.54,20.57,19.53,20.53,71901446.42,20.53,19.01
2026-06-16T10:36:01,2026-06-16 10:36:00,003009,中天火箭,61.5,-3.5294,62.61,62.61,61.01,63.75,343407568.0,63.75,55.56
2026-06-16T10:36:01,2026-06-16 10:35:54,001206,依依股份,17.63,0.4558,17.47,17.71,17.1,17.55,71455098.72,17.55,15.81
2026-06-16T10:36:01,2026-06-16 10:36:00,001299,美能能源,10.77,-1.5539,10.96,11.0,10.68,10.94,30829366.26,10.94,10.38
2026-06-16T10:36:01,2026-06-16 10:36:00,001268,联合精密,41.08,-3.7037,42.0,42.01,40.0,42.66,63914622.0,41.34,38.033
2026-06-16T10:36:01,2026-06-16 10:36:00,002240,盛新锂能,49.55,-4.0287,50.52,50.55,48.8,51.63,2323234979.18,50.517,46.475
2026-06-16T10:37:01,2026-06-16 10:37:00,000759,中百集团,6.05,1.6807,5.93,6.28,5.89,5.95,334666346.48,5.95,5.3
2026-06-16T10:37:01,2026-06-16 10:37:00,603036,如通股份,14.89,2.4776,14.46,15.15,14.35,14.53,75794207.0,14.53,13.43
2026-06-16T10:37:01,2026-06-16 10:37:00,001378,德冠新材,20.13,-1.9484,20.54,20.57,19.53,20.53,72026193.42,20.53,19.01
2026-06-16T10:37:01,2026-06-16 10:37:00,003009,中天火箭,61.59,-3.3882,62.61,62.61,61.01,63.75,344577275.0,63.75,55.56
2026-06-16T10:37:01,2026-06-16 10:37:00,001206,依依股份,17.77,1.2536,17.47,17.78,17.1,17.55,73478431.72,17.55,15.81
2026-06-16T10:37:01,2026-06-16 10:36:54,001299,美能能源,10.75,-1.7367,10.96,11.0,10.68,10.94,30972448.26,10.94,10.38
2026-06-16T10:37:01,2026-06-16 10:37:00,001268,联合精密,41.0,-3.8912,42.0,42.01,40.0,42.66,64017192.0,41.34,38.033
2026-06-16T10:37:01,2026-06-16 10:37:00,002240,盛新锂能,49.7,-3.7381,50.52,50.55,48.8,51.63,2335695611.18,50.517,46.475
2026-06-16T10:38:02,2026-06-16 10:38:00,000759,中百集团,6.05,1.6807,5.93,6.28,5.89,5.95,336324701.48,5.95,5.3
2026-06-16T10:38:02,2026-06-16 10:38:00,603036,如通股份,14.88,2.4088,14.46,15.15,14.35,14.53,75951935.0,14.53,13.43
2026-06-16T10:38:02,2026-06-16 10:38:00,001378,德冠新材,20.15,-1.8509,20.54,20.57,19.53,20.53,72268112.42,20.53,19.01
2026-06-16T10:38:02,2026-06-16 10:38:00,003009,中天火箭,61.73,-3.1686,62.61,62.61,61.01,63.75,345883417.0,63.75,55.56
2026-06-16T10:38:02,2026-06-16 10:38:00,001206,依依股份,17.77,1.2536,17.47,17.8,17.1,17.55,74532540.72,17.55,15.81
2026-06-16T10:38:02,2026-06-16 10:38:00,001299,美能能源,10.75,-1.7367,10.96,11.0,10.68,10.94,31019757.26,10.94,10.38
2026-06-16T10:38:02,2026-06-16 10:38:00,001268,联合精密,40.87,-4.196,42.0,42.01,40.0,42.66,64144160.0,41.34,38.033
2026-06-16T10:38:02,2026-06-16 10:38:00,002240,盛新锂能,49.77,-3.6026,50.52,50.55,48.8,51.63,2346263788.48,50.517,46.475
2026-06-16T10:39:02,2026-06-16 10:39:00,000759,中百集团,6.03,1.3445,5.93,6.28,5.89,5.95,337928811.48,5.95,5.3
2026-06-16T10:39:02,2026-06-16 10:39:00,603036,如通股份,14.9,2.5465,14.46,15.15,14.35,14.53,77282243.0,14.53,13.43
2026-06-16T10:39:02,2026-06-16 10:39:00,001378,德冠新材,20.15,-1.8509,20.54,20.57,19.53,20.53,72570478.42,20.53,19.01
2026-06-16T10:39:02,2026-06-16 10:39:00,003009,中天火箭,61.66,-3.2784,62.61,62.61,61.01,63.75,347480791.0,63.75,55.56
2026-06-16T10:39:02,2026-06-16 10:39:00,001206,依依股份,17.73,1.0256,17.47,17.8,17.1,17.55,76112330.72,17.55,15.81
2026-06-16T10:39:02,2026-06-16 10:39:00,001299,美能能源,10.74,-1.8282,10.96,11.0,10.68,10.94,31313288.26,10.94,10.38
2026-06-16T10:39:02,2026-06-16 10:38:54,001268,联合精密,40.85,-4.2429,42.0,42.01,40.0,42.66,64262636.0,41.34,38.033
2026-06-16T10:39:02,2026-06-16 10:39:00,002240,盛新锂能,49.77,-3.6026,50.52,50.55,48.8,51.63,2363511426.23,50.517,46.475
2026-06-16T10:40:02,2026-06-16 10:40:00,000759,中百集团,6.03,1.3445,5.93,6.28,5.89,5.95,338513084.48,5.95,5.3
2026-06-16T10:40:02,2026-06-16 10:40:00,603036,如通股份,14.94,2.8217,14.46,15.15,14.35,14.53,77437488.0,14.53,13.43
2026-06-16T10:40:02,2026-06-16 10:40:00,001378,德冠新材,20.2,-1.6074,20.54,20.57,19.53,20.53,73055356.12,20.53,19.01
2026-06-16T10:40:02,2026-06-16 10:40:00,003009,中天火箭,61.62,-3.3412,62.61,62.61,61.01,63.75,348066364.0,63.75,55.56
2026-06-16T10:40:02,2026-06-16 10:40:00,001206,依依股份,17.79,1.3675,17.47,17.8,17.1,17.55,77492765.72,17.55,15.81
2026-06-16T10:40:02,2026-06-16 10:40:00,001299,美能能源,10.75,-1.7367,10.96,11.0,10.68,10.94,31402481.26,10.94,10.38
2026-06-16T10:40:02,2026-06-16 10:40:00,001268,联合精密,40.8,-4.3601,42.0,42.01,40.0,42.66,64385018.0,41.34,38.033
2026-06-16T10:40:02,2026-06-16 10:40:00,002240,盛新锂能,49.71,-3.7188,50.52,50.55,48.8,51.63,2370622999.23,50.517,46.475
2026-06-16T10:41:04,2026-06-16 10:41:03,000759,中百集团,6.04,1.5126,5.93,6.28,5.89,5.95,339226972.48,5.95,5.3
2026-06-16T10:41:04,2026-06-16 10:41:00,603036,如通股份,14.96,2.9594,14.46,15.15,14.35,14.53,77679779.0,14.53,13.43
2026-06-16T10:41:04,2026-06-16 10:41:03,001378,德冠新材,20.34,-0.9255,20.54,20.57,19.53,20.53,74857875.62,20.53,19.01
2026-06-16T10:41:04,2026-06-16 10:41:03,003009,中天火箭,61.68,-3.2471,62.61,62.61,61.01,63.75,348990525.0,63.75,55.56
2026-06-16T10:41:04,2026-06-16 10:41:03,001206,依依股份,17.75,1.1396,17.47,17.8,17.1,17.55,78084136.72,17.55,15.81
2026-06-16T10:41:04,2026-06-16 10:41:03,001299,美能能源,10.74,-1.8282,10.96,11.0,10.68,10.94,31533502.26,10.94,10.38
2026-06-16T10:41:04,2026-06-16 10:40:57,001268,联合精密,40.78,-4.4069,42.0,42.01,40.0,42.66,64617454.0,41.34,38.033
2026-06-16T10:41:04,2026-06-16 10:41:03,002240,盛新锂能,49.67,-3.7962,50.52,50.55,48.8,51.63,2378853426.28,50.517,46.475
2026-06-16T10:42:04,2026-06-16 10:42:03,000759,中百集团,6.05,1.6807,5.93,6.28,5.89,5.95,340403037.48,5.95,5.3
2026-06-16T10:42:04,2026-06-16 10:42:03,603036,如通股份,14.99,3.1659,14.46,15.15,14.35,14.53,78030152.0,14.53,13.43
2026-06-16T10:42:04,2026-06-16 10:42:03,001378,德冠新材,20.38,-0.7306,20.54,20.57,19.53,20.53,75738168.02,20.53,19.01
2026-06-16T10:42:04,2026-06-16 10:42:03,003009,中天火箭,61.6,-3.3725,62.61,62.61,61.01,63.75,350963532.0,63.75,55.56
2026-06-16T10:42:04,2026-06-16 10:42:03,001206,依依股份,17.77,1.2536,17.47,17.8,17.1,17.55,78560591.72,17.55,15.81
2026-06-16T10:42:04,2026-06-16 10:42:03,001299,美能能源,10.76,-1.6453,10.96,11.0,10.68,10.94,31609845.26,10.94,10.38
2026-06-16T10:42:04,2026-06-16 10:42:00,001268,联合精密,40.77,-4.4304,42.0,42.01,40.0,42.66,64963570.0,41.34,38.033
2026-06-16T10:42:04,2026-06-16 10:42:03,002240,盛新锂能,49.51,-4.1061,50.52,50.55,48.8,51.63,2388080691.12,50.517,46.475
2026-06-16T10:43:04,2026-06-16 10:43:03,000759,中百集团,6.07,2.0168,5.93,6.28,5.89,5.95,342166279.48,5.95,5.3
2026-06-16T10:43:04,2026-06-16 10:42:57,603036,如通股份,15.0,3.2347,14.46,15.15,14.35,14.53,78337652.0,14.53,13.43
2026-06-16T10:43:04,2026-06-16 10:43:03,001378,德冠新材,20.37,-0.7793,20.54,20.57,19.53,20.53,76432512.02,20.53,19.01
2026-06-16T10:43:04,2026-06-16 10:43:03,003009,中天火箭,61.63,-3.3255,62.61,62.61,61.01,63.75,352706341.0,63.75,55.56
2026-06-16T10:43:04,2026-06-16 10:43:03,001206,依依股份,17.79,1.3675,17.47,17.8,17.1,17.55,79001575.72,17.55,15.81
2026-06-16T10:43:04,2026-06-16 10:43:03,001299,美能能源,10.76,-1.6453,10.96,11.0,10.68,10.94,31643211.26,10.94,10.38
2026-06-16T10:43:04,2026-06-16 10:43:03,001268,联合精密,41.03,-3.8209,42.0,42.01,40.0,42.66,65634334.0,41.34,38.033
2026-06-16T10:43:04,2026-06-16 10:43:03,002240,盛新锂能,49.51,-4.1061,50.52,50.55,48.8,51.63,2395510068.73,50.517,46.475
2026-06-16T10:44:05,2026-06-16 10:44:03,000759,中百集团,6.09,2.3529,5.93,6.28,5.89,5.95,343611789.48,5.95,5.3
2026-06-16T10:44:05,2026-06-16 10:44:03,603036,如通股份,15.0,3.2347,14.46,15.15,14.35,14.53,78501137.0,14.53,13.43
2026-06-16T10:44:05,2026-06-16 10:44:03,001378,德冠新材,20.42,-0.5358,20.54,20.57,19.53,20.53,76972485.02,20.53,19.01
2026-06-16T10:44:05,2026-06-16 10:44:03,003009,中天火箭,61.72,-3.1843,62.61,62.61,61.01,63.75,353348189.0,63.75,55.56
2026-06-16T10:44:05,2026-06-16 10:44:03,001206,依依股份,17.77,1.2536,17.47,17.8,17.1,17.55,79213095.72,17.55,15.81
2026-06-16T10:44:05,2026-06-16 10:44:03,001299,美能能源,10.78,-1.4625,10.96,11.0,10.68,10.94,31753038.26,10.94,10.38
2026-06-16T10:44:05,2026-06-16 10:44:03,001268,联合精密,41.0,-3.8912,42.0,42.01,40.0,42.66,66052467.0,41.34,38.033
2026-06-16T10:44:05,2026-06-16 10:44:03,002240,盛新锂能,49.61,-3.9125,50.52,50.55,48.8,51.63,2404728329.64,50.517,46.475
2026-06-16T10:45:05,2026-06-16 10:45:03,000759,中百集团,6.1,2.521,5.93,6.28,5.89,5.95,344638063.48,5.95,5.3
2026-06-16T10:45:05,2026-06-16 10:45:03,603036,如通股份,14.97,3.0282,14.46,15.15,14.35,14.53,78865379.0,14.53,13.43
2026-06-16T10:45:05,2026-06-16 10:45:03,001378,德冠新材,20.36,-0.8281,20.54,20.57,19.53,20.53,77384226.02,20.53,19.01
2026-06-16T10:45:05,2026-06-16 10:45:03,003009,中天火箭,61.68,-3.2471,62.61,62.61,61.01,63.75,354471112.64,63.75,55.56
2026-06-16T10:45:05,2026-06-16 10:45:03,001206,依依股份,17.85,1.7094,17.47,17.85,17.1,17.55,80695782.72,17.55,15.81
2026-06-16T10:45:05,2026-06-16 10:45:03,001299,美能能源,10.79,-1.3711,10.96,11.0,10.68,10.94,31882406.26,10.94,10.38
2026-06-16T10:45:05,2026-06-16 10:45:03,001268,联合精密,40.98,-3.9381,42.0,42.01,40.0,42.66,66351628.0,41.34,38.033
2026-06-16T10:45:05,2026-06-16 10:45:03,002240,盛新锂能,49.7,-3.7381,50.52,50.55,48.8,51.63,2411647274.64,50.517,46.475
2026-06-16T10:46:06,2026-06-16 10:46:03,000759,中百集团,6.09,2.3529,5.93,6.28,5.89,5.95,345962455.48,5.95,5.3
2026-06-16T10:46:06,2026-06-16 10:46:03,603036,如通股份,14.94,2.8217,14.46,15.15,14.35,14.53,79278188.0,14.53,13.43
2026-06-16T10:46:06,2026-06-16 10:46:03,001378,德冠新材,20.34,-0.9255,20.54,20.57,19.53,20.53,77687598.02,20.53,19.01
2026-06-16T10:46:06,2026-06-16 10:46:03,003009,中天火箭,61.67,-3.2627,62.61,62.61,61.01,63.75,355599447.64,63.75,55.56
2026-06-16T10:46:06,2026-06-16 10:46:03,001206,依依股份,17.88,1.8803,17.47,17.93,17.1,17.55,82560711.72,17.55,15.81
2026-06-16T10:46:06,2026-06-16 10:46:03,001299,美能能源,10.78,-1.4625,10.96,11.0,10.68,10.94,32035507.26,10.94,10.38
2026-06-16T10:46:06,2026-06-16 10:45:54,001268,联合精密,40.98,-3.9381,42.0,42.01,40.0,42.66,66478677.0,41.34,38.033
2026-06-16T10:46:06,2026-06-16 10:46:03,002240,盛新锂能,49.74,-3.6607,50.52,50.55,48.8,51.63,2421267491.69,50.517,46.475
2026-06-16T10:47:07,2026-06-16 10:47:06,000759,中百集团,6.09,2.3529,5.93,6.28,5.89,5.95,347037442.48,5.95,5.3
2026-06-16T10:47:07,2026-06-16 10:47:03,603036,如通股份,14.91,2.6153,14.46,15.15,14.35,14.53,79472157.0,14.53,13.43
2026-06-16T10:47:07,2026-06-16 10:47:06,001378,德冠新材,20.35,-0.8768,20.54,20.57,19.53,20.53,77842246.02,20.53,19.01
2026-06-16T10:47:07,2026-06-16 10:47:06,003009,中天火箭,61.61,-3.3569,62.61,62.61,61.01,63.75,356437662.64,63.75,55.56
2026-06-16T10:47:07,2026-06-16 10:47:06,001206,依依股份,17.84,1.6524,17.47,17.93,17.1,17.55,83293660.72,17.55,15.81
2026-06-16T10:47:07,2026-06-16 10:47:03,001299,美能能源,10.77,-1.5539,10.96,11.0,10.68,10.94,32233665.26,10.94,10.38
2026-06-16T10:47:07,2026-06-16 10:47:06,001268,联合精密,40.9,-4.1256,42.0,42.01,40.0,42.66,66621831.0,41.34,38.033
2026-06-16T10:47:07,2026-06-16 10:47:06,002240,盛新锂能,49.75,-3.6413,50.52,50.55,48.8,51.63,2428117341.69,50.517,46.475
2026-06-16T10:48:07,2026-06-16 10:48:06,000759,中百集团,6.08,2.1849,5.93,6.28,5.89,5.95,347643672.48,5.95,5.3
2026-06-16T10:48:07,2026-06-16 10:48:06,603036,如通股份,14.92,2.6841,14.46,15.15,14.35,14.53,79640659.0,14.53,13.43
2026-06-16T10:48:07,2026-06-16 10:48:06,001378,德冠新材,20.37,-0.7793,20.54,20.57,19.53,20.53,78403972.02,20.53,19.01
2026-06-16T10:48:07,2026-06-16 10:48:06,003009,中天火箭,61.46,-3.5922,62.61,62.61,61.01,63.75,359201126.64,63.75,55.56
2026-06-16T10:48:07,2026-06-16 10:48:06,001206,依依股份,17.82,1.5385,17.47,17.93,17.1,17.55,84545016.72,17.55,15.81
2026-06-16T10:48:07,2026-06-16 10:48:06,001299,美能能源,10.76,-1.6453,10.96,11.0,10.68,10.94,32459656.26,10.94,10.38
2026-06-16T10:48:07,2026-06-16 10:48:06,001268,联合精密,40.82,-4.3132,42.0,42.01,40.0,42.66,66846401.0,41.34,38.033
2026-06-16T10:48:07,2026-06-16 10:48:06,002240,盛新锂能,49.74,-3.6607,50.52,50.55,48.8,51.63,2437392659.69,50.517,46.475
2026-06-16T10:49:07,2026-06-16 10:49:06,000759,中百集团,6.08,2.1849,5.93,6.28,5.89,5.95,348072561.48,5.95,5.3
2026-06-16T10:49:07,2026-06-16 10:49:03,603036,如通股份,14.92,2.6841,14.46,15.15,14.35,14.53,79707778.0,14.53,13.43
2026-06-16T10:49:07,2026-06-16 10:49:06,001378,德冠新材,20.4,-0.6332,20.54,20.57,19.53,20.53,78495712.02,20.53,19.01
2026-06-16T10:49:07,2026-06-16 10:49:06,003009,中天火箭,61.47,-3.5765,62.61,62.61,61.01,63.75,360362739.64,63.75,55.56
2026-06-16T10:49:07,2026-06-16 10:49:06,001206,依依股份,17.76,1.1966,17.47,17.93,17.1,17.55,84774484.72,17.55,15.81
2026-06-16T10:49:07,2026-06-16 10:49:03,001299,美能能源,10.75,-1.7367,10.96,11.0,10.68,10.94,32634984.26,10.94,10.38
2026-06-16T10:49:07,2026-06-16 10:49:03,001268,联合精密,40.84,-4.2663,42.0,42.01,40.0,42.66,67691437.0,41.34,38.033
2026-06-16T10:49:07,2026-06-16 10:49:06,002240,盛新锂能,49.69,-3.7575,50.52,50.55,48.8,51.63,2443752102.84,50.517,46.475
2026-06-16T10:50:08,2026-06-16 10:50:06,000759,中百集团,6.08,2.1849,5.93,6.28,5.89,5.95,348548531.48,5.95,5.3
2026-06-16T10:50:08,2026-06-16 10:50:06,603036,如通股份,14.91,2.6153,14.46,15.15,14.35,14.53,79867348.0,14.53,13.43
2026-06-16T10:50:08,2026-06-16 10:50:06,001378,德冠新材,20.39,-0.6819,20.54,20.57,19.53,20.53,79064421.02,20.53,19.01
2026-06-16T10:50:08,2026-06-16 10:50:06,003009,中天火箭,61.6,-3.3725,62.61,62.61,61.01,63.75,362530777.64,63.75,55.56
2026-06-16T10:50:08,2026-06-16 10:50:06,001206,依依股份,17.79,1.3675,17.47,17.93,17.1,17.55,85078423.72,17.55,15.81
2026-06-16T10:50:08,2026-06-16 10:50:06,001299,美能能源,10.75,-1.7367,10.96,11.0,10.68,10.94,32672631.26,10.94,10.38
2026-06-16T10:50:08,2026-06-16 10:50:06,001268,联合精密,40.82,-4.3132,42.0,42.01,40.0,42.66,67781269.0,41.34,38.033
2026-06-16T10:50:08,2026-06-16 10:50:06,002240,盛新锂能,49.55,-4.0287,50.52,50.55,48.8,51.63,2447709784.84,50.517,46.475
2026-06-16T10:51:08,2026-06-16 10:51:06,000759,中百集团,6.08,2.1849,5.93,6.28,5.89,5.95,349748694.48,5.95,5.3
2026-06-16T10:51:08,2026-06-16 10:51:06,603036,如通股份,14.89,2.4776,14.46,15.15,14.35,14.53,80472270.0,14.53,13.43
2026-06-16T10:51:08,2026-06-16 10:51:06,001378,德冠新材,20.37,-0.7793,20.54,20.57,19.53,20.53,79313032.02,20.53,19.01
2026-06-16T10:51:08,2026-06-16 10:51:06,003009,中天火箭,61.9,-2.902,62.61,62.61,61.01,63.75,364179240.92,63.75,55.56
2026-06-16T10:51:08,2026-06-16 10:51:06,001206,依依股份,17.8,1.4245,17.47,17.93,17.1,17.55,85904268.72,17.55,15.81
2026-06-16T10:51:08,2026-06-16 10:51:06,001299,美能能源,10.78,-1.4625,10.96,11.0,10.68,10.94,32933346.26,10.94,10.38
2026-06-16T10:51:08,2026-06-16 10:51:06,001268,联合精密,40.77,-4.4304,42.0,42.01,40.0,42.66,67915899.0,41.34,38.033
2026-06-16T10:51:08,2026-06-16 10:51:06,002240,盛新锂能,49.52,-4.0868,50.52,50.55,48.8,51.63,2452108238.84,50.517,46.475
2026-06-16T10:52:08,2026-06-16 10:52:06,000759,中百集团,6.09,2.3529,5.93,6.28,5.89,5.95,350383050.48,5.95,5.3
2026-06-16T10:52:08,2026-06-16 10:52:06,603036,如通股份,14.92,2.6841,14.46,15.15,14.35,14.53,81339597.0,14.53,13.43
2026-06-16T10:52:08,2026-06-16 10:52:06,001378,德冠新材,20.37,-0.7793,20.54,20.57,19.53,20.53,79469795.02,20.53,19.01
2026-06-16T10:52:08,2026-06-16 10:52:06,003009,中天火箭,62.16,-2.4941,62.61,62.61,61.01,63.75,369486168.92,63.75,55.56
2026-06-16T10:52:08,2026-06-16 10:52:06,001206,依依股份,17.8,1.4245,17.47,17.93,17.1,17.55,86005715.72,17.55,15.81
2026-06-16T10:52:08,2026-06-16 10:52:03,001299,美能能源,10.78,-1.4625,10.96,11.0,10.68,10.94,32958148.26,10.94,10.38
2026-06-16T10:52:08,2026-06-16 10:52:06,001268,联合精密,40.62,-4.782,42.0,42.01,40.0,42.66,68115557.0,41.34,38.033
2026-06-16T10:52:08,2026-06-16 10:52:06,002240,盛新锂能,49.48,-4.1642,50.52,50.55,48.8,51.63,2466280727.84,50.517,46.475
2026-06-16T10:53:08,2026-06-16 10:53:06,000759,中百集团,6.09,2.3529,5.93,6.28,5.89,5.95,350899272.48,5.95,5.3
2026-06-16T10:53:08,2026-06-16 10:53:06,603036,如通股份,14.9,2.5465,14.46,15.15,14.35,14.53,81467873.0,14.53,13.43
2026-06-16T10:53:08,2026-06-16 10:53:03,001378,德冠新材,20.36,-0.8281,20.54,20.57,19.53,20.53,79724403.02,20.53,19.01
2026-06-16T10:53:08,2026-06-16 10:53:06,003009,中天火箭,62.03,-2.698,62.61,62.61,61.01,63.75,379145444.7,63.75,55.56
2026-06-16T10:53:08,2026-06-16 10:53:06,001206,依依股份,17.78,1.3105,17.47,17.93,17.1,17.55,86188895.72,17.55,15.81
2026-06-16T10:53:08,2026-06-16 10:53:06,001299,美能能源,10.78,-1.4625,10.96,11.0,10.68,10.94,33038998.26,10.94,10.38
2026-06-16T10:53:08,2026-06-16 10:53:06,001268,联合精密,40.7,-4.5945,42.0,42.01,40.0,42.66,68253937.0,41.34,38.033
2026-06-16T10:53:08,2026-06-16 10:53:06,002240,盛新锂能,49.43,-4.2611,50.52,50.55,48.8,51.63,2472062772.84,50.517,46.475
2026-06-16T10:54:09,2026-06-16 10:54:06,000759,中百集团,6.08,2.1849,5.93,6.28,5.89,5.95,351488141.48,5.95,5.3
2026-06-16T10:54:09,2026-06-16 10:54:06,603036,如通股份,14.89,2.4776,14.46,15.15,14.35,14.53,81584037.0,14.53,13.43
2026-06-16T10:54:09,2026-06-16 10:54:06,001378,德冠新材,20.36,-0.8281,20.54,20.57,19.53,20.53,79956413.02,20.53,19.01
2026-06-16T10:54:09,2026-06-16 10:54:06,003009,中天火箭,61.9,-2.902,62.61,62.61,61.01,63.75,382314545.7,63.75,55.56
2026-06-16T10:54:09,2026-06-16 10:54:06,001206,依依股份,17.74,1.0826,17.47,17.93,17.1,17.55,86332709.72,17.55,15.81
2026-06-16T10:54:09,2026-06-16 10:54:03,001299,美能能源,10.75,-1.7367,10.96,11.0,10.68,10.94,33234843.26,10.94,10.38
2026-06-16T10:54:09,2026-06-16 10:54:06,001268,联合精密,40.6,-4.8289,42.0,42.01,40.0,42.66,68432599.0,41.34,38.033
2026-06-16T10:54:09,2026-06-16 10:54:06,002240,盛新锂能,49.41,-4.2998,50.52,50.55,48.8,51.63,2479303423.84,50.517,46.475
2026-06-16T10:55:09,2026-06-16 10:55:09,000759,中百集团,6.08,2.1849,5.93,6.28,5.89,5.95,352385083.48,5.95,5.3
2026-06-16T10:55:09,2026-06-16 10:55:06,603036,如通股份,14.9,2.5465,14.46,15.15,14.35,14.53,81679342.0,14.53,13.43
2026-06-16T10:55:09,2026-06-16 10:55:06,001378,德冠新材,20.38,-0.7306,20.54,20.57,19.53,20.53,80135675.02,20.53,19.01
2026-06-16T10:55:09,2026-06-16 10:55:06,003009,中天火箭,61.8,-3.0588,62.61,62.61,61.01,63.75,384948500.7,63.75,55.56
2026-06-16T10:55:09,2026-06-16 10:55:06,001206,依依股份,17.69,0.7977,17.47,17.93,17.1,17.55,86552316.72,17.55,15.81
2026-06-16T10:55:09,2026-06-16 10:55:03,001299,美能能源,10.75,-1.7367,10.96,11.0,10.68,10.94,33243457.26,10.94,10.38
2026-06-16T10:55:09,2026-06-16 10:55:06,001268,联合精密,40.66,-4.6882,42.0,42.01,40.0,42.66,68530077.0,41.34,38.033
2026-06-16T10:55:09,2026-06-16 10:55:06,002240,盛新锂能,49.48,-4.1642,50.52,50.55,48.8,51.63,2483098697.84,50.517,46.475
2026-06-16T10:56:10,2026-06-16 10:56:09,000759,中百集团,6.09,2.3529,5.93,6.28,5.89,5.95,352899636.48,5.95,5.3
2026-06-16T10:56:10,2026-06-16 10:56:09,603036,如通股份,14.92,2.6841,14.46,15.15,14.35,14.53,81804593.0,14.53,13.43
2026-06-16T10:56:10,2026-06-16 10:56:06,001378,德冠新材,20.38,-0.7306,20.54,20.57,19.53,20.53,80243690.02,20.53,19.01
2026-06-16T10:56:10,2026-06-16 10:56:09,003009,中天火箭,61.85,-2.9804,62.61,62.61,61.01,63.75,387082281.7,63.75,55.56
2026-06-16T10:56:10,2026-06-16 10:56:09,001206,依依股份,17.73,1.0256,17.47,17.93,17.1,17.55,86755982.72,17.55,15.81
2026-06-16T10:56:10,2026-06-16 10:56:09,001299,美能能源,10.75,-1.7367,10.96,11.0,10.68,10.94,33290830.26,10.94,10.38
2026-06-16T10:56:10,2026-06-16 10:56:09,001268,联合精密,40.68,-4.6414,42.0,42.01,40.0,42.66,68648134.0,41.34,38.033
2026-06-16T10:56:10,2026-06-16 10:56:09,002240,盛新锂能,49.49,-4.1449,50.52,50.55,48.8,51.63,2487700912.84,50.517,46.475
2026-06-16T10:57:11,2026-06-16 10:57:09,000759,中百集团,6.09,2.3529,5.93,6.28,5.89,5.95,353418910.48,5.95,5.3
2026-06-16T10:57:11,2026-06-16 10:57:06,603036,如通股份,14.89,2.4776,14.46,15.15,14.35,14.53,82127981.0,14.53,13.43
2026-06-16T10:57:11,2026-06-16 10:57:09,001378,德冠新材,20.4,-0.6332,20.54,20.57,19.53,20.53,80693017.82,20.53,19.01
2026-06-16T10:57:11,2026-06-16 10:57:09,003009,中天火箭,61.96,-2.8078,62.61,62.61,61.01,63.75,388542659.7,63.75,55.56
2026-06-16T10:57:11,2026-06-16 10:56:54,001206,依依股份,17.74,1.0826,17.47,17.93,17.1,17.55,87194009.72,17.55,15.81
2026-06-16T10:57:11,2026-06-16 10:57:09,001299,美能能源,10.75,-1.7367,10.96,11.0,10.68,10.94,33340316.26,10.94,10.38
2026-06-16T10:57:11,2026-06-16 10:57:09,001268,联合精密,40.68,-4.6414,42.0,42.01,40.0,42.66,68656270.0,41.34,38.033
2026-06-16T10:57:11,2026-06-16 10:57:09,002240,盛新锂能,49.6,-3.9318,50.52,50.55,48.8,51.63,2492761598.84,50.517,46.475
2026-06-16T10:58:11,2026-06-16 10:58:09,000759,中百集团,6.09,2.3529,5.93,6.28,5.89,5.95,353571132.48,5.95,5.3
2026-06-16T10:58:11,2026-06-16 10:58:06,603036,如通股份,14.89,2.4776,14.46,15.15,14.35,14.53,82345313.0,14.53,13.43
2026-06-16T10:58:11,2026-06-16 10:58:06,001378,德冠新材,20.41,-0.5845,20.54,20.57,19.53,20.53,80978656.82,20.53,19.01
2026-06-16T10:58:11,2026-06-16 10:58:09,003009,中天火箭,61.83,-3.0118,62.61,62.61,61.01,63.75,391297579.7,63.75,55.56
2026-06-16T10:58:11,2026-06-16 10:58:09,001206,依依股份,17.71,0.9117,17.47,17.93,17.1,17.55,87296796.72,17.55,15.81
2026-06-16T10:58:11,2026-06-16 10:58:09,001299,美能能源,10.76,-1.6453,10.96,11.0,10.68,10.94,33388736.26,10.94,10.38
2026-06-16T10:58:11,2026-06-16 10:58:09,001268,联合精密,40.66,-4.6882,42.0,42.01,40.0,42.66,68782337.0,41.34,38.033
2026-06-16T10:58:11,2026-06-16 10:58:09,002240,盛新锂能,49.67,-3.7962,50.52,50.55,48.8,51.63,2497230438.84,50.517,46.475
2026-06-16T10:59:11,2026-06-16 10:59:09,000759,中百集团,6.08,2.1849,5.93,6.28,5.89,5.95,354673919.48,5.95,5.3
2026-06-16T10:59:11,2026-06-16 10:59:06,603036,如通股份,14.87,2.34,14.46,15.15,14.35,14.53,82468801.0,14.53,13.43
2026-06-16T10:59:11,2026-06-16 10:59:09,001378,德冠新材,20.4,-0.6332,20.54,20.57,19.53,20.53,81198927.82,20.53,19.01
2026-06-16T10:59:11,2026-06-16 10:59:06,003009,中天火箭,61.76,-3.1216,62.61,62.61,61.01,63.75,392824433.7,63.75,55.56
2026-06-16T10:59:11,2026-06-16 10:59:09,001206,依依股份,17.67,0.6838,17.47,17.93,17.1,17.55,87388768.72,17.55,15.81
2026-06-16T10:59:11,2026-06-16 10:59:09,001299,美能能源,10.76,-1.6453,10.96,11.0,10.68,10.94,33475874.26,10.94,10.38
2026-06-16T10:59:11,2026-06-16 10:59:06,001268,联合精密,40.62,-4.782,42.0,42.01,40.0,42.66,69074869.0,41.34,38.033
2026-06-16T10:59:11,2026-06-16 10:59:09,002240,盛新锂能,49.69,-3.7575,50.52,50.55,48.8,51.63,2502830217.84,50.517,46.475
2026-06-16T11:00:12,2026-06-16 11:00:09,000759,中百集团,6.08,2.1849,5.93,6.28,5.89,5.95,355649442.48,5.95,5.3
2026-06-16T11:00:12,2026-06-16 11:00:09,603036,如通股份,14.86,2.2712,14.46,15.15,14.35,14.53,83281117.0,14.53,13.43
2026-06-16T11:00:12,2026-06-16 11:00:09,001378,德冠新材,20.39,-0.6819,20.54,20.57,19.53,20.53,81449674.82,20.53,19.01
2026-06-16T11:00:12,2026-06-16 11:00:09,003009,中天火箭,61.64,-3.3098,62.61,62.61,61.01,63.75,395452847.7,63.75,55.56
2026-06-16T11:00:12,2026-06-16 11:00:09,001206,依依股份,17.67,0.6838,17.47,17.93,17.1,17.55,87627461.72,17.55,15.81
2026-06-16T11:00:12,2026-06-16 11:00:09,001299,美能能源,10.76,-1.6453,10.96,11.0,10.68,10.94,33564097.26,10.94,10.38
2026-06-16T11:00:12,2026-06-16 11:00:09,001268,联合精密,40.4,-5.2977,42.0,42.01,40.0,42.66,70249386.0,41.34,38.033
2026-06-16T11:00:12,2026-06-16 11:00:09,002240,盛新锂能,49.69,-3.7575,50.52,50.55,48.8,51.63,2508518692.94,50.517,46.475
2026-06-16T11:01:12,2026-06-16 11:01:12,000759,中百集团,6.08,2.1849,5.93,6.28,5.89,5.95,356400831.48,5.95,5.3
2026-06-16T11:01:12,2026-06-16 11:01:09,603036,如通股份,14.87,2.34,14.46,15.15,14.35,14.53,83429826.0,14.53,13.43
2026-06-16T11:01:12,2026-06-16 11:01:06,001378,德冠新材,20.41,-0.5845,20.54,20.57,19.53,20.53,81916942.82,20.53,19.01
2026-06-16T11:01:12,2026-06-16 11:01:09,003009,中天火箭,61.83,-3.0118,62.61,62.61,61.01,63.75,396189104.4,63.75,55.56
2026-06-16T11:01:12,2026-06-16 11:01:09,001206,依依股份,17.72,0.9687,17.47,17.93,17.1,17.55,88009449.72,17.55,15.81
2026-06-16T11:01:12,2026-06-16 11:01:12,001299,美能能源,10.77,-1.5539,10.96,11.0,10.68,10.94,33646987.26,10.94,10.38
2026-06-16T11:01:12,2026-06-16 11:01:09,001268,联合精密,40.43,-5.2274,42.0,42.01,40.0,42.66,70859435.0,41.34,38.033
2026-06-16T11:01:12,2026-06-16 11:01:09,002240,盛新锂能,49.64,-3.8543,50.52,50.55,48.8,51.63,2516740747.94,50.517,46.475
2026-06-16T11:02:12,2026-06-16 11:02:12,000759,中百集团,6.08,2.1849,5.93,6.28,5.89,5.95,356749474.48,5.95,5.3
2026-06-16T11:02:12,2026-06-16 11:02:09,603036,如通股份,14.89,2.4776,14.46,15.15,14.35,14.53,83523543.0,14.53,13.43
2026-06-16T11:02:12,2026-06-16 11:02:06,001378,德冠新材,20.41,-0.5845,20.54,20.57,19.53,20.53,81984294.82,20.53,19.01
2026-06-16T11:02:12,2026-06-16 11:02:09,003009,中天火箭,61.63,-3.3255,62.61,62.61,61.01,63.75,397015655.4,63.75,55.56
2026-06-16T11:02:12,2026-06-16 11:02:12,001206,依依股份,17.71,0.9117,17.47,17.93,17.1,17.55,88066121.72,17.55,15.81
2026-06-16T11:02:12,2026-06-16 11:02:12,001299,美能能源,10.77,-1.5539,10.96,11.0,10.68,10.94,33658834.26,10.94,10.38
2026-06-16T11:02:12,2026-06-16 11:02:12,001268,联合精密,40.48,-5.1102,42.0,42.01,40.0,42.66,71053594.0,41.34,38.033
2026-06-16T11:02:12,2026-06-16 11:02:09,002240,盛新锂能,49.65,-3.835,50.52,50.55,48.8,51.63,2522177827.94,50.517,46.475
2026-06-16T11:03:13,2026-06-16 11:03:09,000759,中百集团,6.08,2.1849,5.93,6.28,5.89,5.95,357146006.48,5.95,5.3
2026-06-16T11:03:13,2026-06-16 11:03:06,603036,如通股份,14.88,2.4088,14.46,15.15,14.35,14.53,83684268.0,14.53,13.43
2026-06-16T11:03:13,2026-06-16 11:03:09,001378,德冠新材,20.4,-0.6332,20.54,20.57,19.53,20.53,82078172.82,20.53,19.01
2026-06-16T11:03:13,2026-06-16 11:03:09,003009,中天火箭,61.71,-3.2,62.61,62.61,61.01,63.75,397657560.4,63.75,55.56
2026-06-16T11:03:13,2026-06-16 11:03:09,001206,依依股份,17.69,0.7977,17.47,17.93,17.1,17.55,88179389.72,17.55,15.81
2026-06-16T11:03:13,2026-06-16 11:03:09,001299,美能能源,10.75,-1.7367,10.96,11.0,10.68,10.94,33726633.26,10.94,10.38
2026-06-16T11:03:13,2026-06-16 11:03:09,001268,联合精密,40.57,-4.8992,42.0,42.01,40.0,42.66,71386036.0,41.34,38.033
2026-06-16T11:03:13,2026-06-16 11:03:09,002240,盛新锂能,49.64,-3.8543,50.52,50.55,48.8,51.63,2525553942.94,50.517,46.475
2026-06-16T11:04:13,2026-06-16 11:04:12,000759,中百集团,6.09,2.3529,5.93,6.28,5.89,5.95,357307938.48,5.95,5.3
2026-06-16T11:04:13,2026-06-16 11:04:09,603036,如通股份,14.87,2.34,14.46,15.15,14.35,14.53,83813662.0,14.53,13.43
2026-06-16T11:04:13,2026-06-16 11:04:09,001378,德冠新材,20.4,-0.6332,20.54,20.57,19.53,20.53,82182128.82,20.53,19.01
2026-06-16T11:04:13,2026-06-16 11:04:12,003009,中天火箭,61.67,-3.2627,62.61,62.61,61.01,63.75,399372956.4,63.75,55.56
2026-06-16T11:04:13,2026-06-16 11:04:06,001206,依依股份,17.69,0.7977,17.47,17.93,17.1,17.55,88329734.72,17.55,15.81
2026-06-16T11:04:13,2026-06-16 11:04:12,001299,美能能源,10.76,-1.6453,10.96,11.0,10.68,10.94,33829859.26,10.94,10.38
2026-06-16T11:04:13,2026-06-16 11:04:09,001268,联合精密,40.61,-4.8054,42.0,42.01,40.0,42.66,71807995.0,41.34,38.033
2026-06-16T11:04:13,2026-06-16 11:04:12,002240,盛新锂能,49.73,-3.68,50.52,50.55,48.8,51.63,2542326582.74,50.517,46.475
2026-06-16T11:05:13,2026-06-16 11:05:12,000759,中百集团,6.09,2.3529,5.93,6.28,5.89,5.95,357576138.48,5.95,5.3
2026-06-16T11:05:13,2026-06-16 11:05:03,603036,如通股份,14.87,2.34,14.46,15.15,14.35,14.53,83832993.0,14.53,13.43
2026-06-16T11:05:13,2026-06-16 11:05:12,001378,德冠新材,20.4,-0.6332,20.54,20.57,19.53,20.53,82585866.82,20.53,19.01
2026-06-16T11:05:13,2026-06-16 11:05:12,003009,中天火箭,61.6,-3.3725,62.61,62.61,61.01,63.75,400790280.4,63.75,55.56
2026-06-16T11:05:13,2026-06-16 11:05:12,001206,依依股份,17.71,0.9117,17.47,17.93,17.1,17.55,88751177.72,17.55,15.81
2026-06-16T11:05:13,2026-06-16 11:05:06,001299,美能能源,10.77,-1.5539,10.96,11.0,10.68,10.94,33868601.26,10.94,10.38
2026-06-16T11:05:13,2026-06-16 11:05:12,001268,联合精密,40.55,-4.9461,42.0,42.01,40.0,42.66,72083845.0,41.34,38.033
2026-06-16T11:05:13,2026-06-16 11:05:12,002240,盛新锂能,49.94,-3.2733,50.52,50.55,48.8,51.63,2566993335.74,50.517,46.475
2026-06-16T11:06:14,2026-06-16 11:06:12,000759,中百集团,6.08,2.1849,5.93,6.28,5.89,5.95,357728796.48,5.95,5.3
2026-06-16T11:06:14,2026-06-16 11:06:09,603036,如通股份,14.86,2.2712,14.46,15.15,14.35,14.53,83981628.0,14.53,13.43
2026-06-16T11:06:14,2026-06-16 11:06:12,001378,德冠新材,20.4,-0.6332,20.54,20.57,19.53,20.53,82665443.22,20.53,19.01
2026-06-16T11:06:14,2026-06-16 11:06:12,003009,中天火箭,61.57,-3.4196,62.61,62.61,61.01,63.75,401763420.4,63.75,55.56
2026-06-16T11:06:14,2026-06-16 11:06:12,001206,依依股份,17.7,0.8547,17.47,17.93,17.1,17.55,88816679.72,17.55,15.81
2026-06-16T11:06:14,2026-06-16 11:06:12,001299,美能能源,10.77,-1.5539,10.96,11.0,10.68,10.94,33937482.26,10.94,10.38
2026-06-16T11:06:14,2026-06-16 11:06:12,001268,联合精密,40.55,-4.9461,42.0,42.01,40.0,42.66,72359600.0,41.34,38.033
2026-06-16T11:06:14,2026-06-16 11:06:12,002240,盛新锂能,50.19,-2.7891,50.52,50.55,48.8,51.63,2588757980.46,50.517,46.475
2026-06-16T11:07:14,2026-06-16 11:07:12,000759,中百集团,6.09,2.3529,5.93,6.28,5.89,5.95,358211399.48,5.95,5.3
2026-06-16T11:07:14,2026-06-16 11:07:09,603036,如通股份,14.86,2.2712,14.46,15.15,14.35,14.53,84073760.0,14.53,13.43
2026-06-16T11:07:14,2026-06-16 11:07:12,001378,德冠新材,20.42,-0.5358,20.54,20.57,19.53,20.53,83075290.62,20.53,19.01
2026-06-16T11:07:14,2026-06-16 11:07:12,003009,中天火箭,61.56,-3.4353,62.61,62.61,61.01,63.75,402526726.4,63.75,55.56
2026-06-16T11:07:14,2026-06-16 11:07:12,001206,依依股份,17.69,0.7977,17.47,17.93,17.1,17.55,89324231.72,17.55,15.81
2026-06-16T11:07:14,2026-06-16 11:07:12,001299,美能能源,10.76,-1.6453,10.96,11.0,10.68,10.94,34030018.26,10.94,10.38
2026-06-16T11:07:14,2026-06-16 11:07:12,001268,联合精密,40.59,-4.8523,42.0,42.01,40.0,42.66,72542127.0,41.34,38.033
2026-06-16T11:07:14,2026-06-16 11:07:12,002240,盛新锂能,50.18,-2.8084,50.52,50.55,48.8,51.63,2626702508.48,50.517,46.475
2026-06-16T11:08:14,2026-06-16 11:08:12,000759,中百集团,6.08,2.1849,5.93,6.28,5.89,5.95,358563436.48,5.95,5.3
2026-06-16T11:08:14,2026-06-16 11:08:12,603036,如通股份,14.89,2.4776,14.46,15.15,14.35,14.53,84286601.0,14.53,13.43
2026-06-16T11:08:14,2026-06-16 11:08:12,001378,德冠新材,20.42,-0.5358,20.54,20.57,19.53,20.53,83322951.22,20.53,19.01
2026-06-16T11:08:14,2026-06-16 11:08:12,003009,中天火箭,61.52,-3.498,62.61,62.61,61.01,63.75,403455603.4,63.75,55.56
2026-06-16T11:08:14,2026-06-16 11:08:12,001206,依依股份,17.72,0.9687,17.47,17.93,17.1,17.55,89434040.72,17.55,15.81
2026-06-16T11:08:14,2026-06-16 11:08:12,001299,美能能源,10.75,-1.7367,10.96,11.0,10.68,10.94,34111734.26,10.94,10.38
2026-06-16T11:08:14,2026-06-16 11:08:09,001268,联合精密,40.67,-4.6648,42.0,42.01,40.0,42.66,72635563.0,41.34,38.033
2026-06-16T11:08:14,2026-06-16 11:08:12,002240,盛新锂能,50.09,-2.9828,50.52,50.55,48.8,51.63,2649401583.12,50.517,46.475
2026-06-16T11:09:14,2026-06-16 11:09:12,000759,中百集团,6.09,2.3529,5.93,6.28,5.89,5.95,359147269.48,5.95,5.3
2026-06-16T11:09:14,2026-06-16 11:09:12,603036,如通股份,14.91,2.6153,14.46,15.15,14.35,14.53,84531066.0,14.53,13.43
2026-06-16T11:09:14,2026-06-16 11:09:09,001378,德冠新材,20.42,-0.5358,20.54,20.57,19.53,20.53,83486375.22,20.53,19.01
2026-06-16T11:09:14,2026-06-16 11:09:12,003009,中天火箭,61.49,-3.5451,62.61,62.61,61.01,63.75,404870199.4,63.75,55.56
2026-06-16T11:09:14,2026-06-16 11:09:12,001206,依依股份,17.71,0.9117,17.47,17.93,17.1,17.55,89630716.72,17.55,15.81
2026-06-16T11:09:14,2026-06-16 11:09:12,001299,美能能源,10.75,-1.7367,10.96,11.0,10.68,10.94,34610524.26,10.94,10.38
2026-06-16T11:09:14,2026-06-16 11:09:09,001268,联合精密,40.68,-4.6414,42.0,42.01,40.0,42.66,72655903.0,41.34,38.033
2026-06-16T11:09:14,2026-06-16 11:09:12,002240,盛新锂能,50.08,-3.0021,50.52,50.55,48.8,51.63,2671498972.2,50.517,46.475
2026-06-16T11:10:15,2026-06-16 11:10:15,000759,中百集团,6.11,2.6891,5.93,6.28,5.89,5.95,362628490.48,5.95,5.3
2026-06-16T11:10:15,2026-06-16 11:10:12,603036,如通股份,14.9,2.5465,14.46,15.15,14.35,14.53,84626487.0,14.53,13.43
2026-06-16T11:10:15,2026-06-16 11:10:12,001378,德冠新材,20.4,-0.6332,20.54,20.57,19.53,20.53,83598586.22,20.53,19.01
2026-06-16T11:10:15,2026-06-16 11:10:12,003009,中天火箭,61.48,-3.5608,62.61,62.61,61.01,63.75,406001397.4,63.75,55.56
2026-06-16T11:10:15,2026-06-16 11:10:12,001206,依依股份,17.71,0.9117,17.47,17.93,17.1,17.55,89683831.72,17.55,15.81
2026-06-16T11:10:15,2026-06-16 11:10:15,001299,美能能源,10.74,-1.8282,10.96,11.0,10.68,10.94,34702903.26,10.94,10.38
2026-06-16T11:10:15,2026-06-16 11:10:12,001268,联合精密,40.74,-4.5007,42.0,42.01,40.0,42.66,74113388.0,41.34,38.033
2026-06-16T11:10:15,2026-06-16 11:10:12,002240,盛新锂能,50.01,-3.1377,50.52,50.55,48.8,51.63,2688210771.2,50.517,46.475
2026-06-16T11:11:15,2026-06-16 11:11:15,000759,中百集团,6.1,2.521,5.93,6.28,5.89,5.95,363329799.48,5.95,5.3
2026-06-16T11:11:15,2026-06-16 11:11:06,603036,如通股份,14.92,2.6841,14.46,15.15,14.35,14.53,84698098.0,14.53,13.43
2026-06-16T11:11:15,2026-06-16 11:11:12,001378,德冠新材,20.39,-0.6819,20.54,20.57,19.53,20.53,83678150.22,20.53,19.01
2026-06-16T11:11:15,2026-06-16 11:11:12,003009,中天火箭,61.53,-3.4824,62.61,62.61,61.01,63.75,406733380.4,63.75,55.56
2026-06-16T11:11:15,2026-06-16 11:11:15,001206,依依股份,17.77,1.2536,17.47,17.93,17.1,17.55,90218436.72,17.55,15.81
2026-06-16T11:11:15,2026-06-16 11:11:12,001299,美能能源,10.74,-1.8282,10.96,11.0,10.68,10.94,34828507.86,10.94,10.38
2026-06-16T11:11:15,2026-06-16 11:11:15,001268,联合精密,40.96,-3.985,42.0,42.01,40.0,42.66,74367024.0,41.34,38.033
2026-06-16T11:11:15,2026-06-16 11:11:12,002240,盛新锂能,50.02,-3.1183,50.52,50.55,48.8,51.63,2697701503.12,50.517,46.475
2026-06-16T11:12:15,2026-06-16 11:12:15,000759,中百集团,6.1,2.521,5.93,6.28,5.89,5.95,364664592.48,5.95,5.3
2026-06-16T11:12:15,2026-06-16 11:12:12,603036,如通股份,14.92,2.6841,14.46,15.15,14.35,14.53,84821998.0,14.53,13.43
2026-06-16T11:12:15,2026-06-16 11:12:12,001378,德冠新材,20.41,-0.5845,20.54,20.57,19.53,20.53,83812769.22,20.53,19.01
2026-06-16T11:12:15,2026-06-16 11:12:12,003009,中天火箭,61.52,-3.498,62.61,62.61,61.01,63.75,407609919.64,63.75,55.56
2026-06-16T11:12:15,2026-06-16 11:12:12,001206,依依股份,17.73,1.0256,17.47,17.93,17.1,17.55,90298339.72,17.55,15.81
2026-06-16T11:12:15,2026-06-16 11:12:12,001299,美能能源,10.73,-1.9196,10.96,11.0,10.68,10.94,34973853.46,10.94,10.38
2026-06-16T11:12:15,2026-06-16 11:12:12,001268,联合精密,40.8,-4.3601,42.0,42.01,40.0,42.66,75340256.0,41.34,38.033
2026-06-16T11:12:15,2026-06-16 11:12:12,002240,盛新锂能,50.06,-3.0409,50.52,50.55,48.8,51.63,2716088759.94,50.517,46.475
2026-06-16T11:13:16,2026-06-16 11:13:15,000759,中百集团,6.11,2.6891,5.93,6.28,5.89,5.95,365036407.48,5.95,5.3
2026-06-16T11:13:16,2026-06-16 11:13:03,603036,如通股份,14.93,2.7529,14.46,15.15,14.35,14.53,84966812.0,14.53,13.43
2026-06-16T11:13:16,2026-06-16 11:13:15,001378,德冠新材,20.42,-0.5358,20.54,20.57,19.53,20.53,83919552.22,20.53,19.01
2026-06-16T11:13:16,2026-06-16 11:13:12,003009,中天火箭,61.56,-3.4353,62.61,62.61,61.01,63.75,408348463.64,63.75,55.56
2026-06-16T11:13:16,2026-06-16 11:13:12,001206,依依股份,17.71,0.9117,17.47,17.93,17.1,17.55,90438323.72,17.55,15.81
2026-06-16T11:13:16,2026-06-16 11:13:15,001299,美能能源,10.73,-1.9196,10.96,11.0,10.68,10.94,35090870.46,10.94,10.38
2026-06-16T11:13:16,2026-06-16 11:13:15,001268,联合精密,40.9,-4.1256,42.0,42.01,40.0,42.66,75597836.0,41.34,38.033
2026-06-16T11:13:16,2026-06-16 11:13:12,002240,盛新锂能,50.06,-3.0409,50.52,50.55,48.8,51.63,2725725330.94,50.517,46.475
2026-06-16T11:14:16,2026-06-16 11:14:15,000759,中百集团,6.11,2.6891,5.93,6.28,5.89,5.95,365720574.48,5.95,5.3
2026-06-16T11:14:16,2026-06-16 11:14:15,603036,如通股份,14.93,2.7529,14.46,15.15,14.35,14.53,85053404.0,14.53,13.43
2026-06-16T11:14:16,2026-06-16 11:14:15,001378,德冠新材,20.45,-0.3897,20.54,20.57,19.53,20.53,84008652.62,20.53,19.01
2026-06-16T11:14:16,2026-06-16 11:14:15,003009,中天火箭,61.45,-3.6078,62.61,62.61,61.01,63.75,410720425.29,63.75,55.56
2026-06-16T11:14:16,2026-06-16 11:14:12,001206,依依股份,17.71,0.9117,17.47,17.93,17.1,17.55,90510952.72,17.55,15.81
2026-06-16T11:14:16,2026-06-16 11:14:15,001299,美能能源,10.73,-1.9196,10.96,11.0,10.68,10.94,35094091.46,10.94,10.38
2026-06-16T11:14:16,2026-06-16 11:14:12,001268,联合精密,40.83,-4.2897,42.0,42.01,40.0,42.66,77549785.0,41.34,38.033
2026-06-16T11:14:16,2026-06-16 11:14:15,002240,盛新锂能,50.01,-3.1377,50.52,50.55,48.8,51.63,2735180500.94,50.517,46.475
2026-06-16T11:15:16,2026-06-16 11:15:15,000759,中百集团,6.11,2.6891,5.93,6.28,5.89,5.95,366507374.48,5.95,5.3
2026-06-16T11:15:16,2026-06-16 11:15:12,603036,如通股份,14.95,2.8906,14.46,15.15,14.35,14.53,85158022.0,14.53,13.43
2026-06-16T11:15:16,2026-06-16 11:15:09,001378,德冠新材,20.44,-0.4384,20.54,20.57,19.53,20.53,84168915.62,20.53,19.01
2026-06-16T11:15:16,2026-06-16 11:15:15,003009,中天火箭,61.46,-3.5922,62.61,62.61,61.01,63.75,412847073.29,63.75,55.56
2026-06-16T11:15:16,2026-06-16 11:15:15,001206,依依股份,17.72,0.9687,17.47,17.93,17.1,17.55,90656404.72,17.55,15.81
2026-06-16T11:15:16,2026-06-16 11:15:06,001299,美能能源,10.75,-1.7367,10.96,11.0,10.68,10.94,35719077.66,10.94,10.38
2026-06-16T11:15:16,2026-06-16 11:15:15,001268,联合精密,40.85,-4.2429,42.0,42.01,40.0,42.66,77954016.0,41.34,38.033
2026-06-16T11:15:16,2026-06-16 11:15:15,002240,盛新锂能,50.0,-3.1571,50.52,50.55,48.8,51.63,2741811068.94,50.517,46.475
2026-06-16T11:16:17,2026-06-16 11:16:15,000759,中百集团,6.12,2.8571,5.93,6.28,5.89,5.95,367079172.48,5.95,5.3
2026-06-16T11:16:17,2026-06-16 11:16:15,603036,如通股份,15.04,3.51,14.46,15.15,14.35,14.53,85916811.0,14.53,13.43
2026-06-16T11:16:17,2026-06-16 11:16:15,001378,德冠新材,20.52,-0.0487,20.54,20.57,19.53,20.53,85152531.02,20.53,19.01
2026-06-16T11:16:17,2026-06-16 11:16:15,003009,中天火箭,61.59,-3.3882,62.61,62.61,61.01,63.75,414162081.29,63.75,55.56
2026-06-16T11:16:17,2026-06-16 11:16:15,001206,依依股份,17.76,1.1966,17.47,17.93,17.1,17.55,90786002.72,17.55,15.81
2026-06-16T11:16:17,2026-06-16 11:16:15,001299,美能能源,10.76,-1.6453,10.96,11.0,10.68,10.94,35875000.66,10.94,10.38
2026-06-16T11:16:17,2026-06-16 11:16:09,001268,联合精密,40.87,-4.196,42.0,42.01,40.0,42.66,78105173.0,41.34,38.033
2026-06-16T11:16:17,2026-06-16 11:16:15,002240,盛新锂能,50.05,-3.0602,50.52,50.55,48.8,51.63,2745362940.94,50.517,46.475
2026-06-16T11:17:17,2026-06-16 11:17:15,000759,中百集团,6.12,2.8571,5.93,6.28,5.89,5.95,367801322.48,5.95,5.3
2026-06-16T11:17:17,2026-06-16 11:17:15,603036,如通股份,15.01,3.3035,14.46,15.15,14.35,14.53,86017444.0,14.53,13.43
2026-06-16T11:17:17,2026-06-16 11:17:15,001378,德冠新材,20.49,-0.1948,20.54,20.57,19.53,20.53,86425641.02,20.53,19.01
2026-06-16T11:17:17,2026-06-16 11:17:15,003009,中天火箭,61.6,-3.3725,62.61,62.61,61.01,63.75,415055231.29,63.75,55.56
2026-06-16T11:17:17,2026-06-16 11:17:15,001206,依依股份,17.74,1.0826,17.47,17.93,17.1,17.55,90862304.72,17.55,15.81
2026-06-16T11:17:17,2026-06-16 11:17:15,001299,美能能源,10.77,-1.5539,10.96,11.0,10.68,10.94,35931003.66,10.94,10.38
2026-06-16T11:17:17,2026-06-16 11:17:12,001268,联合精密,40.84,-4.2663,42.0,42.01,40.0,42.66,78534160.0,41.34,38.033
2026-06-16T11:17:17,2026-06-16 11:17:15,002240,盛新锂能,50.31,-2.5567,50.52,50.55,48.8,51.63,2758725552.9,50.517,46.475
2026-06-16T11:18:17,2026-06-16 11:18:15,000759,中百集团,6.12,2.8571,5.93,6.28,5.89,5.95,368222568.48,5.95,5.3
2026-06-16T11:18:17,2026-06-16 11:18:15,603036,如通股份,14.99,3.1659,14.46,15.15,14.35,14.53,86235039.0,14.53,13.43
2026-06-16T11:18:17,2026-06-16 11:18:15,001378,德冠新材,20.45,-0.3897,20.54,20.57,19.53,20.53,86605699.02,20.53,19.01
2026-06-16T11:18:17,2026-06-16 11:18:15,003009,中天火箭,61.52,-3.498,62.61,62.61,61.01,63.75,415492280.29,63.75,55.56
2026-06-16T11:18:17,2026-06-16 11:18:15,001206,依依股份,17.72,0.9687,17.47,17.93,17.1,17.55,90931412.72,17.55,15.81
2026-06-16T11:18:17,2026-06-16 11:18:15,001299,美能能源,10.77,-1.5539,10.96,11.0,10.68,10.94,35950389.66,10.94,10.38
2026-06-16T11:18:17,2026-06-16 11:18:15,001268,联合精密,40.72,-4.5476,42.0,42.01,40.0,42.66,78566759.0,41.34,38.033
2026-06-16T11:18:17,2026-06-16 11:18:15,002240,盛新锂能,50.48,-2.2274,50.52,50.55,48.8,51.63,2772787050.9,50.517,46.475
2026-06-16T11:19:18,2026-06-16 11:19:15,000759,中百集团,6.11,2.6891,5.93,6.28,5.89,5.95,368824091.48,5.95,5.3
2026-06-16T11:19:18,2026-06-16 11:19:15,603036,如通股份,14.99,3.1659,14.46,15.15,14.35,14.53,86340000.0,14.53,13.43
2026-06-16T11:19:18,2026-06-16 11:19:15,001378,德冠新材,20.47,-0.2923,20.54,20.57,19.53,20.53,87394026.02,20.53,19.01
2026-06-16T11:19:18,2026-06-16 11:19:09,003009,中天火箭,61.49,-3.5451,62.61,62.61,61.01,63.75,416316450.29,63.75,55.56
2026-06-16T11:19:18,2026-06-16 11:19:15,001206,依依股份,17.71,0.9117,17.47,17.93,17.1,17.55,90977458.72,17.55,15.81
2026-06-16T11:19:18,2026-06-16 11:19:15,001299,美能能源,10.77,-1.5539,10.96,11.0,10.68,10.94,36021425.66,10.94,10.38
2026-06-16T11:19:18,2026-06-16 11:19:15,001268,联合精密,40.78,-4.4069,42.0,42.01,40.0,42.66,78933474.0,41.34,38.033
2026-06-16T11:19:18,2026-06-16 11:19:15,002240,盛新锂能,50.39,-2.4017,50.52,50.55,48.8,51.63,2793213893.9,50.517,46.475
2026-06-16T11:20:18,2026-06-16 11:20:18,000759,中百集团,6.1,2.521,5.93,6.28,5.89,5.95,369756123.48,5.95,5.3
2026-06-16T11:20:18,2026-06-16 11:20:12,603036,如通股份,15.0,3.2347,14.46,15.15,14.35,14.53,86354999.0,14.53,13.43
2026-06-16T11:20:18,2026-06-16 11:20:18,001378,德冠新材,20.56,0.1461,20.54,20.57,19.53,20.53,88104130.22,20.53,19.01
2026-06-16T11:20:18,2026-06-16 11:20:15,003009,中天火箭,61.5,-3.5294,62.61,62.61,61.01,63.75,416740743.29,63.75,55.56
2026-06-16T11:20:18,2026-06-16 11:20:15,001206,依依股份,17.71,0.9117,17.47,17.93,17.1,17.55,91027047.72,17.55,15.81
2026-06-16T11:20:18,2026-06-16 11:20:09,001299,美能能源,10.76,-1.6453,10.96,11.0,10.68,10.94,36055870.66,10.94,10.38
2026-06-16T11:20:18,2026-06-16 11:20:18,001268,联合精密,40.85,-4.2429,42.0,42.01,40.0,42.66,79039589.0,41.34,38.033
2026-06-16T11:20:18,2026-06-16 11:20:15,002240,盛新锂能,50.39,-2.4017,50.52,50.55,48.8,51.63,2804489762.9,50.517,46.475
2026-06-16T11:21:18,2026-06-16 11:21:18,000759,中百集团,6.09,2.3529,5.93,6.28,5.89,5.95,370718467.48,5.95,5.3
2026-06-16T11:21:18,2026-06-16 11:21:09,603036,如通股份,14.99,3.1659,14.46,15.15,14.35,14.53,86590306.0,14.53,13.43
2026-06-16T11:21:18,2026-06-16 11:21:18,001378,德冠新材,20.56,0.1461,20.54,20.57,19.53,20.53,88451392.22,20.53,19.01
2026-06-16T11:21:18,2026-06-16 11:21:15,003009,中天火箭,61.54,-3.4667,62.61,62.61,61.01,63.75,418875315.29,63.75,55.56
2026-06-16T11:21:18,2026-06-16 11:21:18,001206,依依股份,17.76,1.1966,17.47,17.93,17.1,17.55,91775400.72,17.55,15.81
2026-06-16T11:21:18,2026-06-16 11:21:18,001299,美能能源,10.74,-1.8282,10.96,11.0,10.68,10.94,36292201.66,10.94,10.38
2026-06-16T11:21:18,2026-06-16 11:21:18,001268,联合精密,40.83,-4.2897,42.0,42.01,40.0,42.66,79309196.0,41.34,38.033
2026-06-16T11:21:18,2026-06-16 11:21:18,002240,盛新锂能,50.4,-2.3823,50.52,50.55,48.8,51.63,2826433073.9,50.517,46.475
2026-06-16T11:22:19,2026-06-16 11:22:18,000759,中百集团,6.09,2.3529,5.93,6.28,5.89,5.95,371268483.48,5.95,5.3
2026-06-16T11:22:19,2026-06-16 11:22:15,603036,如通股份,14.97,3.0282,14.46,15.15,14.35,14.53,86638204.0,14.53,13.43
2026-06-16T11:22:19,2026-06-16 11:22:18,001378,德冠新材,20.59,0.2923,20.54,20.67,19.53,20.53,90235739.42,20.53,19.01
2026-06-16T11:22:19,2026-06-16 11:22:18,003009,中天火箭,61.49,-3.5451,62.61,62.61,61.01,63.75,421328792.29,63.75,55.56
2026-06-16T11:22:19,2026-06-16 11:22:18,001206,依依股份,17.76,1.1966,17.47,17.93,17.1,17.55,91873057.72,17.55,15.81
2026-06-16T11:22:19,2026-06-16 11:22:18,001299,美能能源,10.74,-1.8282,10.96,11.0,10.68,10.94,36327643.66,10.94,10.38
2026-06-16T11:22:19,2026-06-16 11:22:18,001268,联合精密,40.77,-4.4304,42.0,42.01,40.0,42.66,79781974.0,41.34,38.033
2026-06-16T11:22:19,2026-06-16 11:22:18,002240,盛新锂能,50.24,-2.6922,50.52,50.55,48.8,51.63,2835763000.74,50.517,46.475
2026-06-16T11:23:19,2026-06-16 11:23:15,000759,中百集团,6.09,2.3529,5.93,6.28,5.89,5.95,371445189.48,5.95,5.3
2026-06-16T11:23:19,2026-06-16 11:23:15,603036,如通股份,14.99,3.1659,14.46,15.15,14.35,14.53,86768536.0,14.53,13.43
2026-06-16T11:23:19,2026-06-16 11:23:18,001378,德冠新材,20.58,0.2435,20.54,20.67,19.53,20.53,90916374.22,20.53,19.01
2026-06-16T11:23:19,2026-06-16 11:23:18,003009,中天火箭,61.51,-3.5137,62.61,62.61,61.01,63.75,421562491.29,63.75,55.56
2026-06-16T11:23:19,2026-06-16 11:23:18,001206,依依股份,17.77,1.2536,17.47,17.93,17.1,17.55,91983203.72,17.55,15.81
2026-06-16T11:23:19,2026-06-16 11:23:18,001299,美能能源,10.74,-1.8282,10.96,11.0,10.68,10.94,36329791.66,10.94,10.38
2026-06-16T11:23:19,2026-06-16 11:23:12,001268,联合精密,40.75,-4.4773,42.0,42.01,40.0,42.66,79814578.0,41.34,38.033
2026-06-16T11:23:19,2026-06-16 11:23:18,002240,盛新锂能,50.19,-2.7891,50.52,50.55,48.8,51.63,2842316659.67,50.517,46.475
2026-06-16T11:24:19,2026-06-16 11:24:18,000759,中百集团,6.1,2.521,5.93,6.28,5.89,5.95,371803384.48,5.95,5.3
2026-06-16T11:24:19,2026-06-16 11:24:18,603036,如通股份,14.97,3.0282,14.46,15.15,14.35,14.53,86838963.0,14.53,13.43
2026-06-16T11:24:19,2026-06-16 11:24:18,001378,德冠新材,20.55,0.0974,20.54,20.67,19.53,20.53,91317415.02,20.53,19.01
2026-06-16T11:24:19,2026-06-16 11:24:18,003009,中天火箭,61.43,-3.6392,62.61,62.61,61.01,63.75,424531747.29,63.75,55.56
2026-06-16T11:24:19,2026-06-16 11:24:12,001206,依依股份,17.75,1.1396,17.47,17.93,17.1,17.55,92068427.72,17.55,15.81
2026-06-16T11:24:19,2026-06-16 11:24:15,001299,美能能源,10.74,-1.8282,10.96,11.0,10.68,10.94,36349133.66,10.94,10.38
2026-06-16T11:24:19,2026-06-16 11:24:06,001268,联合精密,40.75,-4.4773,42.0,42.01,40.0,42.66,79834953.0,41.34,38.033
2026-06-16T11:24:19,2026-06-16 11:24:18,002240,盛新锂能,50.15,-2.8666,50.52,50.55,48.8,51.63,2846568819.47,50.517,46.475
2026-06-16T11:25:20,2026-06-16 11:25:18,000759,中百集团,6.09,2.3529,5.93,6.28,5.89,5.95,372332076.48,5.95,5.3
2026-06-16T11:25:20,2026-06-16 11:25:18,603036,如通股份,14.97,3.0282,14.46,15.15,14.35,14.53,86849450.0,14.53,13.43
2026-06-16T11:25:20,2026-06-16 11:25:18,001378,德冠新材,20.55,0.0974,20.54,20.67,19.53,20.53,91730808.22,20.53,19.01
2026-06-16T11:25:20,2026-06-16 11:25:18,003009,中天火箭,61.5,-3.5294,62.61,62.61,61.01,63.75,424869683.29,63.75,55.56
2026-06-16T11:25:20,2026-06-16 11:25:15,001206,依依股份,17.73,1.0256,17.47,17.93,17.1,17.55,92107446.72,17.55,15.81
2026-06-16T11:25:20,2026-06-16 11:25:12,001299,美能能源,10.75,-1.7367,10.96,11.0,10.68,10.94,36389972.66,10.94,10.38
2026-06-16T11:25:20,2026-06-16 11:25:18,001268,联合精密,40.83,-4.2897,42.0,42.01,40.0,42.66,80353112.0,41.34,38.033
2026-06-16T11:25:20,2026-06-16 11:25:18,002240,盛新锂能,50.31,-2.5567,50.52,50.55,48.8,51.63,2853827425.47,50.517,46.475
2026-06-16T11:26:20,2026-06-16 11:26:18,000759,中百集团,6.1,2.521,5.93,6.28,5.89,5.95,372633669.48,5.95,5.3
2026-06-16T11:26:20,2026-06-16 11:26:18,603036,如通股份,14.98,3.097,14.46,15.15,14.35,14.53,86898915.0,14.53,13.43
2026-06-16T11:26:20,2026-06-16 11:26:18,001378,德冠新材,20.54,0.0487,20.54,20.67,19.53,20.53,91905471.22,20.53,19.01
2026-06-16T11:26:20,2026-06-16 11:26:18,003009,中天火箭,61.45,-3.6078,62.61,62.61,61.01,63.75,425926658.29,63.75,55.56
2026-06-16T11:26:20,2026-06-16 11:26:18,001206,依依股份,17.72,0.9687,17.47,17.93,17.1,17.55,92192502.72,17.55,15.81
2026-06-16T11:26:20,2026-06-16 11:26:18,001299,美能能源,10.75,-1.7367,10.96,11.0,10.68,10.94,36556427.66,10.94,10.38
2026-06-16T11:26:20,2026-06-16 11:26:18,001268,联合精密,40.78,-4.4069,42.0,42.01,40.0,42.66,80426562.0,41.34,38.033
2026-06-16T11:26:20,2026-06-16 11:26:18,002240,盛新锂能,50.35,-2.4792,50.52,50.55,48.8,51.63,2864629201.47,50.517,46.475
2026-06-16T11:27:20,2026-06-16 11:27:18,000759,中百集团,6.08,2.1849,5.93,6.28,5.89,5.95,373282491.48,5.95,5.3
2026-06-16T11:27:20,2026-06-16 11:27:18,603036,如通股份,14.97,3.0282,14.46,15.15,14.35,14.53,87006728.0,14.53,13.43
2026-06-16T11:27:20,2026-06-16 11:27:18,001378,德冠新材,20.53,0.0,20.54,20.67,19.53,20.53,92211282.22,20.53,19.01
2026-06-16T11:27:20,2026-06-16 11:27:18,003009,中天火箭,61.45,-3.6078,62.61,62.61,61.01,63.75,426276921.29,63.75,55.56
2026-06-16T11:27:20,2026-06-16 11:27:18,001206,依依股份,17.69,0.7977,17.47,17.93,17.1,17.55,92909429.72,17.55,15.81
2026-06-16T11:27:20,2026-06-16 11:27:15,001299,美能能源,10.74,-1.8282,10.96,11.0,10.68,10.94,36650133.66,10.94,10.38
2026-06-16T11:27:20,2026-06-16 11:27:18,001268,联合精密,40.78,-4.4069,42.0,42.01,40.0,42.66,80695856.0,41.34,38.033
2026-06-16T11:27:20,2026-06-16 11:27:18,002240,盛新锂能,50.22,-2.731,50.52,50.55,48.8,51.63,2876093502.47,50.517,46.475
2026-06-16T11:28:21,2026-06-16 11:28:18,000759,中百集团,6.08,2.1849,5.93,6.28,5.89,5.95,373519107.48,5.95,5.3
2026-06-16T11:28:21,2026-06-16 11:28:18,603036,如通股份,14.97,3.0282,14.46,15.15,14.35,14.53,87062121.0,14.53,13.43
2026-06-16T11:28:21,2026-06-16 11:28:18,001378,德冠新材,20.49,-0.1948,20.54,20.67,19.53,20.53,92479248.12,20.53,19.01
2026-06-16T11:28:21,2026-06-16 11:28:18,003009,中天火箭,61.5,-3.5294,62.61,62.61,61.01,63.75,426989770.29,63.75,55.56
2026-06-16T11:28:21,2026-06-16 11:28:18,001206,依依股份,17.66,0.6268,17.47,17.93,17.1,17.55,93068473.72,17.55,15.81
2026-06-16T11:28:21,2026-06-16 11:28:18,001299,美能能源,10.75,-1.7367,10.96,11.0,10.68,10.94,36702779.66,10.94,10.38
2026-06-16T11:28:21,2026-06-16 11:28:18,001268,联合精密,40.82,-4.3132,42.0,42.01,40.0,42.66,80704020.0,41.34,38.033
2026-06-16T11:28:21,2026-06-16 11:28:18,002240,盛新锂能,50.21,-2.7503,50.52,50.55,48.8,51.63,2882344896.47,50.517,46.475
2026-06-16T11:29:21,2026-06-16 11:29:18,000759,中百集团,6.08,2.1849,5.93,6.28,5.89,5.95,374458733.48,5.95,5.3
2026-06-16T11:29:21,2026-06-16 11:29:18,603036,如通股份,14.94,2.8217,14.46,15.15,14.35,14.53,87328283.0,14.53,13.43
2026-06-16T11:29:21,2026-06-16 11:29:18,001378,德冠新材,20.5,-0.1461,20.54,20.67,19.53,20.53,92676080.52,20.53,19.01
2026-06-16T11:29:21,2026-06-16 11:29:18,003009,中天火箭,61.5,-3.5294,62.61,62.61,61.01,63.75,428354395.29,63.75,55.56
2026-06-16T11:29:21,2026-06-16 11:29:15,001206,依依股份,17.67,0.6838,17.47,17.93,17.1,17.55,93282148.72,17.55,15.81
2026-06-16T11:29:21,2026-06-16 11:29:18,001299,美能能源,10.75,-1.7367,10.96,11.0,10.68,10.94,36765128.66,10.94,10.38
2026-06-16T11:29:21,2026-06-16 11:29:18,001268,联合精密,40.81,-4.3366,42.0,42.01,40.0,42.66,80740737.0,41.34,38.033
2026-06-16T11:29:21,2026-06-16 11:29:18,002240,盛新锂能,50.15,-2.8666,50.52,50.55,48.8,51.63,2887854026.47,50.517,46.475
2026-06-16T11:30:21,2026-06-16 11:30:00,000759,中百集团,6.09,2.3529,5.93,6.28,5.89,5.95,375373444.48,5.95,5.3
2026-06-16T11:30:21,2026-06-16 11:29:59,603036,如通股份,14.94,2.8217,14.46,15.15,14.35,14.53,87405978.0,14.53,13.43
2026-06-16T11:30:21,2026-06-16 11:30:00,001378,德冠新材,20.5,-0.1461,20.54,20.67,19.53,20.53,92879183.32,20.53,19.01
2026-06-16T11:30:21,2026-06-16 11:30:00,003009,中天火箭,61.53,-3.4824,62.61,62.61,61.01,63.75,429559844.29,63.75,55.56
2026-06-16T11:30:21,2026-06-16 11:30:00,001206,依依股份,17.67,0.6838,17.47,17.93,17.1,17.55,93305107.72,17.55,15.81
2026-06-16T11:30:21,2026-06-16 11:30:00,001299,美能能源,10.74,-1.8282,10.96,11.0,10.68,10.94,36775868.66,10.94,10.38
2026-06-16T11:30:21,2026-06-16 11:30:00,001268,联合精密,40.84,-4.2663,42.0,42.01,40.0,42.66,80863190.0,41.34,38.033
2026-06-16T11:30:21,2026-06-16 11:30:00,002240,盛新锂能,50.11,-2.944,50.52,50.55,48.8,51.63,2890054354.47,50.517,46.475
2026-06-16T13:00:47,2026-06-16 13:00:45,000759,中百集团,6.08,2.1849,5.93,6.28,5.89,5.95,377053982.48,5.95,5.3
2026-06-16T13:00:47,2026-06-16 13:00:45,603036,如通股份,14.94,2.8217,14.46,15.15,14.35,14.53,89393434.0,14.53,13.43
2026-06-16T13:00:47,2026-06-16 13:00:45,001378,德冠新材,20.48,-0.2435,20.54,20.67,19.53,20.53,94100126.22,20.53,19.01
2026-06-16T13:00:47,2026-06-16 13:00:45,003009,中天火箭,61.61,-3.3569,62.61,62.61,61.01,63.75,431270500.29,63.75,55.56
2026-06-16T13:00:47,2026-06-16 13:00:39,001206,依依股份,17.61,0.3419,17.47,17.93,17.1,17.55,94074481.72,17.55,15.81
2026-06-16T13:00:47,2026-06-16 13:00:42,001299,美能能源,10.73,-1.9196,10.96,11.0,10.68,10.94,37273000.66,10.94,10.38
2026-06-16T13:00:47,2026-06-16 13:00:45,001268,联合精密,40.75,-4.4773,42.0,42.01,40.0,42.66,81250974.0,41.34,38.033
2026-06-16T13:00:47,2026-06-16 13:00:45,002240,盛新锂能,49.85,-3.4476,50.52,50.55,48.8,51.63,2908283064.47,50.517,46.475
2026-06-16T13:01:47,2026-06-16 13:01:45,000759,中百集团,6.08,2.1849,5.93,6.28,5.89,5.95,377569956.48,5.95,5.3
2026-06-16T13:01:47,2026-06-16 13:01:45,603036,如通股份,14.93,2.7529,14.46,15.15,14.35,14.53,89515857.0,14.53,13.43
2026-06-16T13:01:47,2026-06-16 13:01:42,001378,德冠新材,20.51,-0.0974,20.54,20.67,19.53,20.53,94167784.22,20.53,19.01
2026-06-16T13:01:47,2026-06-16 13:01:45,003009,中天火箭,61.59,-3.3882,62.61,62.61,61.01,63.75,432281387.29,63.75,55.56
2026-06-16T13:01:47,2026-06-16 13:01:45,001206,依依股份,17.58,0.1709,17.47,17.93,17.1,17.55,94459874.72,17.55,15.81
2026-06-16T13:01:47,2026-06-16 13:01:45,001299,美能能源,10.75,-1.7367,10.96,11.0,10.68,10.94,37461920.66,10.94,10.38
2026-06-16T13:01:47,2026-06-16 13:01:42,001268,联合精密,40.78,-4.4069,42.0,42.01,40.0,42.66,81678749.0,41.34,38.033
2026-06-16T13:01:47,2026-06-16 13:01:45,002240,盛新锂能,49.8,-3.5445,50.52,50.55,48.8,51.63,2917881896.62,50.517,46.475
2026-06-16T13:02:47,2026-06-16 13:02:45,000759,中百集团,6.1,2.521,5.93,6.28,5.89,5.95,378404933.48,5.95,5.3
2026-06-16T13:02:47,2026-06-16 13:02:45,603036,如通股份,14.96,2.9594,14.46,15.15,14.35,14.53,89650323.0,14.53,13.43
2026-06-16T13:02:47,2026-06-16 13:02:45,001378,德冠新材,20.5,-0.1461,20.54,20.67,19.53,20.53,94255960.22,20.53,19.01
2026-06-16T13:02:47,2026-06-16 13:02:45,003009,中天火箭,61.53,-3.4824,62.61,62.61,61.01,63.75,433913204.29,63.75,55.56
2026-06-16T13:02:47,2026-06-16 13:02:45,001206,依依股份,17.58,0.1709,17.47,17.93,17.1,17.55,94577762.72,17.55,15.81
2026-06-16T13:02:47,2026-06-16 13:02:45,001299,美能能源,10.79,-1.3711,10.96,11.0,10.68,10.94,38030375.56,10.94,10.38
2026-06-16T13:02:47,2026-06-16 13:02:45,001268,联合精密,41.07,-3.7271,42.0,42.01,40.0,42.66,82514707.0,41.34,38.033
2026-06-16T13:02:47,2026-06-16 13:02:45,002240,盛新锂能,49.89,-3.3701,50.52,50.55,48.8,51.63,2922743188.17,50.517,46.475
2026-06-16T13:03:48,2026-06-16 13:03:45,000759,中百集团,6.1,2.521,5.93,6.28,5.89,5.95,379067153.48,5.95,5.3
2026-06-16T13:03:48,2026-06-16 13:03:45,603036,如通股份,14.98,3.097,14.46,15.15,14.35,14.53,89753616.0,14.53,13.43
2026-06-16T13:03:48,2026-06-16 13:03:45,001378,德冠新材,20.5,-0.1461,20.54,20.67,19.53,20.53,94628722.22,20.53,19.01
2026-06-16T13:03:48,2026-06-16 13:03:45,003009,中天火箭,61.49,-3.5451,62.61,62.61,61.01,63.75,435801352.29,63.75,55.56
2026-06-16T13:03:48,2026-06-16 13:03:45,001206,依依股份,17.6,0.2849,17.47,17.93,17.1,17.55,94688588.72,17.55,15.81
2026-06-16T13:03:48,2026-06-16 13:03:45,001299,美能能源,10.82,-1.0969,10.96,11.0,10.68,10.94,38685870.36,10.94,10.38
2026-06-16T13:03:48,2026-06-16 13:03:45,001268,联合精密,41.06,-3.7506,42.0,42.01,40.0,42.66,82678951.0,41.34,38.033
2026-06-16T13:03:48,2026-06-16 13:03:45,002240,盛新锂能,49.9,-3.3508,50.52,50.55,48.8,51.63,2930125168.17,50.517,46.475
2026-06-16T13:04:48,2026-06-16 13:04:45,000759,中百集团,6.1,2.521,5.93,6.28,5.89,5.95,379289905.48,5.95,5.3
2026-06-16T13:04:48,2026-06-16 13:04:45,603036,如通股份,14.98,3.097,14.46,15.15,14.35,14.53,89818054.0,14.53,13.43
2026-06-16T13:04:48,2026-06-16 13:04:42,001378,德冠新材,20.52,-0.0487,20.54,20.67,19.53,20.53,94779692.82,20.53,19.01
2026-06-16T13:04:48,2026-06-16 13:04:45,003009,中天火箭,61.46,-3.5922,62.61,62.61,61.01,63.75,436563503.29,63.75,55.56
2026-06-16T13:04:48,2026-06-16 13:04:45,001206,依依股份,17.58,0.1709,17.47,17.93,17.1,17.55,94906663.72,17.55,15.81
2026-06-16T13:04:48,2026-06-16 13:04:45,001299,美能能源,10.81,-1.1883,10.96,11.0,10.68,10.94,38820009.36,10.94,10.38
2026-06-16T13:04:48,2026-06-16 13:04:42,001268,联合精密,41.1,-3.6568,42.0,42.01,40.0,42.66,82863836.0,41.34,38.033
2026-06-16T13:04:48,2026-06-16 13:04:45,002240,盛新锂能,49.76,-3.6219,50.52,50.55,48.8,51.63,2938749658.17,50.517,46.475
2026-06-16T13:05:48,2026-06-16 13:05:45,000759,中百集团,6.1,2.521,5.93,6.28,5.89,5.95,380128884.48,5.95,5.3
2026-06-16T13:05:48,2026-06-16 13:05:42,603036,如通股份,14.99,3.1659,14.46,15.15,14.35,14.53,89987242.0,14.53,13.43
2026-06-16T13:05:48,2026-06-16 13:05:39,001378,德冠新材,20.53,0.0,20.54,20.67,19.53,20.53,95015744.82,20.53,19.01
2026-06-16T13:05:48,2026-06-16 13:05:45,003009,中天火箭,61.59,-3.3882,62.61,62.61,61.01,63.75,437492466.29,63.75,55.56
2026-06-16T13:05:48,2026-06-16 13:05:45,001206,依依股份,17.6,0.2849,17.47,17.93,17.1,17.55,95135390.72,17.55,15.81
2026-06-16T13:05:48,2026-06-16 13:05:42,001299,美能能源,10.81,-1.1883,10.96,11.0,10.68,10.94,39085105.36,10.94,10.38
2026-06-16T13:05:48,2026-06-16 13:05:45,001268,联合精密,40.96,-3.985,42.0,42.01,40.0,42.66,83328039.0,41.34,38.033
2026-06-16T13:05:48,2026-06-16 13:05:45,002240,盛新锂能,49.7,-3.7381,50.52,50.55,48.8,51.63,2950526300.17,50.517,46.475
2026-06-16T13:06:50,2026-06-16 13:06:48,000759,中百集团,6.1,2.521,5.93,6.28,5.89,5.95,380705820.48,5.95,5.3
2026-06-16T13:06:50,2026-06-16 13:06:42,603036,如通股份,14.92,2.6841,14.46,15.15,14.35,14.53,90222053.0,14.53,13.43
2026-06-16T13:06:50,2026-06-16 13:06:42,001378,德冠新材,20.52,-0.0487,20.54,20.67,19.53,20.53,95299013.82,20.53,19.01
2026-06-16T13:06:50,2026-06-16 13:06:48,003009,中天火箭,61.62,-3.3412,62.61,62.61,61.01,63.75,438539505.29,63.75,55.56
2026-06-16T13:06:50,2026-06-16 13:06:45,001206,依依股份,17.59,0.2279,17.47,17.93,17.1,17.55,95353600.72,17.55,15.81
2026-06-16T13:06:50,2026-06-16 13:06:48,001299,美能能源,10.83,-1.0055,10.96,11.0,10.68,10.94,39093767.36,10.94,10.38
2026-06-16T13:06:50,2026-06-16 13:06:48,001268,联合精密,41.36,-3.0474,42.0,42.01,40.0,42.66,84562024.0,41.34,38.033
2026-06-16T13:06:50,2026-06-16 13:06:48,002240,盛新锂能,49.69,-3.7575,50.52,50.55,48.8,51.63,2959145387.17,50.517,46.475
2026-06-16T13:07:50,2026-06-16 13:07:48,000759,中百集团,6.09,2.3529,5.93,6.28,5.89,5.95,381110254.48,5.95,5.3
2026-06-16T13:07:50,2026-06-16 13:07:39,603036,如通股份,14.94,2.8217,14.46,15.15,14.35,14.53,90248928.0,14.53,13.43
2026-06-16T13:07:50,2026-06-16 13:07:48,001378,德冠新材,20.52,-0.0487,20.54,20.67,19.53,20.53,95469294.82,20.53,19.01
2026-06-16T13:07:50,2026-06-16 13:07:48,003009,中天火箭,61.56,-3.4353,62.61,62.61,61.01,63.75,440412402.29,63.75,55.56
2026-06-16T13:07:50,2026-06-16 13:07:48,001206,依依股份,17.58,0.1709,17.47,17.93,17.1,17.55,95566285.72,17.55,15.81
2026-06-16T13:07:50,2026-06-16 13:07:39,001299,美能能源,10.82,-1.0969,10.96,11.0,10.68,10.94,39307002.36,10.94,10.38
2026-06-16T13:07:50,2026-06-16 13:07:48,001268,联合精密,41.24,-3.3286,42.0,42.01,40.0,42.66,86261923.0,41.34,38.033
2026-06-16T13:07:50,2026-06-16 13:07:48,002240,盛新锂能,49.69,-3.7575,50.52,50.55,48.8,51.63,2966555011.97,50.517,46.475
2026-06-16T13:08:50,2026-06-16 13:08:48,000759,中百集团,6.08,2.1849,5.93,6.28,5.89,5.95,382282168.48,5.95,5.3
2026-06-16T13:08:50,2026-06-16 13:08:48,603036,如通股份,14.9,2.5465,14.46,15.15,14.35,14.53,90489147.0,14.53,13.43
2026-06-16T13:08:50,2026-06-16 13:08:48,001378,德冠新材,20.51,-0.0974,20.54,20.67,19.53,20.53,95619083.82,20.53,19.01
2026-06-16T13:08:50,2026-06-16 13:08:48,003009,中天火箭,61.5,-3.5294,62.61,62.61,61.01,63.75,441728475.29,63.75,55.56
2026-06-16T13:08:50,2026-06-16 13:08:48,001206,依依股份,17.58,0.1709,17.47,17.93,17.1,17.55,95706906.72,17.55,15.81
2026-06-16T13:08:50,2026-06-16 13:08:48,001299,美能能源,10.81,-1.1883,10.96,11.0,10.68,10.94,39345924.36,10.94,10.38
2026-06-16T13:08:50,2026-06-16 13:08:48,001268,联合精密,41.21,-3.399,42.0,42.01,40.0,42.66,86299033.0,41.34,38.033
2026-06-16T13:08:50,2026-06-16 13:08:48,002240,盛新锂能,49.64,-3.8543,50.52,50.55,48.8,51.63,2973170052.97,50.517,46.475
2026-06-16T13:09:51,2026-06-16 13:09:48,000759,中百集团,6.08,2.1849,5.93,6.28,5.89,5.95,382771268.48,5.95,5.3
2026-06-16T13:09:51,2026-06-16 13:09:48,603036,如通股份,14.9,2.5465,14.46,15.15,14.35,14.53,90627735.0,14.53,13.43
2026-06-16T13:09:51,2026-06-16 13:09:48,001378,德冠新材,20.52,-0.0487,20.54,20.67,19.53,20.53,96006791.82,20.53,19.01
2026-06-16T13:09:51,2026-06-16 13:09:48,003009,中天火箭,61.49,-3.5451,62.61,62.61,61.01,63.75,442638564.29,63.75,55.56
2026-06-16T13:09:51,2026-06-16 13:09:48,001206,依依股份,17.57,0.114,17.47,17.93,17.1,17.55,95949241.72,17.55,15.81
2026-06-16T13:09:51,2026-06-16 13:09:45,001299,美能能源,10.81,-1.1883,10.96,11.0,10.68,10.94,39449713.36,10.94,10.38
2026-06-16T13:09:51,2026-06-16 13:09:48,001268,联合精密,41.2,-3.4224,42.0,42.01,40.0,42.66,86439149.0,41.34,38.033
2026-06-16T13:09:51,2026-06-16 13:09:48,002240,盛新锂能,49.63,-3.8737,50.52,50.55,48.8,51.63,2984359093.97,50.517,46.475
2026-06-16T13:10:51,2026-06-16 13:10:48,000759,中百集团,6.08,2.1849,5.93,6.28,5.89,5.95,382900331.48,5.95,5.3
2026-06-16T13:10:51,2026-06-16 13:10:48,603036,如通股份,14.9,2.5465,14.46,15.15,14.35,14.53,90833160.0,14.53,13.43
2026-06-16T13:10:51,2026-06-16 13:10:48,001378,德冠新材,20.54,0.0487,20.54,20.67,19.53,20.53,96177154.72,20.53,19.01
2026-06-16T13:10:51,2026-06-16 13:10:48,003009,中天火箭,61.5,-3.5294,62.61,62.61,61.01,63.75,447260128.29,63.75,55.56
2026-06-16T13:10:51,2026-06-16 13:10:48,001206,依依股份,17.53,-0.114,17.47,17.93,17.1,17.55,96634826.72,17.55,15.81
2026-06-16T13:10:51,2026-06-16 13:10:48,001299,美能能源,10.81,-1.1883,10.96,11.0,10.68,10.94,39552402.36,10.94,10.38
2026-06-16T13:10:51,2026-06-16 13:10:42,001268,联合精密,41.19,-3.4459,42.0,42.01,40.0,42.66,86595643.0,41.34,38.033
2026-06-16T13:10:51,2026-06-16 13:10:48,002240,盛新锂能,49.65,-3.835,50.52,50.55,48.8,51.63,2991714736.93,50.517,46.475
2026-06-16T13:11:52,2026-06-16 13:11:51,000759,中百集团,6.1,2.521,5.93,6.28,5.89,5.95,384567814.48,5.95,5.3
2026-06-16T13:11:52,2026-06-16 13:11:51,603036,如通股份,14.93,2.7529,14.46,15.15,14.35,14.53,91131264.0,14.53,13.43
2026-06-16T13:11:52,2026-06-16 13:11:48,001378,德冠新材,20.53,0.0,20.54,20.67,19.53,20.53,96380480.72,20.53,19.01
2026-06-16T13:11:52,2026-06-16 13:11:51,003009,中天火箭,61.49,-3.5451,62.61,62.61,61.01,63.75,448139808.29,63.75,55.56
2026-06-16T13:11:52,2026-06-16 13:11:51,001206,依依股份,17.53,-0.114,17.47,17.93,17.1,17.55,96841664.72,17.55,15.81
2026-06-16T13:11:52,2026-06-16 13:11:51,001299,美能能源,10.8,-1.2797,10.96,11.0,10.68,10.94,39696059.36,10.94,10.38
2026-06-16T13:11:52,2026-06-16 13:11:51,001268,联合精密,41.09,-3.6803,42.0,42.01,40.0,42.66,86624452.0,41.34,38.033
2026-06-16T13:11:52,2026-06-16 13:11:51,002240,盛新锂能,49.61,-3.9125,50.52,50.55,48.8,51.63,2999824857.93,50.517,46.475
2026-06-16T13:12:52,2026-06-16 13:12:51,000759,中百集团,6.11,2.6891,5.93,6.28,5.89,5.95,385048393.48,5.95,5.3
2026-06-16T13:12:52,2026-06-16 13:12:42,603036,如通股份,14.94,2.8217,14.46,15.15,14.35,14.53,91277630.0,14.53,13.43
2026-06-16T13:12:52,2026-06-16 13:12:51,001378,德冠新材,20.56,0.1461,20.54,20.67,19.53,20.53,96645914.17,20.53,19.01
2026-06-16T13:12:52,2026-06-16 13:12:51,003009,中天火箭,61.5,-3.5294,62.61,62.61,61.01,63.75,449024805.29,63.75,55.56
2026-06-16T13:12:52,2026-06-16 13:12:51,001206,依依股份,17.56,0.057,17.47,17.93,17.1,17.55,96960968.72,17.55,15.81
2026-06-16T13:12:52,2026-06-16 13:12:48,001299,美能能源,10.79,-1.3711,10.96,11.0,10.68,10.94,39737059.36,10.94,10.38
2026-06-16T13:12:52,2026-06-16 13:12:45,001268,联合精密,41.06,-3.7506,42.0,42.01,40.0,42.66,86801080.0,41.34,38.033
2026-06-16T13:12:52,2026-06-16 13:12:51,002240,盛新锂能,49.52,-4.0868,50.52,50.55,48.8,51.63,3010119211.93,50.517,46.475
2026-06-16T13:13:53,2026-06-16 13:13:51,000759,中百集团,6.15,3.3613,5.93,6.28,5.89,5.95,390629090.48,5.95,5.3
2026-06-16T13:13:53,2026-06-16 13:13:48,603036,如通股份,14.95,2.8906,14.46,15.15,14.35,14.53,91338890.0,14.53,13.43
2026-06-16T13:13:53,2026-06-16 13:13:51,001378,德冠新材,20.57,0.1948,20.54,20.67,19.53,20.53,97016458.17,20.53,19.01
2026-06-16T13:13:53,2026-06-16 13:13:51,003009,中天火箭,61.47,-3.5765,62.61,62.61,61.01,63.75,449590422.29,63.75,55.56
2026-06-16T13:13:53,2026-06-16 13:13:48,001206,依依股份,17.55,0.0,17.47,17.93,17.1,17.55,97204817.72,17.55,15.81
2026-06-16T13:13:53,2026-06-16 13:13:51,001299,美能能源,10.81,-1.1883,10.96,11.0,10.68,10.94,39815914.36,10.94,10.38
2026-06-16T13:13:53,2026-06-16 13:13:45,001268,联合精密,41.03,-3.8209,42.0,42.01,40.0,42.66,86944663.0,41.34,38.033
2026-06-16T13:13:53,2026-06-16 13:13:51,002240,盛新锂能,49.54,-4.048,50.52,50.55,48.8,51.63,3023894714.93,50.517,46.475
2026-06-16T13:14:53,2026-06-16 13:14:51,000759,中百集团,6.15,3.3613,5.93,6.28,5.89,5.95,393004939.48,5.95,5.3
2026-06-16T13:14:53,2026-06-16 13:14:51,603036,如通股份,14.94,2.8217,14.46,15.15,14.35,14.53,91400148.0,14.53,13.43
2026-06-16T13:14:53,2026-06-16 13:14:51,001378,德冠新材,20.6,0.341,20.54,20.67,19.53,20.53,97466953.47,20.53,19.01
2026-06-16T13:14:53,2026-06-16 13:14:51,003009,中天火箭,61.5,-3.5294,62.61,62.61,61.01,63.75,450193151.29,63.75,55.56
2026-06-16T13:14:53,2026-06-16 13:14:48,001206,依依股份,17.55,0.0,17.47,17.93,17.1,17.55,97289058.72,17.55,15.81
2026-06-16T13:14:53,2026-06-16 13:14:51,001299,美能能源,10.82,-1.0969,10.96,11.0,10.68,10.94,40080843.36,10.94,10.38
2026-06-16T13:14:53,2026-06-16 13:14:51,001268,联合精密,41.07,-3.7271,42.0,42.01,40.0,42.66,87675408.0,41.34,38.033
2026-06-16T13:14:53,2026-06-16 13:14:51,002240,盛新锂能,49.6,-3.9318,50.52,50.55,48.8,51.63,3030864286.93,50.517,46.475
2026-06-16T13:15:53,2026-06-16 13:15:51,000759,中百集团,6.17,3.6975,5.93,6.28,5.89,5.95,396532693.48,5.95,5.3
2026-06-16T13:15:53,2026-06-16 13:15:51,603036,如通股份,14.91,2.6153,14.46,15.15,14.35,14.53,91828151.0,14.53,13.43
2026-06-16T13:15:53,2026-06-16 13:15:51,001378,德冠新材,20.58,0.2435,20.54,20.67,19.53,20.53,97695506.47,20.53,19.01
2026-06-16T13:15:53,2026-06-16 13:15:48,003009,中天火箭,61.45,-3.6078,62.61,62.61,61.01,63.75,451791134.29,63.75,55.56
2026-06-16T13:15:53,2026-06-16 13:15:51,001206,依依股份,17.53,-0.114,17.47,17.93,17.1,17.55,97692317.72,17.55,15.81
2026-06-16T13:15:53,2026-06-16 13:15:51,001299,美能能源,10.83,-1.0055,10.96,11.0,10.68,10.94,40246494.36,10.94,10.38
2026-06-16T13:15:53,2026-06-16 13:15:51,001268,联合精密,41.02,-3.8444,42.0,42.01,40.0,42.66,87806833.0,41.34,38.033
2026-06-16T13:15:53,2026-06-16 13:15:51,002240,盛新锂能,49.64,-3.8543,50.52,50.55,48.8,51.63,3038505314.93,50.517,46.475
2026-06-16T13:16:54,2026-06-16 13:16:54,000759,中百集团,6.19,4.0336,5.93,6.28,5.89,5.95,400949436.48,5.95,5.3
2026-06-16T13:16:54,2026-06-16 13:16:51,603036,如通股份,14.89,2.4776,14.46,15.15,14.35,14.53,92318458.0,14.53,13.43
2026-06-16T13:16:54,2026-06-16 13:16:54,001378,德冠新材,20.54,0.0487,20.54,20.67,19.53,20.53,98217427.62,20.53,19.01
2026-06-16T13:16:54,2026-06-16 13:16:51,003009,中天火箭,61.4,-3.6863,62.61,62.61,61.01,63.75,455568449.29,63.75,55.56
2026-06-16T13:16:54,2026-06-16 13:16:54,001206,依依股份,17.49,-0.3419,17.47,17.93,17.1,17.55,98361132.72,17.55,15.81
2026-06-16T13:16:54,2026-06-16 13:16:54,001299,美能能源,10.82,-1.0969,10.96,11.0,10.68,10.94,40465197.36,10.94,10.38
2026-06-16T13:16:54,2026-06-16 13:16:39,001268,联合精密,41.01,-3.8678,42.0,42.01,40.0,42.66,88581453.0,41.34,38.033
2026-06-16T13:16:54,2026-06-16 13:16:54,002240,盛新锂能,49.66,-3.8156,50.52,50.55,48.8,51.63,3047551504.93,50.517,46.475
2026-06-16T13:17:55,2026-06-16 13:17:54,000759,中百集团,6.24,4.8739,5.93,6.34,5.89,5.95,440876428.48,5.95,5.3
2026-06-16T13:17:55,2026-06-16 13:17:51,603036,如通股份,14.87,2.34,14.46,15.15,14.35,14.53,92867653.0,14.53,13.43
2026-06-16T13:17:55,2026-06-16 13:17:54,001378,德冠新材,20.49,-0.1948,20.54,20.67,19.53,20.53,98812280.62,20.53,19.01
2026-06-16T13:17:55,2026-06-16 13:17:51,003009,中天火箭,61.3,-3.8431,62.61,62.61,61.01,63.75,457531330.29,63.75,55.56
2026-06-16T13:17:55,2026-06-16 13:17:54,001206,依依股份,17.5,-0.2849,17.47,17.93,17.1,17.55,98679519.72,17.55,15.81
2026-06-16T13:17:55,2026-06-16 13:17:54,001299,美能能源,10.8,-1.2797,10.96,11.0,10.68,10.94,40627225.36,10.94,10.38
2026-06-16T13:17:55,2026-06-16 13:17:54,001268,联合精密,40.94,-4.0319,42.0,42.01,40.0,42.66,88982781.0,41.34,38.033
2026-06-16T13:17:55,2026-06-16 13:17:54,002240,盛新锂能,49.41,-4.2998,50.52,50.55,48.8,51.63,3070441517.93,50.517,46.475
2026-06-16T13:18:55,2026-06-16 13:18:54,000759,中百集团,6.27,5.3782,5.93,6.34,5.89,5.95,455383216.48,5.95,5.3
2026-06-16T13:18:55,2026-06-16 13:18:45,603036,如通股份,14.86,2.2712,14.46,15.15,14.35,14.53,93181219.0,14.53,13.43
2026-06-16T13:18:55,2026-06-16 13:18:54,001378,德冠新材,20.45,-0.3897,20.54,20.67,19.53,20.53,99998128.72,20.53,19.01
2026-06-16T13:18:55,2026-06-16 13:18:51,003009,中天火箭,61.25,-3.9216,62.61,62.61,61.01,63.75,460601417.29,63.75,55.56
2026-06-16T13:18:55,2026-06-16 13:18:54,001206,依依股份,17.48,-0.3989,17.47,17.93,17.1,17.55,99267223.72,17.55,15.81
2026-06-16T13:18:55,2026-06-16 13:18:54,001299,美能能源,10.8,-1.2797,10.96,11.0,10.68,10.94,40654221.36,10.94,10.38
2026-06-16T13:18:55,2026-06-16 13:18:54,001268,联合精密,40.94,-4.0319,42.0,42.01,40.0,42.66,89486196.0,41.34,38.033
2026-06-16T13:18:55,2026-06-16 13:18:54,002240,盛新锂能,49.31,-4.4935,50.52,50.55,48.8,51.63,3082780359.93,50.517,46.475
2026-06-16T13:19:55,2026-06-16 13:19:54,000759,中百集团,6.42,7.8992,5.93,6.5,5.89,5.95,490715521.48,5.95,5.3
2026-06-16T13:19:55,2026-06-16 13:19:54,603036,如通股份,14.86,2.2712,14.46,15.15,14.35,14.53,93258521.0,14.53,13.43
2026-06-16T13:19:55,2026-06-16 13:19:54,001378,德冠新材,20.58,0.2435,20.54,20.67,19.53,20.53,101862524.74,20.53,19.01
2026-06-16T13:19:55,2026-06-16 13:19:54,003009,中天火箭,61.23,-3.9529,62.61,62.61,61.01,63.75,462260760.29,63.75,55.56
2026-06-16T13:19:55,2026-06-16 13:19:51,001206,依依股份,17.47,-0.4558,17.47,17.93,17.1,17.55,99637832.72,17.55,15.81
2026-06-16T13:19:55,2026-06-16 13:19:51,001299,美能能源,10.79,-1.3711,10.96,11.0,10.68,10.94,40720051.36,10.94,10.38
2026-06-16T13:19:55,2026-06-16 13:19:54,001268,联合精密,40.92,-4.0788,42.0,42.01,40.0,42.66,89833977.0,41.34,38.033
2026-06-16T13:19:55,2026-06-16 13:19:54,002240,盛新锂能,49.33,-4.4548,50.52,50.55,48.8,51.63,3096843495.93,50.517,46.475
2026-06-16T13:20:56,2026-06-16 13:20:54,000759,中百集团,6.35,6.7227,5.93,6.5,5.89,5.95,505607262.48,5.95,5.3
2026-06-16T13:20:56,2026-06-16 13:20:54,603036,如通股份,14.86,2.2712,14.46,15.15,14.35,14.53,93314999.0,14.53,13.43
2026-06-16T13:20:56,2026-06-16 13:20:54,001378,德冠新材,20.52,-0.0487,20.54,20.67,19.53,20.53,102146104.74,20.53,19.01
2026-06-16T13:20:56,2026-06-16 13:20:54,003009,中天火箭,61.35,-3.7647,62.61,62.61,61.01,63.75,463456090.29,63.75,55.56
2026-06-16T13:20:56,2026-06-16 13:20:54,001206,依依股份,17.47,-0.4558,17.47,17.93,17.1,17.55,99823019.72,17.55,15.81
2026-06-16T13:20:56,2026-06-16 13:20:48,001299,美能能源,10.79,-1.3711,10.96,11.0,10.68,10.94,40893952.36,10.94,10.38
2026-06-16T13:20:56,2026-06-16 13:20:54,001268,联合精密,40.95,-4.0084,42.0,42.01,40.0,42.66,90034583.0,41.34,38.033
2026-06-16T13:20:56,2026-06-16 13:20:54,002240,盛新锂能,49.4,-4.3192,50.52,50.55,48.8,51.63,3102801330.93,50.517,46.475
2026-06-16T13:21:57,2026-06-16 13:21:54,000759,中百集团,6.36,6.8908,5.93,6.5,5.89,5.95,516796615.48,5.95,5.3
2026-06-16T13:21:57,2026-06-16 13:21:54,603036,如通股份,14.86,2.2712,14.46,15.15,14.35,14.53,93586927.0,14.53,13.43
2026-06-16T13:21:57,2026-06-16 13:21:54,001378,德冠新材,20.53,0.0,20.54,20.67,19.53,20.53,102213836.74,20.53,19.01
2026-06-16T13:21:57,2026-06-16 13:21:54,003009,中天火箭,61.35,-3.7647,62.61,62.61,61.01,63.75,463976117.13,63.75,55.56
2026-06-16T13:21:57,2026-06-16 13:21:51,001206,依依股份,17.45,-0.5698,17.47,17.93,17.1,17.55,100144128.72,17.55,15.81
2026-06-16T13:21:57,2026-06-16 13:21:54,001299,美能能源,10.81,-1.1883,10.96,11.0,10.68,10.94,40920975.36,10.94,10.38
2026-06-16T13:21:57,2026-06-16 13:21:54,001268,联合精密,40.92,-4.0788,42.0,42.01,40.0,42.66,90210534.0,41.34,38.033
2026-06-16T13:21:57,2026-06-16 13:21:54,002240,盛新锂能,49.59,-3.9512,50.52,50.55,48.8,51.63,3108913293.93,50.517,46.475
2026-06-16T13:22:57,2026-06-16 13:22:57,000759,中百集团,6.33,6.3866,5.93,6.5,5.89,5.95,521843257.48,5.95,5.3
2026-06-16T13:22:57,2026-06-16 13:22:54,603036,如通股份,14.87,2.34,14.46,15.15,14.35,14.53,94319762.0,14.53,13.43
2026-06-16T13:22:57,2026-06-16 13:22:57,001378,德冠新材,20.56,0.1461,20.54,20.67,19.53,20.53,102749964.74,20.53,19.01
2026-06-16T13:22:57,2026-06-16 13:22:54,003009,中天火箭,61.31,-3.8275,62.61,62.61,61.01,63.75,465050692.29,63.75,55.56
2026-06-16T13:22:57,2026-06-16 13:22:57,001206,依依股份,17.45,-0.5698,17.47,17.93,17.1,17.55,100257553.72,17.55,15.81
2026-06-16T13:22:57,2026-06-16 13:22:54,001299,美能能源,10.81,-1.1883,10.96,11.0,10.68,10.94,40955567.36,10.94,10.38
2026-06-16T13:22:57,2026-06-16 13:22:51,001268,联合精密,40.93,-4.0553,42.0,42.01,40.0,42.66,90816075.0,41.34,38.033
2026-06-16T13:22:57,2026-06-16 13:22:57,002240,盛新锂能,49.56,-4.0093,50.52,50.55,48.8,51.63,3119022660.65,50.517,46.475
2026-06-16T13:23:57,2026-06-16 13:23:57,000759,中百集团,6.3,5.8824,5.93,6.5,5.89,5.95,526029484.48,5.95,5.3
2026-06-16T13:23:57,2026-06-16 13:23:54,603036,如通股份,14.88,2.4088,14.46,15.15,14.35,14.53,94574349.0,14.53,13.43
2026-06-16T13:23:57,2026-06-16 13:23:57,001378,德冠新材,20.68,0.7306,20.54,20.7,19.53,20.53,104204825.54,20.53,19.01
2026-06-16T13:23:57,2026-06-16 13:23:54,003009,中天火箭,61.28,-3.8745,62.61,62.61,61.01,63.75,465970061.29,63.75,55.56
2026-06-16T13:23:57,2026-06-16 13:23:57,001206,依依股份,17.49,-0.3419,17.47,17.93,17.1,17.55,100535371.72,17.55,15.81
2026-06-16T13:23:57,2026-06-16 13:23:57,001299,美能能源,10.8,-1.2797,10.96,11.0,10.68,10.94,41009582.36,10.94,10.38
2026-06-16T13:23:57,2026-06-16 13:23:57,001268,联合精密,40.92,-4.0788,42.0,42.01,40.0,42.66,95407962.0,41.34,38.033
2026-06-16T13:23:57,2026-06-16 13:23:57,002240,盛新锂能,49.43,-4.2611,50.52,50.55,48.8,51.63,3126718946.6,50.517,46.475
2026-06-16T13:24:58,2026-06-16 13:24:57,000759,中百集团,6.33,6.3866,5.93,6.5,5.89,5.95,530475944.48,5.95,5.3
2026-06-16T13:24:58,2026-06-16 13:24:57,603036,如通股份,14.91,2.6153,14.46,15.15,14.35,14.53,94811154.0,14.53,13.43
2026-06-16T13:24:58,2026-06-16 13:24:57,001378,德冠新材,20.73,0.9742,20.54,20.73,19.53,20.53,105857349.74,20.53,19.01
2026-06-16T13:24:58,2026-06-16 13:24:54,003009,中天火箭,61.3,-3.8431,62.61,62.61,61.01,63.75,466583097.29,63.75,55.56
2026-06-16T13:24:58,2026-06-16 13:24:57,001206,依依股份,17.5,-0.2849,17.47,17.93,17.1,17.55,100761156.72,17.55,15.81
2026-06-16T13:24:58,2026-06-16 13:24:57,001299,美能能源,10.8,-1.2797,10.96,11.0,10.68,10.94,41043051.36,10.94,10.38
2026-06-16T13:24:58,2026-06-16 13:24:57,001268,联合精密,40.9,-4.1256,42.0,42.01,40.0,42.66,95534858.0,41.34,38.033
2026-06-16T13:24:58,2026-06-16 13:24:57,002240,盛新锂能,49.37,-4.3773,50.52,50.55,48.8,51.63,3135269628.6,50.517,46.475
2026-06-16T13:25:58,2026-06-16 13:25:57,000759,中百集团,6.32,6.2185,5.93,6.5,5.89,5.95,533264664.48,5.95,5.3
2026-06-16T13:25:58,2026-06-16 13:25:54,603036,如通股份,14.89,2.4776,14.46,15.15,14.35,14.53,94878179.0,14.53,13.43
2026-06-16T13:25:58,2026-06-16 13:25:57,001378,德冠新材,20.88,1.7048,20.54,20.88,19.53,20.53,108221834.44,20.53,19.01
2026-06-16T13:25:58,2026-06-16 13:25:57,003009,中天火箭,61.33,-3.7961,62.61,62.61,61.01,63.75,466994006.29,63.75,55.56
2026-06-16T13:25:58,2026-06-16 13:25:48,001206,依依股份,17.5,-0.2849,17.47,17.93,17.1,17.55,100829416.72,17.55,15.81
2026-06-16T13:25:58,2026-06-16 13:25:54,001299,美能能源,10.79,-1.3711,10.96,11.0,10.68,10.94,41266415.36,10.94,10.38
2026-06-16T13:25:58,2026-06-16 13:25:57,001268,联合精密,40.81,-4.3366,42.0,42.01,40.0,42.66,95849448.0,41.34,38.033
2026-06-16T13:25:58,2026-06-16 13:25:57,002240,盛新锂能,49.38,-4.3579,50.52,50.55,48.8,51.63,3140044930.6,50.517,46.475
2026-06-16T13:26:58,2026-06-16 13:26:57,000759,中百集团,6.28,5.5462,5.93,6.5,5.89,5.95,536435233.48,5.95,5.3
2026-06-16T13:26:58,2026-06-16 13:26:57,603036,如通股份,14.89,2.4776,14.46,15.15,14.35,14.53,95132789.0,14.53,13.43
2026-06-16T13:26:58,2026-06-16 13:26:57,001378,德冠新材,20.97,2.1432,20.54,20.97,19.53,20.53,110198763.64,20.53,19.01
2026-06-16T13:26:58,2026-06-16 13:26:57,003009,中天火箭,61.3,-3.8431,62.61,62.61,61.01,63.75,467699281.29,63.75,55.56
2026-06-16T13:26:58,2026-06-16 13:26:54,001206,依依股份,17.51,-0.2279,17.47,17.93,17.1,17.55,100885441.72,17.55,15.81
2026-06-16T13:26:58,2026-06-16 13:26:51,001299,美能能源,10.76,-1.6453,10.96,11.0,10.68,10.94,41849440.36,10.94,10.38
2026-06-16T13:26:58,2026-06-16 13:26:57,001268,联合精密,40.7,-4.5945,42.0,42.01,40.0,42.66,95963597.0,41.34,38.033
2026-06-16T13:26:58,2026-06-16 13:26:57,002240,盛新锂能,49.36,-4.3967,50.52,50.55,48.8,51.63,3149506160.6,50.517,46.475
2026-06-16T13:27:59,2026-06-16 13:27:57,000759,中百集团,6.3,5.8824,5.93,6.5,5.89,5.95,538691655.48,5.95,5.3
2026-06-16T13:27:59,2026-06-16 13:27:57,603036,如通股份,14.9,2.5465,14.46,15.15,14.35,14.53,95165560.0,14.53,13.43
2026-06-16T13:27:59,2026-06-16 13:27:57,001378,德冠新材,20.84,1.51,20.54,20.97,19.53,20.53,111948094.84,20.53,19.01
2026-06-16T13:27:59,2026-06-16 13:27:57,003009,中天火箭,61.28,-3.8745,62.61,62.61,61.01,63.75,468434845.29,63.75,55.56
2026-06-16T13:27:59,2026-06-16 13:27:57,001206,依依股份,17.5,-0.2849,17.47,17.93,17.1,17.55,101018467.72,17.55,15.81
2026-06-16T13:27:59,2026-06-16 13:27:54,001299,美能能源,10.77,-1.5539,10.96,11.0,10.68,10.94,41872068.36,10.94,10.38
2026-06-16T13:27:59,2026-06-16 13:27:57,001268,联合精密,40.68,-4.6414,42.0,42.01,40.0,42.66,96134510.0,41.34,38.033
2026-06-16T13:27:59,2026-06-16 13:27:57,002240,盛新锂能,49.34,-4.4354,50.52,50.55,48.8,51.63,3155416793.6,50.517,46.475
2026-06-16T13:28:59,2026-06-16 13:28:57,000759,中百集团,6.32,6.2185,5.93,6.5,5.89,5.95,542516569.48,5.95,5.3
2026-06-16T13:28:59,2026-06-16 13:28:57,603036,如通股份,14.91,2.6153,14.46,15.15,14.35,14.53,95485887.0,14.53,13.43
2026-06-16T13:28:59,2026-06-16 13:28:57,001378,德冠新材,20.8,1.3151,20.54,20.97,19.53,20.53,113094126.84,20.53,19.01
2026-06-16T13:28:59,2026-06-16 13:28:57,003009,中天火箭,61.22,-3.9686,62.61,62.61,61.01,63.75,470107292.29,63.75,55.56
2026-06-16T13:28:59,2026-06-16 13:28:57,001206,依依股份,17.53,-0.114,17.47,17.93,17.1,17.55,101260078.72,17.55,15.81
2026-06-16T13:28:59,2026-06-16 13:28:57,001299,美能能源,10.78,-1.4625,10.96,11.0,10.68,10.94,41893628.36,10.94,10.38
2026-06-16T13:28:59,2026-06-16 13:28:51,001268,联合精密,40.71,-4.571,42.0,42.01,40.0,42.66,96305392.0,41.34,38.033
2026-06-16T13:28:59,2026-06-16 13:28:57,002240,盛新锂能,49.35,-4.416,50.52,50.55,48.8,51.63,3161516075.6,50.517,46.475
2026-06-16T13:30:00,2026-06-16 13:29:57,000759,中百集团,6.31,6.0504,5.93,6.5,5.89,5.95,545062047.48,5.95,5.3
2026-06-16T13:30:00,2026-06-16 13:29:57,603036,如通股份,14.93,2.7529,14.46,15.15,14.35,14.53,95579982.0,14.53,13.43
2026-06-16T13:30:00,2026-06-16 13:29:57,001378,德冠新材,20.79,1.2664,20.54,20.97,19.53,20.53,114433846.84,20.53,19.01
2026-06-16T13:30:00,2026-06-16 13:29:57,003009,中天火箭,61.22,-3.9686,62.61,62.61,61.01,63.75,471307255.29,63.75,55.56
2026-06-16T13:30:00,2026-06-16 13:29:54,001206,依依股份,17.53,-0.114,17.47,17.93,17.1,17.55,101360017.72,17.55,15.81
2026-06-16T13:30:00,2026-06-16 13:29:54,001299,美能能源,10.77,-1.5539,10.96,11.0,10.68,10.94,41993851.36,10.94,10.38
2026-06-16T13:30:00,2026-06-16 13:29:57,001268,联合精密,40.71,-4.571,42.0,42.01,40.0,42.66,96484535.0,41.34,38.033
2026-06-16T13:30:00,2026-06-16 13:29:57,002240,盛新锂能,49.34,-4.4354,50.52,50.55,48.8,51.63,3173047021.6,50.517,46.475
2026-06-16T13:31:01,2026-06-16 13:31:00,000759,中百集团,6.29,5.7143,5.93,6.5,5.89,5.95,546554378.48,5.95,5.3
2026-06-16T13:31:01,2026-06-16 13:31:00,603036,如通股份,14.92,2.6841,14.46,15.15,14.35,14.53,95711289.0,14.53,13.43
2026-06-16T13:31:01,2026-06-16 13:31:00,001378,德冠新材,20.74,1.0229,20.54,20.97,19.53,20.53,114653938.84,20.53,19.01
2026-06-16T13:31:01,2026-06-16 13:31:00,003009,中天火箭,61.24,-3.9373,62.61,62.61,61.01,63.75,472446593.29,63.75,55.56
2026-06-16T13:31:01,2026-06-16 13:31:00,001206,依依股份,17.52,-0.1709,17.47,17.93,17.1,17.55,101440611.72,17.55,15.81
2026-06-16T13:31:01,2026-06-16 13:31:00,001299,美能能源,10.77,-1.5539,10.96,11.0,10.68,10.94,42029422.36,10.94,10.38
2026-06-16T13:31:01,2026-06-16 13:31:00,001268,联合精密,40.66,-4.6882,42.0,42.01,40.0,42.66,96614722.0,41.34,38.033
2026-06-16T13:31:01,2026-06-16 13:31:00,002240,盛新锂能,49.34,-4.4354,50.52,50.55,48.8,51.63,3181908991.6,50.517,46.475
2026-06-16T13:32:01,2026-06-16 13:32:00,000759,中百集团,6.26,5.2101,5.93,6.5,5.89,5.95,548312291.48,5.95,5.3
2026-06-16T13:32:01,2026-06-16 13:31:57,603036,如通股份,14.9,2.5465,14.46,15.15,14.35,14.53,95900604.0,14.53,13.43
2026-06-16T13:32:01,2026-06-16 13:31:57,001378,德冠新材,20.73,0.9742,20.54,20.97,19.53,20.53,114933750.84,20.53,19.01
2026-06-16T13:32:01,2026-06-16 13:32:00,003009,中天火箭,61.22,-3.9686,62.61,62.61,61.01,63.75,473996259.29,63.75,55.56
2026-06-16T13:32:01,2026-06-16 13:31:45,001206,依依股份,17.49,-0.3419,17.47,17.93,17.1,17.55,102053396.72,17.55,15.81
2026-06-16T13:32:01,2026-06-16 13:31:45,001299,美能能源,10.78,-1.4625,10.96,11.0,10.68,10.94,42031578.36,10.94,10.38
2026-06-16T13:32:01,2026-06-16 13:31:57,001268,联合精密,40.59,-4.8523,42.0,42.01,40.0,42.66,96931356.0,41.34,38.033
2026-06-16T13:32:01,2026-06-16 13:32:00,002240,盛新锂能,49.22,-4.6678,50.52,50.55,48.8,51.63,3199135692.6,50.517,46.475
2026-06-16T13:33:01,2026-06-16 13:33:00,000759,中百集团,6.23,4.7059,5.93,6.5,5.89,5.95,551010454.48,5.95,5.3
2026-06-16T13:33:01,2026-06-16 13:33:00,603036,如通股份,14.89,2.4776,14.46,15.15,14.35,14.53,96125492.0,14.53,13.43
2026-06-16T13:33:01,2026-06-16 13:33:00,001378,德冠新材,20.7,0.8281,20.54,20.97,19.53,20.53,115322846.84,20.53,19.01
2026-06-16T13:33:01,2026-06-16 13:33:00,003009,中天火箭,61.19,-4.0157,62.61,62.61,61.01,63.75,479534858.29,63.75,55.56
2026-06-16T13:33:01,2026-06-16 13:32:54,001206,依依股份,17.51,-0.2279,17.47,17.93,17.1,17.55,102142647.72,17.55,15.81
2026-06-16T13:33:01,2026-06-16 13:33:00,001299,美能能源,10.76,-1.6453,10.96,11.0,10.68,10.94,42478391.36,10.94,10.38
2026-06-16T13:33:01,2026-06-16 13:32:54,001268,联合精密,40.56,-4.9226,42.0,42.01,40.0,42.66,97588599.0,41.34,38.033
2026-06-16T13:33:01,2026-06-16 13:33:00,002240,盛新锂能,49.16,-4.784,50.52,50.55,48.8,51.63,3211975006.6,50.517,46.475
2026-06-16T13:34:02,2026-06-16 13:34:00,000759,中百集团,6.25,5.042,5.93,6.5,5.89,5.95,554324188.48,5.95,5.3
2026-06-16T13:34:02,2026-06-16 13:34:00,603036,如通股份,14.89,2.4776,14.46,15.15,14.35,14.53,96193986.0,14.53,13.43
2026-06-16T13:34:02,2026-06-16 13:34:00,001378,德冠新材,20.7,0.8281,20.54,20.97,19.53,20.53,115434601.84,20.53,19.01
2026-06-16T13:34:02,2026-06-16 13:34:00,003009,中天火箭,61.17,-4.0471,62.61,62.61,61.01,63.75,480880659.29,63.75,55.56
2026-06-16T13:34:02,2026-06-16 13:34:00,001206,依依股份,17.53,-0.114,17.47,17.93,17.1,17.55,102345761.72,17.55,15.81
2026-06-16T13:34:02,2026-06-16 13:34:00,001299,美能能源,10.76,-1.6453,10.96,11.0,10.68,10.94,42882947.36,10.94,10.38
2026-06-16T13:34:02,2026-06-16 13:33:51,001268,联合精密,40.57,-4.8992,42.0,42.01,40.0,42.66,97596713.0,41.34,38.033
2026-06-16T13:34:02,2026-06-16 13:34:00,002240,盛新锂能,49.12,-4.8615,50.52,50.55,48.8,51.63,3221641694.6,50.517,46.475
2026-06-16T13:35:02,2026-06-16 13:35:00,000759,中百集团,6.26,5.2101,5.93,6.5,5.89,5.95,556161711.48,5.95,5.3
2026-06-16T13:35:02,2026-06-16 13:34:57,603036,如通股份,14.91,2.6153,14.46,15.15,14.35,14.53,96493348.0,14.53,13.43
2026-06-16T13:35:02,2026-06-16 13:35:00,001378,德冠新材,20.74,1.0229,20.54,20.97,19.53,20.53,115738953.84,20.53,19.01
2026-06-16T13:35:02,2026-06-16 13:35:00,003009,中天火箭,61.15,-4.0784,62.61,62.61,61.01,63.75,483327090.29,63.75,55.56
2026-06-16T13:35:02,2026-06-16 13:34:54,001206,依依股份,17.56,0.057,17.47,17.93,17.1,17.55,102658089.72,17.55,15.81
2026-06-16T13:35:02,2026-06-16 13:34:48,001299,美能能源,10.76,-1.6453,10.96,11.0,10.68,10.94,42984091.36,10.94,10.38
2026-06-16T13:35:02,2026-06-16 13:35:00,001268,联合精密,40.63,-4.7586,42.0,42.01,40.0,42.66,97698253.0,41.34,38.033
2026-06-16T13:35:02,2026-06-16 13:35:00,002240,盛新锂能,49.15,-4.8034,50.52,50.55,48.8,51.63,3241080642.6,50.517,46.475
2026-06-16T13:36:03,2026-06-16 13:36:00,000759,中百集团,6.26,5.2101,5.93,6.5,5.89,5.95,557971022.48,5.95,5.3
2026-06-16T13:36:03,2026-06-16 13:36:00,603036,如通股份,14.89,2.4776,14.46,15.15,14.35,14.53,96521645.0,14.53,13.43
2026-06-16T13:36:03,2026-06-16 13:36:00,001378,德冠新材,20.7,0.8281,20.54,20.97,19.53,20.53,116109898.84,20.53,19.01
2026-06-16T13:36:03,2026-06-16 13:36:00,003009,中天火箭,61.2,-4.0,62.61,62.61,61.01,63.75,484140918.29,63.75,55.56
2026-06-16T13:36:03,2026-06-16 13:35:57,001206,依依股份,17.58,0.1709,17.47,17.93,17.1,17.55,102721335.72,17.55,15.81
2026-06-16T13:36:03,2026-06-16 13:36:00,001299,美能能源,10.76,-1.6453,10.96,11.0,10.68,10.94,43132569.36,10.94,10.38
2026-06-16T13:36:03,2026-06-16 13:35:54,001268,联合精密,40.63,-4.7586,42.0,42.01,40.0,42.66,97828294.0,41.34,38.033
2026-06-16T13:36:03,2026-06-16 13:36:00,002240,盛新锂能,49.38,-4.3579,50.52,50.55,48.8,51.63,3246621164.6,50.517,46.475
2026-06-16T13:37:04,2026-06-16 13:37:00,000759,中百集团,6.25,5.042,5.93,6.5,5.89,5.95,559301586.48,5.95,5.3
2026-06-16T13:37:04,2026-06-16 13:37:00,603036,如通股份,14.89,2.4776,14.46,15.15,14.35,14.53,96529090.0,14.53,13.43
2026-06-16T13:37:04,2026-06-16 13:37:00,001378,德冠新材,20.68,0.7306,20.54,20.97,19.53,20.53,116265068.84,20.53,19.01
2026-06-16T13:37:04,2026-06-16 13:37:00,003009,中天火箭,61.25,-3.9216,62.61,62.61,61.01,63.75,484483729.29,63.75,55.56
2026-06-16T13:37:04,2026-06-16 13:36:57,001206,依依股份,17.55,0.0,17.47,17.93,17.1,17.55,102772256.72,17.55,15.81
2026-06-16T13:37:04,2026-06-16 13:36:51,001299,美能能源,10.75,-1.7367,10.96,11.0,10.68,10.94,43196020.36,10.94,10.38
2026-06-16T13:37:04,2026-06-16 13:36:54,001268,联合精密,40.56,-4.9226,42.0,42.01,40.0,42.66,98226237.0,41.34,38.033
2026-06-16T13:37:04,2026-06-16 13:37:00,002240,盛新锂能,49.55,-4.0287,50.52,50.55,48.8,51.63,3255495880.6,50.517,46.475
2026-06-16T13:38:04,2026-06-16 13:38:03,000759,中百集团,6.25,5.042,5.93,6.5,5.89,5.95,560757030.48,5.95,5.3
2026-06-16T13:38:04,2026-06-16 13:37:57,603036,如通股份,14.89,2.4776,14.46,15.15,14.35,14.53,96622897.0,14.53,13.43
2026-06-16T13:38:04,2026-06-16 13:38:03,001378,德冠新材,20.67,0.6819,20.54,20.97,19.53,20.53,116372585.84,20.53,19.01
2026-06-16T13:38:04,2026-06-16 13:38:03,003009,中天火箭,61.21,-3.9843,62.61,62.61,61.01,63.75,485494195.29,63.75,55.56
2026-06-16T13:38:04,2026-06-16 13:38:00,001206,依依股份,17.57,0.114,17.47,17.93,17.1,17.55,102789826.72,17.55,15.81
2026-06-16T13:38:04,2026-06-16 13:38:00,001299,美能能源,10.76,-1.6453,10.96,11.0,10.68,10.94,43362800.36,10.94,10.38
2026-06-16T13:38:04,2026-06-16 13:38:03,001268,联合精密,40.6,-4.8289,42.0,42.01,40.0,42.66,98538777.0,41.34,38.033
2026-06-16T13:38:04,2026-06-16 13:38:03,002240,盛新锂能,49.43,-4.2611,50.52,50.55,48.8,51.63,3261205734.6,50.517,46.475
2026-06-16T13:39:04,2026-06-16 13:39:03,000759,中百集团,6.27,5.3782,5.93,6.5,5.89,5.95,562175040.48,5.95,5.3
2026-06-16T13:39:04,2026-06-16 13:39:00,603036,如通股份,14.91,2.6153,14.46,15.15,14.35,14.53,97211353.0,14.53,13.43
2026-06-16T13:39:04,2026-06-16 13:39:00,001378,德冠新材,20.69,0.7793,20.54,20.97,19.53,20.53,116649769.84,20.53,19.01
2026-06-16T13:39:04,2026-06-16 13:39:03,003009,中天火箭,61.17,-4.0471,62.61,62.61,61.01,63.75,486871063.29,63.75,55.56
2026-06-16T13:39:04,2026-06-16 13:38:57,001206,依依股份,17.55,0.0,17.47,17.93,17.1,17.55,102842473.72,17.55,15.81
2026-06-16T13:39:04,2026-06-16 13:39:00,001299,美能能源,10.76,-1.6453,10.96,11.0,10.68,10.94,43504786.36,10.94,10.38
2026-06-16T13:39:04,2026-06-16 13:38:54,001268,联合精密,40.6,-4.8289,42.0,42.01,40.0,42.66,98595613.0,41.34,38.033
2026-06-16T13:39:04,2026-06-16 13:39:03,002240,盛新锂能,49.37,-4.3773,50.52,50.55,48.8,51.63,3265454847.6,50.517,46.475
2026-06-16T13:40:04,2026-06-16 13:40:03,000759,中百集团,6.27,5.3782,5.93,6.5,5.89,5.95,565353169.48,5.95,5.3
2026-06-16T13:40:04,2026-06-16 13:40:03,603036,如通股份,14.95,2.8906,14.46,15.15,14.35,14.53,97814905.0,14.53,13.43
2026-06-16T13:40:04,2026-06-16 13:40:03,001378,德冠新材,20.68,0.7306,20.54,20.97,19.53,20.53,116881389.84,20.53,19.01
2026-06-16T13:40:04,2026-06-16 13:40:03,003009,中天火箭,61.1,-4.1569,62.61,62.61,61.01,63.75,490792097.39,63.75,55.56
2026-06-16T13:40:04,2026-06-16 13:39:51,001206,依依股份,17.54,-0.057,17.47,17.93,17.1,17.55,103033481.72,17.55,15.81
2026-06-16T13:40:04,2026-06-16 13:40:00,001299,美能能源,10.76,-1.6453,10.96,11.0,10.68,10.94,43523078.36,10.94,10.38
2026-06-16T13:40:04,2026-06-16 13:40:03,001268,联合精密,40.7,-4.5945,42.0,42.01,40.0,42.66,99432602.0,41.34,38.033
2026-06-16T13:40:04,2026-06-16 13:40:03,002240,盛新锂能,49.54,-4.048,50.52,50.55,48.8,51.63,3276403590.6,50.517,46.475
2026-06-16T13:41:05,2026-06-16 13:41:03,000759,中百集团,6.29,5.7143,5.93,6.5,5.89,5.95,569276305.48,5.95,5.3
2026-06-16T13:41:05,2026-06-16 13:40:57,603036,如通股份,14.94,2.8217,14.46,15.15,14.35,14.53,98012384.0,14.53,13.43
2026-06-16T13:41:05,2026-06-16 13:41:03,001378,德冠新材,20.64,0.5358,20.54,20.97,19.53,20.53,117085890.84,20.53,19.01
2026-06-16T13:41:05,2026-06-16 13:41:03,003009,中天火箭,61.08,-4.1882,62.61,62.61,61.01,63.75,492774323.29,63.75,55.56
2026-06-16T13:41:05,2026-06-16 13:41:03,001206,依依股份,17.53,-0.114,17.47,17.93,17.1,17.55,103098346.72,17.55,15.81
2026-06-16T13:41:05,2026-06-16 13:41:03,001299,美能能源,10.75,-1.7367,10.96,11.0,10.68,10.94,44346653.36,10.94,10.38
2026-06-16T13:41:05,2026-06-16 13:41:03,001268,联合精密,40.82,-4.3132,42.0,42.01,40.0,42.66,99890603.0,41.34,38.033
2026-06-16T13:41:05,2026-06-16 13:41:03,002240,盛新锂能,49.36,-4.3967,50.52,50.55,48.8,51.63,3283162770.6,50.517,46.475
2026-06-16T13:42:05,2026-06-16 13:42:03,000759,中百集团,6.28,5.5462,5.93,6.5,5.89,5.95,570979194.48,5.95,5.3
2026-06-16T13:42:05,2026-06-16 13:42:03,603036,如通股份,14.91,2.6153,14.46,15.15,14.35,14.53,98083972.0,14.53,13.43
2026-06-16T13:42:05,2026-06-16 13:42:03,001378,德冠新材,20.63,0.4871,20.54,20.97,19.53,20.53,117356015.84,20.53,19.01
2026-06-16T13:42:05,2026-06-16 13:42:03,003009,中天火箭,61.03,-4.2667,62.61,62.61,61.01,63.75,497115623.29,63.75,55.56
2026-06-16T13:42:05,2026-06-16 13:42:03,001206,依依股份,17.64,0.5128,17.47,17.93,17.1,17.55,103736049.72,17.55,15.81
2026-06-16T13:42:05,2026-06-16 13:42:00,001299,美能能源,10.74,-1.8282,10.96,11.0,10.68,10.94,44536784.36,10.94,10.38
2026-06-16T13:42:05,2026-06-16 13:42:00,001268,联合精密,40.8,-4.3601,42.0,42.01,40.0,42.66,100809320.0,41.34,38.033
2026-06-16T13:42:05,2026-06-16 13:42:03,002240,盛新锂能,49.39,-4.3386,50.52,50.55,48.8,51.63,3287316483.6,50.517,46.475
2026-06-16T13:43:05,2026-06-16 13:43:03,000759,中百集团,6.26,5.2101,5.93,6.5,5.89,5.95,571956440.48,5.95,5.3
2026-06-16T13:43:05,2026-06-16 13:43:03,603036,如通股份,14.88,2.4088,14.46,15.15,14.35,14.53,98631896.0,14.53,13.43
2026-06-16T13:43:05,2026-06-16 13:42:54,001378,德冠新材,20.64,0.5358,20.54,20.97,19.53,20.53,117558240.84,20.53,19.01
2026-06-16T13:43:05,2026-06-16 13:43:03,003009,中天火箭,61.0,-4.3137,62.61,62.61,61.0,63.75,501368001.29,63.75,55.56
2026-06-16T13:43:05,2026-06-16 13:42:57,001206,依依股份,17.61,0.3419,17.47,17.93,17.1,17.55,103984698.72,17.55,15.81
2026-06-16T13:43:05,2026-06-16 13:42:54,001299,美能能源,10.74,-1.8282,10.96,11.0,10.68,10.94,44571152.36,10.94,10.38
2026-06-16T13:43:05,2026-06-16 13:43:03,001268,联合精密,40.82,-4.3132,42.0,42.01,40.0,42.66,101397480.0,41.34,38.033
2026-06-16T13:43:05,2026-06-16 13:43:03,002240,盛新锂能,49.28,-4.5516,50.52,50.55,48.8,51.63,3293048088.6,50.517,46.475
2026-06-16T13:44:06,2026-06-16 13:44:03,000759,中百集团,6.26,5.2101,5.93,6.5,5.89,5.95,573727441.48,5.95,5.3
2026-06-16T13:44:06,2026-06-16 13:44:03,603036,如通股份,14.88,2.4088,14.46,15.15,14.35,14.53,98651246.0,14.53,13.43
2026-06-16T13:44:06,2026-06-16 13:44:03,001378,德冠新材,20.63,0.4871,20.54,20.97,19.53,20.53,118608097.04,20.53,19.01
2026-06-16T13:44:06,2026-06-16 13:44:03,003009,中天火箭,61.01,-4.298,62.61,62.61,61.0,63.75,504320750.29,63.75,55.56
2026-06-16T13:44:06,2026-06-16 13:44:03,001206,依依股份,17.62,0.3989,17.47,17.93,17.1,17.55,104108033.72,17.55,15.81
2026-06-16T13:44:06,2026-06-16 13:44:03,001299,美能能源,10.74,-1.8282,10.96,11.0,10.68,10.94,44682890.36,10.94,10.38
2026-06-16T13:44:06,2026-06-16 13:43:48,001268,联合精密,40.77,-4.4304,42.0,42.01,40.0,42.66,101401557.0,41.34,38.033
2026-06-16T13:44:06,2026-06-16 13:44:03,002240,盛新锂能,49.3,-4.5129,50.52,50.55,48.8,51.63,3300527145.6,50.517,46.475
2026-06-16T13:45:06,2026-06-16 13:45:06,000759,中百集团,6.25,5.042,5.93,6.5,5.89,5.95,574599952.48,5.95,5.3
2026-06-16T13:45:06,2026-06-16 13:45:03,603036,如通股份,14.84,2.1335,14.46,15.15,14.35,14.53,100230600.0,14.53,13.43
2026-06-16T13:45:06,2026-06-16 13:45:03,001378,德冠新材,20.6,0.341,20.54,20.97,19.53,20.53,119450617.04,20.53,19.01
2026-06-16T13:45:06,2026-06-16 13:45:03,003009,中天火箭,61.07,-4.2039,62.61,62.61,61.0,63.75,506023178.29,63.75,55.56
2026-06-16T13:45:06,2026-06-16 13:45:06,001206,依依股份,17.63,0.4558,17.47,17.93,17.1,17.55,104296504.72,17.55,15.81
2026-06-16T13:45:06,2026-06-16 13:45:06,001299,美能能源,10.75,-1.7367,10.96,11.0,10.68,10.94,44943933.36,10.94,10.38
2026-06-16T13:45:06,2026-06-16 13:45:06,001268,联合精密,40.7,-4.5945,42.0,42.01,40.0,42.66,101588929.0,41.34,38.033
2026-06-16T13:45:06,2026-06-16 13:45:03,002240,盛新锂能,49.35,-4.416,50.52,50.55,48.8,51.63,3304350089.6,50.517,46.475
2026-06-16T13:46:07,2026-06-16 13:46:06,000759,中百集团,6.25,5.042,5.93,6.5,5.89,5.95,576839080.48,5.95,5.3
2026-06-16T13:46:07,2026-06-16 13:46:03,603036,如通股份,14.86,2.2712,14.46,15.15,14.35,14.53,100425168.0,14.53,13.43
2026-06-16T13:46:07,2026-06-16 13:46:06,001378,德冠新材,20.61,0.3897,20.54,20.97,19.53,20.53,119695679.24,20.53,19.01
2026-06-16T13:46:07,2026-06-16 13:46:06,003009,中天火箭,61.09,-4.1725,62.61,62.61,61.0,63.75,507085991.29,63.75,55.56
2026-06-16T13:46:07,2026-06-16 13:46:06,001206,依依股份,17.63,0.4558,17.47,17.93,17.1,17.55,104545012.72,17.55,15.81
2026-06-16T13:46:07,2026-06-16 13:45:57,001299,美能能源,10.75,-1.7367,10.96,11.0,10.68,10.94,45021333.36,10.94,10.38
2026-06-16T13:46:07,2026-06-16 13:46:06,001268,联合精密,40.66,-4.6882,42.0,42.01,40.0,42.66,101686561.0,41.34,38.033
2026-06-16T13:46:07,2026-06-16 13:46:06,002240,盛新锂能,49.32,-4.4741,50.52,50.55,48.8,51.63,3310881655.6,50.517,46.475
2026-06-16T13:47:07,2026-06-16 13:47:06,000759,中百集团,6.25,5.042,5.93,6.5,5.89,5.95,577510868.48,5.95,5.3
2026-06-16T13:47:07,2026-06-16 13:47:06,603036,如通股份,14.87,2.34,14.46,15.15,14.35,14.53,100768441.0,14.53,13.43
2026-06-16T13:47:07,2026-06-16 13:47:06,001378,德冠新材,20.59,0.2923,20.54,20.97,19.53,20.53,119930649.24,20.53,19.01
2026-06-16T13:47:07,2026-06-16 13:47:06,003009,中天火箭,61.15,-4.0784,62.61,62.61,61.0,63.75,508498246.29,63.75,55.56
2026-06-16T13:47:07,2026-06-16 13:47:06,001206,依依股份,17.64,0.5128,17.47,17.93,17.1,17.55,104606730.72,17.55,15.81
2026-06-16T13:47:07,2026-06-16 13:47:03,001299,美能能源,10.76,-1.6453,10.96,11.0,10.68,10.94,45169689.36,10.94,10.38
2026-06-16T13:47:07,2026-06-16 13:47:03,001268,联合精密,40.71,-4.571,42.0,42.01,40.0,42.66,102142351.0,41.34,38.033
2026-06-16T13:47:07,2026-06-16 13:47:06,002240,盛新锂能,49.29,-4.5322,50.52,50.55,48.8,51.63,3317407127.6,50.517,46.475
2026-06-16T13:48:08,2026-06-16 13:48:06,000759,中百集团,6.27,5.3782,5.93,6.5,5.89,5.95,579338866.48,5.95,5.3
2026-06-16T13:48:08,2026-06-16 13:48:03,603036,如通股份,14.87,2.34,14.46,15.15,14.35,14.53,100906714.0,14.53,13.43
2026-06-16T13:48:08,2026-06-16 13:48:06,001378,德冠新材,20.57,0.1948,20.54,20.97,19.53,20.53,120208714.04,20.53,19.01
2026-06-16T13:48:08,2026-06-16 13:48:06,003009,中天火箭,61.1,-4.1569,62.61,62.61,61.0,63.75,510809986.29,63.75,55.56
2026-06-16T13:48:08,2026-06-16 13:48:03,001206,依依股份,17.61,0.3419,17.47,17.93,17.1,17.55,104744253.72,17.55,15.81
2026-06-16T13:48:08,2026-06-16 13:48:06,001299,美能能源,10.75,-1.7367,10.96,11.0,10.68,10.94,45425550.36,10.94,10.38
2026-06-16T13:48:08,2026-06-16 13:48:06,001268,联合精密,40.73,-4.5241,42.0,42.01,40.0,42.66,102317433.0,41.34,38.033
2026-06-16T13:48:08,2026-06-16 13:48:06,002240,盛新锂能,49.31,-4.4935,50.52,50.55,48.8,51.63,3321779431.6,50.517,46.475
2026-06-16T13:49:08,2026-06-16 13:49:06,000759,中百集团,6.27,5.3782,5.93,6.5,5.89,5.95,580836135.48,5.95,5.3
2026-06-16T13:49:08,2026-06-16 13:49:03,603036,如通股份,14.9,2.5465,14.46,15.15,14.35,14.53,101286203.0,14.53,13.43
2026-06-16T13:49:08,2026-06-16 13:49:06,001378,德冠新材,20.6,0.341,20.54,20.97,19.53,20.53,120581275.04,20.53,19.01
2026-06-16T13:49:08,2026-06-16 13:49:06,003009,中天火箭,61.08,-4.1882,62.61,62.61,61.0,63.75,512074811.29,63.75,55.56
2026-06-16T13:49:08,2026-06-16 13:49:03,001206,依依股份,17.61,0.3419,17.47,17.93,17.1,17.55,104753058.72,17.55,15.81
2026-06-16T13:49:08,2026-06-16 13:49:06,001299,美能能源,10.75,-1.7367,10.96,11.0,10.68,10.94,45454569.36,10.94,10.38
2026-06-16T13:49:08,2026-06-16 13:48:54,001268,联合精密,40.76,-4.4538,42.0,42.01,40.0,42.66,102419300.0,41.34,38.033
2026-06-16T13:49:08,2026-06-16 13:49:06,002240,盛新锂能,49.36,-4.3967,50.52,50.55,48.8,51.63,3325139907.6,50.517,46.475
2026-06-16T13:50:08,2026-06-16 13:50:06,000759,中百集团,6.27,5.3782,5.93,6.5,5.89,5.95,581926095.48,5.95,5.3
2026-06-16T13:50:08,2026-06-16 13:50:06,603036,如通股份,14.9,2.5465,14.46,15.15,14.35,14.53,102353353.0,14.53,13.43
2026-06-16T13:50:08,2026-06-16 13:50:06,001378,德冠新材,20.61,0.3897,20.54,20.97,19.53,20.53,120754376.04,20.53,19.01
2026-06-16T13:50:08,2026-06-16 13:50:06,003009,中天火箭,61.08,-4.1882,62.61,62.61,61.0,63.75,512984961.29,63.75,55.56
2026-06-16T13:50:08,2026-06-16 13:50:06,001206,依依股份,17.61,0.3419,17.47,17.93,17.1,17.55,104795324.72,17.55,15.81
2026-06-16T13:50:08,2026-06-16 13:50:06,001299,美能能源,10.75,-1.7367,10.96,11.0,10.68,10.94,45501867.36,10.94,10.38
2026-06-16T13:50:08,2026-06-16 13:50:06,001268,联合精密,40.87,-4.196,42.0,42.01,40.0,42.66,102965769.0,41.34,38.033
2026-06-16T13:50:08,2026-06-16 13:50:06,002240,盛新锂能,49.56,-4.0093,50.52,50.55,48.8,51.63,3331399597.6,50.517,46.475
2026-06-16T13:51:10,2026-06-16 13:51:09,000759,中百集团,6.28,5.5462,5.93,6.5,5.89,5.95,583651487.48,5.95,5.3
2026-06-16T13:51:10,2026-06-16 13:51:06,603036,如通股份,14.89,2.4776,14.46,15.15,14.35,14.53,102779207.0,14.53,13.43
2026-06-16T13:51:10,2026-06-16 13:51:06,001378,德冠新材,20.58,0.2435,20.54,20.97,19.53,20.53,121116950.04,20.53,19.01
2026-06-16T13:51:10,2026-06-16 13:51:06,003009,中天火箭,61.08,-4.1882,62.61,62.61,61.0,63.75,513962101.29,63.75,55.56
2026-06-16T13:51:10,2026-06-16 13:51:09,001206,依依股份,17.58,0.1709,17.47,17.93,17.1,17.55,105882739.72,17.55,15.81
2026-06-16T13:51:10,2026-06-16 13:51:09,001299,美能能源,10.75,-1.7367,10.96,11.0,10.68,10.94,45712507.36,10.94,10.38
2026-06-16T13:51:10,2026-06-16 13:51:09,001268,联合精密,40.95,-4.0084,42.0,42.01,40.0,42.66,103190737.0,41.34,38.033
2026-06-16T13:51:10,2026-06-16 13:51:09,002240,盛新锂能,49.47,-4.1836,50.52,50.55,48.8,51.63,3336982946.6,50.517,46.475
2026-06-16T13:52:10,2026-06-16 13:52:09,000759,中百集团,6.3,5.8824,5.93,6.5,5.89,5.95,585693823.48,5.95,5.3
2026-06-16T13:52:10,2026-06-16 13:52:09,603036,如通股份,14.89,2.4776,14.46,15.15,14.35,14.53,102806008.0,14.53,13.43
2026-06-16T13:52:10,2026-06-16 13:52:00,001378,德冠新材,20.61,0.3897,20.54,20.97,19.53,20.53,121788255.04,20.53,19.01
2026-06-16T13:52:10,2026-06-16 13:52:06,003009,中天火箭,61.1,-4.1569,62.61,62.61,61.0,63.75,514902964.29,63.75,55.56
2026-06-16T13:52:10,2026-06-16 13:52:09,001206,依依股份,17.57,0.114,17.47,17.93,17.1,17.55,106033889.72,17.55,15.81
2026-06-16T13:52:10,2026-06-16 13:52:09,001299,美能能源,10.76,-1.6453,10.96,11.0,10.68,10.94,45779216.36,10.94,10.38
2026-06-16T13:52:10,2026-06-16 13:52:09,001268,联合精密,40.97,-3.9616,42.0,42.01,40.0,42.66,104087770.0,41.34,38.033
2026-06-16T13:52:10,2026-06-16 13:52:09,002240,盛新锂能,49.36,-4.3967,50.52,50.55,48.8,51.63,3344146412.6,50.517,46.475
2026-06-16T13:53:10,2026-06-16 13:53:09,000759,中百集团,6.29,5.7143,5.93,6.5,5.89,5.95,587622240.48,5.95,5.3
2026-06-16T13:53:10,2026-06-16 13:53:06,603036,如通股份,14.82,1.9959,14.46,15.15,14.35,14.53,105202694.0,14.53,13.43
2026-06-16T13:53:10,2026-06-16 13:53:09,001378,德冠新材,20.59,0.2923,20.54,20.97,19.53,20.53,121895960.44,20.53,19.01
2026-06-16T13:53:10,2026-06-16 13:53:09,003009,中天火箭,61.08,-4.1882,62.61,62.61,61.0,63.75,515733909.29,63.75,55.56
2026-06-16T13:53:10,2026-06-16 13:53:06,001206,依依股份,17.56,0.057,17.47,17.93,17.1,17.55,106090074.72,17.55,15.81
2026-06-16T13:53:10,2026-06-16 13:53:06,001299,美能能源,10.76,-1.6453,10.96,11.0,10.68,10.94,45811266.36,10.94,10.38
2026-06-16T13:53:10,2026-06-16 13:53:03,001268,联合精密,40.93,-4.0553,42.0,42.01,40.0,42.66,104509664.0,41.34,38.033
2026-06-16T13:53:10,2026-06-16 13:53:09,002240,盛新锂能,49.34,-4.4354,50.52,50.55,48.8,51.63,3348217272.6,50.517,46.475
2026-06-16T13:54:11,2026-06-16 13:54:09,000759,中百集团,6.28,5.5462,5.93,6.5,5.89,5.95,588949112.48,5.95,5.3
2026-06-16T13:54:11,2026-06-16 13:54:09,603036,如通股份,14.85,2.2023,14.46,15.15,14.35,14.53,105604431.0,14.53,13.43
2026-06-16T13:54:11,2026-06-16 13:54:09,001378,德冠新材,20.57,0.1948,20.54,20.97,19.53,20.53,122243172.04,20.53,19.01
2026-06-16T13:54:11,2026-06-16 13:54:09,003009,中天火箭,61.06,-4.2196,62.61,62.61,61.0,63.75,517627107.29,63.75,55.56
2026-06-16T13:54:11,2026-06-16 13:54:09,001206,依依股份,17.55,0.0,17.47,17.93,17.1,17.55,106118154.72,17.55,15.81
2026-06-16T13:54:11,2026-06-16 13:54:09,001299,美能能源,10.75,-1.7367,10.96,11.0,10.68,10.94,46217885.36,10.94,10.38
2026-06-16T13:54:11,2026-06-16 13:54:09,001268,联合精密,40.85,-4.2429,42.0,42.01,40.0,42.66,104558734.0,41.34,38.033
2026-06-16T13:54:11,2026-06-16 13:54:09,002240,盛新锂能,49.37,-4.3773,50.52,50.55,48.8,51.63,3351464715.6,50.517,46.475
2026-06-16T13:55:11,2026-06-16 13:55:09,000759,中百集团,6.27,5.3782,5.93,6.5,5.89,5.95,590205314.48,5.95,5.3
2026-06-16T13:55:11,2026-06-16 13:55:06,603036,如通股份,14.85,2.2023,14.46,15.15,14.35,14.53,105614826.0,14.53,13.43
2026-06-16T13:55:11,2026-06-16 13:55:06,001378,德冠新材,20.59,0.2923,20.54,20.97,19.53,20.53,122529722.14,20.53,19.01
2026-06-16T13:55:11,2026-06-16 13:55:09,003009,中天火箭,61.05,-4.2353,62.61,62.61,61.0,63.75,518310969.29,63.75,55.56
2026-06-16T13:55:11,2026-06-16 13:55:09,001206,依依股份,17.55,0.0,17.47,17.93,17.1,17.55,106169050.72,17.55,15.81
2026-06-16T13:55:11,2026-06-16 13:55:06,001299,美能能源,10.74,-1.8282,10.96,11.0,10.68,10.94,46257635.36,10.94,10.38
2026-06-16T13:55:11,2026-06-16 13:54:45,001268,联合精密,40.76,-4.4538,42.0,42.01,40.0,42.66,104595440.0,41.34,38.033
2026-06-16T13:55:11,2026-06-16 13:55:09,002240,盛新锂能,49.4,-4.3192,50.52,50.55,48.8,51.63,3354111808.6,50.517,46.475
2026-06-16T13:56:12,2026-06-16 13:56:12,000759,中百集团,6.27,5.3782,5.93,6.5,5.89,5.95,591441134.48,5.95,5.3
2026-06-16T13:56:12,2026-06-16 13:56:06,603036,如通股份,14.85,2.2023,14.46,15.15,14.35,14.53,105749921.0,14.53,13.43
2026-06-16T13:56:12,2026-06-16 13:56:00,001378,德冠新材,20.59,0.2923,20.54,20.97,19.53,20.53,122661474.14,20.53,19.01
2026-06-16T13:56:12,2026-06-16 13:56:09,003009,中天火箭,61.05,-4.2353,62.61,62.61,61.0,63.75,519624073.29,63.75,55.56
2026-06-16T13:56:12,2026-06-16 13:56:12,001206,依依股份,17.56,0.057,17.47,17.93,17.1,17.55,106230502.72,17.55,15.81
2026-06-16T13:56:12,2026-06-16 13:56:12,001299,美能能源,10.75,-1.7367,10.96,11.0,10.68,10.94,46273759.36,10.94,10.38
2026-06-16T13:56:12,2026-06-16 13:56:12,001268,联合精密,40.86,-4.2194,42.0,42.01,40.0,42.66,104779343.0,41.34,38.033
2026-06-16T13:56:12,2026-06-16 13:56:12,002240,盛新锂能,49.38,-4.3579,50.52,50.55,48.8,51.63,3360337341.6,50.517,46.475
2026-06-16T13:57:12,2026-06-16 13:57:12,000759,中百集团,6.29,5.7143,5.93,6.5,5.89,5.95,592894030.48,5.95,5.3
2026-06-16T13:57:12,2026-06-16 13:57:09,603036,如通股份,14.85,2.2023,14.46,15.15,14.35,14.53,106428111.0,14.53,13.43
2026-06-16T13:57:12,2026-06-16 13:57:09,001378,德冠新材,20.57,0.1948,20.54,20.97,19.53,20.53,122717039.14,20.53,19.01
2026-06-16T13:57:12,2026-06-16 13:57:09,003009,中天火箭,61.02,-4.2824,62.61,62.61,61.0,63.75,522547402.29,63.75,55.56
2026-06-16T13:57:12,2026-06-16 13:57:12,001206,依依股份,17.56,0.057,17.47,17.93,17.1,17.55,106527150.72,17.55,15.81
2026-06-16T13:57:12,2026-06-16 13:57:09,001299,美能能源,10.75,-1.7367,10.96,11.0,10.68,10.94,46376951.36,10.94,10.38
2026-06-16T13:57:12,2026-06-16 13:57:06,001268,联合精密,40.9,-4.1256,42.0,42.01,40.0,42.66,104852941.0,41.34,38.033
2026-06-16T13:57:12,2026-06-16 13:57:09,002240,盛新锂能,49.37,-4.3773,50.52,50.55,48.8,51.63,3364661605.6,50.517,46.475
2026-06-16T13:58:13,2026-06-16 13:58:12,000759,中百集团,6.28,5.5462,5.93,6.5,5.89,5.95,593980656.48,5.95,5.3
2026-06-16T13:58:13,2026-06-16 13:58:09,603036,如通股份,14.88,2.4088,14.46,15.15,14.35,14.53,106523222.0,14.53,13.43
2026-06-16T13:58:13,2026-06-16 13:58:12,001378,德冠新材,20.6,0.341,20.54,20.97,19.53,20.53,122986658.14,20.53,19.01
2026-06-16T13:58:13,2026-06-16 13:58:09,003009,中天火箭,61.03,-4.2667,62.61,62.61,61.0,63.75,523285774.29,63.75,55.56
2026-06-16T13:58:13,2026-06-16 13:58:12,001206,依依股份,17.55,0.0,17.47,17.93,17.1,17.55,106729097.72,17.55,15.81
2026-06-16T13:58:13,2026-06-16 13:58:09,001299,美能能源,10.75,-1.7367,10.96,11.0,10.68,10.94,46393076.36,10.94,10.38
2026-06-16T13:58:13,2026-06-16 13:58:12,001268,联合精密,40.93,-4.0553,42.0,42.01,40.0,42.66,105172197.0,41.34,38.033
2026-06-16T13:58:13,2026-06-16 13:58:12,002240,盛新锂能,49.36,-4.3967,50.52,50.55,48.8,51.63,3372564966.6,50.517,46.475
2026-06-16T13:59:13,2026-06-16 13:59:12,000759,中百集团,6.27,5.3782,5.93,6.5,5.89,5.95,594212250.48,5.95,5.3
2026-06-16T13:59:13,2026-06-16 13:59:12,603036,如通股份,14.88,2.4088,14.46,15.15,14.35,14.53,106590160.0,14.53,13.43
2026-06-16T13:59:13,2026-06-16 13:59:06,001378,德冠新材,20.56,0.1461,20.54,20.97,19.53,20.53,123007242.14,20.53,19.01
2026-06-16T13:59:13,2026-06-16 13:59:12,003009,中天火箭,61.04,-4.251,62.61,62.61,61.0,63.75,524341530.29,63.75,55.56
2026-06-16T13:59:13,2026-06-16 13:59:12,001206,依依股份,17.56,0.057,17.47,17.93,17.1,17.55,106790557.72,17.55,15.81
2026-06-16T13:59:13,2026-06-16 13:59:09,001299,美能能源,10.75,-1.7367,10.96,11.0,10.68,10.94,46469371.36,10.94,10.38
2026-06-16T13:59:13,2026-06-16 13:59:12,001268,联合精密,40.86,-4.2194,42.0,42.01,40.0,42.66,105319397.0,41.34,38.033
2026-06-16T13:59:13,2026-06-16 13:59:12,002240,盛新锂能,49.33,-4.4548,50.52,50.55,48.8,51.63,3376364007.6,50.517,46.475
2026-06-16T14:00:13,2026-06-16 14:00:12,000759,中百集团,6.26,5.2101,5.93,6.5,5.89,5.95,596651887.48,5.95,5.3
2026-06-16T14:00:13,2026-06-16 14:00:12,603036,如通股份,14.86,2.2712,14.46,15.15,14.35,14.53,106646650.0,14.53,13.43
2026-06-16T14:00:13,2026-06-16 14:00:12,001378,德冠新材,20.56,0.1461,20.54,20.97,19.53,20.53,123105925.14,20.53,19.01
2026-06-16T14:00:13,2026-06-16 14:00:12,003009,中天火箭,61.04,-4.251,62.61,62.61,61.0,63.75,525110616.29,63.75,55.56
2026-06-16T14:00:13,2026-06-16 14:00:12,001206,依依股份,17.58,0.1709,17.47,17.93,17.1,17.55,106917079.72,17.55,15.81
2026-06-16T14:00:13,2026-06-16 14:00:06,001299,美能能源,10.75,-1.7367,10.96,11.0,10.68,10.94,46551069.36,10.94,10.38
2026-06-16T14:00:13,2026-06-16 14:00:12,001268,联合精密,40.75,-4.4773,42.0,42.01,40.0,42.66,105498994.0,41.34,38.033
2026-06-16T14:00:13,2026-06-16 14:00:12,002240,盛新锂能,49.26,-4.5904,50.52,50.55,48.8,51.63,3386589084.6,50.517,46.475
2026-06-16T14:01:15,2026-06-16 14:01:12,000759,中百集团,6.24,4.8739,5.93,6.5,5.89,5.95,598228264.48,5.95,5.3
2026-06-16T14:01:15,2026-06-16 14:01:12,603036,如通股份,14.86,2.2712,14.46,15.15,14.35,14.53,106737296.0,14.53,13.43
2026-06-16T14:01:15,2026-06-16 14:01:09,001378,德冠新材,20.52,-0.0487,20.54,20.97,19.53,20.53,123255917.14,20.53,19.01
2026-06-16T14:01:15,2026-06-16 14:01:12,003009,中天火箭,61.05,-4.2353,62.61,62.61,61.0,63.75,526581830.29,63.75,55.56
2026-06-16T14:01:15,2026-06-16 14:01:03,001206,依依股份,17.56,0.057,17.47,17.93,17.1,17.55,106955712.72,17.55,15.81
2026-06-16T14:01:15,2026-06-16 14:01:12,001299,美能能源,10.73,-1.9196,10.96,11.0,10.68,10.94,47937164.36,10.94,10.38
2026-06-16T14:01:15,2026-06-16 14:01:09,001268,联合精密,40.76,-4.4538,42.0,42.01,40.0,42.66,105560158.0,41.34,38.033
2026-06-16T14:01:15,2026-06-16 14:01:12,002240,盛新锂能,49.2,-4.7066,50.52,50.55,48.8,51.63,3393957430.6,50.517,46.475
2026-06-16T14:02:15,2026-06-16 14:02:12,000759,中百集团,6.25,5.042,5.93,6.5,5.89,5.95,599456556.48,5.95,5.3
2026-06-16T14:02:15,2026-06-16 14:02:09,603036,如通股份,14.86,2.2712,14.46,15.15,14.35,14.53,106810138.0,14.53,13.43
2026-06-16T14:02:15,2026-06-16 14:02:09,001378,德冠新材,20.53,0.0,20.54,20.97,19.53,20.53,123321603.14,20.53,19.01
2026-06-16T14:02:15,2026-06-16 14:02:12,003009,中天火箭,61.06,-4.2196,62.61,62.61,61.0,63.75,527418201.29,63.75,55.56
2026-06-16T14:02:15,2026-06-16 14:02:12,001206,依依股份,17.55,0.0,17.47,17.93,17.1,17.55,107066280.72,17.55,15.81
2026-06-16T14:02:15,2026-06-16 14:02:06,001299,美能能源,10.73,-1.9196,10.96,11.0,10.68,10.94,48102557.36,10.94,10.38
2026-06-16T14:02:15,2026-06-16 14:02:12,001268,联合精密,40.73,-4.5241,42.0,42.01,40.0,42.66,105641635.0,41.34,38.033
2026-06-16T14:02:15,2026-06-16 14:02:12,002240,盛新锂能,49.19,-4.7259,50.52,50.55,48.8,51.63,3403106001.6,50.517,46.475
2026-06-16T14:03:15,2026-06-16 14:03:15,000759,中百集团,6.25,5.042,5.93,6.5,5.89,5.95,600207181.48,5.95,5.3
2026-06-16T14:03:15,2026-06-16 14:03:12,603036,如通股份,14.85,2.2023,14.46,15.15,14.35,14.53,107136846.0,14.53,13.43
2026-06-16T14:03:15,2026-06-16 14:03:15,001378,德冠新材,20.51,-0.0974,20.54,20.97,19.53,20.53,123565700.14,20.53,19.01
2026-06-16T14:03:15,2026-06-16 14:03:12,003009,中天火箭,61.1,-4.1569,62.61,62.61,61.0,63.75,528261098.29,63.75,55.56
2026-06-16T14:03:15,2026-06-16 14:03:15,001206,依依股份,17.54,-0.057,17.47,17.93,17.1,17.55,107171538.72,17.55,15.81
2026-06-16T14:03:15,2026-06-16 14:03:15,001299,美能能源,10.74,-1.8282,10.96,11.0,10.68,10.94,48297923.36,10.94,10.38
2026-06-16T14:03:15,2026-06-16 14:03:12,001268,联合精密,40.91,-4.1022,42.0,42.01,40.0,42.66,106086012.0,41.34,38.033
2026-06-16T14:03:15,2026-06-16 14:03:15,002240,盛新锂能,49.17,-4.7647,50.52,50.55,48.8,51.63,3410569523.6,50.517,46.475
2026-06-16T14:04:16,2026-06-16 14:04:15,000759,中百集团,6.26,5.2101,5.93,6.5,5.89,5.95,600992755.48,5.95,5.3
2026-06-16T14:04:16,2026-06-16 14:04:09,603036,如通股份,14.85,2.2023,14.46,15.15,14.35,14.53,107309106.0,14.53,13.43
2026-06-16T14:04:16,2026-06-16 14:04:15,001378,德冠新材,20.52,-0.0487,20.54,20.97,19.53,20.53,123584160.14,20.53,19.01
2026-06-16T14:04:16,2026-06-16 14:04:12,003009,中天火箭,61.12,-4.1255,62.61,62.61,61.0,63.75,529037121.61,63.75,55.56
2026-06-16T14:04:16,2026-06-16 14:04:15,001206,依依股份,17.56,0.057,17.47,17.93,17.1,17.55,107273351.72,17.55,15.81
2026-06-16T14:04:16,2026-06-16 14:04:03,001299,美能能源,10.73,-1.9196,10.96,11.0,10.68,10.94,48336584.36,10.94,10.38
2026-06-16T14:04:16,2026-06-16 14:04:15,001268,联合精密,40.92,-4.0788,42.0,42.01,40.0,42.66,106163764.0,41.34,38.033
2026-06-16T14:04:16,2026-06-16 14:04:15,002240,盛新锂能,49.18,-4.7453,50.52,50.55,48.8,51.63,3419416256.6,50.517,46.475
2026-06-16T14:05:16,2026-06-16 14:05:15,000759,中百集团,6.26,5.2101,5.93,6.5,5.89,5.95,602230122.48,5.95,5.3
2026-06-16T14:05:16,2026-06-16 14:05:12,603036,如通股份,14.85,2.2023,14.46,15.15,14.35,14.53,107353684.0,14.53,13.43
2026-06-16T14:05:16,2026-06-16 14:05:15,001378,德冠新材,20.52,-0.0487,20.54,20.97,19.53,20.53,123861353.14,20.53,19.01
2026-06-16T14:05:16,2026-06-16 14:05:12,003009,中天火箭,61.35,-3.7647,62.61,62.61,61.0,63.75,530494981.61,63.75,55.56
2026-06-16T14:05:16,2026-06-16 14:05:15,001206,依依股份,17.59,0.2279,17.47,17.93,17.1,17.55,107707470.72,17.55,15.81
2026-06-16T14:05:16,2026-06-16 14:05:15,001299,美能能源,10.73,-1.9196,10.96,11.0,10.68,10.94,48382762.36,10.94,10.38
2026-06-16T14:05:16,2026-06-16 14:05:15,001268,联合精密,41.0,-3.8912,42.0,42.01,40.0,42.66,106536511.0,41.34,38.033
2026-06-16T14:05:16,2026-06-16 14:05:15,002240,盛新锂能,49.19,-4.7259,50.52,50.55,48.8,51.63,3428188663.26,50.517,46.475
2026-06-16T14:06:16,2026-06-16 14:06:15,000759,中百集团,6.26,5.2101,5.93,6.5,5.89,5.95,603281806.48,5.95,5.3
2026-06-16T14:06:16,2026-06-16 14:06:12,603036,如通股份,14.84,2.1335,14.46,15.15,14.35,14.53,107805060.0,14.53,13.43
2026-06-16T14:06:16,2026-06-16 14:06:12,001378,德冠新材,20.56,0.1461,20.54,20.97,19.53,20.53,124013386.14,20.53,19.01
2026-06-16T14:06:16,2026-06-16 14:06:15,003009,中天火箭,61.51,-3.5137,62.61,62.61,61.0,63.75,534660936.61,63.75,55.56
2026-06-16T14:06:16,2026-06-16 14:06:15,001206,依依股份,17.6,0.2849,17.47,17.93,17.1,17.55,107730342.72,17.55,15.81
2026-06-16T14:06:16,2026-06-16 14:06:15,001299,美能能源,10.73,-1.9196,10.96,11.0,10.68,10.94,48641416.36,10.94,10.38
2026-06-16T14:06:16,2026-06-16 14:06:15,001268,联合精密,41.11,-3.6334,42.0,42.01,40.0,42.66,106741714.0,41.34,38.033
2026-06-16T14:06:16,2026-06-16 14:06:15,002240,盛新锂能,49.23,-4.6485,50.52,50.55,48.8,51.63,3432499262.89,50.517,46.475
2026-06-16T14:07:17,2026-06-16 14:07:15,000759,中百集团,6.25,5.042,5.93,6.5,5.89,5.95,603703479.48,5.95,5.3
2026-06-16T14:07:17,2026-06-16 14:07:15,603036,如通股份,14.83,2.0647,14.46,15.15,14.35,14.53,108450231.0,14.53,13.43
2026-06-16T14:07:17,2026-06-16 14:07:15,001378,德冠新材,20.55,0.0974,20.54,20.97,19.53,20.53,124105870.14,20.53,19.01
2026-06-16T14:07:17,2026-06-16 14:07:15,003009,中天火箭,61.45,-3.6078,62.61,62.61,61.0,63.75,538062474.61,63.75,55.56
2026-06-16T14:07:17,2026-06-16 14:07:15,001206,依依股份,17.6,0.2849,17.47,17.93,17.1,17.55,107841255.72,17.55,15.81
2026-06-16T14:07:17,2026-06-16 14:07:15,001299,美能能源,10.74,-1.8282,10.96,11.0,10.68,10.94,49276715.36,10.94,10.38
2026-06-16T14:07:17,2026-06-16 14:07:15,001268,联合精密,41.13,-3.5865,42.0,42.01,40.0,42.66,106885652.0,41.34,38.033
2026-06-16T14:07:17,2026-06-16 14:07:15,002240,盛新锂能,49.24,-4.6291,50.52,50.55,48.8,51.63,3437009291.89,50.517,46.475
2026-06-16T14:08:17,2026-06-16 14:08:15,000759,中百集团,6.26,5.2101,5.93,6.5,5.89,5.95,603975592.48,5.95,5.3
2026-06-16T14:08:17,2026-06-16 14:08:15,603036,如通股份,14.79,1.7894,14.46,15.15,14.35,14.53,109731472.0,14.53,13.43
2026-06-16T14:08:17,2026-06-16 14:08:15,001378,德冠新材,20.57,0.1948,20.54,20.97,19.53,20.53,124278599.14,20.53,19.01
2026-06-16T14:08:17,2026-06-16 14:08:15,003009,中天火箭,61.45,-3.6078,62.61,62.61,61.0,63.75,539997367.61,63.75,55.56
2026-06-16T14:08:17,2026-06-16 14:08:15,001206,依依股份,17.59,0.2279,17.47,17.93,17.1,17.55,107857087.72,17.55,15.81
2026-06-16T14:08:17,2026-06-16 14:08:15,001299,美能能源,10.75,-1.7367,10.96,11.0,10.68,10.94,49342265.36,10.94,10.38
2026-06-16T14:08:17,2026-06-16 14:08:15,001268,联合精密,41.11,-3.6334,42.0,42.01,40.0,42.66,107000738.0,41.34,38.033
2026-06-16T14:08:17,2026-06-16 14:08:15,002240,盛新锂能,49.31,-4.4935,50.52,50.55,48.8,51.63,3440528805.47,50.517,46.475
2026-06-16T14:09:17,2026-06-16 14:09:15,000759,中百集团,6.26,5.2101,5.93,6.5,5.89,5.95,604852872.48,5.95,5.3
2026-06-16T14:09:17,2026-06-16 14:09:15,603036,如通股份,14.89,2.4776,14.46,15.15,14.35,14.53,110529147.0,14.53,13.43
2026-06-16T14:09:17,2026-06-16 14:09:15,001378,德冠新材,20.54,0.0487,20.54,20.97,19.53,20.53,124654569.14,20.53,19.01
2026-06-16T14:09:17,2026-06-16 14:09:15,003009,中天火箭,61.44,-3.6235,62.61,62.61,61.0,63.75,541115343.61,63.75,55.56
2026-06-16T14:09:17,2026-06-16 14:09:15,001206,依依股份,17.57,0.114,17.47,17.93,17.1,17.55,107932677.72,17.55,15.81
2026-06-16T14:09:17,2026-06-16 14:09:15,001299,美能能源,10.73,-1.9196,10.96,11.0,10.68,10.94,49430315.36,10.94,10.38
2026-06-16T14:09:17,2026-06-16 14:09:15,001268,联合精密,41.12,-3.6099,42.0,42.01,40.0,42.66,107243261.0,41.34,38.033
2026-06-16T14:09:17,2026-06-16 14:09:15,002240,盛新锂能,49.36,-4.3967,50.52,50.55,48.8,51.63,3445304998.47,50.517,46.475
2026-06-16T14:10:18,2026-06-16 14:10:15,000759,中百集团,6.25,5.042,5.93,6.5,5.89,5.95,606658711.48,5.95,5.3
2026-06-16T14:10:18,2026-06-16 14:10:15,603036,如通股份,14.85,2.2023,14.46,15.15,14.35,14.53,111050422.0,14.53,13.43
2026-06-16T14:10:18,2026-06-16 14:10:15,001378,德冠新材,20.58,0.2435,20.54,20.97,19.53,20.53,124899169.14,20.53,19.01
2026-06-16T14:10:18,2026-06-16 14:10:15,003009,中天火箭,61.37,-3.7333,62.61,62.61,61.0,63.75,542165151.61,63.75,55.56
2026-06-16T14:10:18,2026-06-16 14:10:15,001206,依依股份,17.59,0.2279,17.47,17.93,17.1,17.55,108011774.72,17.55,15.81
2026-06-16T14:10:18,2026-06-16 14:10:15,001299,美能能源,10.76,-1.6453,10.96,11.0,10.68,10.94,49581858.36,10.94,10.38
2026-06-16T14:10:18,2026-06-16 14:10:15,001268,联合精密,41.1,-3.6568,42.0,42.01,40.0,42.66,107740471.0,41.34,38.033
2026-06-16T14:10:18,2026-06-16 14:10:15,002240,盛新锂能,49.38,-4.3579,50.52,50.55,48.8,51.63,3448257517.47,50.517,46.475
2026-06-16T14:11:18,2026-06-16 14:11:15,000759,中百集团,6.26,5.2101,5.93,6.5,5.89,5.95,607603835.48,5.95,5.3
2026-06-16T14:11:18,2026-06-16 14:11:15,603036,如通股份,14.9,2.5465,14.46,15.15,14.35,14.53,111525932.0,14.53,13.43
2026-06-16T14:11:18,2026-06-16 14:11:15,001378,德冠新材,20.57,0.1948,20.54,20.97,19.53,20.53,124985564.14,20.53,19.01
2026-06-16T14:11:18,2026-06-16 14:11:15,003009,中天火箭,61.39,-3.702,62.61,62.61,61.0,63.75,543061426.61,63.75,55.56
2026-06-16T14:11:18,2026-06-16 14:11:15,001206,依依股份,17.57,0.114,17.47,17.93,17.1,17.55,108043408.72,17.55,15.81
2026-06-16T14:11:18,2026-06-16 14:11:15,001299,美能能源,10.77,-1.5539,10.96,11.0,10.68,10.94,49823076.36,10.94,10.38
2026-06-16T14:11:18,2026-06-16 14:11:15,001268,联合精密,41.13,-3.5865,42.0,42.01,40.0,42.66,108246115.0,41.34,38.033
2026-06-16T14:11:18,2026-06-16 14:11:15,002240,盛新锂能,49.38,-4.3579,50.52,50.55,48.8,51.63,3453562512.89,50.517,46.475
2026-06-16T14:12:18,2026-06-16 14:12:18,000759,中百集团,6.25,5.042,5.93,6.5,5.89,5.95,607957900.48,5.95,5.3
2026-06-16T14:12:18,2026-06-16 14:12:15,603036,如通股份,14.88,2.4088,14.46,15.15,14.35,14.53,112128403.0,14.53,13.43
2026-06-16T14:12:18,2026-06-16 14:12:18,001378,德冠新材,20.55,0.0974,20.54,20.97,19.53,20.53,125127433.14,20.53,19.01
2026-06-16T14:12:18,2026-06-16 14:12:15,003009,中天火箭,61.38,-3.7176,62.61,62.61,61.0,63.75,543779529.61,63.75,55.56
2026-06-16T14:12:18,2026-06-16 14:12:09,001206,依依股份,17.55,0.0,17.47,17.93,17.1,17.55,108148765.72,17.55,15.81
2026-06-16T14:12:18,2026-06-16 14:12:18,001299,美能能源,10.76,-1.6453,10.96,11.0,10.68,10.94,49880154.36,10.94,10.38
2026-06-16T14:12:18,2026-06-16 14:12:18,001268,联合精密,41.2,-3.4224,42.0,42.01,40.0,42.66,108365494.0,41.34,38.033
2026-06-16T14:12:18,2026-06-16 14:12:18,002240,盛新锂能,49.34,-4.4354,50.52,50.55,48.8,51.63,3458151597.89,50.517,46.475
2026-06-16T14:13:19,2026-06-16 14:13:18,000759,中百集团,6.28,5.5462,5.93,6.5,5.89,5.95,609287094.48,5.95,5.3
2026-06-16T14:13:19,2026-06-16 14:13:15,603036,如通股份,14.84,2.1335,14.46,15.15,14.35,14.53,112195215.0,14.53,13.43
2026-06-16T14:13:19,2026-06-16 14:13:06,001378,德冠新材,20.56,0.1461,20.54,20.97,19.53,20.53,125242869.74,20.53,19.01
2026-06-16T14:13:19,2026-06-16 14:13:12,003009,中天火箭,61.37,-3.7333,62.61,62.61,61.0,63.75,544503726.61,63.75,55.56
2026-06-16T14:13:19,2026-06-16 14:13:18,001206,依依股份,17.57,0.114,17.47,17.93,17.1,17.55,108526146.72,17.55,15.81
2026-06-16T14:13:19,2026-06-16 14:13:18,001299,美能能源,10.75,-1.7367,10.96,11.0,10.68,10.94,50101678.36,10.94,10.38
2026-06-16T14:13:19,2026-06-16 14:13:18,001268,联合精密,41.29,-3.2114,42.0,42.01,40.0,42.66,109445625.0,41.34,38.033
2026-06-16T14:13:19,2026-06-16 14:13:18,002240,盛新锂能,49.36,-4.3967,50.52,50.55,48.8,51.63,3461305523.89,50.517,46.475
2026-06-16T14:14:19,2026-06-16 14:14:18,000759,中百集团,6.3,5.8824,5.93,6.5,5.89,5.95,613486896.48,5.95,5.3
2026-06-16T14:14:19,2026-06-16 14:14:15,603036,如通股份,14.84,2.1335,14.46,15.15,14.35,14.53,112339163.0,14.53,13.43
2026-06-16T14:14:19,2026-06-16 14:14:18,001378,德冠新材,20.56,0.1461,20.54,20.97,19.53,20.53,125341596.74,20.53,19.01
2026-06-16T14:14:19,2026-06-16 14:14:15,003009,中天火箭,61.28,-3.8745,62.61,62.61,61.0,63.75,546411341.61,63.75,55.56
2026-06-16T14:14:19,2026-06-16 14:14:18,001206,依依股份,17.58,0.1709,17.47,17.93,17.1,17.55,108847725.52,17.55,15.81
2026-06-16T14:14:19,2026-06-16 14:14:15,001299,美能能源,10.74,-1.8282,10.96,11.0,10.68,10.94,50219839.56,10.94,10.38
2026-06-16T14:14:19,2026-06-16 14:14:18,001268,联合精密,41.48,-2.7661,42.0,42.01,40.0,42.66,111114344.0,41.34,38.033
2026-06-16T14:14:19,2026-06-16 14:14:18,002240,盛新锂能,49.38,-4.3579,50.52,50.55,48.8,51.63,3467147499.89,50.517,46.475
2026-06-16T14:15:19,2026-06-16 14:15:18,000759,中百集团,6.28,5.5462,5.93,6.5,5.89,5.95,617577835.48,5.95,5.3
2026-06-16T14:15:19,2026-06-16 14:15:18,603036,如通股份,14.84,2.1335,14.46,15.15,14.35,14.53,112681779.0,14.53,13.43
2026-06-16T14:15:19,2026-06-16 14:15:18,001378,德冠新材,20.57,0.1948,20.54,20.97,19.53,20.53,125495808.74,20.53,19.01
2026-06-16T14:15:19,2026-06-16 14:15:18,003009,中天火箭,61.24,-3.9373,62.61,62.61,61.0,63.75,548836913.61,63.75,55.56
2026-06-16T14:15:19,2026-06-16 14:15:18,001206,依依股份,17.58,0.1709,17.47,17.93,17.1,17.55,109035843.52,17.55,15.81
2026-06-16T14:15:19,2026-06-16 14:15:18,001299,美能能源,10.73,-1.9196,10.96,11.0,10.68,10.94,50322941.56,10.94,10.38
2026-06-16T14:15:19,2026-06-16 14:15:18,001268,联合精密,41.56,-2.5785,42.0,42.01,40.0,42.66,113328721.0,41.34,38.033
2026-06-16T14:15:19,2026-06-16 14:15:18,002240,盛新锂能,49.31,-4.4935,50.52,50.55,48.8,51.63,3473439196.89,50.517,46.475
2026-06-16T14:16:20,2026-06-16 14:16:18,000759,中百集团,6.28,5.5462,5.93,6.5,5.89,5.95,618328697.48,5.95,5.3
2026-06-16T14:16:20,2026-06-16 14:16:18,603036,如通股份,14.84,2.1335,14.46,15.15,14.35,14.53,113119121.0,14.53,13.43
2026-06-16T14:16:20,2026-06-16 14:16:18,001378,德冠新材,20.56,0.1461,20.54,20.97,19.53,20.53,125615074.74,20.53,19.01
2026-06-16T14:16:20,2026-06-16 14:16:15,003009,中天火箭,61.22,-3.9686,62.61,62.61,61.0,63.75,551030429.61,63.75,55.56
2026-06-16T14:16:20,2026-06-16 14:16:09,001206,依依股份,17.58,0.1709,17.47,17.93,17.1,17.55,109304692.52,17.55,15.81
2026-06-16T14:16:20,2026-06-16 14:16:18,001299,美能能源,10.74,-1.8282,10.96,11.0,10.68,10.94,50359457.56,10.94,10.38
2026-06-16T14:16:20,2026-06-16 14:16:18,001268,联合精密,41.64,-2.391,42.0,42.01,40.0,42.66,113661618.0,41.34,38.033
2026-06-16T14:16:20,2026-06-16 14:16:18,002240,盛新锂能,49.28,-4.5516,50.52,50.55,48.8,51.63,3479167747.89,50.517,46.475
2026-06-16T14:17:20,2026-06-16 14:17:18,000759,中百集团,6.3,5.8824,5.93,6.5,5.89,5.95,619986080.48,5.95,5.3
2026-06-16T14:17:20,2026-06-16 14:17:15,603036,如通股份,14.82,1.9959,14.46,15.15,14.35,14.53,113179906.0,14.53,13.43
2026-06-16T14:17:20,2026-06-16 14:17:06,001378,德冠新材,20.56,0.1461,20.54,20.97,19.53,20.53,125689082.74,20.53,19.01
2026-06-16T14:17:20,2026-06-16 14:17:18,003009,中天火箭,61.28,-3.8745,62.61,62.61,61.0,63.75,551606573.61,63.75,55.56
2026-06-16T14:17:20,2026-06-16 14:17:15,001206,依依股份,17.58,0.1709,17.47,17.93,17.1,17.55,109380299.52,17.55,15.81
2026-06-16T14:17:20,2026-06-16 14:17:15,001299,美能能源,10.74,-1.8282,10.96,11.0,10.68,10.94,50436785.56,10.94,10.38
2026-06-16T14:17:20,2026-06-16 14:17:18,001268,联合精密,41.59,-2.5082,42.0,42.01,40.0,42.66,114534749.0,41.34,38.033
2026-06-16T14:17:20,2026-06-16 14:17:18,002240,盛新锂能,49.24,-4.6291,50.52,50.55,48.8,51.63,3483364483.89,50.517,46.475
2026-06-16T14:18:21,2026-06-16 14:18:18,000759,中百集团,6.29,5.7143,5.93,6.5,5.89,5.95,623869385.48,5.95,5.3
2026-06-16T14:18:21,2026-06-16 14:18:15,603036,如通股份,14.82,1.9959,14.46,15.15,14.35,14.53,113334116.0,14.53,13.43
2026-06-16T14:18:21,2026-06-16 14:18:18,001378,德冠新材,20.56,0.1461,20.54,20.97,19.53,20.53,125798011.74,20.53,19.01
2026-06-16T14:18:21,2026-06-16 14:18:18,003009,中天火箭,61.3,-3.8431,62.61,62.61,61.0,63.75,552072322.61,63.75,55.56
2026-06-16T14:18:21,2026-06-16 14:18:18,001206,依依股份,17.59,0.2279,17.47,17.93,17.1,17.55,109503345.52,17.55,15.81
2026-06-16T14:18:21,2026-06-16 14:18:18,001299,美能能源,10.75,-1.7367,10.96,11.0,10.68,10.94,50971264.56,10.94,10.38
2026-06-16T14:18:21,2026-06-16 14:18:15,001268,联合精密,41.57,-2.5551,42.0,42.01,40.0,42.66,115378041.0,41.34,38.033
2026-06-16T14:18:21,2026-06-16 14:18:18,002240,盛新锂能,49.21,-4.6872,50.52,50.55,48.8,51.63,3491346520.89,50.517,46.475
2026-06-16T14:19:21,2026-06-16 14:19:18,000759,中百集团,6.29,5.7143,5.93,6.5,5.89,5.95,625686164.48,5.95,5.3
2026-06-16T14:19:21,2026-06-16 14:19:18,603036,如通股份,14.85,2.2023,14.46,15.15,14.35,14.53,113590890.0,14.53,13.43
2026-06-16T14:19:21,2026-06-16 14:19:18,001378,德冠新材,20.54,0.0487,20.54,20.97,19.53,20.53,125816503.74,20.53,19.01
2026-06-16T14:19:21,2026-06-16 14:19:18,003009,中天火箭,61.35,-3.7647,62.61,62.61,61.0,63.75,552642797.61,63.75,55.56
2026-06-16T14:19:21,2026-06-16 14:19:18,001206,依依股份,17.6,0.2849,17.47,17.93,17.1,17.55,110240404.52,17.55,15.81
2026-06-16T14:19:21,2026-06-16 14:19:15,001299,美能能源,10.75,-1.7367,10.96,11.0,10.68,10.94,50983086.56,10.94,10.38
2026-06-16T14:19:21,2026-06-16 14:19:15,001268,联合精密,41.55,-2.602,42.0,42.01,40.0,42.66,115697880.0,41.34,38.033
2026-06-16T14:19:21,2026-06-16 14:19:18,002240,盛新锂能,49.22,-4.6678,50.52,50.55,48.8,51.63,3496411142.89,50.517,46.475
2026-06-16T14:20:21,2026-06-16 14:20:18,000759,中百集团,6.29,5.7143,5.93,6.5,5.89,5.95,626114782.48,5.95,5.3
2026-06-16T14:20:21,2026-06-16 14:20:18,603036,如通股份,14.83,2.0647,14.46,15.15,14.35,14.53,114113271.0,14.53,13.43
2026-06-16T14:20:21,2026-06-16 14:20:18,001378,德冠新材,20.59,0.2923,20.54,20.97,19.53,20.53,125972792.74,20.53,19.01
2026-06-16T14:20:21,2026-06-16 14:20:18,003009,中天火箭,61.36,-3.749,62.61,62.61,61.0,63.75,553943382.61,63.75,55.56
2026-06-16T14:20:21,2026-06-16 14:20:18,001206,依依股份,17.62,0.3989,17.47,17.93,17.1,17.55,110527168.72,17.55,15.81
2026-06-16T14:20:21,2026-06-16 14:20:18,001299,美能能源,10.76,-1.6453,10.96,11.0,10.68,10.94,51479189.56,10.94,10.38
2026-06-16T14:20:21,2026-06-16 14:20:12,001268,联合精密,41.51,-2.6957,42.0,42.01,40.0,42.66,115913876.0,41.34,38.033
2026-06-16T14:20:21,2026-06-16 14:20:18,002240,盛新锂能,49.23,-4.6485,50.52,50.55,48.8,51.63,3503678148.89,50.517,46.475
2026-06-16T14:21:22,2026-06-16 14:21:21,000759,中百集团,6.28,5.5462,5.93,6.5,5.89,5.95,627851781.48,5.95,5.3
2026-06-16T14:21:22,2026-06-16 14:21:18,603036,如通股份,14.83,2.0647,14.46,15.15,14.35,14.53,114439756.0,14.53,13.43
2026-06-16T14:21:22,2026-06-16 14:21:21,001378,德冠新材,20.6,0.341,20.54,20.97,19.53,20.53,126335117.74,20.53,19.01
2026-06-16T14:21:22,2026-06-16 14:21:18,003009,中天火箭,61.34,-3.7804,62.61,62.61,61.0,63.75,554980285.61,63.75,55.56
2026-06-16T14:21:22,2026-06-16 14:21:21,001206,依依股份,17.62,0.3989,17.47,17.93,17.1,17.55,111122898.84,17.55,15.81
2026-06-16T14:21:22,2026-06-16 14:21:21,001299,美能能源,10.76,-1.6453,10.96,11.0,10.68,10.94,51542683.56,10.94,10.38
2026-06-16T14:21:22,2026-06-16 14:21:21,001268,联合精密,41.72,-2.2035,42.0,42.01,40.0,42.66,116837704.0,41.34,38.033
2026-06-16T14:21:22,2026-06-16 14:21:21,002240,盛新锂能,49.18,-4.7453,50.52,50.55,48.8,51.63,3519337726.89,50.517,46.475
2026-06-16T14:22:22,2026-06-16 14:22:21,000759,中百集团,6.28,5.5462,5.93,6.5,5.89,5.95,628705139.48,5.95,5.3
2026-06-16T14:22:22,2026-06-16 14:22:18,603036,如通股份,14.85,2.2023,14.46,15.15,14.35,14.53,114609151.0,14.53,13.43
2026-06-16T14:22:22,2026-06-16 14:22:21,001378,德冠新材,20.61,0.3897,20.54,20.97,19.53,20.53,126905885.74,20.53,19.01
2026-06-16T14:22:22,2026-06-16 14:22:18,003009,中天火箭,61.35,-3.7647,62.61,62.61,61.0,63.75,555569249.61,63.75,55.56
2026-06-16T14:22:22,2026-06-16 14:22:21,001206,依依股份,17.63,0.4558,17.47,17.93,17.1,17.55,111232252.84,17.55,15.81
2026-06-16T14:22:22,2026-06-16 14:22:21,001299,美能能源,10.78,-1.4625,10.96,11.0,10.68,10.94,51600884.56,10.94,10.38
2026-06-16T14:22:22,2026-06-16 14:22:21,001268,联合精密,41.68,-2.2972,42.0,42.01,40.0,42.66,117388502.0,41.34,38.033
2026-06-16T14:22:22,2026-06-16 14:22:21,002240,盛新锂能,49.24,-4.6291,50.52,50.55,48.8,51.63,3526778112.89,50.517,46.475
2026-06-16T14:23:22,2026-06-16 14:23:21,000759,中百集团,6.28,5.5462,5.93,6.5,5.89,5.95,629723104.48,5.95,5.3
2026-06-16T14:23:22,2026-06-16 14:23:18,603036,如通股份,14.85,2.2023,14.46,15.15,14.35,14.53,114811101.0,14.53,13.43
2026-06-16T14:23:22,2026-06-16 14:23:09,001378,德冠新材,20.59,0.2923,20.54,20.97,19.53,20.53,127060400.74,20.53,19.01
2026-06-16T14:23:22,2026-06-16 14:23:21,003009,中天火箭,61.36,-3.749,62.61,62.61,61.0,63.75,556076850.16,63.75,55.56
2026-06-16T14:23:22,2026-06-16 14:23:21,001206,依依股份,17.61,0.3419,17.47,17.93,17.1,17.55,111339773.84,17.55,15.81
2026-06-16T14:23:22,2026-06-16 14:23:21,001299,美能能源,10.77,-1.5539,10.96,11.0,10.68,10.94,51638585.56,10.94,10.38
2026-06-16T14:23:22,2026-06-16 14:23:21,001268,联合精密,41.66,-2.3441,42.0,42.01,40.0,42.66,117617736.0,41.34,38.033
2026-06-16T14:23:22,2026-06-16 14:23:21,002240,盛新锂能,49.3,-4.5129,50.52,50.55,48.8,51.63,3537189998.89,50.517,46.475
2026-06-16T14:24:23,2026-06-16 14:24:21,000759,中百集团,6.27,5.3782,5.93,6.5,5.89,5.95,631072182.48,5.95,5.3
2026-06-16T14:24:23,2026-06-16 14:24:12,603036,如通股份,14.85,2.2023,14.46,15.15,14.35,14.53,114858602.0,14.53,13.43
2026-06-16T14:24:23,2026-06-16 14:24:21,001378,德冠新材,20.61,0.3897,20.54,20.97,19.53,20.53,127295155.74,20.53,19.01
2026-06-16T14:24:23,2026-06-16 14:24:21,003009,中天火箭,61.39,-3.702,62.61,62.61,61.0,63.75,556985114.16,63.75,55.56
2026-06-16T14:24:23,2026-06-16 14:24:18,001206,依依股份,17.63,0.4558,17.47,17.93,17.1,17.55,111390882.84,17.55,15.81
2026-06-16T14:24:23,2026-06-16 14:24:21,001299,美能能源,10.83,-1.0055,10.96,11.0,10.68,10.94,52159366.56,10.94,10.38
2026-06-16T14:24:23,2026-06-16 14:24:21,001268,联合精密,41.58,-2.5316,42.0,42.01,40.0,42.66,118050463.0,41.34,38.033
2026-06-16T14:24:23,2026-06-16 14:24:21,002240,盛新锂能,49.31,-4.4935,50.52,50.55,48.8,51.63,3543291831.89,50.517,46.475
2026-06-16T14:25:23,2026-06-16 14:25:21,000759,中百集团,6.25,5.042,5.93,6.5,5.89,5.95,634034443.48,5.95,5.3
2026-06-16T14:25:23,2026-06-16 14:25:18,603036,如通股份,14.83,2.0647,14.46,15.15,14.35,14.53,115538016.0,14.53,13.43
2026-06-16T14:25:23,2026-06-16 14:25:21,001378,德冠新材,20.58,0.2435,20.54,20.97,19.53,20.53,128711105.74,20.53,19.01
2026-06-16T14:25:23,2026-06-16 14:25:21,003009,中天火箭,61.27,-3.8902,62.61,62.61,61.0,63.75,559150280.16,63.75,55.56
2026-06-16T14:25:23,2026-06-16 14:25:21,001206,依依股份,17.63,0.4558,17.47,17.93,17.1,17.55,111692119.84,17.55,15.81
2026-06-16T14:25:23,2026-06-16 14:25:21,001299,美能能源,10.82,-1.0969,10.96,11.0,10.68,10.94,52423349.56,10.94,10.38
2026-06-16T14:25:23,2026-06-16 14:25:21,001268,联合精密,41.57,-2.5551,42.0,42.01,40.0,42.66,118528539.0,41.34,38.033
2026-06-16T14:25:23,2026-06-16 14:25:21,002240,盛新锂能,49.35,-4.416,50.52,50.55,48.8,51.63,3547218774.89,50.517,46.475
2026-06-16T14:26:24,2026-06-16 14:26:21,000759,中百集团,6.24,4.8739,5.93,6.5,5.89,5.95,635784405.48,5.95,5.3
2026-06-16T14:26:24,2026-06-16 14:26:21,603036,如通股份,14.82,1.9959,14.46,15.15,14.35,14.53,115973964.0,14.53,13.43
2026-06-16T14:26:24,2026-06-16 14:26:18,001378,德冠新材,20.57,0.1948,20.54,20.97,19.53,20.53,128968239.74,20.53,19.01
2026-06-16T14:26:24,2026-06-16 14:26:21,003009,中天火箭,61.25,-3.9216,62.61,62.61,61.0,63.75,559915854.16,63.75,55.56
2026-06-16T14:26:24,2026-06-16 14:26:18,001206,依依股份,17.62,0.3989,17.47,17.93,17.1,17.55,111997114.84,17.55,15.81
2026-06-16T14:26:24,2026-06-16 14:26:21,001299,美能能源,10.82,-1.0969,10.96,11.0,10.68,10.94,52637523.56,10.94,10.38
2026-06-16T14:26:24,2026-06-16 14:26:21,001268,联合精密,41.53,-2.6489,42.0,42.01,40.0,42.66,118952397.0,41.34,38.033
2026-06-16T14:26:24,2026-06-16 14:26:21,002240,盛新锂能,49.29,-4.5322,50.52,50.55,48.8,51.63,3552057438.89,50.517,46.475
2026-06-16T14:27:25,2026-06-16 14:27:24,000759,中百集团,6.25,5.042,5.93,6.5,5.89,5.95,637138942.48,5.95,5.3
2026-06-16T14:27:25,2026-06-16 14:27:21,603036,如通股份,14.84,2.1335,14.46,15.15,14.35,14.53,115999171.0,14.53,13.43
2026-06-16T14:27:25,2026-06-16 14:27:24,001378,德冠新材,20.58,0.2435,20.54,20.97,19.53,20.53,129095773.74,20.53,19.01
2026-06-16T14:27:25,2026-06-16 14:27:21,003009,中天火箭,61.3,-3.8431,62.61,62.61,61.0,63.75,560289603.16,63.75,55.56
2026-06-16T14:27:25,2026-06-16 14:27:21,001206,依依股份,17.62,0.3989,17.47,17.93,17.1,17.55,112274045.04,17.55,15.81
2026-06-16T14:27:25,2026-06-16 14:27:24,001299,美能能源,10.8,-1.2797,10.96,11.0,10.68,10.94,53170968.56,10.94,10.38
2026-06-16T14:27:25,2026-06-16 14:27:24,001268,联合精密,41.59,-2.5082,42.0,42.01,40.0,42.66,119201904.0,41.34,38.033
2026-06-16T14:27:25,2026-06-16 14:27:24,002240,盛新锂能,49.27,-4.571,50.52,50.55,48.8,51.63,3556522788.78,50.517,46.475
2026-06-16T14:28:25,2026-06-16 14:28:24,000759,中百集团,6.24,4.8739,5.93,6.5,5.89,5.95,637546894.48,5.95,5.3
2026-06-16T14:28:25,2026-06-16 14:28:18,603036,如通股份,14.81,1.927,14.46,15.15,14.35,14.53,116304429.0,14.53,13.43
2026-06-16T14:28:25,2026-06-16 14:28:21,001378,德冠新材,20.56,0.1461,20.54,20.97,19.53,20.53,129383636.74,20.53,19.01
2026-06-16T14:28:25,2026-06-16 14:28:24,003009,中天火箭,61.26,-3.9059,62.61,62.61,61.0,63.75,562095823.16,63.75,55.56
2026-06-16T14:28:25,2026-06-16 14:28:24,001206,依依股份,17.62,0.3989,17.47,17.93,17.1,17.55,112384968.04,17.55,15.81
2026-06-16T14:28:25,2026-06-16 14:28:21,001299,美能能源,10.79,-1.3711,10.96,11.0,10.68,10.94,53301564.56,10.94,10.38
2026-06-16T14:28:25,2026-06-16 14:28:24,001268,联合精密,41.57,-2.5551,42.0,42.01,40.0,42.66,119776069.0,41.34,38.033
2026-06-16T14:28:25,2026-06-16 14:28:24,002240,盛新锂能,49.21,-4.6872,50.52,50.55,48.8,51.63,3567637588.8,50.517,46.475
2026-06-16T14:29:25,2026-06-16 14:29:24,000759,中百集团,6.25,5.042,5.93,6.5,5.89,5.95,638414129.48,5.95,5.3
2026-06-16T14:29:25,2026-06-16 14:29:24,603036,如通股份,14.83,2.0647,14.46,15.15,14.35,14.53,116532694.0,14.53,13.43
2026-06-16T14:29:25,2026-06-16 14:29:24,001378,德冠新材,20.56,0.1461,20.54,20.97,19.53,20.53,129706508.74,20.53,19.01
2026-06-16T14:29:25,2026-06-16 14:29:21,003009,中天火箭,61.13,-4.1098,62.61,62.61,61.0,63.75,564463190.16,63.75,55.56
2026-06-16T14:29:25,2026-06-16 14:29:21,001206,依依股份,17.61,0.3419,17.47,17.93,17.1,17.55,112673789.12,17.55,15.81
2026-06-16T14:29:25,2026-06-16 14:29:24,001299,美能能源,10.79,-1.3711,10.96,11.0,10.68,10.94,53390073.56,10.94,10.38
2026-06-16T14:29:25,2026-06-16 14:29:21,001268,联合精密,41.56,-2.5785,42.0,42.01,40.0,42.66,119842585.0,41.34,38.033
2026-06-16T14:29:25,2026-06-16 14:29:24,002240,盛新锂能,49.19,-4.7259,50.52,50.55,48.8,51.63,3574046977.8,50.517,46.475
2026-06-16T14:30:25,2026-06-16 14:30:24,000759,中百集团,6.25,5.042,5.93,6.5,5.89,5.95,639353766.48,5.95,5.3
2026-06-16T14:30:25,2026-06-16 14:30:18,603036,如通股份,14.84,2.1335,14.46,15.15,14.35,14.53,116626133.0,14.53,13.43
2026-06-16T14:30:25,2026-06-16 14:30:24,001378,德冠新材,20.57,0.1948,20.54,20.97,19.53,20.53,130082952.74,20.53,19.01
2026-06-16T14:30:25,2026-06-16 14:30:24,003009,中天火箭,61.22,-3.9686,62.61,62.61,61.0,63.75,566810289.16,63.75,55.56
2026-06-16T14:30:25,2026-06-16 14:30:21,001206,依依股份,17.61,0.3419,17.47,17.93,17.1,17.55,112835806.12,17.55,15.81
2026-06-16T14:30:25,2026-06-16 14:30:24,001299,美能能源,10.79,-1.3711,10.96,11.0,10.68,10.94,53789308.56,10.94,10.38
2026-06-16T14:30:25,2026-06-16 14:30:24,001268,联合精密,41.62,-2.4379,42.0,42.01,40.0,42.66,120038111.0,41.34,38.033
2026-06-16T14:30:25,2026-06-16 14:30:24,002240,盛新锂能,49.19,-4.7259,50.52,50.55,48.8,51.63,3579246687.8,50.517,46.475
2026-06-16T14:31:26,2026-06-16 14:31:24,000759,中百集团,6.24,4.8739,5.93,6.5,5.89,5.95,640242470.48,5.95,5.3
2026-06-16T14:31:26,2026-06-16 14:31:24,603036,如通股份,14.83,2.0647,14.46,15.15,14.35,14.53,116783368.0,14.53,13.43
2026-06-16T14:31:26,2026-06-16 14:31:24,001378,德冠新材,20.56,0.1461,20.54,20.97,19.53,20.53,130358446.74,20.53,19.01
2026-06-16T14:31:26,2026-06-16 14:31:24,003009,中天火箭,61.25,-3.9216,62.61,62.61,61.0,63.75,567673700.16,63.75,55.56
2026-06-16T14:31:26,2026-06-16 14:31:24,001206,依依股份,17.62,0.3989,17.47,17.93,17.1,17.55,112888662.12,17.55,15.81
2026-06-16T14:31:26,2026-06-16 14:31:24,001299,美能能源,10.79,-1.3711,10.96,11.0,10.68,10.94,53959752.56,10.94,10.38
2026-06-16T14:31:26,2026-06-16 14:31:24,001268,联合精密,41.52,-2.6723,42.0,42.01,40.0,42.66,120245979.0,41.34,38.033
2026-06-16T14:31:26,2026-06-16 14:31:24,002240,盛新锂能,49.22,-4.6678,50.52,50.55,48.8,51.63,3584191946.8,50.517,46.475
2026-06-16T14:32:26,2026-06-16 14:32:24,000759,中百集团,6.25,5.042,5.93,6.5,5.89,5.95,640892783.48,5.95,5.3
2026-06-16T14:32:26,2026-06-16 14:32:24,603036,如通股份,14.83,2.0647,14.46,15.15,14.35,14.53,117060813.0,14.53,13.43
2026-06-16T14:32:26,2026-06-16 14:32:21,001378,德冠新材,20.57,0.1948,20.54,20.97,19.53,20.53,130510640.74,20.53,19.01
2026-06-16T14:32:26,2026-06-16 14:32:24,003009,中天火箭,61.23,-3.9529,62.61,62.61,61.0,63.75,569124539.16,63.75,55.56
2026-06-16T14:32:26,2026-06-16 14:32:24,001206,依依股份,17.62,0.3989,17.47,17.93,17.1,17.55,112971470.12,17.55,15.81
2026-06-16T14:32:26,2026-06-16 14:32:24,001299,美能能源,10.8,-1.2797,10.96,11.0,10.68,10.94,54186489.56,10.94,10.38
2026-06-16T14:32:26,2026-06-16 14:32:24,001268,联合精密,41.56,-2.5785,42.0,42.01,40.0,42.66,120441280.0,41.34,38.033
2026-06-16T14:32:26,2026-06-16 14:32:24,002240,盛新锂能,49.25,-4.6097,50.52,50.55,48.8,51.63,3588406887.8,50.517,46.475
2026-06-16T14:33:27,2026-06-16 14:33:24,000759,中百集团,6.25,5.042,5.93,6.5,5.89,5.95,642715074.48,5.95,5.3
2026-06-16T14:33:27,2026-06-16 14:33:24,603036,如通股份,14.84,2.1335,14.46,15.15,14.35,14.53,117078616.0,14.53,13.43
2026-06-16T14:33:27,2026-06-16 14:33:24,001378,德冠新材,20.57,0.1948,20.54,20.97,19.53,20.53,130761564.74,20.53,19.01
2026-06-16T14:33:27,2026-06-16 14:33:24,003009,中天火箭,61.22,-3.9686,62.61,62.61,61.0,63.75,570042988.16,63.75,55.56
2026-06-16T14:33:27,2026-06-16 14:33:24,001206,依依股份,17.61,0.3419,17.47,17.93,17.1,17.55,113140605.12,17.55,15.81
2026-06-16T14:33:27,2026-06-16 14:33:18,001299,美能能源,10.8,-1.2797,10.96,11.0,10.68,10.94,54483404.56,10.94,10.38
2026-06-16T14:33:27,2026-06-16 14:33:24,001268,联合精密,41.56,-2.5785,42.0,42.01,40.0,42.66,120657405.0,41.34,38.033
2026-06-16T14:33:27,2026-06-16 14:33:24,002240,盛新锂能,49.23,-4.6485,50.52,50.55,48.8,51.63,3594713550.8,50.517,46.475
2026-06-16T14:34:27,2026-06-16 14:34:24,000759,中百集团,6.24,4.8739,5.93,6.5,5.89,5.95,643170385.48,5.95,5.3
2026-06-16T14:34:27,2026-06-16 14:34:21,603036,如通股份,14.84,2.1335,14.46,15.15,14.35,14.53,117671827.0,14.53,13.43
2026-06-16T14:34:27,2026-06-16 14:34:24,001378,德冠新材,20.56,0.1461,20.54,20.97,19.53,20.53,131539405.74,20.53,19.01
2026-06-16T14:34:27,2026-06-16 14:34:24,003009,中天火箭,61.16,-4.0627,62.61,62.61,61.0,63.75,571983570.16,63.75,55.56
2026-06-16T14:34:27,2026-06-16 14:34:21,001206,依依股份,17.62,0.3989,17.47,17.93,17.1,17.55,113524621.12,17.55,15.81
2026-06-16T14:34:27,2026-06-16 14:34:24,001299,美能能源,10.8,-1.2797,10.96,11.0,10.68,10.94,54590324.56,10.94,10.38
2026-06-16T14:34:27,2026-06-16 14:34:24,001268,联合精密,41.54,-2.6254,42.0,42.01,40.0,42.66,121073022.0,41.34,38.033
2026-06-16T14:34:27,2026-06-16 14:34:24,002240,盛新锂能,49.15,-4.8034,50.52,50.55,48.8,51.63,3613710661.15,50.517,46.475
2026-06-16T14:35:27,2026-06-16 14:35:24,000759,中百集团,6.25,5.042,5.93,6.5,5.89,5.95,644023958.48,5.95,5.3
2026-06-16T14:35:27,2026-06-16 14:35:21,603036,如通股份,14.85,2.2023,14.46,15.15,14.35,14.53,117941874.0,14.53,13.43
2026-06-16T14:35:27,2026-06-16 14:35:24,001378,德冠新材,20.56,0.1461,20.54,20.97,19.53,20.53,131950599.74,20.53,19.01
2026-06-16T14:35:27,2026-06-16 14:35:24,003009,中天火箭,61.11,-4.1412,62.61,62.61,61.0,63.75,572876553.16,63.75,55.56
2026-06-16T14:35:27,2026-06-16 14:35:24,001206,依依股份,17.64,0.5128,17.47,17.93,17.1,17.55,114268290.12,17.55,15.81
2026-06-16T14:35:27,2026-06-16 14:35:24,001299,美能能源,10.8,-1.2797,10.96,11.0,10.68,10.94,54719922.56,10.94,10.38
2026-06-16T14:35:27,2026-06-16 14:35:18,001268,联合精密,41.53,-2.6489,42.0,42.01,40.0,42.66,121392934.0,41.34,38.033
2026-06-16T14:35:27,2026-06-16 14:35:24,002240,盛新锂能,49.09,-4.9196,50.52,50.55,48.8,51.63,3629389528.73,50.517,46.475
2026-06-16T14:36:28,2026-06-16 14:36:27,000759,中百集团,6.24,4.8739,5.93,6.5,5.89,5.95,645998512.48,5.95,5.3
2026-06-16T14:36:28,2026-06-16 14:36:24,603036,如通股份,14.88,2.4088,14.46,15.15,14.35,14.53,118508227.0,14.53,13.43
2026-06-16T14:36:28,2026-06-16 14:36:27,001378,德冠新材,20.56,0.1461,20.54,20.97,19.53,20.53,132205514.74,20.53,19.01
2026-06-16T14:36:28,2026-06-16 14:36:27,003009,中天火箭,61.09,-4.1725,62.61,62.61,61.0,63.75,574404124.16,63.75,55.56
2026-06-16T14:36:28,2026-06-16 14:36:24,001206,依依股份,17.64,0.5128,17.47,17.93,17.1,17.55,114522230.12,17.55,15.81
2026-06-16T14:36:28,2026-06-16 14:36:27,001299,美能能源,10.8,-1.2797,10.96,11.0,10.68,10.94,54867205.56,10.94,10.38
2026-06-16T14:36:28,2026-06-16 14:36:24,001268,联合精密,41.52,-2.6723,42.0,42.01,40.0,42.66,121542415.0,41.34,38.033
2026-06-16T14:36:28,2026-06-16 14:36:27,002240,盛新锂能,49.03,-5.0358,50.52,50.55,48.8,51.63,3642320938.73,50.517,46.475
2026-06-16T14:37:28,2026-06-16 14:37:27,000759,中百集团,6.23,4.7059,5.93,6.5,5.89,5.95,649458520.48,5.95,5.3
2026-06-16T14:37:28,2026-06-16 14:37:24,603036,如通股份,14.87,2.34,14.46,15.15,14.35,14.53,118832394.0,14.53,13.43
2026-06-16T14:37:28,2026-06-16 14:37:27,001378,德冠新材,20.55,0.0974,20.54,20.97,19.53,20.53,132723753.74,20.53,19.01
2026-06-16T14:37:28,2026-06-16 14:37:27,003009,中天火箭,61.08,-4.1882,62.61,62.61,61.0,63.75,576108439.16,63.75,55.56
2026-06-16T14:37:28,2026-06-16 14:37:27,001206,依依股份,17.63,0.4558,17.47,17.93,17.1,17.55,114820153.12,17.55,15.81
2026-06-16T14:37:28,2026-06-16 14:37:27,001299,美能能源,10.82,-1.0969,10.96,11.0,10.68,10.94,54992214.46,10.94,10.38
2026-06-16T14:37:28,2026-06-16 14:37:27,001268,联合精密,41.48,-2.7661,42.0,42.01,40.0,42.66,122139833.0,41.34,38.033
2026-06-16T14:37:28,2026-06-16 14:37:27,002240,盛新锂能,49.03,-5.0358,50.52,50.55,48.8,51.63,3657748419.73,50.517,46.475
2026-06-16T14:38:28,2026-06-16 14:38:27,000759,中百集团,6.23,4.7059,5.93,6.5,5.89,5.95,653133878.48,5.95,5.3
2026-06-16T14:38:28,2026-06-16 14:38:24,603036,如通股份,14.86,2.2712,14.46,15.15,14.35,14.53,119096931.0,14.53,13.43
2026-06-16T14:38:28,2026-06-16 14:38:27,001378,德冠新材,20.55,0.0974,20.54,20.97,19.53,20.53,133245344.44,20.53,19.01
2026-06-16T14:38:28,2026-06-16 14:38:27,003009,中天火箭,61.03,-4.2667,62.61,62.61,61.0,63.75,579063779.16,63.75,55.56
2026-06-16T14:38:28,2026-06-16 14:38:27,001206,依依股份,17.63,0.4558,17.47,17.93,17.1,17.55,115054564.12,17.55,15.81
2026-06-16T14:38:28,2026-06-16 14:38:21,001299,美能能源,10.8,-1.2797,10.96,11.0,10.68,10.94,55393782.46,10.94,10.38
2026-06-16T14:38:28,2026-06-16 14:38:27,001268,联合精密,41.58,-2.5316,42.0,42.01,40.0,42.66,122580503.0,41.34,38.033
2026-06-16T14:38:28,2026-06-16 14:38:27,002240,盛新锂能,49.01,-5.0746,50.52,50.55,48.8,51.63,3676553176.73,50.517,46.475
2026-06-16T14:39:28,2026-06-16 14:39:27,000759,中百集团,6.23,4.7059,5.93,6.5,5.89,5.95,654574565.48,5.95,5.3
2026-06-16T14:39:28,2026-06-16 14:39:27,603036,如通股份,14.87,2.34,14.46,15.15,14.35,14.53,119156373.0,14.53,13.43
2026-06-16T14:39:28,2026-06-16 14:39:27,001378,德冠新材,20.6,0.341,20.54,20.97,19.53,20.53,133990245.44,20.53,19.01
2026-06-16T14:39:28,2026-06-16 14:39:27,003009,中天火箭,61.08,-4.1882,62.61,62.61,61.0,63.75,583264583.16,63.75,55.56
2026-06-16T14:39:28,2026-06-16 14:39:24,001206,依依股份,17.62,0.3989,17.47,17.93,17.1,17.55,115304790.12,17.55,15.81
2026-06-16T14:39:28,2026-06-16 14:39:27,001299,美能能源,10.79,-1.3711,10.96,11.0,10.68,10.94,55607513.46,10.94,10.38
2026-06-16T14:39:28,2026-06-16 14:39:27,001268,联合精密,41.61,-2.4613,42.0,42.01,40.0,42.66,122850768.0,41.34,38.033
2026-06-16T14:39:28,2026-06-16 14:39:27,002240,盛新锂能,49.03,-5.0358,50.52,50.55,48.8,51.63,3689840177.73,50.517,46.475
2026-06-16T14:40:29,2026-06-16 14:40:27,000759,中百集团,6.23,4.7059,5.93,6.5,5.89,5.95,656321815.47,5.95,5.3
2026-06-16T14:40:29,2026-06-16 14:40:27,603036,如通股份,14.86,2.2712,14.46,15.15,14.35,14.53,119469906.0,14.53,13.43
2026-06-16T14:40:29,2026-06-16 14:40:27,001378,德冠新材,20.58,0.2435,20.54,20.97,19.53,20.53,134314262.44,20.53,19.01
2026-06-16T14:40:29,2026-06-16 14:40:27,003009,中天火箭,61.12,-4.1255,62.61,62.61,61.0,63.75,584828123.16,63.75,55.56
2026-06-16T14:40:29,2026-06-16 14:40:27,001206,依依股份,17.61,0.3419,17.47,17.93,17.1,17.55,115981036.12,17.55,15.81
2026-06-16T14:40:29,2026-06-16 14:40:24,001299,美能能源,10.78,-1.4625,10.96,11.0,10.68,10.94,55689520.46,10.94,10.38
2026-06-16T14:40:29,2026-06-16 14:40:24,001268,联合精密,41.52,-2.6723,42.0,42.01,40.0,42.66,122954676.0,41.34,38.033
2026-06-16T14:40:29,2026-06-16 14:40:27,002240,盛新锂能,49.02,-5.0552,50.52,50.55,48.8,51.63,3699733171.73,50.517,46.475
2026-06-16T14:41:30,2026-06-16 14:41:27,000759,中百集团,6.23,4.7059,5.93,6.5,5.89,5.95,658342307.47,5.95,5.3
2026-06-16T14:41:30,2026-06-16 14:41:27,603036,如通股份,14.85,2.2023,14.46,15.15,14.35,14.53,119688340.0,14.53,13.43
2026-06-16T14:41:30,2026-06-16 14:41:24,001378,德冠新材,20.59,0.2923,20.54,20.97,19.53,20.53,134967214.44,20.53,19.01
2026-06-16T14:41:30,2026-06-16 14:41:27,003009,中天火箭,61.15,-4.0784,62.61,62.61,61.0,63.75,586172924.16,63.75,55.56
2026-06-16T14:41:30,2026-06-16 14:41:27,001206,依依股份,17.61,0.3419,17.47,17.93,17.1,17.55,116084935.12,17.55,15.81
2026-06-16T14:41:30,2026-06-16 14:41:27,001299,美能能源,10.8,-1.2797,10.96,11.0,10.68,10.94,55930167.46,10.94,10.38
2026-06-16T14:41:30,2026-06-16 14:41:27,001268,联合精密,41.57,-2.5551,42.0,42.01,40.0,42.66,123311851.0,41.34,38.033
2026-06-16T14:41:30,2026-06-16 14:41:27,002240,盛新锂能,49.02,-5.0552,50.52,50.55,48.8,51.63,3710893771.73,50.517,46.475
2026-06-16T14:42:30,2026-06-16 14:42:30,000759,中百集团,6.22,4.5378,5.93,6.5,5.89,5.95,662141699.47,5.95,5.3
2026-06-16T14:42:30,2026-06-16 14:42:27,603036,如通股份,14.85,2.2023,14.46,15.15,14.35,14.53,120714719.0,14.53,13.43
2026-06-16T14:42:30,2026-06-16 14:42:30,001378,德冠新材,20.62,0.4384,20.54,20.97,19.53,20.53,135348561.64,20.53,19.01
2026-06-16T14:42:30,2026-06-16 14:42:30,003009,中天火箭,61.14,-4.0941,62.61,62.61,61.0,63.75,587505504.16,63.75,55.56
2026-06-16T14:42:30,2026-06-16 14:42:30,001206,依依股份,17.62,0.3989,17.47,17.93,17.1,17.55,116386174.12,17.55,15.81
2026-06-16T14:42:30,2026-06-16 14:42:30,001299,美能能源,10.8,-1.2797,10.96,11.0,10.68,10.94,56291973.46,10.94,10.38
2026-06-16T14:42:30,2026-06-16 14:42:30,001268,联合精密,41.54,-2.6254,42.0,42.01,40.0,42.66,123577575.0,41.34,38.033
2026-06-16T14:42:30,2026-06-16 14:42:30,002240,盛新锂能,49.02,-5.0552,50.52,50.55,48.8,51.63,3719572016.73,50.517,46.475
2026-06-16T14:43:31,2026-06-16 14:43:30,000759,中百集团,6.22,4.5378,5.93,6.5,5.89,5.95,664106289.47,5.95,5.3
2026-06-16T14:43:31,2026-06-16 14:43:27,603036,如通股份,14.85,2.2023,14.46,15.15,14.35,14.53,120869173.0,14.53,13.43
2026-06-16T14:43:31,2026-06-16 14:43:30,001378,德冠新材,20.57,0.1948,20.54,20.97,19.53,20.53,136067364.64,20.53,19.01
2026-06-16T14:43:31,2026-06-16 14:43:27,003009,中天火箭,61.11,-4.1412,62.61,62.61,61.0,63.75,589974454.16,63.75,55.56
2026-06-16T14:43:31,2026-06-16 14:43:27,001206,依依股份,17.61,0.3419,17.47,17.93,17.1,17.55,117192836.12,17.55,15.81
2026-06-16T14:43:31,2026-06-16 14:43:30,001299,美能能源,10.8,-1.2797,10.96,11.0,10.68,10.94,56539415.46,10.94,10.38
2026-06-16T14:43:31,2026-06-16 14:43:30,001268,联合精密,41.51,-2.6957,42.0,42.01,40.0,42.66,124208674.0,41.34,38.033
2026-06-16T14:43:31,2026-06-16 14:43:30,002240,盛新锂能,49.01,-5.0746,50.52,50.55,48.8,51.63,3733363526.73,50.517,46.475
2026-06-16T14:44:31,2026-06-16 14:44:30,000759,中百集团,6.21,4.3697,5.93,6.5,5.89,5.95,666309928.47,5.95,5.3
2026-06-16T14:44:31,2026-06-16 14:44:27,603036,如通股份,14.86,2.2712,14.46,15.15,14.35,14.53,121022191.0,14.53,13.43
2026-06-16T14:44:31,2026-06-16 14:44:30,001378,德冠新材,20.56,0.1461,20.54,20.97,19.53,20.53,136993128.64,20.53,19.01
2026-06-16T14:44:31,2026-06-16 14:44:30,003009,中天火箭,61.05,-4.2353,62.61,62.61,61.0,63.75,592350091.16,63.75,55.56
2026-06-16T14:44:31,2026-06-16 14:44:30,001206,依依股份,17.61,0.3419,17.47,17.93,17.1,17.55,117470963.12,17.55,15.81
2026-06-16T14:44:31,2026-06-16 14:44:30,001299,美能能源,10.8,-1.2797,10.96,11.0,10.68,10.94,56702718.46,10.94,10.38
2026-06-16T14:44:31,2026-06-16 14:44:30,001268,联合精密,41.48,-2.7661,42.0,42.01,40.0,42.66,124548989.0,41.34,38.033
2026-06-16T14:44:31,2026-06-16 14:44:30,002240,盛新锂能,48.95,-5.1908,50.52,50.55,48.8,51.63,3781544933.73,50.517,46.475
2026-06-16T14:45:31,2026-06-16 14:45:30,000759,中百集团,6.22,4.5378,5.93,6.5,5.89,5.95,669231471.47,5.95,5.3
2026-06-16T14:45:31,2026-06-16 14:45:30,603036,如通股份,14.84,2.1335,14.46,15.15,14.35,14.53,121967878.0,14.53,13.43
2026-06-16T14:45:31,2026-06-16 14:45:30,001378,德冠新材,20.52,-0.0487,20.54,20.97,19.53,20.53,137833685.94,20.53,19.01
2026-06-16T14:45:31,2026-06-16 14:45:30,003009,中天火箭,60.93,-4.4235,62.61,62.61,60.92,63.75,603148200.16,63.75,55.56
2026-06-16T14:45:31,2026-06-16 14:45:30,001206,依依股份,17.61,0.3419,17.47,17.93,17.1,17.55,117699893.12,17.55,15.81
2026-06-16T14:45:31,2026-06-16 14:45:30,001299,美能能源,10.8,-1.2797,10.96,11.0,10.68,10.94,57104045.86,10.94,10.38
2026-06-16T14:45:31,2026-06-16 14:45:30,001268,联合精密,41.41,-2.9301,42.0,42.01,40.0,42.66,124971910.0,41.34,38.033
2026-06-16T14:45:31,2026-06-16 14:45:30,002240,盛新锂能,48.95,-5.1908,50.52,50.55,48.8,51.63,3813349226.08,50.517,46.475
2026-06-16T14:46:33,2026-06-16 14:46:30,000759,中百集团,6.21,4.3697,5.93,6.5,5.89,5.95,670747350.47,5.95,5.3
2026-06-16T14:46:33,2026-06-16 14:46:30,603036,如通股份,14.83,2.0647,14.46,15.15,14.35,14.53,122399431.0,14.53,13.43
2026-06-16T14:46:33,2026-06-16 14:46:30,001378,德冠新材,20.56,0.1461,20.54,20.97,19.53,20.53,138230162.94,20.53,19.01
2026-06-16T14:46:33,2026-06-16 14:46:30,003009,中天火箭,60.96,-4.3765,62.61,62.61,60.85,63.75,609492920.16,63.75,55.56
2026-06-16T14:46:33,2026-06-16 14:46:30,001206,依依股份,17.58,0.1709,17.47,17.93,17.1,17.55,118285820.12,17.55,15.81
2026-06-16T14:46:33,2026-06-16 14:46:30,001299,美能能源,10.78,-1.4625,10.96,11.0,10.68,10.94,58079727.86,10.94,10.38
2026-06-16T14:46:33,2026-06-16 14:46:30,001268,联合精密,41.38,-3.0005,42.0,42.01,40.0,42.66,125460346.0,41.34,38.033
2026-06-16T14:46:33,2026-06-16 14:46:30,002240,盛新锂能,48.93,-5.2295,50.52,50.55,48.8,51.63,3833682601.87,50.517,46.475
2026-06-16T14:47:33,2026-06-16 14:47:33,000759,中百集团,6.21,4.3697,5.93,6.5,5.89,5.95,675057474.47,5.95,5.3
2026-06-16T14:47:33,2026-06-16 14:47:30,603036,如通股份,14.84,2.1335,14.46,15.15,14.35,14.53,122770218.0,14.53,13.43
2026-06-16T14:47:33,2026-06-16 14:47:33,001378,德冠新材,20.55,0.0974,20.54,20.97,19.53,20.53,138733527.44,20.53,19.01
2026-06-16T14:47:33,2026-06-16 14:47:30,003009,中天火箭,60.97,-4.3608,62.61,62.61,60.85,63.75,613553163.92,63.75,55.56
2026-06-16T14:47:33,2026-06-16 14:47:30,001206,依依股份,17.59,0.2279,17.47,17.93,17.1,17.55,118649929.12,17.55,15.81
2026-06-16T14:47:33,2026-06-16 14:47:33,001299,美能能源,10.78,-1.4625,10.96,11.0,10.68,10.94,58175726.86,10.94,10.38
2026-06-16T14:47:33,2026-06-16 14:47:33,001268,联合精密,41.45,-2.8364,42.0,42.01,40.0,42.66,126429264.0,41.34,38.033
2026-06-16T14:47:33,2026-06-16 14:47:30,002240,盛新锂能,48.91,-5.2683,50.52,50.55,48.8,51.63,3852564907.87,50.517,46.475
2026-06-16T14:48:33,2026-06-16 14:48:33,000759,中百集团,6.22,4.5378,5.93,6.5,5.89,5.95,677364639.47,5.95,5.3
2026-06-16T14:48:33,2026-06-16 14:48:30,603036,如通股份,14.85,2.2023,14.46,15.15,14.35,14.53,123430484.0,14.53,13.43
2026-06-16T14:48:33,2026-06-16 14:48:30,001378,德冠新材,20.56,0.1461,20.54,20.97,19.53,20.53,139025467.44,20.53,19.01
2026-06-16T14:48:33,2026-06-16 14:48:30,003009,中天火箭,60.93,-4.4235,62.61,62.61,60.85,63.75,616982859.72,63.75,55.56
2026-06-16T14:48:33,2026-06-16 14:48:33,001206,依依股份,17.6,0.2849,17.47,17.93,17.1,17.55,118743244.12,17.55,15.81
2026-06-16T14:48:33,2026-06-16 14:48:33,001299,美能能源,10.79,-1.3711,10.96,11.0,10.68,10.94,58499392.86,10.94,10.38
2026-06-16T14:48:33,2026-06-16 14:48:33,001268,联合精密,41.36,-3.0474,42.0,42.01,40.0,42.66,127787619.0,41.34,38.033
2026-06-16T14:48:33,2026-06-16 14:48:30,002240,盛新锂能,48.91,-5.2683,50.52,50.55,48.8,51.63,3873464516.87,50.517,46.475
2026-06-16T14:49:34,2026-06-16 14:49:33,000759,中百集团,6.23,4.7059,5.93,6.5,5.89,5.95,679788010.47,5.95,5.3
2026-06-16T14:49:34,2026-06-16 14:49:30,603036,如通股份,14.84,2.1335,14.46,15.15,14.35,14.53,123656142.0,14.53,13.43
2026-06-16T14:49:34,2026-06-16 14:49:33,001378,德冠新材,20.55,0.0974,20.54,20.97,19.53,20.53,139520925.44,20.53,19.01
2026-06-16T14:49:34,2026-06-16 14:49:30,003009,中天火箭,60.96,-4.3765,62.61,62.61,60.85,63.75,620546144.24,63.75,55.56
2026-06-16T14:49:34,2026-06-16 14:49:33,001206,依依股份,17.6,0.2849,17.47,17.93,17.1,17.55,118940465.12,17.55,15.81
2026-06-16T14:49:34,2026-06-16 14:49:33,001299,美能能源,10.79,-1.3711,10.96,11.0,10.68,10.94,58868429.86,10.94,10.38
2026-06-16T14:49:34,2026-06-16 14:49:33,001268,联合精密,41.4,-2.9536,42.0,42.01,40.0,42.66,127969603.0,41.34,38.033
2026-06-16T14:49:34,2026-06-16 14:49:30,002240,盛新锂能,48.86,-5.3651,50.52,50.55,48.8,51.63,3904597193.87,50.517,46.475
2026-06-16T14:50:34,2026-06-16 14:50:33,000759,中百集团,6.22,4.5378,5.93,6.5,5.89,5.95,682740604.47,5.95,5.3
2026-06-16T14:50:34,2026-06-16 14:50:30,603036,如通股份,14.84,2.1335,14.46,15.15,14.35,14.53,124136917.0,14.53,13.43
2026-06-16T14:50:34,2026-06-16 14:50:30,001378,德冠新材,20.57,0.1948,20.54,20.97,19.53,20.53,140328722.44,20.53,19.01
2026-06-16T14:50:34,2026-06-16 14:50:30,003009,中天火箭,60.91,-4.4549,62.61,62.61,60.85,63.75,625723813.28,63.75,55.56
2026-06-16T14:50:34,2026-06-16 14:50:30,001206,依依股份,17.62,0.3989,17.47,17.93,17.1,17.55,119370350.12,17.55,15.81
2026-06-16T14:50:34,2026-06-16 14:50:33,001299,美能能源,10.8,-1.2797,10.96,11.0,10.68,10.94,59290477.86,10.94,10.38
2026-06-16T14:50:34,2026-06-16 14:50:33,001268,联合精密,41.28,-3.2349,42.0,42.01,40.0,42.66,128564147.0,41.34,38.033
2026-06-16T14:50:34,2026-06-16 14:50:30,002240,盛新锂能,48.8,-5.4813,50.52,50.55,48.8,51.63,3933101271.36,50.517,46.475
2026-06-16T14:51:35,2026-06-16 14:51:33,000759,中百集团,6.22,4.5378,5.93,6.5,5.89,5.95,687351672.47,5.95,5.3
2026-06-16T14:51:35,2026-06-16 14:51:33,603036,如通股份,14.84,2.1335,14.46,15.15,14.35,14.53,124542100.0,14.53,13.43
2026-06-16T14:51:35,2026-06-16 14:51:33,001378,德冠新材,20.56,0.1461,20.54,20.97,19.53,20.53,140801824.44,20.53,19.01
2026-06-16T14:51:35,2026-06-16 14:51:33,003009,中天火箭,60.95,-4.3922,62.61,62.61,60.85,63.75,629700873.56,63.75,55.56
2026-06-16T14:51:35,2026-06-16 14:51:33,001206,依依股份,17.61,0.3419,17.47,17.93,17.1,17.55,120596578.97,17.55,15.81
2026-06-16T14:51:35,2026-06-16 14:51:33,001299,美能能源,10.79,-1.3711,10.96,11.0,10.68,10.94,59472931.86,10.94,10.38
2026-06-16T14:51:35,2026-06-16 14:51:33,001268,联合精密,41.33,-3.1177,42.0,42.01,40.0,42.66,130084324.0,41.34,38.033
2026-06-16T14:51:35,2026-06-16 14:51:33,002240,盛新锂能,48.85,-5.3845,50.52,50.55,48.8,51.63,3957779567.05,50.517,46.475
2026-06-16T14:52:36,2026-06-16 14:52:33,000759,中百集团,6.21,4.3697,5.93,6.5,5.89,5.95,690176163.47,5.95,5.3
2026-06-16T14:52:36,2026-06-16 14:52:33,603036,如通股份,14.85,2.2023,14.46,15.15,14.35,14.53,125167081.0,14.53,13.43
2026-06-16T14:52:36,2026-06-16 14:52:33,001378,德冠新材,20.57,0.1948,20.54,20.97,19.53,20.53,141158740.44,20.53,19.01
2026-06-16T14:52:36,2026-06-16 14:52:33,003009,中天火箭,60.94,-4.4078,62.61,62.61,60.85,63.75,635438958.8,63.75,55.56
2026-06-16T14:52:36,2026-06-16 14:52:33,001206,依依股份,17.63,0.4558,17.47,17.93,17.1,17.55,121107799.97,17.55,15.81
2026-06-16T14:52:36,2026-06-16 14:52:33,001299,美能能源,10.8,-1.2797,10.96,11.0,10.68,10.94,59850920.86,10.94,10.38
2026-06-16T14:52:36,2026-06-16 14:52:33,001268,联合精密,41.42,-2.9067,42.0,42.01,40.0,42.66,131696707.0,41.34,38.033
2026-06-16T14:52:36,2026-06-16 14:52:33,002240,盛新锂能,48.88,-5.3264,50.52,50.55,48.8,51.63,3974751981.2,50.517,46.475
2026-06-16T14:53:36,2026-06-16 14:53:33,000759,中百集团,6.21,4.3697,5.93,6.5,5.89,5.95,693628206.47,5.95,5.3
2026-06-16T14:53:36,2026-06-16 14:53:33,603036,如通股份,14.86,2.2712,14.46,15.15,14.35,14.53,125853405.0,14.53,13.43
2026-06-16T14:53:36,2026-06-16 14:53:33,001378,德冠新材,20.57,0.1948,20.54,20.97,19.53,20.53,141804944.74,20.53,19.01
2026-06-16T14:53:36,2026-06-16 14:53:33,003009,中天火箭,60.91,-4.4549,62.61,62.61,60.85,63.75,641397911.8,63.75,55.56
2026-06-16T14:53:36,2026-06-16 14:53:33,001206,依依股份,17.63,0.4558,17.47,17.93,17.1,17.55,122309876.97,17.55,15.81
2026-06-16T14:53:36,2026-06-16 14:53:33,001299,美能能源,10.8,-1.2797,10.96,11.0,10.68,10.94,60272089.86,10.94,10.38
2026-06-16T14:53:36,2026-06-16 14:53:33,001268,联合精密,41.43,-2.8833,42.0,42.01,40.0,42.66,132077907.0,41.34,38.033
2026-06-16T14:53:36,2026-06-16 14:53:33,002240,盛新锂能,48.86,-5.3651,50.52,50.55,48.8,51.63,3999050229.4,50.517,46.475
2026-06-16T14:54:36,2026-06-16 14:54:33,000759,中百集团,6.21,4.3697,5.93,6.5,5.89,5.95,697278187.47,5.95,5.3
2026-06-16T14:54:36,2026-06-16 14:54:33,603036,如通股份,14.81,1.927,14.46,15.15,14.35,14.53,130674557.0,14.53,13.43
2026-06-16T14:54:36,2026-06-16 14:54:33,001378,德冠新材,20.59,0.2923,20.54,20.97,19.53,20.53,143263542.14,20.53,19.01
2026-06-16T14:54:36,2026-06-16 14:54:33,003009,中天火箭,60.89,-4.4863,62.61,62.61,60.85,63.75,646088843.0,63.75,55.56
2026-06-16T14:54:36,2026-06-16 14:54:33,001206,依依股份,17.63,0.4558,17.47,17.93,17.1,17.55,122823246.42,17.55,15.81
2026-06-16T14:54:36,2026-06-16 14:54:33,001299,美能能源,10.77,-1.5539,10.96,11.0,10.68,10.94,61984182.46,10.94,10.38
2026-06-16T14:54:36,2026-06-16 14:54:33,001268,联合精密,41.34,-3.0942,42.0,42.01,40.0,42.66,132702649.0,41.34,38.033
2026-06-16T14:54:36,2026-06-16 14:54:33,002240,盛新锂能,48.84,-5.4038,50.52,50.55,48.8,51.63,4020510796.94,50.517,46.475
2026-06-16T14:55:36,2026-06-16 14:55:36,000759,中百集团,6.2,4.2017,5.93,6.5,5.89,5.95,706230219.47,5.95,5.3
2026-06-16T14:55:36,2026-06-16 14:55:33,603036,如通股份,14.81,1.927,14.46,15.15,14.35,14.53,131566467.0,14.53,13.43
2026-06-16T14:55:36,2026-06-16 14:55:36,001378,德冠新材,20.59,0.2923,20.54,20.97,19.53,20.53,144836521.84,20.53,19.01
2026-06-16T14:55:36,2026-06-16 14:55:33,003009,中天火箭,60.91,-4.4549,62.61,62.61,60.85,63.75,654351030.02,63.75,55.56
2026-06-16T14:55:36,2026-06-16 14:55:36,001206,依依股份,17.62,0.3989,17.47,17.93,17.1,17.55,124242247.18,17.55,15.81
2026-06-16T14:55:36,2026-06-16 14:55:36,001299,美能能源,10.77,-1.5539,10.96,11.0,10.68,10.94,62680185.16,10.94,10.38
2026-06-16T14:55:36,2026-06-16 14:55:36,001268,联合精密,41.35,-3.0708,42.0,42.01,40.0,42.66,133967917.0,41.34,38.033
2026-06-16T14:55:36,2026-06-16 14:55:36,002240,盛新锂能,48.81,-5.4619,50.52,50.55,48.8,51.63,4048111402.94,50.517,46.475
2026-06-16T14:56:37,2026-06-16 14:56:36,000759,中百集团,6.16,3.5294,5.93,6.5,5.89,5.95,718408436.47,5.95,5.3
2026-06-16T14:56:37,2026-06-16 14:56:33,603036,如通股份,14.81,1.927,14.46,15.15,14.35,14.53,132570341.0,14.53,13.43
2026-06-16T14:56:37,2026-06-16 14:56:36,001378,德冠新材,20.62,0.4384,20.54,20.97,19.53,20.53,146485569.04,20.53,19.01
2026-06-16T14:56:37,2026-06-16 14:56:33,003009,中天火箭,60.87,-4.5176,62.61,62.61,60.85,63.75,660037287.02,63.75,55.56
2026-06-16T14:56:37,2026-06-16 14:56:36,001206,依依股份,17.64,0.5128,17.47,17.93,17.1,17.55,125319830.18,17.55,15.81
2026-06-16T14:56:37,2026-06-16 14:56:36,001299,美能能源,10.77,-1.5539,10.96,11.0,10.68,10.94,63297547.16,10.94,10.38
2026-06-16T14:56:37,2026-06-16 14:56:36,001268,联合精密,41.39,-2.977,42.0,42.01,40.0,42.66,135275521.0,41.34,38.033
2026-06-16T14:56:37,2026-06-16 14:56:36,002240,盛新锂能,48.81,-5.4619,50.52,50.55,48.8,51.63,4094178991.06,50.517,46.475
2026-06-16T14:57:37,2026-06-16 14:57:36,000759,中百集团,6.22,4.5378,5.93,6.5,5.89,5.95,723931591.47,5.95,5.3
2026-06-16T14:57:37,2026-06-16 14:57:36,603036,如通股份,14.82,1.9959,14.46,15.15,14.35,14.53,132834047.0,14.53,13.43
2026-06-16T14:57:37,2026-06-16 14:57:36,001378,德冠新材,20.66,0.6332,20.54,20.97,19.53,20.53,146949972.04,20.53,19.01
2026-06-16T14:57:37,2026-06-16 14:57:36,003009,中天火箭,60.88,-4.502,62.61,62.61,60.85,63.75,661881938.02,63.75,55.56
2026-06-16T14:57:37,2026-06-16 14:57:36,001206,依依股份,17.65,0.5698,17.47,17.93,17.1,17.55,126142264.18,17.55,15.81
2026-06-16T14:57:37,2026-06-16 14:57:36,001299,美能能源,10.78,-1.4625,10.96,11.0,10.68,10.94,63589703.16,10.94,10.38
2026-06-16T14:57:37,2026-06-16 14:57:36,001268,联合精密,41.48,-2.7661,42.0,42.01,40.0,42.66,136630279.0,41.34,38.033
2026-06-16T14:57:37,2026-06-16 14:57:36,002240,盛新锂能,48.81,-5.4619,50.52,50.55,48.8,51.63,4107191748.06,50.517,46.475
2026-06-16T14:58:38,2026-06-16 14:58:30,000759,中百集团,6.22,4.5378,5.93,6.5,5.89,5.95,723931591.47,5.95,5.3
2026-06-16T14:58:38,2026-06-16 14:58:36,603036,如通股份,14.82,1.9959,14.46,15.15,14.35,14.53,132834047.0,14.53,13.43
2026-06-16T14:58:38,2026-06-16 14:58:30,001378,德冠新材,20.66,0.6332,20.54,20.97,19.53,20.53,146949972.04,20.53,19.01
2026-06-16T14:58:38,2026-06-16 14:58:30,003009,中天火箭,60.88,-4.502,62.61,62.61,60.85,63.75,661881938.02,63.75,55.56
2026-06-16T14:58:38,2026-06-16 14:58:30,001206,依依股份,17.65,0.5698,17.47,17.93,17.1,17.55,126142264.18,17.55,15.81
2026-06-16T14:58:38,2026-06-16 14:58:30,001299,美能能源,10.78,-1.4625,10.96,11.0,10.68,10.94,63589703.16,10.94,10.38
2026-06-16T14:58:38,2026-06-16 14:58:30,001268,联合精密,41.48,-2.7661,42.0,42.01,40.0,42.66,136630279.0,41.34,38.033
2026-06-16T14:58:38,2026-06-16 14:58:30,002240,盛新锂能,48.81,-5.4619,50.52,50.55,48.8,51.63,4107191748.06,50.517,46.475
2026-06-16T14:59:38,2026-06-16 14:59:33,000759,中百集团,6.22,4.5378,5.93,6.5,5.89,5.95,723931591.47,5.95,5.3
2026-06-16T14:59:38,2026-06-16 14:59:36,603036,如通股份,14.82,1.9959,14.46,15.15,14.35,14.53,132834047.0,14.53,13.43
2026-06-16T14:59:38,2026-06-16 14:59:33,001378,德冠新材,20.66,0.6332,20.54,20.97,19.53,20.53,146949972.04,20.53,19.01
2026-06-16T14:59:38,2026-06-16 14:59:33,003009,中天火箭,60.88,-4.502,62.61,62.61,60.85,63.75,661881938.02,63.75,55.56
2026-06-16T14:59:38,2026-06-16 14:59:33,001206,依依股份,17.65,0.5698,17.47,17.93,17.1,17.55,126142264.18,17.55,15.81
2026-06-16T14:59:38,2026-06-16 14:59:33,001299,美能能源,10.78,-1.4625,10.96,11.0,10.68,10.94,63589703.16,10.94,10.38
2026-06-16T14:59:38,2026-06-16 14:59:33,001268,联合精密,41.48,-2.7661,42.0,42.01,40.0,42.66,136630279.0,41.34,38.033
2026-06-16T14:59:38,2026-06-16 14:59:33,002240,盛新锂能,48.81,-5.4619,50.52,50.55,48.8,51.63,4107191748.06,50.517,46.475
