local_time,quote_time,code,name,price,pct,open,high,low,prev_close,amount,trigger_price,invalid_price
2026-06-24T09:25:26,2026-06-24 09:25:00,002367,康力电梯,5.97,-0.3339,5.97,5.97,5.97,5.99,1558767.0,5.99,5.44
2026-06-24T09:25:26,2026-06-24 09:25:00,002386,天原股份,5.99,-0.6633,5.99,5.99,5.99,6.03,2838661.0,6.03,5.51
2026-06-24T09:25:26,2026-06-24 09:25:11,603661,恒林股份,35.1,-1.2658,35.1,35.1,35.1,35.55,4138290.0,35.55,32.7
2026-06-24T09:25:26,2026-06-24 09:25:01,603065,宿迁联盛,17.88,-0.1117,17.88,17.88,17.88,17.9,21945912.0,17.9,16.51
2026-06-24T09:25:26,2026-06-24 09:25:12,600791,京能置业,10.81,0.9337,10.81,10.81,10.81,10.71,2377400.0,10.71,10.08
2026-06-24T09:25:26,2026-06-24 09:25:00,000012,南  玻Ａ,4.65,-0.4283,4.65,4.65,4.65,4.67,6070449.45,4.67,4.38
2026-06-24T09:25:26,2026-06-24 09:25:03,600183,生益科技,167.9,0.0179,167.9,167.9,167.9,167.87,143900878.0,189.0,173.88
2026-06-24T09:25:26,2026-06-24 09:25:02,600769,祥龙电业,21.92,-0.2276,21.92,21.92,21.92,21.97,11521152.0,21.99,20.231
2026-06-24T09:26:29,2026-06-24 09:25:00,002367,康力电梯,5.97,-0.3339,5.97,5.97,5.97,5.99,1558767.0,5.99,5.44
2026-06-24T09:26:29,2026-06-24 09:25:00,002386,天原股份,5.99,-0.6633,5.99,5.99,5.99,6.03,2838661.0,6.03,5.51
2026-06-24T09:26:29,2026-06-24 09:26:11,603661,恒林股份,35.1,-1.2658,35.1,35.1,35.1,35.55,4138290.0,35.55,32.7
2026-06-24T09:26:29,2026-06-24 09:25:58,603065,宿迁联盛,17.88,-0.1117,17.88,17.88,17.88,17.9,21945912.0,17.9,16.51
2026-06-24T09:26:29,2026-06-24 09:26:12,600791,京能置业,10.81,0.9337,10.81,10.81,10.81,10.71,2377400.0,10.71,10.08
2026-06-24T09:26:29,2026-06-24 09:25:00,000012,南  玻Ａ,4.65,-0.4283,4.65,4.65,4.65,4.67,6070449.45,4.67,4.38
2026-06-24T09:26:29,2026-06-24 09:26:03,600183,生益科技,167.9,0.0179,167.9,167.9,167.9,167.87,143900878.0,189.0,173.88
2026-06-24T09:26:29,2026-06-24 09:25:58,600769,祥龙电业,21.92,-0.2276,21.92,21.92,21.92,21.97,11521152.0,21.99,20.231
2026-06-24T09:27:29,2026-06-24 09:25:00,002367,康力电梯,5.97,-0.3339,5.97,5.97,5.97,5.99,1558767.0,5.99,5.44
2026-06-24T09:27:29,2026-06-24 09:25:00,002386,天原股份,5.99,-0.6633,5.99,5.99,5.99,6.03,2838661.0,6.03,5.51
2026-06-24T09:27:29,2026-06-24 09:27:11,603661,恒林股份,35.1,-1.2658,35.1,35.1,35.1,35.55,4138290.0,35.55,32.7
2026-06-24T09:27:29,2026-06-24 09:26:58,603065,宿迁联盛,17.88,-0.1117,17.88,17.88,17.88,17.9,21945912.0,17.9,16.51
2026-06-24T09:27:29,2026-06-24 09:27:12,600791,京能置业,10.81,0.9337,10.81,10.81,10.81,10.71,2377400.0,10.71,10.08
2026-06-24T09:27:29,2026-06-24 09:25:00,000012,南  玻Ａ,4.65,-0.4283,4.65,4.65,4.65,4.67,6070449.45,4.67,4.38
2026-06-24T09:27:29,2026-06-24 09:27:03,600183,生益科技,167.9,0.0179,167.9,167.9,167.9,167.87,143900878.0,189.0,173.88
2026-06-24T09:27:29,2026-06-24 09:26:58,600769,祥龙电业,21.92,-0.2276,21.92,21.92,21.92,21.97,11521152.0,21.99,20.231
2026-06-24T09:28:31,2026-06-24 09:25:00,002367,康力电梯,5.97,-0.3339,5.97,5.97,5.97,5.99,1558767.0,5.99,5.44
2026-06-24T09:28:31,2026-06-24 09:25:00,002386,天原股份,5.99,-0.6633,5.99,5.99,5.99,6.03,2838661.0,6.03,5.51
2026-06-24T09:28:31,2026-06-24 09:28:11,603661,恒林股份,35.1,-1.2658,35.1,35.1,35.1,35.55,4138290.0,35.55,32.7
2026-06-24T09:28:31,2026-06-24 09:28:28,603065,宿迁联盛,17.88,-0.1117,17.88,17.88,17.88,17.9,21945912.0,17.9,16.51
2026-06-24T09:28:31,2026-06-24 09:28:12,600791,京能置业,10.81,0.9337,10.81,10.81,10.81,10.71,2377400.0,10.71,10.08
2026-06-24T09:28:31,2026-06-24 09:25:00,000012,南  玻Ａ,4.65,-0.4283,4.65,4.65,4.65,4.67,6070449.45,4.67,4.38
2026-06-24T09:28:31,2026-06-24 09:28:03,600183,生益科技,167.9,0.0179,167.9,167.9,167.9,167.87,143900878.0,189.0,173.88
2026-06-24T09:28:31,2026-06-24 09:28:28,600769,祥龙电业,21.92,-0.2276,21.92,21.92,21.92,21.97,11521152.0,21.99,20.231
2026-06-24T09:29:34,2026-06-24 09:25:00,002367,康力电梯,5.97,-0.3339,5.97,5.97,5.97,5.99,1558767.0,5.99,5.44
2026-06-24T09:29:34,2026-06-24 09:25:00,002386,天原股份,5.99,-0.6633,5.99,5.99,5.99,6.03,2838661.0,6.03,5.51
2026-06-24T09:29:34,2026-06-24 09:29:11,603661,恒林股份,35.1,-1.2658,35.1,35.1,35.1,35.55,4138290.0,35.55,32.7
2026-06-24T09:29:34,2026-06-24 09:29:28,603065,宿迁联盛,17.88,-0.1117,17.88,17.88,17.88,17.9,21945912.0,17.9,16.51
2026-06-24T09:29:34,2026-06-24 09:29:12,600791,京能置业,10.81,0.9337,10.81,10.81,10.81,10.71,2377400.0,10.71,10.08
2026-06-24T09:29:34,2026-06-24 09:25:00,000012,南  玻Ａ,4.65,-0.4283,4.65,4.65,4.65,4.67,6070449.45,4.67,4.38
2026-06-24T09:29:34,2026-06-24 09:29:03,600183,生益科技,167.9,0.0179,167.9,167.9,167.9,167.87,143900878.0,189.0,173.88
2026-06-24T09:29:34,2026-06-24 09:29:28,600769,祥龙电业,21.92,-0.2276,21.92,21.92,21.92,21.97,11521152.0,21.99,20.231
2026-06-24T09:30:35,2026-06-24 09:30:33,002367,康力电梯,5.99,0.0,5.97,6.0,5.95,5.99,4353804.0,5.99,5.44
2026-06-24T09:30:35,2026-06-24 09:30:33,002386,天原股份,6.03,0.0,5.99,6.09,5.97,6.03,9982801.0,6.03,5.51
2026-06-24T09:30:35,2026-06-24 09:30:34,603661,恒林股份,35.13,-1.1814,35.1,35.3,35.0,35.55,7178699.0,35.55,32.7
2026-06-24T09:30:35,2026-06-24 09:30:33,603065,宿迁联盛,18.4,2.7933,17.88,18.58,17.88,17.9,45224761.0,17.9,16.51
2026-06-24T09:30:35,2026-06-24 09:30:32,600791,京能置业,10.89,1.6807,10.81,10.98,10.81,10.71,6717528.0,10.71,10.08
2026-06-24T09:30:35,2026-06-24 09:30:33,000012,南  玻Ａ,4.62,-1.0707,4.65,4.66,4.58,4.67,15646929.3,4.67,4.38
2026-06-24T09:30:35,2026-06-24 09:30:32,600183,生益科技,170.07,1.3105,167.9,170.33,167.9,167.87,241954409.0,189.0,173.88
2026-06-24T09:30:35,2026-06-24 09:30:33,600769,祥龙电业,21.72,-1.1379,21.92,22.2,21.51,21.97,25599614.0,21.99,20.231
2026-06-24T09:31:39,2026-06-24 09:31:36,002367,康力电梯,5.94,-0.8347,5.97,6.01,5.93,5.99,7743391.0,5.99,5.44
2026-06-24T09:31:39,2026-06-24 09:31:36,002386,天原股份,6.0,-0.4975,5.99,6.09,5.97,6.03,12672228.96,6.03,5.51
2026-06-24T09:31:39,2026-06-24 09:31:37,603661,恒林股份,35.04,-1.4346,35.1,35.3,34.9,35.55,11252110.0,35.55,32.7
2026-06-24T09:31:39,2026-06-24 09:31:36,603065,宿迁联盛,18.94,5.8101,17.88,18.95,17.88,17.9,109053305.0,17.9,16.51
2026-06-24T09:31:39,2026-06-24 09:31:35,600791,京能置业,10.95,2.2409,10.81,10.98,10.81,10.71,18736483.0,10.71,10.08
2026-06-24T09:31:39,2026-06-24 09:31:36,000012,南  玻Ａ,4.62,-1.0707,4.65,4.66,4.58,4.67,24454041.3,4.67,4.38
2026-06-24T09:31:39,2026-06-24 09:31:35,600183,生益科技,171.9,2.4007,167.9,172.0,167.9,167.87,541590152.0,189.0,173.88
2026-06-24T09:31:39,2026-06-24 09:31:36,600769,祥龙电业,22.38,1.8662,21.92,22.38,21.41,21.97,52055430.0,21.99,20.231
2026-06-24T09:32:41,2026-06-24 09:32:39,002367,康力电梯,5.95,-0.6678,5.97,6.01,5.91,5.99,10445237.0,5.99,5.44
2026-06-24T09:32:41,2026-06-24 09:32:39,002386,天原股份,6.06,0.4975,5.99,6.09,5.97,6.03,16451262.96,6.03,5.51
2026-06-24T09:32:41,2026-06-24 09:32:37,603661,恒林股份,34.86,-1.9409,35.1,35.3,34.86,35.55,15049981.0,35.55,32.7
2026-06-24T09:32:41,2026-06-24 09:32:39,603065,宿迁联盛,18.88,5.4749,17.88,19.0,17.88,17.9,166241975.0,17.9,16.51
2026-06-24T09:32:41,2026-06-24 09:32:38,600791,京能置业,10.98,2.521,10.81,11.08,10.81,10.71,25512050.0,10.71,10.08
2026-06-24T09:32:41,2026-06-24 09:32:39,000012,南  玻Ａ,4.61,-1.2848,4.65,4.66,4.58,4.67,32683716.3,4.67,4.38
2026-06-24T09:32:41,2026-06-24 09:32:38,600183,生益科技,170.31,1.4535,167.9,172.0,167.9,167.87,784734697.0,189.0,173.88
2026-06-24T09:32:41,2026-06-24 09:32:39,600769,祥龙电业,22.18,0.9558,21.92,22.38,21.41,21.97,74529861.0,21.99,20.231
2026-06-24T09:33:43,2026-06-24 09:33:42,002367,康力电梯,5.91,-1.3356,5.97,6.01,5.9,5.99,12474603.0,5.99,5.44
2026-06-24T09:33:43,2026-06-24 09:33:42,002386,天原股份,6.09,0.995,5.99,6.09,5.97,6.03,19666814.35,6.03,5.51
2026-06-24T09:33:43,2026-06-24 09:33:40,603661,恒林股份,34.9,-1.8284,35.1,35.3,34.68,35.55,22503290.0,35.55,32.7
2026-06-24T09:33:43,2026-06-24 09:33:39,603065,宿迁联盛,18.91,5.6425,17.88,19.0,17.88,17.9,200718830.0,17.9,16.51
2026-06-24T09:33:43,2026-06-24 09:33:41,600791,京能置业,11.07,3.3613,10.81,11.09,10.81,10.71,31050153.0,10.71,10.08
2026-06-24T09:33:43,2026-06-24 09:33:42,000012,南  玻Ａ,4.6,-1.4989,4.65,4.66,4.58,4.67,40019558.3,4.67,4.38
2026-06-24T09:33:43,2026-06-24 09:33:41,600183,生益科技,170.0,1.2688,167.9,172.0,167.9,167.87,988143507.0,189.0,173.88
2026-06-24T09:33:43,2026-06-24 09:33:39,600769,祥龙电业,22.42,2.0482,21.92,22.43,21.41,21.97,98745872.0,21.99,20.231
2026-06-24T09:34:45,2026-06-24 09:34:42,002367,康力电梯,5.88,-1.8364,5.97,6.01,5.86,5.99,15633357.0,5.99,5.44
2026-06-24T09:34:45,2026-06-24 09:34:42,002386,天原股份,6.07,0.6633,5.99,6.1,5.97,6.03,24697917.45,6.03,5.51
2026-06-24T09:34:45,2026-06-24 09:34:43,603661,恒林股份,35.08,-1.3221,35.1,35.3,34.68,35.55,24542104.0,35.55,32.7
2026-06-24T09:34:45,2026-06-24 09:34:42,603065,宿迁联盛,19.19,7.2067,17.88,19.31,17.88,17.9,236634024.0,17.9,16.51
2026-06-24T09:34:45,2026-06-24 09:34:41,600791,京能置业,10.82,1.0271,10.81,11.09,10.81,10.71,35714875.0,10.71,10.08
2026-06-24T09:34:45,2026-06-24 09:34:42,000012,南  玻Ａ,4.63,-0.8565,4.65,4.66,4.58,4.67,45980442.3,4.67,4.38
2026-06-24T09:34:45,2026-06-24 09:34:41,600183,生益科技,169.8,1.1497,167.9,172.0,167.9,167.87,1130193444.0,189.0,173.88
2026-06-24T09:34:45,2026-06-24 09:34:42,600769,祥龙电业,22.37,1.8207,21.92,22.6,21.41,21.97,125514383.0,21.99,20.231
2026-06-24T09:35:46,2026-06-24 09:35:45,002367,康力电梯,5.88,-1.8364,5.97,6.01,5.86,5.99,16867362.0,5.99,5.44
2026-06-24T09:35:46,2026-06-24 09:35:45,002386,天原股份,6.02,-0.1658,5.99,6.1,5.97,6.03,28859049.45,6.03,5.51
2026-06-24T09:35:46,2026-06-24 09:35:43,603661,恒林股份,35.15,-1.1252,35.1,35.3,34.68,35.55,26194861.0,35.55,32.7
2026-06-24T09:35:46,2026-06-24 09:35:42,603065,宿迁联盛,18.96,5.9218,17.88,19.33,17.88,17.9,258846201.0,17.9,16.51
2026-06-24T09:35:46,2026-06-24 09:35:44,600791,京能置业,10.83,1.1204,10.81,11.09,10.81,10.71,40562915.0,10.71,10.08
2026-06-24T09:35:46,2026-06-24 09:35:45,000012,南  玻Ａ,4.65,-0.4283,4.65,4.67,4.58,4.67,51445948.35,4.67,4.38
2026-06-24T09:35:46,2026-06-24 09:35:44,600183,生益科技,169.1,0.7327,167.9,172.0,167.9,167.87,1259576068.0,189.0,173.88
2026-06-24T09:35:46,2026-06-24 09:35:45,600769,祥龙电业,22.06,0.4096,21.92,22.6,21.41,21.97,137480311.0,21.99,20.231
2026-06-24T09:36:48,2026-06-24 09:36:45,002367,康力电梯,5.91,-1.3356,5.97,6.01,5.86,5.99,18031985.0,5.99,5.44
2026-06-24T09:36:48,2026-06-24 09:36:45,002386,天原股份,6.03,0.0,5.99,6.1,5.97,6.03,30412741.45,6.03,5.51
2026-06-24T09:36:48,2026-06-24 09:36:46,603661,恒林股份,35.06,-1.3783,35.1,35.3,34.68,35.55,27269049.0,35.55,32.7
2026-06-24T09:36:48,2026-06-24 09:36:45,603065,宿迁联盛,18.98,6.0335,17.88,19.33,17.88,17.9,279012960.0,17.9,16.51
2026-06-24T09:36:48,2026-06-24 09:36:47,600791,京能置业,10.78,0.6536,10.81,11.09,10.78,10.71,48197356.0,10.71,10.08
2026-06-24T09:36:48,2026-06-24 09:36:45,000012,南  玻Ａ,4.62,-1.0707,4.65,4.67,4.58,4.67,55639642.35,4.67,4.38
2026-06-24T09:36:48,2026-06-24 09:36:47,600183,生益科技,168.48,0.3634,167.9,172.0,167.9,167.87,1432844200.0,189.0,173.88
2026-06-24T09:36:48,2026-06-24 09:36:45,600769,祥龙电业,22.1,0.5917,21.92,22.6,21.41,21.97,147406576.0,21.99,20.231
2026-06-24T09:37:49,2026-06-24 09:37:48,002367,康力电梯,5.92,-1.1686,5.97,6.01,5.86,5.99,19272505.0,5.99,5.44
2026-06-24T09:37:49,2026-06-24 09:37:48,002386,天原股份,6.0,-0.4975,5.99,6.1,5.97,6.03,34104331.45,6.03,5.51
2026-06-24T09:37:49,2026-06-24 09:37:46,603661,恒林股份,34.76,-2.2222,35.1,35.3,34.68,35.55,28890670.0,35.55,32.7
2026-06-24T09:37:49,2026-06-24 09:37:48,603065,宿迁联盛,18.1,1.1173,17.88,19.33,17.88,17.9,302702060.0,17.9,16.51
2026-06-24T09:37:49,2026-06-24 09:37:47,600791,京能置业,10.61,-0.9337,10.81,11.09,10.61,10.71,53535914.0,10.71,10.08
2026-06-24T09:37:49,2026-06-24 09:37:48,000012,南  玻Ａ,4.59,-1.7131,4.65,4.67,4.58,4.67,62844904.35,4.67,4.38
2026-06-24T09:37:49,2026-06-24 09:37:47,600183,生益科技,169.79,1.1437,167.9,172.0,167.9,167.87,1540162164.0,189.0,173.88
2026-06-24T09:37:49,2026-06-24 09:37:48,600769,祥龙电业,21.54,-1.9572,21.92,22.6,21.41,21.97,159304262.0,21.99,20.231
2026-06-24T09:38:50,2026-06-24 09:38:48,002367,康力电梯,5.93,-1.0017,5.97,6.01,5.86,5.99,20211088.0,5.99,5.44
2026-06-24T09:38:50,2026-06-24 09:38:48,002386,天原股份,6.03,0.0,5.99,6.1,5.97,6.03,38899494.45,6.03,5.51
2026-06-24T09:38:50,2026-06-24 09:38:49,603661,恒林股份,34.6,-2.6723,35.1,35.3,34.52,35.55,33236206.0,35.55,32.7
2026-06-24T09:38:50,2026-06-24 09:38:48,603065,宿迁联盛,17.52,-2.1229,17.88,19.33,17.42,17.9,337751646.0,17.9,16.51
2026-06-24T09:38:50,2026-06-24 09:38:47,600791,京能置业,10.64,-0.6536,10.81,11.09,10.6,10.71,55732700.0,10.71,10.08
2026-06-24T09:38:50,2026-06-24 09:38:48,000012,南  玻Ａ,4.58,-1.9272,4.65,4.67,4.56,4.67,71846777.35,4.67,4.38
2026-06-24T09:38:50,2026-06-24 09:38:47,600183,生益科技,169.79,1.1437,167.9,172.0,167.9,167.87,1636873950.0,189.0,173.88
2026-06-24T09:38:50,2026-06-24 09:38:48,600769,祥龙电业,21.27,-3.1862,21.92,22.6,21.26,21.97,177907691.0,21.99,20.231
2026-06-24T09:39:52,2026-06-24 09:39:48,002367,康力电梯,5.93,-1.0017,5.97,6.01,5.86,5.99,21236235.0,5.99,5.44
2026-06-24T09:39:52,2026-06-24 09:39:48,002386,天原股份,6.03,0.0,5.99,6.1,5.97,6.03,39613534.45,6.03,5.51
2026-06-24T09:39:52,2026-06-24 09:39:49,603661,恒林股份,34.52,-2.8973,35.1,35.3,34.5,35.55,35760667.0,35.55,32.7
2026-06-24T09:39:52,2026-06-24 09:39:48,603065,宿迁联盛,17.59,-1.7318,17.88,19.33,17.42,17.9,356245666.0,17.9,16.51
2026-06-24T09:39:52,2026-06-24 09:39:50,600791,京能置业,10.57,-1.3072,10.81,11.09,10.56,10.71,58748767.0,10.71,10.08
2026-06-24T09:39:52,2026-06-24 09:39:51,000012,南  玻Ａ,4.62,-1.0707,4.65,4.67,4.56,4.67,77044954.35,4.67,4.38
2026-06-24T09:39:52,2026-06-24 09:39:50,600183,生益科技,171.31,2.0492,167.9,172.0,167.9,167.87,1769068832.0,189.0,173.88
2026-06-24T09:39:52,2026-06-24 09:39:48,600769,祥龙电业,21.05,-4.1875,21.92,22.6,21.01,21.97,193639741.0,21.99,20.231
2026-06-24T09:40:53,2026-06-24 09:40:51,002367,康力电梯,6.03,0.6678,5.97,6.13,5.86,5.99,25302940.0,5.99,5.44
2026-06-24T09:40:53,2026-06-24 09:40:51,002386,天原股份,6.03,0.0,5.99,6.1,5.97,6.03,40718228.45,6.03,5.51
2026-06-24T09:40:53,2026-06-24 09:40:49,603661,恒林股份,34.52,-2.8973,35.1,35.3,34.38,35.55,38212829.0,35.55,32.7
2026-06-24T09:40:53,2026-06-24 09:40:48,603065,宿迁联盛,17.6,-1.676,17.88,19.33,17.42,17.9,372847496.0,17.9,16.51
2026-06-24T09:40:53,2026-06-24 09:40:50,600791,京能置业,10.53,-1.6807,10.81,11.09,10.53,10.71,64339061.0,10.71,10.08
2026-06-24T09:40:53,2026-06-24 09:40:51,000012,南  玻Ａ,4.68,0.2141,4.65,4.69,4.56,4.67,82146296.35,4.67,4.38
2026-06-24T09:40:53,2026-06-24 09:40:50,600183,生益科技,171.1,1.9241,167.9,172.0,167.9,167.87,1852329616.0,189.0,173.88
2026-06-24T09:40:53,2026-06-24 09:40:51,600769,祥龙电业,20.67,-5.9172,21.92,22.6,20.64,21.97,227169058.0,21.99,20.231
2026-06-24T09:41:55,2026-06-24 09:41:51,002367,康力电梯,6.06,1.1686,5.97,6.13,5.86,5.99,28847569.0,5.99,5.44
2026-06-24T09:41:55,2026-06-24 09:41:51,002386,天原股份,6.01,-0.3317,5.99,6.1,5.97,6.03,42382194.45,6.03,5.51
2026-06-24T09:41:55,2026-06-24 09:41:52,603661,恒林股份,34.3,-3.5162,35.1,35.3,34.24,35.55,41705056.0,35.55,32.7
2026-06-24T09:41:55,2026-06-24 09:41:51,603065,宿迁联盛,17.22,-3.7989,17.88,19.33,16.99,17.9,406833455.0,17.9,16.51
2026-06-24T09:41:55,2026-06-24 09:41:53,600791,京能置业,10.46,-2.3343,10.81,11.09,10.4,10.71,70811549.0,10.71,10.08
2026-06-24T09:41:55,2026-06-24 09:41:54,000012,南  玻Ａ,4.69,0.4283,4.65,4.71,4.56,4.67,91480547.35,4.67,4.38
2026-06-24T09:41:55,2026-06-24 09:41:53,600183,生益科技,169.94,1.2331,167.9,172.0,167.9,167.87,1935925812.0,189.0,173.88
2026-06-24T09:41:55,2026-06-24 09:41:51,600769,祥龙电业,20.78,-5.4165,21.92,22.6,20.56,21.97,246626293.0,21.99,20.231
2026-06-24T09:42:56,2026-06-24 09:42:54,002367,康力电梯,6.06,1.1686,5.97,6.13,5.86,5.99,30753162.0,5.99,5.44
2026-06-24T09:42:56,2026-06-24 09:42:54,002386,天原股份,6.05,0.3317,5.99,6.1,5.97,6.03,44868421.15,6.03,5.51
2026-06-24T09:42:56,2026-06-24 09:42:55,603661,恒林股份,34.11,-4.0506,35.1,35.3,34.11,35.55,44376293.0,35.55,32.7
2026-06-24T09:42:56,2026-06-24 09:42:54,603065,宿迁联盛,17.46,-2.4581,17.88,19.33,16.99,17.9,420517982.0,17.9,16.51
2026-06-24T09:42:56,2026-06-24 09:42:53,600791,京能置业,10.38,-3.0812,10.81,11.09,10.38,10.71,74142845.0,10.71,10.08
2026-06-24T09:42:56,2026-06-24 09:42:54,000012,南  玻Ａ,4.72,1.0707,4.65,4.72,4.56,4.67,99464289.35,4.67,4.38
2026-06-24T09:42:56,2026-06-24 09:42:53,600183,生益科技,168.25,0.2264,167.9,172.0,167.9,167.87,2028356122.0,189.0,173.88
2026-06-24T09:42:56,2026-06-24 09:42:54,600769,祥龙电业,20.6,-6.2358,21.92,22.6,20.5,21.97,268554854.0,21.99,20.231
2026-06-24T09:43:57,2026-06-24 09:43:54,002367,康力电梯,6.04,0.8347,5.97,6.13,5.86,5.99,33832747.0,5.99,5.44
2026-06-24T09:43:57,2026-06-24 09:43:54,002386,天原股份,6.04,0.1658,5.99,6.1,5.97,6.03,48353715.15,6.03,5.51
2026-06-24T09:43:57,2026-06-24 09:43:55,603661,恒林股份,33.8,-4.9226,35.1,35.3,33.78,35.55,47335294.0,35.55,32.7
2026-06-24T09:43:57,2026-06-24 09:43:54,603065,宿迁联盛,17.03,-4.8603,17.88,19.33,16.99,17.9,447376293.0,17.9,16.51
2026-06-24T09:43:57,2026-06-24 09:43:53,600791,京能置业,10.41,-2.8011,10.81,11.09,10.36,10.71,76717125.0,10.71,10.08
2026-06-24T09:43:57,2026-06-24 09:43:57,000012,南  玻Ａ,4.65,-0.4283,4.65,4.72,4.56,4.67,109798345.35,4.67,4.38
2026-06-24T09:43:57,2026-06-24 09:43:53,600183,生益科技,167.09,-0.4646,167.9,172.0,167.0,167.87,2207542414.0,189.0,173.88
2026-06-24T09:43:57,2026-06-24 09:43:54,600769,祥龙电业,20.6,-6.2358,21.92,22.6,20.5,21.97,284091040.0,21.99,20.231
2026-06-24T09:44:58,2026-06-24 09:44:57,002367,康力电梯,6.0,0.1669,5.97,6.13,5.86,5.99,35151535.0,5.99,5.44
2026-06-24T09:44:58,2026-06-24 09:44:57,002386,天原股份,6.05,0.3317,5.99,6.1,5.97,6.03,49383750.15,6.03,5.51
2026-06-24T09:44:58,2026-06-24 09:44:55,603661,恒林股份,33.71,-5.1758,35.1,35.3,33.6,35.55,51102153.0,35.55,32.7
2026-06-24T09:44:58,2026-06-24 09:44:57,603065,宿迁联盛,17.37,-2.9609,17.88,19.33,16.99,17.9,462953768.0,17.9,16.51
2026-06-24T09:44:58,2026-06-24 09:44:56,600791,京能置业,10.38,-3.0812,10.81,11.09,10.36,10.71,80221825.0,10.71,10.08
2026-06-24T09:44:58,2026-06-24 09:44:57,000012,南  玻Ａ,4.67,0.0,4.65,4.72,4.56,4.67,115999486.47,4.67,4.38
2026-06-24T09:44:58,2026-06-24 09:44:56,600183,生益科技,168.8,0.554,167.9,172.0,167.0,167.87,2313033770.0,189.0,173.88
2026-06-24T09:44:58,2026-06-24 09:44:57,600769,祥龙电业,20.95,-4.6427,21.92,22.6,20.5,21.97,292105538.0,21.99,20.231
2026-06-24T09:45:59,2026-06-24 09:45:54,002367,康力电梯,6.0,0.1669,5.97,6.13,5.86,5.99,37618384.0,5.99,5.44
2026-06-24T09:45:59,2026-06-24 09:45:57,002386,天原股份,6.01,-0.3317,5.99,6.1,5.97,6.03,53351108.15,6.03,5.51
2026-06-24T09:45:59,2026-06-24 09:45:58,603661,恒林股份,33.79,-4.9508,35.1,35.3,33.6,35.55,53758510.0,35.55,32.7
2026-06-24T09:45:59,2026-06-24 09:45:57,603065,宿迁联盛,17.5,-2.2346,17.88,19.33,16.99,17.9,470448562.0,17.9,16.51
2026-06-24T09:45:59,2026-06-24 09:45:56,600791,京能置业,10.32,-3.6415,10.81,11.09,10.31,10.71,84678934.0,10.71,10.08
2026-06-24T09:45:59,2026-06-24 09:45:57,000012,南  玻Ａ,4.65,-0.4283,4.65,4.72,4.56,4.67,118266317.07,4.67,4.38
2026-06-24T09:45:59,2026-06-24 09:45:56,600183,生益科技,168.42,0.3276,167.9,172.0,167.0,167.87,2424467843.0,189.0,173.88
2026-06-24T09:45:59,2026-06-24 09:45:57,600769,祥龙电业,20.7,-5.7806,21.92,22.6,20.5,21.97,303230676.0,21.99,20.231
2026-06-24T09:47:02,2026-06-24 09:47:00,002367,康力电梯,5.99,0.0,5.97,6.13,5.86,5.99,38322598.0,5.99,5.44
2026-06-24T09:47:02,2026-06-24 09:47:00,002386,天原股份,5.98,-0.8292,5.99,6.1,5.97,6.03,57618753.15,6.03,5.51
2026-06-24T09:47:02,2026-06-24 09:46:58,603661,恒林股份,33.5,-5.7665,35.1,35.3,33.42,35.55,56074752.0,35.55,32.7
2026-06-24T09:47:02,2026-06-24 09:47:00,603065,宿迁联盛,17.31,-3.2961,17.88,19.33,16.99,17.9,475083076.0,17.9,16.51
2026-06-24T09:47:02,2026-06-24 09:46:59,600791,京能置业,10.34,-3.4547,10.81,11.09,10.31,10.71,89013812.0,10.71,10.08
2026-06-24T09:47:02,2026-06-24 09:47:00,000012,南  玻Ａ,4.65,-0.4283,4.65,4.72,4.56,4.67,122824878.43,4.67,4.38
2026-06-24T09:47:02,2026-06-24 09:46:59,600183,生益科技,169.38,0.8995,167.9,172.0,167.0,167.87,2494393927.0,189.0,173.88
2026-06-24T09:47:02,2026-06-24 09:47:00,600769,祥龙电业,20.72,-5.6896,21.92,22.6,20.5,21.97,310533033.0,21.99,20.231
2026-06-24T09:48:03,2026-06-24 09:48:00,002367,康力电梯,6.0,0.1669,5.97,6.13,5.86,5.99,38899191.0,5.99,5.44
2026-06-24T09:48:03,2026-06-24 09:48:00,002386,天原股份,5.99,-0.6633,5.99,6.1,5.97,6.03,60676933.15,6.03,5.51
2026-06-24T09:48:03,2026-06-24 09:48:01,603661,恒林股份,33.44,-5.9353,35.1,35.3,33.37,35.55,59786685.0,35.55,32.7
2026-06-24T09:48:03,2026-06-24 09:48:00,603065,宿迁联盛,17.54,-2.0112,17.88,19.33,16.99,17.9,479439901.0,17.9,16.51
2026-06-24T09:48:03,2026-06-24 09:47:59,600791,京能置业,10.36,-3.268,10.81,11.09,10.31,10.71,90420697.0,10.71,10.08
2026-06-24T09:48:03,2026-06-24 09:48:00,000012,南  玻Ａ,4.68,0.2141,4.65,4.72,4.56,4.67,125816369.47,4.67,4.38
2026-06-24T09:48:03,2026-06-24 09:47:59,600183,生益科技,170.28,1.4356,167.9,172.0,167.0,167.87,2560720251.0,189.0,173.88
2026-06-24T09:48:03,2026-06-24 09:48:00,600769,祥龙电业,20.8,-5.3254,21.92,22.6,20.5,21.97,317933899.0,21.99,20.231
2026-06-24T09:49:04,2026-06-24 09:49:03,002367,康力电梯,6.0,0.1669,5.97,6.13,5.86,5.99,39850434.0,5.99,5.44
2026-06-24T09:49:04,2026-06-24 09:49:03,002386,天原股份,5.97,-0.995,5.99,6.1,5.96,6.03,63765777.15,6.03,5.51
2026-06-24T09:49:04,2026-06-24 09:49:01,603661,恒林股份,33.44,-5.9353,35.1,35.3,33.37,35.55,60772746.0,35.55,32.7
2026-06-24T09:49:04,2026-06-24 09:49:00,603065,宿迁联盛,17.4,-2.7933,17.88,19.33,16.99,17.9,482678839.0,17.9,16.51
2026-06-24T09:49:04,2026-06-24 09:49:02,600791,京能置业,10.35,-3.3613,10.81,11.09,10.3,10.71,94552926.0,10.71,10.08
2026-06-24T09:49:04,2026-06-24 09:49:03,000012,南  玻Ａ,4.68,0.2141,4.65,4.72,4.56,4.67,129235821.07,4.67,4.38
2026-06-24T09:49:04,2026-06-24 09:49:02,600183,生益科技,170.5,1.5667,167.9,172.0,167.0,167.87,2627126592.0,189.0,173.88
2026-06-24T09:49:04,2026-06-24 09:49:03,600769,祥龙电业,20.83,-5.1889,21.92,22.6,20.5,21.97,322482455.0,21.99,20.231
2026-06-24T09:50:05,2026-06-24 09:50:03,002367,康力电梯,6.06,1.1686,5.97,6.13,5.86,5.99,41304786.0,5.99,5.44
2026-06-24T09:50:05,2026-06-24 09:50:03,002386,天原股份,5.95,-1.3267,5.99,6.1,5.95,6.03,66620068.15,6.03,5.51
2026-06-24T09:50:05,2026-06-24 09:50:01,603661,恒林股份,33.29,-6.3572,35.1,35.3,33.27,35.55,63265746.0,35.55,32.7
2026-06-24T09:50:05,2026-06-24 09:50:03,603065,宿迁联盛,17.4,-2.7933,17.88,19.33,16.99,17.9,487847749.0,17.9,16.51
2026-06-24T09:50:05,2026-06-24 09:50:02,600791,京能置业,10.25,-4.2951,10.81,11.09,10.23,10.71,97561449.0,10.71,10.08
2026-06-24T09:50:05,2026-06-24 09:50:03,000012,南  玻Ａ,4.7,0.6424,4.65,4.72,4.56,4.67,133528581.07,4.67,4.38
2026-06-24T09:50:05,2026-06-24 09:50:02,600183,生益科技,169.82,1.1616,167.9,172.0,167.0,167.87,2710563543.0,189.0,173.88
2026-06-24T09:50:05,2026-06-24 09:50:03,600769,祥龙电业,20.74,-5.5985,21.92,22.6,20.5,21.97,328054027.0,21.99,20.231
2026-06-24T09:51:07,2026-06-24 09:51:06,002367,康力电梯,6.09,1.6694,5.97,6.13,5.86,5.99,44064925.0,5.99,5.44
2026-06-24T09:51:07,2026-06-24 09:51:06,002386,天原股份,5.99,-0.6633,5.99,6.1,5.95,6.03,67801463.15,6.03,5.51
2026-06-24T09:51:07,2026-06-24 09:51:04,603661,恒林股份,33.45,-5.9072,35.1,35.3,33.27,35.55,66367523.0,35.55,32.7
2026-06-24T09:51:07,2026-06-24 09:51:06,603065,宿迁联盛,17.68,-1.2291,17.88,19.33,16.99,17.9,490701778.0,17.9,16.51
2026-06-24T09:51:07,2026-06-24 09:51:05,600791,京能置业,10.24,-4.3884,10.81,11.09,10.21,10.71,99779628.0,10.71,10.08
2026-06-24T09:51:07,2026-06-24 09:51:06,000012,南  玻Ａ,4.71,0.8565,4.65,4.72,4.56,4.67,140610615.07,4.67,4.38
2026-06-24T09:51:07,2026-06-24 09:51:05,600183,生益科技,171.6,2.222,167.9,172.0,167.0,167.87,2859831104.0,189.0,173.88
2026-06-24T09:51:07,2026-06-24 09:51:06,600769,祥龙电业,20.83,-5.1889,21.92,22.6,20.5,21.97,335909748.0,21.99,20.231
2026-06-24T09:52:09,2026-06-24 09:52:06,002367,康力电梯,6.11,2.0033,5.97,6.13,5.86,5.99,47966954.0,5.99,5.44
2026-06-24T09:52:09,2026-06-24 09:52:06,002386,天原股份,5.98,-0.8292,5.99,6.1,5.95,6.03,68421656.15,6.03,5.51
2026-06-24T09:52:09,2026-06-24 09:52:07,603661,恒林股份,33.41,-6.0197,35.1,35.3,33.23,35.55,68611935.0,35.55,32.7
2026-06-24T09:52:09,2026-06-24 09:52:06,603065,宿迁联盛,17.75,-0.838,17.88,19.33,16.99,17.9,501006752.0,17.9,16.51
2026-06-24T09:52:09,2026-06-24 09:52:05,600791,京能置业,10.3,-3.8282,10.81,11.09,10.21,10.71,102531878.0,10.71,10.08
2026-06-24T09:52:09,2026-06-24 09:52:06,000012,南  玻Ａ,4.72,1.0707,4.65,4.73,4.56,4.67,151052730.07,4.67,4.38
2026-06-24T09:52:09,2026-06-24 09:52:05,600183,生益科技,171.65,2.2517,167.9,172.0,167.0,167.87,2983717517.0,189.0,173.88
2026-06-24T09:52:09,2026-06-24 09:52:06,600769,祥龙电业,20.99,-4.4606,21.92,22.6,20.5,21.97,346257365.0,21.99,20.231
2026-06-24T09:53:10,2026-06-24 09:53:09,002367,康力电梯,6.14,2.5042,5.97,6.15,5.86,5.99,52921674.0,5.99,5.44
2026-06-24T09:53:10,2026-06-24 09:53:09,002386,天原股份,5.99,-0.6633,5.99,6.1,5.95,6.03,69605143.15,6.03,5.51
2026-06-24T09:53:10,2026-06-24 09:53:07,603661,恒林股份,33.5,-5.7665,35.1,35.3,33.23,35.55,69770912.0,35.55,32.7
2026-06-24T09:53:10,2026-06-24 09:53:09,603065,宿迁联盛,17.68,-1.2291,17.88,19.33,16.99,17.9,503663686.0,17.9,16.51
2026-06-24T09:53:10,2026-06-24 09:53:08,600791,京能置业,10.29,-3.9216,10.81,11.09,10.21,10.71,104392526.0,10.71,10.08
2026-06-24T09:53:10,2026-06-24 09:53:09,000012,南  玻Ａ,4.69,0.4283,4.65,4.73,4.56,4.67,156539153.07,4.67,4.38
2026-06-24T09:53:10,2026-06-24 09:53:08,600183,生益科技,172.34,2.6628,167.9,172.34,167.0,167.87,3190675255.0,189.0,173.88
2026-06-24T09:53:10,2026-06-24 09:53:09,600769,祥龙电业,21.1,-3.9599,21.92,22.6,20.5,21.97,355208323.0,21.99,20.231
2026-06-24T09:54:11,2026-06-24 09:54:09,002367,康力电梯,6.1,1.8364,5.97,6.15,5.86,5.99,54929457.0,5.99,5.44
2026-06-24T09:54:11,2026-06-24 09:54:09,002386,天原股份,5.99,-0.6633,5.99,6.1,5.95,6.03,71590996.15,6.03,5.51
2026-06-24T09:54:11,2026-06-24 09:54:07,603661,恒林股份,33.47,-5.8509,35.1,35.3,33.23,35.55,70916017.0,35.55,32.7
2026-06-24T09:54:11,2026-06-24 09:54:09,603065,宿迁联盛,17.8,-0.5587,17.88,19.33,16.99,17.9,507124353.0,17.9,16.51
2026-06-24T09:54:11,2026-06-24 09:54:08,600791,京能置业,10.28,-4.0149,10.81,11.09,10.21,10.71,105027283.0,10.71,10.08
2026-06-24T09:54:11,2026-06-24 09:54:09,000012,南  玻Ａ,4.7,0.6424,4.65,4.73,4.56,4.67,161233630.07,4.67,4.38
2026-06-24T09:54:11,2026-06-24 09:54:08,600183,生益科技,173.14,3.1393,167.9,173.41,167.0,167.87,3378193375.0,189.0,173.88
2026-06-24T09:54:11,2026-06-24 09:54:09,600769,祥龙电业,21.06,-4.142,21.92,22.6,20.5,21.97,359302125.0,21.99,20.231
2026-06-24T09:55:12,2026-06-24 09:55:12,002367,康力电梯,6.12,2.1703,5.97,6.15,5.86,5.99,55961086.0,5.99,5.44
2026-06-24T09:55:12,2026-06-24 09:55:12,002386,天原股份,5.99,-0.6633,5.99,6.1,5.95,6.03,72355029.15,6.03,5.51
2026-06-24T09:55:12,2026-06-24 09:55:10,603661,恒林股份,33.45,-5.9072,35.1,35.3,33.23,35.55,72038441.0,35.55,32.7
2026-06-24T09:55:12,2026-06-24 09:55:09,603065,宿迁联盛,17.7,-1.1173,17.88,19.33,16.99,17.9,511510025.0,17.9,16.51
2026-06-24T09:55:12,2026-06-24 09:55:11,600791,京能置业,10.32,-3.6415,10.81,11.09,10.21,10.71,106808472.0,10.71,10.08
2026-06-24T09:55:12,2026-06-24 09:55:12,000012,南  玻Ａ,4.7,0.6424,4.65,4.73,4.56,4.67,164068815.07,4.67,4.38
2026-06-24T09:55:12,2026-06-24 09:55:11,600183,生益科技,172.76,2.913,167.9,173.41,167.0,167.87,3518203284.0,189.0,173.88
2026-06-24T09:55:12,2026-06-24 09:55:09,600769,祥龙电业,20.94,-4.6882,21.92,22.6,20.5,21.97,365372701.0,21.99,20.231
2026-06-24T09:56:14,2026-06-24 09:56:12,002367,康力电梯,6.11,2.0033,5.97,6.15,5.86,5.99,57647171.0,5.99,5.44
2026-06-24T09:56:14,2026-06-24 09:56:12,002386,天原股份,5.97,-0.995,5.99,6.1,5.95,6.03,73179630.15,6.03,5.51
2026-06-24T09:56:14,2026-06-24 09:56:13,603661,恒林股份,33.56,-5.5977,35.1,35.3,33.23,35.55,73050293.0,35.55,32.7
2026-06-24T09:56:14,2026-06-24 09:56:12,603065,宿迁联盛,17.65,-1.3966,17.88,19.33,16.99,17.9,514419227.0,17.9,16.51
2026-06-24T09:56:14,2026-06-24 09:56:11,600791,京能置业,10.34,-3.4547,10.81,11.09,10.21,10.71,108028551.0,10.71,10.08
2026-06-24T09:56:14,2026-06-24 09:56:12,000012,南  玻Ａ,4.7,0.6424,4.65,4.73,4.56,4.67,166728646.07,4.67,4.38
2026-06-24T09:56:14,2026-06-24 09:56:11,600183,生益科技,172.69,2.8713,167.9,173.41,167.0,167.87,3632133932.0,189.0,173.88
2026-06-24T09:56:14,2026-06-24 09:56:12,600769,祥龙电业,20.94,-4.6882,21.92,22.6,20.5,21.97,367480763.0,21.99,20.231
2026-06-24T09:57:16,2026-06-24 09:57:15,002367,康力电梯,6.09,1.6694,5.97,6.15,5.86,5.99,58327842.0,5.99,5.44
2026-06-24T09:57:16,2026-06-24 09:57:15,002386,天原股份,5.97,-0.995,5.99,6.1,5.95,6.03,74226350.15,6.03,5.51
2026-06-24T09:57:16,2026-06-24 09:57:13,603661,恒林股份,33.78,-4.9789,35.1,35.3,33.23,35.55,75519658.0,35.55,32.7
2026-06-24T09:57:16,2026-06-24 09:57:12,603065,宿迁联盛,17.64,-1.4525,17.88,19.33,16.99,17.9,518874145.0,17.9,16.51
2026-06-24T09:57:16,2026-06-24 09:57:14,600791,京能置业,10.29,-3.9216,10.81,11.09,10.21,10.71,110086951.0,10.71,10.08
2026-06-24T09:57:16,2026-06-24 09:57:15,000012,南  玻Ａ,4.68,0.2141,4.65,4.73,4.56,4.67,172037884.07,4.67,4.38
2026-06-24T09:57:16,2026-06-24 09:57:14,600183,生益科技,173.0,3.0559,167.9,173.41,167.0,167.87,3803733842.0,189.0,173.88
2026-06-24T09:57:16,2026-06-24 09:57:12,600769,祥龙电业,20.97,-4.5517,21.92,22.6,20.5,21.97,373263476.0,21.99,20.231
2026-06-24T09:58:17,2026-06-24 09:58:15,002367,康力电梯,6.1,1.8364,5.97,6.15,5.86,5.99,58922080.0,5.99,5.44
2026-06-24T09:58:17,2026-06-24 09:58:15,002386,天原股份,5.98,-0.8292,5.99,6.1,5.95,6.03,75606627.95,6.03,5.51
2026-06-24T09:58:17,2026-06-24 09:58:13,603661,恒林股份,33.8,-4.9226,35.1,35.3,33.23,35.55,76445494.0,35.55,32.7
2026-06-24T09:58:17,2026-06-24 09:58:15,603065,宿迁联盛,17.61,-1.6201,17.88,19.33,16.99,17.9,522325294.0,17.9,16.51
2026-06-24T09:58:17,2026-06-24 09:58:14,600791,京能置业,10.29,-3.9216,10.81,11.09,10.21,10.71,112732953.0,10.71,10.08
2026-06-24T09:58:17,2026-06-24 09:58:15,000012,南  玻Ａ,4.7,0.6424,4.65,4.73,4.56,4.67,174032391.07,4.67,4.38
2026-06-24T09:58:17,2026-06-24 09:58:14,600183,生益科技,174.42,3.9018,167.9,174.42,167.0,167.87,3977644964.0,189.0,173.88
2026-06-24T09:58:17,2026-06-24 09:58:15,600769,祥龙电业,21.06,-4.142,21.92,22.6,20.5,21.97,377162596.0,21.99,20.231
2026-06-24T09:59:18,2026-06-24 09:59:18,002367,康力电梯,6.11,2.0033,5.97,6.15,5.86,5.99,59571923.0,5.99,5.44
2026-06-24T09:59:18,2026-06-24 09:59:18,002386,天原股份,6.0,-0.4975,5.99,6.1,5.95,6.03,76109022.95,6.03,5.51
2026-06-24T09:59:18,2026-06-24 09:59:16,603661,恒林股份,33.92,-4.5851,35.1,35.3,33.23,35.55,77831301.0,35.55,32.7
2026-06-24T09:59:18,2026-06-24 09:59:15,603065,宿迁联盛,17.5,-2.2346,17.88,19.33,16.99,17.9,526291371.0,17.9,16.51
2026-06-24T09:59:18,2026-06-24 09:59:14,600791,京能置业,10.32,-3.6415,10.81,11.09,10.21,10.71,114433278.0,10.71,10.08
2026-06-24T09:59:18,2026-06-24 09:59:18,000012,南  玻Ａ,4.71,0.8565,4.65,4.73,4.56,4.67,177324001.07,4.67,4.38
2026-06-24T09:59:18,2026-06-24 09:59:14,600183,生益科技,173.8,3.5325,167.9,174.58,167.0,167.87,4154054873.0,189.0,173.88
2026-06-24T09:59:18,2026-06-24 09:59:15,600769,祥龙电业,21.04,-4.233,21.92,22.6,20.5,21.97,379195153.0,21.99,20.231
2026-06-24T10:00:20,2026-06-24 10:00:18,002367,康力电梯,6.12,2.1703,5.97,6.15,5.86,5.99,61377129.0,5.99,5.44
2026-06-24T10:00:20,2026-06-24 10:00:18,002386,天原股份,5.98,-0.8292,5.99,6.1,5.95,6.03,76971415.95,6.03,5.51
2026-06-24T10:00:20,2026-06-24 10:00:19,603661,恒林股份,33.87,-4.7257,35.1,35.3,33.23,35.55,78359747.0,35.55,32.7
2026-06-24T10:00:20,2026-06-24 10:00:18,603065,宿迁联盛,17.54,-2.0112,17.88,19.33,16.99,17.9,530152332.0,17.9,16.51
2026-06-24T10:00:20,2026-06-24 10:00:17,600791,京能置业,10.32,-3.6415,10.81,11.09,10.21,10.71,114947825.0,10.71,10.08
2026-06-24T10:00:20,2026-06-24 10:00:18,000012,南  玻Ａ,4.72,1.0707,4.65,4.73,4.56,4.67,182129558.07,4.67,4.38
2026-06-24T10:00:20,2026-06-24 10:00:17,600183,生益科技,174.06,3.6874,167.9,174.58,167.0,167.87,4292600527.0,189.0,173.88
2026-06-24T10:00:20,2026-06-24 10:00:18,600769,祥龙电业,21.01,-4.3696,21.92,22.6,20.5,21.97,382191882.0,21.99,20.231
2026-06-24T10:01:25,2026-06-24 10:01:24,002367,康力电梯,6.16,2.8381,5.97,6.17,5.86,5.99,64161271.0,5.99,5.44
2026-06-24T10:01:25,2026-06-24 10:01:24,002386,天原股份,5.97,-0.995,5.99,6.1,5.95,6.03,77568386.95,6.03,5.51
2026-06-24T10:01:25,2026-06-24 10:01:22,603661,恒林股份,33.78,-4.9789,35.1,35.3,33.23,35.55,79498942.0,35.55,32.7
2026-06-24T10:01:25,2026-06-24 10:01:24,603065,宿迁联盛,17.71,-1.0615,17.88,19.33,16.99,17.9,533515292.0,17.9,16.51
2026-06-24T10:01:25,2026-06-24 10:01:23,600791,京能置业,10.32,-3.6415,10.81,11.09,10.21,10.71,116697190.0,10.71,10.08
2026-06-24T10:01:25,2026-06-24 10:01:24,000012,南  玻Ａ,4.72,1.0707,4.65,4.73,4.56,4.67,185333382.07,4.67,4.38
2026-06-24T10:01:25,2026-06-24 10:01:23,600183,生益科技,174.8,4.1282,167.9,174.95,167.0,167.87,4471517008.0,189.0,173.88
2026-06-24T10:01:25,2026-06-24 10:01:24,600769,祥龙电业,20.76,-5.5075,21.92,22.6,20.5,21.97,389703703.0,21.99,20.231
2026-06-24T10:02:27,2026-06-24 10:02:24,002367,康力电梯,6.17,3.005,5.97,6.19,5.86,5.99,66479386.0,5.99,5.44
2026-06-24T10:02:27,2026-06-24 10:02:24,002386,天原股份,5.96,-1.1609,5.99,6.1,5.95,6.03,79039190.95,6.03,5.51
2026-06-24T10:02:27,2026-06-24 10:02:25,603661,恒林股份,33.81,-4.8945,35.1,35.3,33.23,35.55,80252692.0,35.55,32.7
2026-06-24T10:02:27,2026-06-24 10:02:24,603065,宿迁联盛,17.85,-0.2793,17.88,19.33,16.99,17.9,537572699.0,17.9,16.51
2026-06-24T10:02:27,2026-06-24 10:02:23,600791,京能置业,10.29,-3.9216,10.81,11.09,10.21,10.71,117219659.0,10.71,10.08
2026-06-24T10:02:27,2026-06-24 10:02:24,000012,南  玻Ａ,4.75,1.7131,4.65,4.75,4.56,4.67,193557831.07,4.67,4.38
2026-06-24T10:02:27,2026-06-24 10:02:23,600183,生益科技,174.75,4.0984,167.9,175.54,167.0,167.87,4669441313.0,189.0,173.88
2026-06-24T10:02:27,2026-06-24 10:02:24,600769,祥龙电业,20.81,-5.2799,21.92,22.6,20.5,21.97,395013208.0,21.99,20.231
2026-06-24T10:03:28,2026-06-24 10:03:27,002367,康力电梯,6.19,3.3389,5.97,6.19,5.86,5.99,68465763.0,5.99,5.44
2026-06-24T10:03:28,2026-06-24 10:03:27,002386,天原股份,5.95,-1.3267,5.99,6.1,5.95,6.03,80800862.95,6.03,5.51
2026-06-24T10:03:28,2026-06-24 10:03:25,603661,恒林股份,33.78,-4.9789,35.1,35.3,33.23,35.55,80610921.0,35.55,32.7
2026-06-24T10:03:28,2026-06-24 10:03:24,603065,宿迁联盛,17.84,-0.3352,17.88,19.33,16.99,17.9,542538953.0,17.9,16.51
2026-06-24T10:03:28,2026-06-24 10:03:26,600791,京能置业,10.26,-4.2017,10.81,11.09,10.21,10.71,120052662.0,10.71,10.08
2026-06-24T10:03:28,2026-06-24 10:03:27,000012,南  玻Ａ,4.76,1.9272,4.65,4.77,4.56,4.67,204607046.07,4.67,4.38
2026-06-24T10:03:28,2026-06-24 10:03:26,600183,生益科技,174.83,4.1461,167.9,175.54,167.0,167.87,4775295144.0,189.0,173.88
2026-06-24T10:03:28,2026-06-24 10:03:27,600769,祥龙电业,20.78,-5.4165,21.92,22.6,20.5,21.97,398593769.0,21.99,20.231
2026-06-24T10:04:29,2026-06-24 10:04:27,002367,康力电梯,6.19,3.3389,5.97,6.2,5.86,5.99,70812342.0,5.99,5.44
2026-06-24T10:04:29,2026-06-24 10:04:27,002386,天原股份,5.95,-1.3267,5.99,6.1,5.94,6.03,82479730.15,6.03,5.51
2026-06-24T10:04:29,2026-06-24 10:04:28,603661,恒林股份,33.68,-5.2602,35.1,35.3,33.23,35.55,81699344.0,35.55,32.7
2026-06-24T10:04:29,2026-06-24 10:04:27,603065,宿迁联盛,17.93,0.1676,17.88,19.33,16.99,17.9,548640280.0,17.9,16.51
2026-06-24T10:04:29,2026-06-24 10:04:26,600791,京能置业,10.22,-4.5752,10.81,11.09,10.2,10.71,122736363.0,10.71,10.08
2026-06-24T10:04:29,2026-06-24 10:04:27,000012,南  玻Ａ,4.75,1.7131,4.65,4.77,4.56,4.67,211770998.07,4.67,4.38
2026-06-24T10:04:29,2026-06-24 10:04:26,600183,生益科技,174.61,4.015,167.9,175.54,167.0,167.87,4902479905.0,189.0,173.88
2026-06-24T10:04:29,2026-06-24 10:04:27,600769,祥龙电业,20.83,-5.1889,21.92,22.6,20.5,21.97,400297406.0,21.99,20.231
2026-06-24T10:05:30,2026-06-24 10:05:27,002367,康力电梯,6.2,3.5058,5.97,6.21,5.86,5.99,72606327.0,5.99,5.44
2026-06-24T10:05:30,2026-06-24 10:05:27,002386,天原股份,5.96,-1.1609,5.99,6.1,5.94,6.03,83554241.15,6.03,5.51
2026-06-24T10:05:30,2026-06-24 10:05:28,603661,恒林股份,33.61,-5.4571,35.1,35.3,33.23,35.55,82220783.0,35.55,32.7
2026-06-24T10:05:30,2026-06-24 10:05:27,603065,宿迁联盛,17.96,0.3352,17.88,19.33,16.99,17.9,554535219.0,17.9,16.51
2026-06-24T10:05:30,2026-06-24 10:05:26,600791,京能置业,10.19,-4.8553,10.81,11.09,10.18,10.71,124839901.0,10.71,10.08
2026-06-24T10:05:30,2026-06-24 10:05:27,000012,南  玻Ａ,4.76,1.9272,4.65,4.77,4.56,4.67,218633004.07,4.67,4.38
2026-06-24T10:05:30,2026-06-24 10:05:26,600183,生益科技,175.0,4.2473,167.9,175.54,167.0,167.87,5045548914.0,189.0,173.88
2026-06-24T10:05:30,2026-06-24 10:05:27,600769,祥龙电业,20.83,-5.1889,21.92,22.6,20.5,21.97,405347578.0,21.99,20.231
2026-06-24T10:06:33,2026-06-24 10:06:30,002367,康力电梯,6.24,4.1736,5.97,6.27,5.86,5.99,78949606.0,5.99,5.44
2026-06-24T10:06:33,2026-06-24 10:06:30,002386,天原股份,5.97,-0.995,5.99,6.1,5.94,6.03,84036735.15,6.03,5.51
2026-06-24T10:06:33,2026-06-24 10:06:31,603661,恒林股份,33.56,-5.5977,35.1,35.3,33.23,35.55,82845421.0,35.55,32.7
2026-06-24T10:06:33,2026-06-24 10:06:30,603065,宿迁联盛,17.98,0.4469,17.88,19.33,16.99,17.9,563638661.0,17.9,16.51
2026-06-24T10:06:33,2026-06-24 10:06:29,600791,京能置业,10.21,-4.6685,10.81,11.09,10.18,10.71,125923300.0,10.71,10.08
2026-06-24T10:06:33,2026-06-24 10:06:30,000012,南  玻Ａ,4.77,2.1413,4.65,4.78,4.56,4.67,230014433.95,4.67,4.38
2026-06-24T10:06:33,2026-06-24 10:06:29,600183,生益科技,174.92,4.1997,167.9,175.54,167.0,167.87,5185468657.0,189.0,173.88
2026-06-24T10:06:33,2026-06-24 10:06:30,600769,祥龙电业,20.85,-5.0979,21.92,22.6,20.5,21.97,408167414.0,21.99,20.231
2026-06-24T10:07:34,2026-06-24 10:07:33,002367,康力电梯,6.23,4.0067,5.97,6.27,5.86,5.99,80885834.0,5.99,5.44
2026-06-24T10:07:34,2026-06-24 10:07:33,002386,天原股份,5.97,-0.995,5.99,6.1,5.94,6.03,85012322.15,6.03,5.51
2026-06-24T10:07:34,2026-06-24 10:07:31,603661,恒林股份,33.46,-5.879,35.1,35.3,33.23,35.55,84162505.0,35.55,32.7
2026-06-24T10:07:34,2026-06-24 10:07:30,603065,宿迁联盛,18.03,0.7263,17.88,19.33,16.99,17.9,568864923.0,17.9,16.51
2026-06-24T10:07:34,2026-06-24 10:07:32,600791,京能置业,10.17,-5.042,10.81,11.09,10.17,10.71,127214708.0,10.71,10.08
2026-06-24T10:07:34,2026-06-24 10:07:33,000012,南  玻Ａ,4.78,2.3555,4.65,4.79,4.56,4.67,239730536.95,4.67,4.38
2026-06-24T10:07:34,2026-06-24 10:07:32,600183,生益科技,175.68,4.6524,167.9,175.82,167.0,167.87,5352828285.0,189.0,173.88
2026-06-24T10:07:34,2026-06-24 10:07:30,600769,祥龙电业,20.89,-4.9158,21.92,22.6,20.5,21.97,410392759.0,21.99,20.231
2026-06-24T10:08:35,2026-06-24 10:08:33,002367,康力电梯,6.24,4.1736,5.97,6.27,5.86,5.99,82238129.0,5.99,5.44
2026-06-24T10:08:35,2026-06-24 10:08:33,002386,天原股份,5.96,-1.1609,5.99,6.1,5.94,6.03,85587198.15,6.03,5.51
2026-06-24T10:08:35,2026-06-24 10:08:31,603661,恒林股份,33.37,-6.1322,35.1,35.3,33.23,35.55,85041728.0,35.55,32.7
2026-06-24T10:08:35,2026-06-24 10:08:33,603065,宿迁联盛,17.98,0.4469,17.88,19.33,16.99,17.9,573705954.0,17.9,16.51
2026-06-24T10:08:35,2026-06-24 10:08:32,600791,京能置业,10.15,-5.2288,10.81,11.09,10.15,10.71,128651555.0,10.71,10.08
2026-06-24T10:08:35,2026-06-24 10:08:33,000012,南  玻Ａ,4.76,1.9272,4.65,4.79,4.56,4.67,250598576.94,4.67,4.38
2026-06-24T10:08:35,2026-06-24 10:08:32,600183,生益科技,175.44,4.5094,167.9,176.0,167.0,167.87,5488493883.0,189.0,173.88
2026-06-24T10:08:35,2026-06-24 10:08:33,600769,祥龙电业,20.9,-4.8703,21.92,22.6,20.5,21.97,411367952.0,21.99,20.231
2026-06-24T10:09:36,2026-06-24 10:09:33,002367,康力电梯,6.23,4.0067,5.97,6.27,5.86,5.99,84124554.0,5.99,5.44
2026-06-24T10:09:36,2026-06-24 10:09:33,002386,天原股份,5.97,-0.995,5.99,6.1,5.94,6.03,85824629.15,6.03,5.51
2026-06-24T10:09:36,2026-06-24 10:09:34,603661,恒林股份,33.3,-6.3291,35.1,35.3,33.23,35.55,87203525.0,35.55,32.7
2026-06-24T10:09:36,2026-06-24 10:09:33,603065,宿迁联盛,18.05,0.838,17.88,19.33,16.99,17.9,575923062.0,17.9,16.51
2026-06-24T10:09:36,2026-06-24 10:09:35,600791,京能置业,10.16,-5.1354,10.81,11.09,10.13,10.71,130620883.0,10.71,10.08
2026-06-24T10:09:36,2026-06-24 10:09:33,000012,南  玻Ａ,4.77,2.1413,4.65,4.79,4.56,4.67,253237231.94,4.67,4.38
2026-06-24T10:09:36,2026-06-24 10:09:35,600183,生益科技,176.36,5.0575,167.9,176.36,167.0,167.87,5630477441.0,189.0,173.88
2026-06-24T10:09:36,2026-06-24 10:09:33,600769,祥龙电业,20.79,-5.371,21.92,22.6,20.5,21.97,415350502.0,21.99,20.231
2026-06-24T10:10:37,2026-06-24 10:10:36,002367,康力电梯,6.22,3.8397,5.97,6.27,5.86,5.99,85137311.0,5.99,5.44
2026-06-24T10:10:37,2026-06-24 10:10:36,002386,天原股份,5.96,-1.1609,5.99,6.1,5.94,6.03,86570868.15,6.03,5.51
2026-06-24T10:10:37,2026-06-24 10:10:34,603661,恒林股份,33.24,-6.4979,35.1,35.3,33.23,35.55,88850713.0,35.55,32.7
2026-06-24T10:10:37,2026-06-24 10:10:36,603065,宿迁联盛,17.92,0.1117,17.88,19.33,16.99,17.9,580577157.0,17.9,16.51
2026-06-24T10:10:37,2026-06-24 10:10:35,600791,京能置业,10.14,-5.3221,10.81,11.09,10.13,10.71,131410084.0,10.71,10.08
2026-06-24T10:10:37,2026-06-24 10:10:36,000012,南  玻Ａ,4.8,2.7837,4.65,4.8,4.56,4.67,263232528.95,4.67,4.38
2026-06-24T10:10:37,2026-06-24 10:10:35,600183,生益科技,175.9,4.7835,167.9,176.78,167.0,167.87,5811677049.0,189.0,173.88
2026-06-24T10:10:37,2026-06-24 10:10:36,600769,祥龙电业,20.83,-5.1889,21.92,22.6,20.5,21.97,420189843.0,21.99,20.231
2026-06-24T10:11:40,2026-06-24 10:11:39,002367,康力电梯,6.22,3.8397,5.97,6.27,5.86,5.99,86431784.0,5.99,5.44
2026-06-24T10:11:40,2026-06-24 10:11:39,002386,天原股份,5.97,-0.995,5.99,6.1,5.94,6.03,87533657.75,6.03,5.51
2026-06-24T10:11:40,2026-06-24 10:11:37,603661,恒林股份,33.47,-5.8509,35.1,35.3,33.23,35.55,92218258.0,35.55,32.7
2026-06-24T10:11:40,2026-06-24 10:11:36,603065,宿迁联盛,17.9,0.0,17.88,19.33,16.99,17.9,583094996.0,17.9,16.51
2026-06-24T10:11:40,2026-06-24 10:11:38,600791,京能置业,10.13,-5.4155,10.81,11.09,10.1,10.71,133862494.0,10.71,10.08
2026-06-24T10:11:40,2026-06-24 10:11:39,000012,南  玻Ａ,4.78,2.3555,4.65,4.8,4.56,4.67,277442884.95,4.67,4.38
2026-06-24T10:11:40,2026-06-24 10:11:38,600183,生益科技,175.0,4.2473,167.9,176.78,167.0,167.87,5903379830.0,189.0,173.88
2026-06-24T10:11:40,2026-06-24 10:11:36,600769,祥龙电业,20.75,-5.553,21.92,22.6,20.5,21.97,422660849.0,21.99,20.231
2026-06-24T10:12:41,2026-06-24 10:12:39,002367,康力电梯,6.2,3.5058,5.97,6.27,5.86,5.99,87639442.0,5.99,5.44
2026-06-24T10:12:41,2026-06-24 10:12:39,002386,天原股份,5.98,-0.8292,5.99,6.1,5.94,6.03,87653221.75,6.03,5.51
2026-06-24T10:12:41,2026-06-24 10:12:40,603661,恒林股份,33.4,-6.0478,35.1,35.3,33.23,35.55,93095172.0,35.55,32.7
2026-06-24T10:12:41,2026-06-24 10:12:39,603065,宿迁联盛,17.85,-0.2793,17.88,19.33,16.99,17.9,584911632.0,17.9,16.51
2026-06-24T10:12:41,2026-06-24 10:12:38,600791,京能置业,10.17,-5.042,10.81,11.09,10.1,10.71,136690876.0,10.71,10.08
2026-06-24T10:12:41,2026-06-24 10:12:39,000012,南  玻Ａ,4.79,2.5696,4.65,4.8,4.56,4.67,282232240.95,4.67,4.38
2026-06-24T10:12:41,2026-06-24 10:12:38,600183,生益科技,175.9,4.7835,167.9,176.78,167.0,167.87,5995239239.0,189.0,173.88
2026-06-24T10:12:41,2026-06-24 10:12:39,600769,祥龙电业,20.72,-5.6896,21.92,22.6,20.5,21.97,429442370.0,21.99,20.231
2026-06-24T10:13:42,2026-06-24 10:13:39,002367,康力电梯,6.2,3.5058,5.97,6.27,5.86,5.99,88892655.0,5.99,5.44
2026-06-24T10:13:42,2026-06-24 10:13:39,002386,天原股份,5.96,-1.1609,5.99,6.1,5.94,6.03,88917431.15,6.03,5.51
2026-06-24T10:13:42,2026-06-24 10:13:40,603661,恒林股份,33.49,-5.7947,35.1,35.3,33.23,35.55,93746707.0,35.55,32.7
2026-06-24T10:13:42,2026-06-24 10:13:39,603065,宿迁联盛,17.84,-0.3352,17.88,19.33,16.99,17.9,587193698.0,17.9,16.51
2026-06-24T10:13:42,2026-06-24 10:13:41,600791,京能置业,10.23,-4.4818,10.81,11.09,10.1,10.71,139332053.0,10.71,10.08
2026-06-24T10:13:42,2026-06-24 10:13:39,000012,南  玻Ａ,4.78,2.3555,4.65,4.8,4.56,4.67,286924555.95,4.67,4.38
2026-06-24T10:13:42,2026-06-24 10:13:41,600183,生益科技,175.94,4.8073,167.9,176.78,167.0,167.87,6107329607.0,189.0,173.88
2026-06-24T10:13:42,2026-06-24 10:13:39,600769,祥龙电业,20.69,-5.8261,21.92,22.6,20.5,21.97,431842253.0,21.99,20.231
2026-06-24T10:14:44,2026-06-24 10:14:42,002367,康力电梯,6.19,3.3389,5.97,6.27,5.86,5.99,89707532.0,5.99,5.44
2026-06-24T10:14:44,2026-06-24 10:14:42,002386,天原股份,5.95,-1.3267,5.99,6.1,5.94,6.03,89603407.15,6.03,5.51
2026-06-24T10:14:44,2026-06-24 10:14:43,603661,恒林股份,33.33,-6.2447,35.1,35.3,33.23,35.55,94882756.0,35.55,32.7
2026-06-24T10:14:44,2026-06-24 10:14:42,603065,宿迁联盛,17.76,-0.7821,17.88,19.33,16.99,17.9,590072321.0,17.9,16.51
2026-06-24T10:14:44,2026-06-24 10:14:41,600791,京能置业,10.17,-5.042,10.81,11.09,10.1,10.71,140663912.0,10.71,10.08
2026-06-24T10:14:44,2026-06-24 10:14:42,000012,南  玻Ａ,4.76,1.9272,4.65,4.8,4.56,4.67,291980439.95,4.67,4.38
2026-06-24T10:14:44,2026-06-24 10:14:41,600183,生益科技,177.3,5.6174,167.9,177.3,167.0,167.87,6274695434.0,189.0,173.88
2026-06-24T10:14:44,2026-06-24 10:14:42,600769,祥龙电业,20.71,-5.7351,21.92,22.6,20.5,21.97,434327811.0,21.99,20.231
2026-06-24T10:15:46,2026-06-24 10:15:45,002367,康力电梯,6.19,3.3389,5.97,6.27,5.86,5.99,90011044.0,5.99,5.44
2026-06-24T10:15:46,2026-06-24 10:15:45,002386,天原股份,5.94,-1.4925,5.99,6.1,5.94,6.03,90126790.15,6.03,5.51
2026-06-24T10:15:46,2026-06-24 10:15:43,603661,恒林股份,33.37,-6.1322,35.1,35.3,33.23,35.55,95226579.0,35.55,32.7
2026-06-24T10:15:46,2026-06-24 10:15:45,603065,宿迁联盛,18.05,0.838,17.88,19.33,16.99,17.9,593245673.0,17.9,16.51
2026-06-24T10:15:46,2026-06-24 10:15:44,600791,京能置业,10.16,-5.1354,10.81,11.09,10.1,10.71,141910781.0,10.71,10.08
2026-06-24T10:15:46,2026-06-24 10:15:45,000012,南  玻Ａ,4.78,2.3555,4.65,4.8,4.56,4.67,294862147.95,4.67,4.38
2026-06-24T10:15:46,2026-06-24 10:15:44,600183,生益科技,177.0,5.4387,167.9,177.5,167.0,167.87,6415740771.0,189.0,173.88
2026-06-24T10:15:46,2026-06-24 10:15:45,600769,祥龙电业,20.65,-6.0082,21.92,22.6,20.5,21.97,439350110.0,21.99,20.231
2026-06-24T10:16:47,2026-06-24 10:16:45,002367,康力电梯,6.18,3.172,5.97,6.27,5.86,5.99,90517762.0,5.99,5.44
2026-06-24T10:16:47,2026-06-24 10:16:45,002386,天原股份,5.95,-1.3267,5.99,6.1,5.94,6.03,92934150.05,6.03,5.51
2026-06-24T10:16:47,2026-06-24 10:16:43,603661,恒林股份,33.37,-6.1322,35.1,35.3,33.23,35.55,95617156.0,35.55,32.7
2026-06-24T10:16:47,2026-06-24 10:16:45,603065,宿迁联盛,18.24,1.8994,17.88,19.33,16.99,17.9,600851453.0,17.9,16.51
2026-06-24T10:16:47,2026-06-24 10:16:44,600791,京能置业,10.18,-4.9486,10.81,11.09,10.1,10.71,143781536.0,10.71,10.08
2026-06-24T10:16:47,2026-06-24 10:16:45,000012,南  玻Ａ,4.77,2.1413,4.65,4.8,4.56,4.67,298290906.95,4.67,4.38
2026-06-24T10:16:47,2026-06-24 10:16:44,600183,生益科技,175.97,4.8252,167.9,177.5,167.0,167.87,6501675254.0,189.0,173.88
2026-06-24T10:16:47,2026-06-24 10:16:45,600769,祥龙电业,20.63,-6.0992,21.92,22.6,20.5,21.97,442359460.0,21.99,20.231
2026-06-24T10:17:47,2026-06-24 10:17:45,002367,康力电梯,6.17,3.005,5.97,6.27,5.86,5.99,91079097.0,5.99,5.44
2026-06-24T10:17:47,2026-06-24 10:17:45,002386,天原股份,5.97,-0.995,5.99,6.1,5.94,6.03,94389341.65,6.03,5.51
2026-06-24T10:17:47,2026-06-24 10:17:43,603661,恒林股份,33.36,-6.1603,35.1,35.3,33.23,35.55,95967635.0,35.55,32.7
2026-06-24T10:17:47,2026-06-24 10:17:45,603065,宿迁联盛,18.23,1.8436,17.88,19.33,16.99,17.9,607734208.0,17.9,16.51
2026-06-24T10:17:47,2026-06-24 10:17:44,600791,京能置业,10.22,-4.5752,10.81,11.09,10.1,10.71,144658658.0,10.71,10.08
2026-06-24T10:17:47,2026-06-24 10:17:45,000012,南  玻Ａ,4.77,2.1413,4.65,4.8,4.56,4.67,301308140.95,4.67,4.38
2026-06-24T10:17:47,2026-06-24 10:17:44,600183,生益科技,176.46,5.1171,167.9,177.5,167.0,167.87,6573697414.0,189.0,173.88
2026-06-24T10:17:47,2026-06-24 10:17:45,600769,祥龙电业,20.87,-5.0068,21.92,22.6,20.5,21.97,446089364.0,21.99,20.231
2026-06-24T10:18:47,2026-06-24 10:18:45,002367,康力电梯,6.16,2.8381,5.97,6.27,5.86,5.99,91834871.0,5.99,5.44
2026-06-24T10:18:47,2026-06-24 10:18:45,002386,天原股份,5.96,-1.1609,5.99,6.1,5.94,6.03,94615612.65,6.03,5.51
2026-06-24T10:18:47,2026-06-24 10:18:46,603661,恒林股份,33.36,-6.1603,35.1,35.3,33.23,35.55,96441261.0,35.55,32.7
2026-06-24T10:18:47,2026-06-24 10:18:45,603065,宿迁联盛,18.2,1.676,17.88,19.33,16.99,17.9,613249291.0,17.9,16.51
2026-06-24T10:18:47,2026-06-24 10:18:44,600791,京能置业,10.29,-3.9216,10.81,11.09,10.1,10.71,146227380.0,10.71,10.08
2026-06-24T10:18:47,2026-06-24 10:18:45,000012,南  玻Ａ,4.77,2.1413,4.65,4.8,4.56,4.67,303432959.95,4.67,4.38
2026-06-24T10:18:47,2026-06-24 10:18:44,600183,生益科技,176.86,5.3553,167.9,177.5,167.0,167.87,6684806582.0,189.0,173.88
2026-06-24T10:18:47,2026-06-24 10:18:45,600769,祥龙电业,20.92,-4.7792,21.92,22.6,20.5,21.97,448041923.0,21.99,20.231
2026-06-24T10:19:48,2026-06-24 10:19:45,002367,康力电梯,6.15,2.6711,5.97,6.27,5.86,5.99,93750651.0,5.99,5.44
2026-06-24T10:19:48,2026-06-24 10:19:45,002386,天原股份,5.95,-1.3267,5.99,6.1,5.94,6.03,95057013.65,6.03,5.51
2026-06-24T10:19:48,2026-06-24 10:19:46,603661,恒林股份,33.27,-6.4135,35.1,35.3,33.23,35.55,98030471.0,35.55,32.7
2026-06-24T10:19:48,2026-06-24 10:19:45,603065,宿迁联盛,18.19,1.6201,17.88,19.33,16.99,17.9,618601936.0,17.9,16.51
2026-06-24T10:19:48,2026-06-24 10:19:47,600791,京能置业,10.32,-3.6415,10.81,11.09,10.1,10.71,147838983.0,10.71,10.08
2026-06-24T10:19:48,2026-06-24 10:19:45,000012,南  玻Ａ,4.76,1.9272,4.65,4.8,4.56,4.67,304804447.95,4.67,4.38
2026-06-24T10:19:48,2026-06-24 10:19:47,600183,生益科技,175.81,4.7299,167.9,177.5,167.0,167.87,6776065743.0,189.0,173.88
2026-06-24T10:19:48,2026-06-24 10:19:45,600769,祥龙电业,20.86,-5.0523,21.92,22.6,20.5,21.97,449530442.0,21.99,20.231
2026-06-24T10:20:48,2026-06-24 10:20:45,002367,康力电梯,6.15,2.6711,5.97,6.27,5.86,5.99,94087872.0,5.99,5.44
2026-06-24T10:20:48,2026-06-24 10:20:45,002386,天原股份,5.97,-0.995,5.99,6.1,5.94,6.03,95757032.65,6.03,5.51
2026-06-24T10:20:48,2026-06-24 10:20:46,603661,恒林股份,33.36,-6.1603,35.1,35.3,33.23,35.55,98280439.0,35.55,32.7
2026-06-24T10:20:48,2026-06-24 10:20:45,603065,宿迁联盛,18.15,1.3966,17.88,19.33,16.99,17.9,622148079.0,17.9,16.51
2026-06-24T10:20:48,2026-06-24 10:20:44,600791,京能置业,10.27,-4.1083,10.81,11.09,10.1,10.71,149669561.0,10.71,10.08
2026-06-24T10:20:48,2026-06-24 10:20:45,000012,南  玻Ａ,4.76,1.9272,4.65,4.8,4.56,4.67,308804053.95,4.67,4.38
2026-06-24T10:20:48,2026-06-24 10:20:44,600183,生益科技,175.77,4.706,167.9,177.5,167.0,167.87,6840966694.0,189.0,173.88
2026-06-24T10:20:48,2026-06-24 10:20:45,600769,祥龙电业,20.86,-5.0523,21.92,22.6,20.5,21.97,450869890.0,21.99,20.231
2026-06-24T10:21:49,2026-06-24 10:21:48,002367,康力电梯,6.18,3.172,5.97,6.27,5.86,5.99,95051893.0,5.99,5.44
2026-06-24T10:21:49,2026-06-24 10:21:48,002386,天原股份,5.96,-1.1609,5.99,6.1,5.94,6.03,96588300.65,6.03,5.51
2026-06-24T10:21:49,2026-06-24 10:21:46,603661,恒林股份,33.4,-6.0478,35.1,35.3,33.23,35.55,98657667.0,35.55,32.7
2026-06-24T10:21:49,2026-06-24 10:21:48,603065,宿迁联盛,18.13,1.2849,17.88,19.33,16.99,17.9,624642046.0,17.9,16.51
2026-06-24T10:21:49,2026-06-24 10:21:47,600791,京能置业,10.29,-3.9216,10.81,11.09,10.1,10.71,150720537.0,10.71,10.08
2026-06-24T10:21:49,2026-06-24 10:21:48,000012,南  玻Ａ,4.74,1.4989,4.65,4.8,4.56,4.67,311935539.69,4.67,4.38
2026-06-24T10:21:49,2026-06-24 10:21:47,600183,生益科技,175.84,4.7477,167.9,177.5,167.0,167.87,6899183627.0,189.0,173.88
2026-06-24T10:21:49,2026-06-24 10:21:48,600769,祥龙电业,20.78,-5.4165,21.92,22.6,20.5,21.97,451843916.0,21.99,20.231
2026-06-24T10:22:50,2026-06-24 10:22:48,002367,康力电梯,6.16,2.8381,5.97,6.27,5.86,5.99,95885861.0,5.99,5.44
2026-06-24T10:22:50,2026-06-24 10:22:48,002386,天原股份,5.97,-0.995,5.99,6.1,5.94,6.03,97388797.65,6.03,5.51
2026-06-24T10:22:50,2026-06-24 10:22:46,603661,恒林股份,33.41,-6.0197,35.1,35.3,33.23,35.55,99121777.0,35.55,32.7
2026-06-24T10:22:50,2026-06-24 10:22:48,603065,宿迁联盛,18.12,1.2291,17.88,19.33,16.99,17.9,628617451.0,17.9,16.51
2026-06-24T10:22:50,2026-06-24 10:22:47,600791,京能置业,10.25,-4.2951,10.81,11.09,10.1,10.71,151281990.0,10.71,10.08
2026-06-24T10:22:50,2026-06-24 10:22:48,000012,南  玻Ａ,4.76,1.9272,4.65,4.8,4.56,4.67,315420179.69,4.67,4.38
2026-06-24T10:22:50,2026-06-24 10:22:47,600183,生益科技,174.81,4.1342,167.9,177.5,167.0,167.87,6979751836.0,189.0,173.88
2026-06-24T10:22:50,2026-06-24 10:22:48,600769,祥龙电业,20.73,-5.6441,21.92,22.6,20.5,21.97,453475114.0,21.99,20.231
2026-06-24T10:23:50,2026-06-24 10:23:48,002367,康力电梯,6.16,2.8381,5.97,6.27,5.86,5.99,96455901.0,5.99,5.44
2026-06-24T10:23:50,2026-06-24 10:23:48,002386,天原股份,5.96,-1.1609,5.99,6.1,5.94,6.03,97828294.65,6.03,5.51
2026-06-24T10:23:50,2026-06-24 10:23:49,603661,恒林股份,33.36,-6.1603,35.1,35.3,33.23,35.55,100043101.0,35.55,32.7
2026-06-24T10:23:50,2026-06-24 10:23:48,603065,宿迁联盛,18.36,2.5698,17.88,19.33,16.99,17.9,634585121.0,17.9,16.51
2026-06-24T10:23:50,2026-06-24 10:23:47,600791,京能置业,10.26,-4.2017,10.81,11.09,10.1,10.71,151782785.0,10.71,10.08
2026-06-24T10:23:50,2026-06-24 10:23:48,000012,南  玻Ａ,4.75,1.7131,4.65,4.8,4.56,4.67,317213457.69,4.67,4.38
2026-06-24T10:23:50,2026-06-24 10:23:47,600183,生益科技,174.7,4.0686,167.9,177.5,167.0,167.87,7045382469.0,189.0,173.88
2026-06-24T10:23:50,2026-06-24 10:23:48,600769,祥龙电业,20.63,-6.0992,21.92,22.6,20.5,21.97,457357439.0,21.99,20.231
2026-06-24T10:24:50,2026-06-24 10:24:48,002367,康力电梯,6.16,2.8381,5.97,6.27,5.86,5.99,97682034.0,5.99,5.44
2026-06-24T10:24:50,2026-06-24 10:24:48,002386,天原股份,5.97,-0.995,5.99,6.1,5.94,6.03,98265540.65,6.03,5.51
2026-06-24T10:24:50,2026-06-24 10:24:49,603661,恒林股份,33.35,-6.1885,35.1,35.3,33.23,35.55,100463486.0,35.55,32.7
2026-06-24T10:24:50,2026-06-24 10:24:48,603065,宿迁联盛,18.4,2.7933,17.88,19.33,16.99,17.9,640980022.0,17.9,16.51
2026-06-24T10:24:50,2026-06-24 10:24:47,600791,京能置业,10.31,-3.7348,10.81,11.09,10.1,10.71,152505459.0,10.71,10.08
2026-06-24T10:24:50,2026-06-24 10:24:48,000012,南  玻Ａ,4.73,1.2848,4.65,4.8,4.56,4.67,319482596.95,4.67,4.38
2026-06-24T10:24:50,2026-06-24 10:24:47,600183,生益科技,176.0,4.843,167.9,177.5,167.0,167.87,7110667790.0,189.0,173.88
2026-06-24T10:24:50,2026-06-24 10:24:48,600769,祥龙电业,20.62,-6.1447,21.92,22.6,20.5,21.97,463642682.0,21.99,20.231
2026-06-24T10:25:51,2026-06-24 10:25:48,002367,康力电梯,6.15,2.6711,5.97,6.27,5.86,5.99,98583488.0,5.99,5.44
2026-06-24T10:25:51,2026-06-24 10:25:48,002386,天原股份,5.96,-1.1609,5.99,6.1,5.94,6.03,98756639.65,6.03,5.51
2026-06-24T10:25:51,2026-06-24 10:25:49,603661,恒林股份,33.5,-5.7665,35.1,35.3,33.23,35.55,101566516.0,35.55,32.7
2026-06-24T10:25:51,2026-06-24 10:25:48,603065,宿迁联盛,18.41,2.8492,17.88,19.33,16.99,17.9,649874216.0,17.9,16.51
2026-06-24T10:25:51,2026-06-24 10:25:47,600791,京能置业,10.31,-3.7348,10.81,11.09,10.1,10.71,153365887.0,10.71,10.08
2026-06-24T10:25:51,2026-06-24 10:25:48,000012,南  玻Ａ,4.73,1.2848,4.65,4.8,4.56,4.67,320442809.95,4.67,4.38
2026-06-24T10:25:51,2026-06-24 10:25:47,600183,生益科技,176.48,5.129,167.9,177.5,167.0,167.87,7158256023.0,189.0,173.88
2026-06-24T10:25:51,2026-06-24 10:25:48,600769,祥龙电业,20.61,-6.1903,21.92,22.6,20.5,21.97,466115647.0,21.99,20.231
2026-06-24T10:26:52,2026-06-24 10:26:51,002367,康力电梯,6.16,2.8381,5.97,6.27,5.86,5.99,99467050.96,5.99,5.44
2026-06-24T10:26:52,2026-06-24 10:26:51,002386,天原股份,5.96,-1.1609,5.99,6.1,5.94,6.03,99061797.65,6.03,5.51
2026-06-24T10:26:52,2026-06-24 10:26:49,603661,恒林股份,33.5,-5.7665,35.1,35.3,33.23,35.55,102330736.0,35.55,32.7
2026-06-24T10:26:52,2026-06-24 10:26:51,603065,宿迁联盛,18.43,2.9609,17.88,19.33,16.99,17.9,656689408.0,17.9,16.51
2026-06-24T10:26:52,2026-06-24 10:26:50,600791,京能置业,10.29,-3.9216,10.81,11.09,10.1,10.71,153981319.0,10.71,10.08
2026-06-24T10:26:52,2026-06-24 10:26:51,000012,南  玻Ａ,4.74,1.4989,4.65,4.8,4.56,4.67,321582279.95,4.67,4.38
2026-06-24T10:26:52,2026-06-24 10:26:50,600183,生益科技,176.57,5.1826,167.9,177.5,167.0,167.87,7220045627.0,189.0,173.88
2026-06-24T10:26:52,2026-06-24 10:26:51,600769,祥龙电业,20.69,-5.8261,21.92,22.6,20.5,21.97,469185268.0,21.99,20.231
2026-06-24T10:27:52,2026-06-24 10:27:51,002367,康力电梯,6.15,2.6711,5.97,6.27,5.86,5.99,99749721.65,5.99,5.44
2026-06-24T10:27:52,2026-06-24 10:27:51,002386,天原股份,5.94,-1.4925,5.99,6.1,5.94,6.03,100592708.65,6.03,5.51
2026-06-24T10:27:52,2026-06-24 10:27:49,603661,恒林股份,33.34,-6.2166,35.1,35.3,33.23,35.55,103418701.0,35.55,32.7
2026-06-24T10:27:52,2026-06-24 10:27:51,603065,宿迁联盛,18.34,2.4581,17.88,19.33,16.99,17.9,661411408.0,17.9,16.51
2026-06-24T10:27:52,2026-06-24 10:27:50,600791,京能置业,10.26,-4.2017,10.81,11.09,10.1,10.71,154347807.0,10.71,10.08
2026-06-24T10:27:52,2026-06-24 10:27:51,000012,南  玻Ａ,4.74,1.4989,4.65,4.8,4.56,4.67,323190891.95,4.67,4.38
2026-06-24T10:27:52,2026-06-24 10:27:50,600183,生益科技,177.91,5.9808,167.9,177.93,167.0,167.87,7378202999.0,189.0,173.88
2026-06-24T10:27:52,2026-06-24 10:27:51,600769,祥龙电业,20.69,-5.8261,21.92,22.6,20.5,21.97,472027458.0,21.99,20.231
2026-06-24T10:28:53,2026-06-24 10:28:51,002367,康力电梯,6.19,3.3389,5.97,6.27,5.86,5.99,101537070.65,5.99,5.44
2026-06-24T10:28:53,2026-06-24 10:28:48,002386,天原股份,5.94,-1.4925,5.99,6.1,5.94,6.03,101312759.65,6.03,5.51
2026-06-24T10:28:53,2026-06-24 10:28:49,603661,恒林股份,33.34,-6.2166,35.1,35.3,33.23,35.55,104180113.0,35.55,32.7
2026-06-24T10:28:53,2026-06-24 10:28:51,603065,宿迁联盛,18.33,2.4022,17.88,19.33,16.99,17.9,664973367.0,17.9,16.51
2026-06-24T10:28:53,2026-06-24 10:28:50,600791,京能置业,10.26,-4.2017,10.81,11.09,10.1,10.71,154816188.0,10.71,10.08
2026-06-24T10:28:53,2026-06-24 10:28:51,000012,南  玻Ａ,4.75,1.7131,4.65,4.8,4.56,4.67,324917918.95,4.67,4.38
2026-06-24T10:28:53,2026-06-24 10:28:50,600183,生益科技,178.79,6.505,167.9,178.8,167.0,167.87,7544783151.0,189.0,173.88
2026-06-24T10:28:53,2026-06-24 10:28:51,600769,祥龙电业,20.64,-6.0537,21.92,22.6,20.5,21.97,472990829.0,21.99,20.231
2026-06-24T10:29:53,2026-06-24 10:29:51,002367,康力电梯,6.19,3.3389,5.97,6.27,5.86,5.99,102189699.65,5.99,5.44
2026-06-24T10:29:53,2026-06-24 10:29:51,002386,天原股份,5.94,-1.4925,5.99,6.1,5.93,6.03,102712411.35,6.03,5.51
2026-06-24T10:29:53,2026-06-24 10:29:52,603661,恒林股份,33.4,-6.0478,35.1,35.3,33.23,35.55,105627917.0,35.55,32.7
2026-06-24T10:29:53,2026-06-24 10:29:51,603065,宿迁联盛,18.34,2.4581,17.88,19.33,16.99,17.9,667838710.0,17.9,16.51
2026-06-24T10:29:53,2026-06-24 10:29:50,600791,京能置业,10.26,-4.2017,10.81,11.09,10.1,10.71,155058494.0,10.71,10.08
2026-06-24T10:29:53,2026-06-24 10:29:51,000012,南  玻Ａ,4.73,1.2848,4.65,4.8,4.56,4.67,326402301.95,4.67,4.38
2026-06-24T10:29:53,2026-06-24 10:29:50,600183,生益科技,178.57,6.374,167.9,179.38,167.0,167.87,7710332182.0,189.0,173.88
2026-06-24T10:29:53,2026-06-24 10:29:51,600769,祥龙电业,20.46,-6.873,21.92,22.6,20.46,21.97,486988096.0,21.99,20.231
2026-06-24T10:30:54,2026-06-24 10:30:51,002367,康力电梯,6.19,3.3389,5.97,6.27,5.86,5.99,103522917.39,5.99,5.44
2026-06-24T10:30:54,2026-06-24 10:30:51,002386,天原股份,5.93,-1.6584,5.99,6.1,5.93,6.03,103303248.35,6.03,5.51
2026-06-24T10:30:54,2026-06-24 10:30:52,603661,恒林股份,33.33,-6.2447,35.1,35.3,33.23,35.55,106749393.0,35.55,32.7
2026-06-24T10:30:54,2026-06-24 10:30:51,603065,宿迁联盛,18.21,1.7318,17.88,19.33,16.99,17.9,670192382.0,17.9,16.51
2026-06-24T10:30:54,2026-06-24 10:30:50,600791,京能置业,10.25,-4.2951,10.81,11.09,10.1,10.71,155855248.0,10.71,10.08
2026-06-24T10:30:54,2026-06-24 10:30:51,000012,南  玻Ａ,4.73,1.2848,4.65,4.8,4.56,4.67,328555462.95,4.67,4.38
2026-06-24T10:30:54,2026-06-24 10:30:50,600183,生益科技,178.25,6.1834,167.9,179.38,167.0,167.87,7793059631.0,189.0,173.88
2026-06-24T10:30:54,2026-06-24 10:30:51,600769,祥龙电业,20.55,-6.4634,21.92,22.6,20.42,21.97,493530759.0,21.99,20.231
2026-06-24T10:31:58,2026-06-24 10:31:54,002367,康力电梯,6.22,3.8397,5.97,6.27,5.86,5.99,106149727.39,5.99,5.44
2026-06-24T10:31:58,2026-06-24 10:31:54,002386,天原股份,5.93,-1.6584,5.99,6.1,5.92,6.03,105492761.35,6.03,5.51
2026-06-24T10:31:58,2026-06-24 10:31:55,603661,恒林股份,33.37,-6.1322,35.1,35.3,33.23,35.55,107893032.0,35.55,32.7
2026-06-24T10:31:58,2026-06-24 10:31:54,603065,宿迁联盛,18.28,2.1229,17.88,19.33,16.99,17.9,671887282.0,17.9,16.51
2026-06-24T10:31:58,2026-06-24 10:31:56,600791,京能置业,10.28,-4.0149,10.81,11.09,10.1,10.71,156247400.0,10.71,10.08
2026-06-24T10:31:58,2026-06-24 10:31:54,000012,南  玻Ａ,4.72,1.0707,4.65,4.8,4.56,4.67,329694620.95,4.67,4.38
2026-06-24T10:31:58,2026-06-24 10:31:56,600183,生益科技,177.93,5.9927,167.9,179.38,167.0,167.87,7841251753.0,189.0,173.88
2026-06-24T10:31:58,2026-06-24 10:31:54,600769,祥龙电业,20.47,-6.8275,21.92,22.6,20.42,21.97,498181248.0,21.99,20.231
2026-06-24T10:33:00,2026-06-24 10:32:57,002367,康力电梯,6.24,4.1736,5.97,6.27,5.86,5.99,109478777.39,5.99,5.44
2026-06-24T10:33:00,2026-06-24 10:32:57,002386,天原股份,5.93,-1.6584,5.99,6.1,5.92,6.03,105855633.35,6.03,5.51
2026-06-24T10:33:00,2026-06-24 10:32:58,603661,恒林股份,33.59,-5.5134,35.1,35.3,33.23,35.55,108822563.0,35.55,32.7
2026-06-24T10:33:00,2026-06-24 10:32:57,603065,宿迁联盛,18.24,1.8994,17.88,19.33,16.99,17.9,675363409.0,17.9,16.51
2026-06-24T10:33:00,2026-06-24 10:32:56,600791,京能置业,10.33,-3.5481,10.81,11.09,10.1,10.71,157358410.0,10.71,10.08
2026-06-24T10:33:00,2026-06-24 10:32:57,000012,南  玻Ａ,4.7,0.6424,4.65,4.8,4.56,4.67,334233637.85,4.67,4.38
2026-06-24T10:33:00,2026-06-24 10:32:56,600183,生益科技,178.43,6.2906,167.9,179.38,167.0,167.87,7925522498.0,189.0,173.88
2026-06-24T10:33:00,2026-06-24 10:32:57,600769,祥龙电业,20.4,-7.1461,21.92,22.6,20.39,21.97,502397415.0,21.99,20.231
2026-06-24T10:34:02,2026-06-24 10:34:00,002367,康力电梯,6.26,4.5075,5.97,6.27,5.86,5.99,112070901.39,5.99,5.44
2026-06-24T10:34:02,2026-06-24 10:34:00,002386,天原股份,5.93,-1.6584,5.99,6.1,5.92,6.03,106528579.35,6.03,5.51
2026-06-24T10:34:02,2026-06-24 10:33:58,603661,恒林股份,33.73,-5.1195,35.1,35.3,33.23,35.55,109794750.0,35.55,32.7
2026-06-24T10:34:02,2026-06-24 10:34:00,603065,宿迁联盛,18.23,1.8436,17.88,19.33,16.99,17.9,676890255.0,17.9,16.51
2026-06-24T10:34:02,2026-06-24 10:33:59,600791,京能置业,10.37,-3.1746,10.81,11.09,10.1,10.71,158092639.0,10.71,10.08
2026-06-24T10:34:02,2026-06-24 10:34:00,000012,南  玻Ａ,4.68,0.2141,4.65,4.8,4.56,4.67,338804280.38,4.67,4.38
2026-06-24T10:34:02,2026-06-24 10:33:59,600183,生益科技,178.78,6.4991,167.9,179.38,167.0,167.87,7978927215.0,189.0,173.88
2026-06-24T10:34:02,2026-06-24 10:34:00,600769,祥龙电业,20.34,-7.4192,21.92,22.6,20.34,21.97,511006091.0,21.99,20.231
2026-06-24T10:35:03,2026-06-24 10:35:00,002367,康力电梯,6.29,5.0083,5.97,6.31,5.86,5.99,118073885.39,5.99,5.44
2026-06-24T10:35:03,2026-06-24 10:35:00,002386,天原股份,5.94,-1.4925,5.99,6.1,5.92,6.03,107073846.35,6.03,5.51
2026-06-24T10:35:03,2026-06-24 10:35:01,603661,恒林股份,33.61,-5.4571,35.1,35.3,33.23,35.55,110865400.0,35.55,32.7
2026-06-24T10:35:03,2026-06-24 10:35:00,603065,宿迁联盛,18.18,1.5642,17.88,19.33,16.99,17.9,679042588.0,17.9,16.51
2026-06-24T10:35:03,2026-06-24 10:34:59,600791,京能置业,10.35,-3.3613,10.81,11.09,10.1,10.71,158690967.0,10.71,10.08
2026-06-24T10:35:03,2026-06-24 10:35:00,000012,南  玻Ａ,4.7,0.6424,4.65,4.8,4.56,4.67,340461213.02,4.67,4.38
2026-06-24T10:35:03,2026-06-24 10:34:59,600183,生益科技,178.49,6.3263,167.9,179.38,167.0,167.87,8043761597.0,189.0,173.88
2026-06-24T10:35:03,2026-06-24 10:35:00,600769,祥龙电业,20.31,-7.5558,21.92,22.6,20.27,21.97,517621622.0,21.99,20.231
2026-06-24T10:36:05,2026-06-24 10:36:03,002367,康力电梯,6.29,5.0083,5.97,6.32,5.86,5.99,120523669.85,5.99,5.44
2026-06-24T10:36:05,2026-06-24 10:36:03,002386,天原股份,5.96,-1.1609,5.99,6.1,5.92,6.03,107295226.35,6.03,5.51
2026-06-24T10:36:05,2026-06-24 10:36:04,603661,恒林股份,33.64,-5.3727,35.1,35.3,33.23,35.55,111376400.0,35.55,32.7
2026-06-24T10:36:05,2026-06-24 10:36:03,603065,宿迁联盛,18.21,1.7318,17.88,19.33,16.99,17.9,681589576.0,17.9,16.51
2026-06-24T10:36:05,2026-06-24 10:36:02,600791,京能置业,10.33,-3.5481,10.81,11.09,10.1,10.71,158873825.0,10.71,10.08
2026-06-24T10:36:05,2026-06-24 10:36:03,000012,南  玻Ａ,4.7,0.6424,4.65,4.8,4.56,4.67,342605803.02,4.67,4.38
2026-06-24T10:36:05,2026-06-24 10:36:02,600183,生益科技,178.02,6.0463,167.9,179.38,167.0,167.87,8091142907.0,189.0,173.88
2026-06-24T10:36:05,2026-06-24 10:36:03,600769,祥龙电业,20.38,-7.2371,21.92,22.6,20.27,21.97,522530879.0,21.99,20.231
2026-06-24T10:37:06,2026-06-24 10:37:03,002367,康力电梯,6.29,5.0083,5.97,6.32,5.86,5.99,122422489.85,5.99,5.44
2026-06-24T10:37:06,2026-06-24 10:37:03,002386,天原股份,5.96,-1.1609,5.99,6.1,5.92,6.03,107727075.35,6.03,5.51
2026-06-24T10:37:06,2026-06-24 10:37:04,603661,恒林股份,33.52,-5.7103,35.1,35.3,33.23,35.55,111954095.0,35.55,32.7
2026-06-24T10:37:06,2026-06-24 10:37:03,603065,宿迁联盛,18.42,2.905,17.88,19.33,16.99,17.9,684928383.0,17.9,16.51
2026-06-24T10:37:06,2026-06-24 10:37:02,600791,京能置业,10.31,-3.7348,10.81,11.09,10.1,10.71,159351885.0,10.71,10.08
2026-06-24T10:37:06,2026-06-24 10:37:03,000012,南  玻Ａ,4.69,0.4283,4.65,4.8,4.56,4.67,343748474.02,4.67,4.38
2026-06-24T10:37:06,2026-06-24 10:37:02,600183,生益科技,177.0,5.4387,167.9,179.38,167.0,167.87,8152188658.0,189.0,173.88
2026-06-24T10:37:06,2026-06-24 10:37:03,600769,祥龙电业,20.27,-7.7378,21.92,22.6,20.27,21.97,528573763.0,21.99,20.231
2026-06-24T10:38:07,2026-06-24 10:38:06,002367,康力电梯,6.24,4.1736,5.97,6.32,5.86,5.99,123793029.85,5.99,5.44
2026-06-24T10:38:07,2026-06-24 10:38:03,002386,天原股份,5.97,-0.995,5.99,6.1,5.92,6.03,107788480.35,6.03,5.51
2026-06-24T10:38:07,2026-06-24 10:38:04,603661,恒林股份,33.48,-5.8228,35.1,35.3,33.23,35.55,112309440.0,35.55,32.7
2026-06-24T10:38:07,2026-06-24 10:38:06,603065,宿迁联盛,18.47,3.1844,17.88,19.33,16.99,17.9,687678855.0,17.9,16.51
2026-06-24T10:38:07,2026-06-24 10:38:02,600791,京能置业,10.28,-4.0149,10.81,11.09,10.1,10.71,159489763.0,10.71,10.08
2026-06-24T10:38:07,2026-06-24 10:38:06,000012,南  玻Ａ,4.68,0.2141,4.65,4.8,4.56,4.67,345787454.02,4.67,4.38
2026-06-24T10:38:07,2026-06-24 10:38:05,600183,生益科技,176.03,4.8609,167.9,179.38,167.0,167.87,8191180667.0,189.0,173.88
2026-06-24T10:38:07,2026-06-24 10:38:06,600769,祥龙电业,19.97,-9.1033,21.92,22.6,19.95,21.97,547521363.0,21.99,20.231
2026-06-24T10:39:09,2026-06-24 10:39:06,002367,康力电梯,6.26,4.5075,5.97,6.32,5.86,5.99,124607840.85,5.99,5.44
2026-06-24T10:39:09,2026-06-24 10:39:06,002386,天原股份,5.96,-1.1609,5.99,6.1,5.92,6.03,108458320.35,6.03,5.51
2026-06-24T10:39:09,2026-06-24 10:39:04,603661,恒林股份,33.48,-5.8228,35.1,35.3,33.23,35.55,112352985.0,35.55,32.7
2026-06-24T10:39:09,2026-06-24 10:39:06,603065,宿迁联盛,18.48,3.2402,17.88,19.33,16.99,17.9,691556408.0,17.9,16.51
2026-06-24T10:39:09,2026-06-24 10:39:05,600791,京能置业,10.27,-4.1083,10.81,11.09,10.1,10.71,159864761.0,10.71,10.08
2026-06-24T10:39:09,2026-06-24 10:39:06,000012,南  玻Ａ,4.69,0.4283,4.65,4.8,4.56,4.67,347250462.02,4.67,4.38
2026-06-24T10:39:09,2026-06-24 10:39:05,600183,生益科技,176.98,5.4268,167.9,179.38,167.0,167.87,8232078237.0,189.0,173.88
2026-06-24T10:39:09,2026-06-24 10:39:06,600769,祥龙电业,19.9,-9.4219,21.92,22.6,19.87,21.97,562420815.0,21.99,20.231
2026-06-24T10:40:11,2026-06-24 10:40:09,002367,康力电梯,6.26,4.5075,5.97,6.32,5.86,5.99,126138628.85,5.99,5.44
2026-06-24T10:40:11,2026-06-24 10:40:09,002386,天原股份,5.95,-1.3267,5.99,6.1,5.92,6.03,108674271.35,6.03,5.51
2026-06-24T10:40:11,2026-06-24 10:40:07,603661,恒林股份,33.36,-6.1603,35.1,35.3,33.23,35.55,112917524.0,35.55,32.7
2026-06-24T10:40:11,2026-06-24 10:40:09,603065,宿迁联盛,18.43,2.9609,17.88,19.33,16.99,17.9,693636791.0,17.9,16.51
2026-06-24T10:40:11,2026-06-24 10:40:08,600791,京能置业,10.28,-4.0149,10.81,11.09,10.1,10.71,160224410.0,10.71,10.08
2026-06-24T10:40:11,2026-06-24 10:40:09,000012,南  玻Ａ,4.67,0.0,4.65,4.8,4.56,4.67,349501800.38,4.67,4.38
2026-06-24T10:40:11,2026-06-24 10:40:08,600183,生益科技,177.11,5.5043,167.9,179.38,167.0,167.87,8272355315.0,189.0,173.88
2026-06-24T10:40:11,2026-06-24 10:40:09,600769,祥龙电业,20.1,-8.5116,21.92,22.6,19.78,21.97,578786595.0,21.99,20.231
2026-06-24T10:41:14,2026-06-24 10:41:12,002367,康力电梯,6.33,5.6761,5.97,6.34,5.86,5.99,131722099.05,5.99,5.44
2026-06-24T10:41:14,2026-06-24 10:41:12,002386,天原股份,5.97,-0.995,5.99,6.1,5.92,6.03,109280348.35,6.03,5.51
2026-06-24T10:41:14,2026-06-24 10:41:10,603661,恒林股份,33.35,-6.1885,35.1,35.3,33.23,35.55,113611524.0,35.55,32.7
2026-06-24T10:41:14,2026-06-24 10:41:12,603065,宿迁联盛,18.55,3.6313,17.88,19.33,16.99,17.9,696660624.0,17.9,16.51
2026-06-24T10:41:14,2026-06-24 10:41:11,600791,京能置业,10.3,-3.8282,10.81,11.09,10.1,10.71,160444653.0,10.71,10.08
2026-06-24T10:41:14,2026-06-24 10:41:12,000012,南  玻Ａ,4.67,0.0,4.65,4.8,4.56,4.67,350576822.38,4.67,4.38
2026-06-24T10:41:14,2026-06-24 10:41:11,600183,生益科技,176.9,5.3792,167.9,179.38,167.0,167.87,8314376560.0,189.0,173.88
2026-06-24T10:41:14,2026-06-24 10:41:12,600769,祥龙电业,19.93,-9.2854,21.92,22.6,19.78,21.97,621249470.0,21.99,20.231
2026-06-24T10:42:17,2026-06-24 10:42:15,002367,康力电梯,6.29,5.0083,5.97,6.34,5.86,5.99,133571645.5,5.99,5.44
2026-06-24T10:42:17,2026-06-24 10:42:15,002386,天原股份,5.98,-0.8292,5.99,6.1,5.92,6.03,109871009.35,6.03,5.51
2026-06-24T10:42:17,2026-06-24 10:42:16,603661,恒林股份,33.38,-6.1041,35.1,35.3,33.23,35.55,113975348.0,35.55,32.7
2026-06-24T10:42:17,2026-06-24 10:42:15,603065,宿迁联盛,18.48,3.2402,17.88,19.33,16.99,17.9,700897843.0,17.9,16.51
2026-06-24T10:42:17,2026-06-24 10:42:14,600791,京能置业,10.29,-3.9216,10.81,11.09,10.1,10.71,160712506.0,10.71,10.08
2026-06-24T10:42:17,2026-06-24 10:42:15,000012,南  玻Ａ,4.67,0.0,4.65,4.8,4.56,4.67,351653370.38,4.67,4.38
2026-06-24T10:42:17,2026-06-24 10:42:14,600183,生益科技,176.47,5.123,167.9,179.38,167.0,167.87,8350178803.0,189.0,173.88
2026-06-24T10:42:17,2026-06-24 10:42:15,600769,祥龙电业,19.95,-9.1944,21.92,22.6,19.78,21.97,627148219.0,21.99,20.231
2026-06-24T10:43:19,2026-06-24 10:43:18,002367,康力电梯,6.29,5.0083,5.97,6.34,5.86,5.99,134123361.5,5.99,5.44
2026-06-24T10:43:19,2026-06-24 10:43:18,002386,天原股份,5.98,-0.8292,5.99,6.1,5.92,6.03,111002725.35,6.03,5.51
2026-06-24T10:43:19,2026-06-24 10:43:16,603661,恒林股份,33.39,-6.0759,35.1,35.3,33.23,35.55,114469509.0,35.55,32.7
2026-06-24T10:43:19,2026-06-24 10:43:18,603065,宿迁联盛,18.48,3.2402,17.88,19.33,16.99,17.9,704812088.0,17.9,16.51
2026-06-24T10:43:19,2026-06-24 10:43:17,600791,京能置业,10.3,-3.8282,10.81,11.09,10.1,10.71,161024669.0,10.71,10.08
2026-06-24T10:43:19,2026-06-24 10:43:18,000012,南  玻Ａ,4.65,-0.4283,4.65,4.8,4.56,4.67,354093799.38,4.67,4.38
2026-06-24T10:43:19,2026-06-24 10:43:17,600183,生益科技,176.3,5.0217,167.9,179.38,167.0,167.87,8376193862.0,189.0,173.88
2026-06-24T10:43:19,2026-06-24 10:43:18,600769,祥龙电业,19.77,-10.0137,21.92,22.6,19.77,21.97,643742234.0,21.99,20.231
2026-06-24T10:44:21,2026-06-24 10:44:18,002367,康力电梯,6.28,4.8414,5.97,6.34,5.86,5.99,134970120.5,5.99,5.44
2026-06-24T10:44:21,2026-06-24 10:44:15,002386,天原股份,5.99,-0.6633,5.99,6.1,5.92,6.03,111186938.35,6.03,5.51
2026-06-24T10:44:21,2026-06-24 10:44:19,603661,恒林股份,33.4,-6.0478,35.1,35.3,33.23,35.55,115337109.0,35.55,32.7
2026-06-24T10:44:21,2026-06-24 10:44:18,603065,宿迁联盛,18.26,2.0112,17.88,19.33,16.99,17.9,706402739.0,17.9,16.51
2026-06-24T10:44:21,2026-06-24 10:44:17,600791,京能置业,10.26,-4.2017,10.81,11.09,10.1,10.71,162835646.0,10.71,10.08
2026-06-24T10:44:21,2026-06-24 10:44:18,000012,南  玻Ａ,4.64,-0.6424,4.65,4.8,4.56,4.67,356277542.38,4.67,4.38
2026-06-24T10:44:21,2026-06-24 10:44:17,600183,生益科技,175.95,4.8132,167.9,179.38,167.0,167.87,8434490119.0,189.0,173.88
2026-06-24T10:44:21,2026-06-24 10:44:18,600769,祥龙电业,19.77,-10.0137,21.92,22.6,19.77,21.97,645551189.0,21.99,20.231
2026-06-24T10:45:22,2026-06-24 10:45:18,002367,康力电梯,6.25,4.3406,5.97,6.34,5.86,5.99,137019400.5,5.99,5.44
2026-06-24T10:45:22,2026-06-24 10:45:18,002386,天原股份,5.98,-0.8292,5.99,6.1,5.92,6.03,111559644.35,6.03,5.51
2026-06-24T10:45:22,2026-06-24 10:45:19,603661,恒林股份,33.38,-6.1041,35.1,35.3,33.23,35.55,115527318.0,35.55,32.7
2026-06-24T10:45:22,2026-06-24 10:45:18,603065,宿迁联盛,18.21,1.7318,17.88,19.33,16.99,17.9,708642137.0,17.9,16.51
2026-06-24T10:45:22,2026-06-24 10:45:20,600791,京能置业,10.27,-4.1083,10.81,11.09,10.1,10.71,163916624.0,10.71,10.08
2026-06-24T10:45:22,2026-06-24 10:45:18,000012,南  玻Ａ,4.63,-0.8565,4.65,4.8,4.56,4.67,358783413.38,4.67,4.38
2026-06-24T10:45:22,2026-06-24 10:45:20,600183,生益科技,175.25,4.3963,167.9,179.38,167.0,167.87,8495024733.0,189.0,173.88
2026-06-24T10:45:22,2026-06-24 10:45:18,600769,祥龙电业,19.77,-10.0137,21.92,22.6,19.77,21.97,649578338.0,21.99,20.231
2026-06-24T10:46:23,2026-06-24 10:46:21,002367,康力电梯,6.26,4.5075,5.97,6.34,5.86,5.99,137788860.5,5.99,5.44
2026-06-24T10:46:23,2026-06-24 10:46:21,002386,天原股份,5.99,-0.6633,5.99,6.1,5.92,6.03,112554940.35,6.03,5.51
2026-06-24T10:46:23,2026-06-24 10:46:22,603661,恒林股份,33.43,-5.9634,35.1,35.3,33.23,35.55,115871544.0,35.55,32.7
2026-06-24T10:46:23,2026-06-24 10:46:21,603065,宿迁联盛,18.29,2.1788,17.88,19.33,16.99,17.9,710366538.0,17.9,16.51
2026-06-24T10:46:23,2026-06-24 10:46:20,600791,京能置业,10.27,-4.1083,10.81,11.09,10.1,10.71,164313340.0,10.71,10.08
2026-06-24T10:46:23,2026-06-24 10:46:21,000012,南  玻Ａ,4.63,-0.8565,4.65,4.8,4.56,4.67,360260862.38,4.67,4.38
2026-06-24T10:46:23,2026-06-24 10:46:20,600183,生益科技,174.83,4.1461,167.9,179.38,167.0,167.87,8567820543.0,189.0,173.88
2026-06-24T10:46:23,2026-06-24 10:46:21,600769,祥龙电业,19.77,-10.0137,21.92,22.6,19.77,21.97,652383701.0,21.99,20.231
2026-06-24T10:47:24,2026-06-24 10:47:21,002367,康力电梯,6.28,4.8414,5.97,6.34,5.86,5.99,138725524.5,5.99,5.44
2026-06-24T10:47:24,2026-06-24 10:47:21,002386,天原股份,5.98,-0.8292,5.99,6.1,5.92,6.03,113037646.35,6.03,5.51
2026-06-24T10:47:24,2026-06-24 10:47:16,603661,恒林股份,33.38,-6.1041,35.1,35.3,33.23,35.55,116175420.0,35.55,32.7
2026-06-24T10:47:24,2026-06-24 10:47:21,603065,宿迁联盛,18.4,2.7933,17.88,19.33,16.99,17.9,712016570.0,17.9,16.51
2026-06-24T10:47:24,2026-06-24 10:47:20,600791,京能置业,10.29,-3.9216,10.81,11.09,10.1,10.71,164756537.0,10.71,10.08
2026-06-24T10:47:24,2026-06-24 10:47:21,000012,南  玻Ａ,4.64,-0.6424,4.65,4.8,4.56,4.67,362564898.38,4.67,4.38
2026-06-24T10:47:24,2026-06-24 10:47:23,600183,生益科技,174.23,3.7886,167.9,179.38,167.0,167.87,8618384341.0,189.0,173.88
2026-06-24T10:47:24,2026-06-24 10:47:21,600769,祥龙电业,19.77,-10.0137,21.92,22.6,19.77,21.97,659496947.0,21.99,20.231
2026-06-24T10:48:25,2026-06-24 10:48:24,002367,康力电梯,6.28,4.8414,5.97,6.34,5.86,5.99,139788443.5,5.99,5.44
2026-06-24T10:48:25,2026-06-24 10:48:24,002386,天原股份,5.98,-0.8292,5.99,6.1,5.92,6.03,113273817.35,6.03,5.51
2026-06-24T10:48:25,2026-06-24 10:48:22,603661,恒林股份,33.2,-6.6104,35.1,35.3,33.2,35.55,119687422.0,35.55,32.7
2026-06-24T10:48:25,2026-06-24 10:48:24,603065,宿迁联盛,18.49,3.2961,17.88,19.33,16.99,17.9,716427301.0,17.9,16.51
2026-06-24T10:48:25,2026-06-24 10:48:23,600791,京能置业,10.28,-4.0149,10.81,11.09,10.1,10.71,165061765.0,10.71,10.08
2026-06-24T10:48:25,2026-06-24 10:48:24,000012,南  玻Ａ,4.63,-0.8565,4.65,4.8,4.56,4.67,363328474.38,4.67,4.38
2026-06-24T10:48:25,2026-06-24 10:48:23,600183,生益科技,175.16,4.3426,167.9,179.38,167.0,167.87,8714033407.0,189.0,173.88
2026-06-24T10:48:25,2026-06-24 10:48:24,600769,祥龙电业,19.77,-10.0137,21.92,22.6,19.77,21.97,660143426.0,21.99,20.231
2026-06-24T10:49:27,2026-06-24 10:49:24,002367,康力电梯,6.26,4.5075,5.97,6.34,5.86,5.99,140385628.5,5.99,5.44
2026-06-24T10:49:27,2026-06-24 10:49:24,002386,天原股份,5.97,-0.995,5.99,6.1,5.92,6.03,113912752.35,6.03,5.51
2026-06-24T10:49:27,2026-06-24 10:49:25,603661,恒林股份,33.31,-6.301,35.1,35.3,33.2,35.55,120798278.0,35.55,32.7
2026-06-24T10:49:27,2026-06-24 10:49:24,603065,宿迁联盛,18.36,2.5698,17.88,19.33,16.99,17.9,720180522.0,17.9,16.51
2026-06-24T10:49:27,2026-06-24 10:49:23,600791,京能置业,10.27,-4.1083,10.81,11.09,10.1,10.71,165408234.0,10.71,10.08
2026-06-24T10:49:27,2026-06-24 10:49:24,000012,南  玻Ａ,4.63,-0.8565,4.65,4.8,4.56,4.67,365375633.38,4.67,4.38
2026-06-24T10:49:27,2026-06-24 10:49:23,600183,生益科技,174.96,4.2235,167.9,179.38,167.0,167.87,8751594408.0,189.0,173.88
2026-06-24T10:49:27,2026-06-24 10:49:24,600769,祥龙电业,19.77,-10.0137,21.92,22.6,19.77,21.97,661056800.0,21.99,20.231
2026-06-24T10:50:28,2026-06-24 10:50:24,002367,康力电梯,6.24,4.1736,5.97,6.34,5.86,5.99,141080470.5,5.99,5.44
2026-06-24T10:50:28,2026-06-24 10:50:24,002386,天原股份,5.98,-0.8292,5.99,6.1,5.92,6.03,114370564.35,6.03,5.51
2026-06-24T10:50:28,2026-06-24 10:50:25,603661,恒林股份,33.31,-6.301,35.1,35.3,33.2,35.55,121001613.0,35.55,32.7
2026-06-24T10:50:28,2026-06-24 10:50:24,603065,宿迁联盛,18.42,2.905,17.88,19.33,16.99,17.9,721261839.0,17.9,16.51
2026-06-24T10:50:28,2026-06-24 10:50:26,600791,京能置业,10.29,-3.9216,10.81,11.09,10.1,10.71,166598805.0,10.71,10.08
2026-06-24T10:50:28,2026-06-24 10:50:27,000012,南  玻Ａ,4.63,-0.8565,4.65,4.8,4.56,4.67,367043759.38,4.67,4.38
2026-06-24T10:50:28,2026-06-24 10:50:26,600183,生益科技,174.31,3.8363,167.9,179.38,167.0,167.87,8778547776.0,189.0,173.88
2026-06-24T10:50:28,2026-06-24 10:50:24,600769,祥龙电业,19.77,-10.0137,21.92,22.6,19.77,21.97,662409068.0,21.99,20.231
2026-06-24T10:51:29,2026-06-24 10:51:27,002367,康力电梯,6.25,4.3406,5.97,6.34,5.86,5.99,141509426.5,5.99,5.44
2026-06-24T10:51:29,2026-06-24 10:51:27,002386,天原股份,5.98,-0.8292,5.99,6.1,5.92,6.03,114628140.35,6.03,5.51
2026-06-24T10:51:29,2026-06-24 10:51:28,603661,恒林股份,33.26,-6.4416,35.1,35.3,33.2,35.55,121294317.0,35.55,32.7
2026-06-24T10:51:29,2026-06-24 10:51:27,603065,宿迁联盛,18.5,3.352,17.88,19.33,16.99,17.9,723404270.0,17.9,16.51
2026-06-24T10:51:29,2026-06-24 10:51:26,600791,京能置业,10.29,-3.9216,10.81,11.09,10.1,10.71,167156488.0,10.71,10.08
2026-06-24T10:51:29,2026-06-24 10:51:27,000012,南  玻Ａ,4.62,-1.0707,4.65,4.8,4.56,4.67,367942822.38,4.67,4.38
2026-06-24T10:51:29,2026-06-24 10:51:26,600183,生益科技,174.39,3.884,167.9,179.38,167.0,167.87,8847018398.0,189.0,173.88
2026-06-24T10:51:29,2026-06-24 10:51:27,600769,祥龙电业,19.77,-10.0137,21.92,22.6,19.77,21.97,663603176.0,21.99,20.231
2026-06-24T10:52:30,2026-06-24 10:52:27,002367,康力电梯,6.25,4.3406,5.97,6.34,5.86,5.99,141931003.5,5.99,5.44
2026-06-24T10:52:30,2026-06-24 10:52:27,002386,天原股份,6.01,-0.3317,5.99,6.1,5.92,6.03,116248220.35,6.03,5.51
2026-06-24T10:52:30,2026-06-24 10:52:28,603661,恒林股份,33.45,-5.9072,35.1,35.3,33.2,35.55,122802602.0,35.55,32.7
2026-06-24T10:52:30,2026-06-24 10:52:27,603065,宿迁联盛,18.5,3.352,17.88,19.33,16.99,17.9,726483184.0,17.9,16.51
2026-06-24T10:52:30,2026-06-24 10:52:26,600791,京能置业,10.31,-3.7348,10.81,11.09,10.1,10.71,168813913.0,10.71,10.08
2026-06-24T10:52:30,2026-06-24 10:52:27,000012,南  玻Ａ,4.62,-1.0707,4.65,4.8,4.56,4.67,368832197.38,4.67,4.38
2026-06-24T10:52:30,2026-06-24 10:52:26,600183,生益科技,175.4,4.4856,167.9,179.38,167.0,167.87,8891139556.0,189.0,173.88
2026-06-24T10:52:30,2026-06-24 10:52:27,600769,祥龙电业,19.77,-10.0137,21.92,22.6,19.77,21.97,667468211.0,21.99,20.231
2026-06-24T10:53:32,2026-06-24 10:53:30,002367,康力电梯,6.24,4.1736,5.97,6.34,5.86,5.99,142446908.5,5.99,5.44
2026-06-24T10:53:32,2026-06-24 10:53:30,002386,天原股份,6.0,-0.4975,5.99,6.1,5.92,6.03,117104543.35,6.03,5.51
2026-06-24T10:53:32,2026-06-24 10:53:28,603661,恒林股份,33.45,-5.9072,35.1,35.3,33.2,35.55,123033453.0,35.55,32.7
2026-06-24T10:53:32,2026-06-24 10:53:30,603065,宿迁联盛,18.59,3.8547,17.88,19.33,16.99,17.9,728666229.0,17.9,16.51
2026-06-24T10:53:32,2026-06-24 10:53:29,600791,京能置业,10.29,-3.9216,10.81,11.09,10.1,10.71,169128920.0,10.71,10.08
2026-06-24T10:53:32,2026-06-24 10:53:30,000012,南  玻Ａ,4.64,-0.6424,4.65,4.8,4.56,4.67,369518494.38,4.67,4.38
2026-06-24T10:53:32,2026-06-24 10:53:29,600183,生益科技,175.33,4.4439,167.9,179.38,167.0,167.87,8914967358.0,189.0,173.88
2026-06-24T10:53:32,2026-06-24 10:53:30,600769,祥龙电业,19.77,-10.0137,21.92,22.6,19.77,21.97,670348700.0,21.99,20.231
2026-06-24T10:54:33,2026-06-24 10:54:30,002367,康力电梯,6.25,4.3406,5.97,6.34,5.86,5.99,142959097.5,5.99,5.44
2026-06-24T10:54:33,2026-06-24 10:54:30,002386,天原股份,6.01,-0.3317,5.99,6.1,5.92,6.03,117546800.35,6.03,5.51
2026-06-24T10:54:33,2026-06-24 10:54:31,603661,恒林股份,33.4,-6.0478,35.1,35.3,33.2,35.55,123140449.0,35.55,32.7
2026-06-24T10:54:33,2026-06-24 10:54:30,603065,宿迁联盛,18.58,3.7989,17.88,19.33,16.99,17.9,733057789.0,17.9,16.51
2026-06-24T10:54:33,2026-06-24 10:54:32,600791,京能置业,10.28,-4.0149,10.81,11.09,10.1,10.71,169381914.0,10.71,10.08
2026-06-24T10:54:33,2026-06-24 10:54:30,000012,南  玻Ａ,4.65,-0.4283,4.65,4.8,4.56,4.67,371222694.38,4.67,4.38
2026-06-24T10:54:33,2026-06-24 10:54:32,600183,生益科技,174.45,3.9197,167.9,179.38,167.0,167.87,8960067673.0,189.0,173.88
2026-06-24T10:54:33,2026-06-24 10:54:30,600769,祥龙电业,19.77,-10.0137,21.92,22.6,19.77,21.97,673110569.0,21.99,20.231
2026-06-24T10:55:34,2026-06-24 10:55:33,002367,康力电梯,6.23,4.0067,5.97,6.34,5.86,5.99,143410139.5,5.99,5.44
2026-06-24T10:55:34,2026-06-24 10:55:33,002386,天原股份,6.01,-0.3317,5.99,6.1,5.92,6.03,118055043.35,6.03,5.51
2026-06-24T10:55:34,2026-06-24 10:55:31,603661,恒林股份,33.37,-6.1322,35.1,35.3,33.2,35.55,123304082.0,35.55,32.7
2026-06-24T10:55:34,2026-06-24 10:55:30,603065,宿迁联盛,18.58,3.7989,17.88,19.33,16.99,17.9,735202759.0,17.9,16.51
2026-06-24T10:55:34,2026-06-24 10:55:32,600791,京能置业,10.27,-4.1083,10.81,11.09,10.1,10.71,169507241.0,10.71,10.08
2026-06-24T10:55:34,2026-06-24 10:55:33,000012,南  玻Ａ,4.64,-0.6424,4.65,4.8,4.56,4.67,372448457.38,4.67,4.38
2026-06-24T10:55:34,2026-06-24 10:55:32,600183,生益科技,174.73,4.0865,167.9,179.38,167.0,167.87,9034903456.0,189.0,173.88
2026-06-24T10:55:34,2026-06-24 10:55:33,600769,祥龙电业,19.77,-10.0137,21.92,22.6,19.77,21.97,686366354.0,21.99,20.231
2026-06-24T10:56:36,2026-06-24 10:56:33,002367,康力电梯,6.23,4.0067,5.97,6.34,5.86,5.99,143622586.5,5.99,5.44
2026-06-24T10:56:36,2026-06-24 10:56:33,002386,天原股份,6.0,-0.4975,5.99,6.1,5.92,6.03,118298888.35,6.03,5.51
2026-06-24T10:56:36,2026-06-24 10:56:34,603661,恒林股份,33.35,-6.1885,35.1,35.3,33.2,35.55,123414197.0,35.55,32.7
2026-06-24T10:56:36,2026-06-24 10:56:33,603065,宿迁联盛,18.58,3.7989,17.88,19.33,16.99,17.9,737752595.0,17.9,16.51
2026-06-24T10:56:36,2026-06-24 10:56:32,600791,京能置业,10.27,-4.1083,10.81,11.09,10.1,10.71,169711593.0,10.71,10.08
2026-06-24T10:56:36,2026-06-24 10:56:33,000012,南  玻Ａ,4.64,-0.6424,4.65,4.8,4.56,4.67,373390452.38,4.67,4.38
2026-06-24T10:56:36,2026-06-24 10:56:32,600183,生益科技,174.52,3.9614,167.9,179.38,167.0,167.87,9057469715.0,189.0,173.88
2026-06-24T10:56:36,2026-06-24 10:56:33,600769,祥龙电业,19.77,-10.0137,21.92,22.6,19.77,21.97,712862108.0,21.99,20.231
2026-06-24T10:57:37,2026-06-24 10:57:33,002367,康力电梯,6.22,3.8397,5.97,6.34,5.86,5.99,144077317.5,5.99,5.44
2026-06-24T10:57:37,2026-06-24 10:57:33,002386,天原股份,5.99,-0.6633,5.99,6.1,5.92,6.03,118794306.35,6.03,5.51
2026-06-24T10:57:37,2026-06-24 10:57:34,603661,恒林股份,33.32,-6.2729,35.1,35.3,33.2,35.55,123727527.0,35.55,32.7
2026-06-24T10:57:37,2026-06-24 10:57:33,603065,宿迁联盛,18.55,3.6313,17.88,19.33,16.99,17.9,741091872.0,17.9,16.51
2026-06-24T10:57:37,2026-06-24 10:57:35,600791,京能置业,10.24,-4.3884,10.81,11.09,10.1,10.71,170981750.0,10.71,10.08
2026-06-24T10:57:37,2026-06-24 10:57:36,000012,南  玻Ａ,4.63,-0.8565,4.65,4.8,4.56,4.67,373968367.38,4.67,4.38
2026-06-24T10:57:37,2026-06-24 10:57:35,600183,生益科技,174.21,3.7767,167.9,179.38,167.0,167.87,9111721598.0,189.0,173.88
2026-06-24T10:57:37,2026-06-24 10:57:33,600769,祥龙电业,19.94,-9.2399,21.92,22.6,19.77,21.97,731203589.0,21.99,20.231
2026-06-24T10:58:38,2026-06-24 10:58:36,002367,康力电梯,6.23,4.0067,5.97,6.34,5.86,5.99,144762303.5,5.99,5.44
2026-06-24T10:58:38,2026-06-24 10:58:36,002386,天原股份,5.99,-0.6633,5.99,6.1,5.92,6.03,118936271.35,6.03,5.51
2026-06-24T10:58:38,2026-06-24 10:58:34,603661,恒林股份,33.46,-5.879,35.1,35.3,33.2,35.55,124251891.0,35.55,32.7
2026-06-24T10:58:38,2026-06-24 10:58:36,603065,宿迁联盛,18.5,3.352,17.88,19.33,16.99,17.9,742994802.0,17.9,16.51
2026-06-24T10:58:38,2026-06-24 10:58:35,600791,京能置业,10.23,-4.4818,10.81,11.09,10.1,10.71,171455621.0,10.71,10.08
2026-06-24T10:58:38,2026-06-24 10:58:36,000012,南  玻Ａ,4.63,-0.8565,4.65,4.8,4.56,4.67,374522183.38,4.67,4.38
2026-06-24T10:58:38,2026-06-24 10:58:35,600183,生益科技,174.13,3.7291,167.9,179.38,167.0,167.87,9136423570.0,189.0,173.88
2026-06-24T10:58:38,2026-06-24 10:58:36,600769,祥龙电业,19.95,-9.1944,21.92,22.6,19.77,21.97,737364053.0,21.99,20.231
2026-06-24T10:59:39,2026-06-24 10:59:36,002367,康力电梯,6.24,4.1736,5.97,6.34,5.86,5.99,145052785.5,5.99,5.44
2026-06-24T10:59:39,2026-06-24 10:59:36,002386,天原股份,5.99,-0.6633,5.99,6.1,5.92,6.03,119341672.35,6.03,5.51
2026-06-24T10:59:39,2026-06-24 10:59:37,603661,恒林股份,33.39,-6.0759,35.1,35.3,33.2,35.55,124489222.0,35.55,32.7
2026-06-24T10:59:39,2026-06-24 10:59:36,603065,宿迁联盛,18.44,3.0168,17.88,19.33,16.99,17.9,744176150.0,17.9,16.51
2026-06-24T10:59:39,2026-06-24 10:59:35,600791,京能置业,10.22,-4.5752,10.81,11.09,10.1,10.71,171855428.0,10.71,10.08
2026-06-24T10:59:39,2026-06-24 10:59:39,000012,南  玻Ａ,4.64,-0.6424,4.65,4.8,4.56,4.67,374977250.38,4.67,4.38
2026-06-24T10:59:39,2026-06-24 10:59:35,600183,生益科技,174.3,3.8303,167.9,179.38,167.0,167.87,9166258178.0,189.0,173.88
2026-06-24T10:59:39,2026-06-24 10:59:36,600769,祥龙电业,19.93,-9.2854,21.92,22.6,19.77,21.97,748692288.0,21.99,20.231
2026-06-24T11:00:41,2026-06-24 11:00:39,002367,康力电梯,6.25,4.3406,5.97,6.34,5.86,5.99,146023834.5,5.99,5.44
2026-06-24T11:00:41,2026-06-24 11:00:39,002386,天原股份,6.0,-0.4975,5.99,6.1,5.92,6.03,119877512.35,6.03,5.51
2026-06-24T11:00:41,2026-06-24 11:00:31,603661,恒林股份,33.42,-5.9916,35.1,35.3,33.2,35.55,124576120.0,35.55,32.7
2026-06-24T11:00:41,2026-06-24 11:00:39,603065,宿迁联盛,18.45,3.0726,17.88,19.33,16.99,17.9,745753545.0,17.9,16.51
2026-06-24T11:00:41,2026-06-24 11:00:38,600791,京能置业,10.24,-4.3884,10.81,11.09,10.1,10.71,172074575.0,10.71,10.08
2026-06-24T11:00:41,2026-06-24 11:00:39,000012,南  玻Ａ,4.64,-0.6424,4.65,4.8,4.56,4.67,375849960.38,4.67,4.38
2026-06-24T11:00:41,2026-06-24 11:00:38,600183,生益科技,174.83,4.1461,167.9,179.38,167.0,167.87,9209265744.0,189.0,173.88
2026-06-24T11:00:41,2026-06-24 11:00:39,600769,祥龙电业,19.96,-9.1488,21.92,22.6,19.77,21.97,755439742.0,21.99,20.231
2026-06-24T11:01:44,2026-06-24 11:01:42,002367,康力电梯,6.27,4.6745,5.97,6.34,5.86,5.99,147053004.5,5.99,5.44
2026-06-24T11:01:44,2026-06-24 11:01:42,002386,天原股份,6.0,-0.4975,5.99,6.1,5.92,6.03,120579490.35,6.03,5.51
2026-06-24T11:01:44,2026-06-24 11:01:43,603661,恒林股份,33.45,-5.9072,35.1,35.3,33.2,35.55,125080570.0,35.55,32.7
2026-06-24T11:01:44,2026-06-24 11:01:42,603065,宿迁联盛,18.51,3.4078,17.88,19.33,16.99,17.9,747542534.0,17.9,16.51
2026-06-24T11:01:44,2026-06-24 11:01:41,600791,京能置业,10.25,-4.2951,10.81,11.09,10.1,10.71,173052430.0,10.71,10.08
2026-06-24T11:01:44,2026-06-24 11:01:42,000012,南  玻Ａ,4.63,-0.8565,4.65,4.8,4.56,4.67,376618388.38,4.67,4.38
2026-06-24T11:01:44,2026-06-24 11:01:41,600183,生益科技,175.08,4.295,167.9,179.38,167.0,167.87,9240620388.0,189.0,173.88
2026-06-24T11:01:44,2026-06-24 11:01:42,600769,祥龙电业,19.92,-9.3309,21.92,22.6,19.77,21.97,759776228.0,21.99,20.231
2026-06-24T11:02:46,2026-06-24 11:02:42,002367,康力电梯,6.27,4.6745,5.97,6.34,5.86,5.99,147446594.5,5.99,5.44
2026-06-24T11:02:46,2026-06-24 11:02:42,002386,天原股份,6.01,-0.3317,5.99,6.1,5.92,6.03,120750493.35,6.03,5.51
2026-06-24T11:02:46,2026-06-24 11:02:43,603661,恒林股份,33.41,-6.0197,35.1,35.3,33.2,35.55,125277866.0,35.55,32.7
2026-06-24T11:02:46,2026-06-24 11:02:42,603065,宿迁联盛,18.53,3.5196,17.88,19.33,16.99,17.9,748127622.0,17.9,16.51
2026-06-24T11:02:46,2026-06-24 11:02:44,600791,京能置业,10.25,-4.2951,10.81,11.09,10.1,10.71,173617806.0,10.71,10.08
2026-06-24T11:02:46,2026-06-24 11:02:45,000012,南  玻Ａ,4.64,-0.6424,4.65,4.8,4.56,4.67,377098509.38,4.67,4.38
2026-06-24T11:02:46,2026-06-24 11:02:44,600183,生益科技,175.9,4.7835,167.9,179.38,167.0,167.87,9293444358.0,189.0,173.88
2026-06-24T11:02:46,2026-06-24 11:02:42,600769,祥龙电业,19.97,-9.1033,21.92,22.6,19.77,21.97,762568727.0,21.99,20.231
2026-06-24T11:03:47,2026-06-24 11:03:42,002367,康力电梯,6.25,4.3406,5.97,6.34,5.86,5.99,148103079.5,5.99,5.44
2026-06-24T11:03:47,2026-06-24 11:03:45,002386,天原股份,6.0,-0.4975,5.99,6.1,5.92,6.03,121425000.35,6.03,5.51
2026-06-24T11:03:47,2026-06-24 11:03:43,603661,恒林股份,33.4,-6.0478,35.1,35.3,33.2,35.55,125571832.0,35.55,32.7
2026-06-24T11:03:47,2026-06-24 11:03:45,603065,宿迁联盛,18.41,2.8492,17.88,19.33,16.99,17.9,749705210.0,17.9,16.51
2026-06-24T11:03:47,2026-06-24 11:03:44,600791,京能置业,10.25,-4.2951,10.81,11.09,10.1,10.71,173967680.0,10.71,10.08
2026-06-24T11:03:47,2026-06-24 11:03:45,000012,南  玻Ａ,4.64,-0.6424,4.65,4.8,4.56,4.67,377543818.38,4.67,4.38
2026-06-24T11:03:47,2026-06-24 11:03:44,600183,生益科技,174.8,4.1282,167.9,179.38,167.0,167.87,9321227849.0,189.0,173.88
2026-06-24T11:03:47,2026-06-24 11:03:45,600769,祥龙电业,19.93,-9.2854,21.92,22.6,19.77,21.97,764322979.0,21.99,20.231
2026-06-24T11:04:49,2026-06-24 11:04:45,002367,康力电梯,6.24,4.1736,5.97,6.34,5.86,5.99,148381774.5,5.99,5.44
2026-06-24T11:04:49,2026-06-24 11:04:45,002386,天原股份,5.99,-0.6633,5.99,6.1,5.92,6.03,121806574.35,6.03,5.51
2026-06-24T11:04:49,2026-06-24 11:04:43,603661,恒林股份,33.36,-6.1603,35.1,35.3,33.2,35.55,125768874.0,35.55,32.7
2026-06-24T11:04:49,2026-06-24 11:04:48,603065,宿迁联盛,18.39,2.7374,17.88,19.33,16.99,17.9,751082738.0,17.9,16.51
2026-06-24T11:04:49,2026-06-24 11:04:47,600791,京能置业,10.26,-4.2017,10.81,11.09,10.1,10.71,174667874.0,10.71,10.08
2026-06-24T11:04:49,2026-06-24 11:04:48,000012,南  玻Ａ,4.62,-1.0707,4.65,4.8,4.56,4.67,380265868.38,4.67,4.38
2026-06-24T11:04:49,2026-06-24 11:04:47,600183,生益科技,174.31,3.8363,167.9,179.38,167.0,167.87,9343688775.0,189.0,173.88
2026-06-24T11:04:49,2026-06-24 11:04:48,600769,祥龙电业,19.88,-9.513,21.92,22.6,19.77,21.97,770325745.0,21.99,20.231
2026-06-24T11:05:51,2026-06-24 11:05:48,002367,康力电梯,6.23,4.0067,5.97,6.34,5.86,5.99,149216491.5,5.99,5.44
2026-06-24T11:05:51,2026-06-24 11:05:48,002386,天原股份,5.99,-0.6633,5.99,6.1,5.92,6.03,122326927.35,6.03,5.51
2026-06-24T11:05:51,2026-06-24 11:05:49,603661,恒林股份,33.35,-6.1885,35.1,35.3,33.2,35.55,125989095.0,35.55,32.7
2026-06-24T11:05:51,2026-06-24 11:05:48,603065,宿迁联盛,18.46,3.1285,17.88,19.33,16.99,17.9,752165012.0,17.9,16.51
2026-06-24T11:05:51,2026-06-24 11:05:47,600791,京能置业,10.26,-4.2017,10.81,11.09,10.1,10.71,175122456.0,10.71,10.08
2026-06-24T11:05:51,2026-06-24 11:05:48,000012,南  玻Ａ,4.61,-1.2848,4.65,4.8,4.56,4.67,380998057.38,4.67,4.38
2026-06-24T11:05:51,2026-06-24 11:05:47,600183,生益科技,174.5,3.9495,167.9,179.38,167.0,167.87,9372903756.0,189.0,173.88
2026-06-24T11:05:51,2026-06-24 11:05:48,600769,祥龙电业,19.88,-9.513,21.92,22.6,19.77,21.97,772060435.0,21.99,20.231
2026-06-24T11:06:53,2026-06-24 11:06:51,002367,康力电梯,6.25,4.3406,5.97,6.34,5.86,5.99,149472406.5,5.99,5.44
2026-06-24T11:06:53,2026-06-24 11:06:48,002386,天原股份,6.0,-0.4975,5.99,6.1,5.92,6.03,122487481.35,6.03,5.51
2026-06-24T11:06:53,2026-06-24 11:06:52,603661,恒林股份,33.42,-5.9916,35.1,35.3,33.2,35.55,126236298.0,35.55,32.7
2026-06-24T11:06:53,2026-06-24 11:06:51,603065,宿迁联盛,18.49,3.2961,17.88,19.33,16.99,17.9,753181212.0,17.9,16.51
2026-06-24T11:06:53,2026-06-24 11:06:50,600791,京能置业,10.28,-4.0149,10.81,11.09,10.1,10.71,175372104.0,10.71,10.08
2026-06-24T11:06:53,2026-06-24 11:06:51,000012,南  玻Ａ,4.6,-1.4989,4.65,4.8,4.56,4.67,383504419.38,4.67,4.38
2026-06-24T11:06:53,2026-06-24 11:06:50,600183,生益科技,175.26,4.4022,167.9,179.38,167.0,167.87,9391132410.0,189.0,173.88
2026-06-24T11:06:53,2026-06-24 11:06:51,600769,祥龙电业,19.91,-9.3764,21.92,22.6,19.77,21.97,775469099.0,21.99,20.231
2026-06-24T11:07:55,2026-06-24 11:07:54,002367,康力电梯,6.24,4.1736,5.97,6.34,5.86,5.99,150057924.5,5.99,5.44
2026-06-24T11:07:55,2026-06-24 11:07:54,002386,天原股份,5.99,-0.6633,5.99,6.1,5.92,6.03,123148981.35,6.03,5.51
2026-06-24T11:07:55,2026-06-24 11:07:52,603661,恒林股份,33.33,-6.2447,35.1,35.3,33.2,35.55,126463119.0,35.55,32.7
2026-06-24T11:07:55,2026-06-24 11:07:51,603065,宿迁联盛,18.45,3.0726,17.88,19.33,16.99,17.9,754719684.0,17.9,16.51
2026-06-24T11:07:55,2026-06-24 11:07:53,600791,京能置业,10.26,-4.2017,10.81,11.09,10.1,10.71,175624557.0,10.71,10.08
2026-06-24T11:07:55,2026-06-24 11:07:54,000012,南  玻Ａ,4.6,-1.4989,4.65,4.8,4.56,4.67,384505812.38,4.67,4.38
2026-06-24T11:07:55,2026-06-24 11:07:53,600183,生益科技,174.76,4.1044,167.9,179.38,167.0,167.87,9406443701.0,189.0,173.88
2026-06-24T11:07:55,2026-06-24 11:07:51,600769,祥龙电业,19.89,-9.4675,21.92,22.6,19.77,21.97,777742666.0,21.99,20.231
2026-06-24T11:08:57,2026-06-24 11:08:54,002367,康力电梯,6.26,4.5075,5.97,6.34,5.86,5.99,150502922.5,5.99,5.44
2026-06-24T11:08:57,2026-06-24 11:08:54,002386,天原股份,5.98,-0.8292,5.99,6.1,5.92,6.03,123354214.35,6.03,5.51
2026-06-24T11:08:57,2026-06-24 11:08:55,603661,恒林股份,33.33,-6.2447,35.1,35.3,33.2,35.55,126636416.0,35.55,32.7
2026-06-24T11:08:57,2026-06-24 11:08:54,603065,宿迁联盛,18.47,3.1844,17.88,19.33,16.99,17.9,755502219.0,17.9,16.51
2026-06-24T11:08:57,2026-06-24 11:08:50,600791,京能置业,10.28,-4.0149,10.81,11.09,10.1,10.71,176032071.0,10.71,10.08
2026-06-24T11:08:57,2026-06-24 11:08:54,000012,南  玻Ａ,4.6,-1.4989,4.65,4.8,4.56,4.67,386813755.38,4.67,4.38
2026-06-24T11:08:57,2026-06-24 11:08:53,600183,生益科技,175.24,4.3903,167.9,179.38,167.0,167.87,9421803895.0,189.0,173.88
2026-06-24T11:08:57,2026-06-24 11:08:54,600769,祥龙电业,19.93,-9.2854,21.92,22.6,19.77,21.97,779977920.0,21.99,20.231
2026-06-24T11:09:59,2026-06-24 11:09:57,002367,康力电梯,6.26,4.5075,5.97,6.34,5.86,5.99,150733091.5,5.99,5.44
2026-06-24T11:09:59,2026-06-24 11:09:57,002386,天原股份,5.98,-0.8292,5.99,6.1,5.92,6.03,123773452.35,6.03,5.51
2026-06-24T11:09:59,2026-06-24 11:09:58,603661,恒林股份,33.31,-6.301,35.1,35.3,33.2,35.55,127242671.0,35.55,32.7
2026-06-24T11:09:59,2026-06-24 11:09:57,603065,宿迁联盛,18.32,2.3464,17.88,19.33,16.99,17.9,757659378.0,17.9,16.51
2026-06-24T11:09:59,2026-06-24 11:09:56,600791,京能置业,10.26,-4.2017,10.81,11.09,10.1,10.71,176485585.0,10.71,10.08
2026-06-24T11:09:59,2026-06-24 11:09:57,000012,南  玻Ａ,4.58,-1.9272,4.65,4.8,4.56,4.67,388561033.38,4.67,4.38
2026-06-24T11:09:59,2026-06-24 11:09:56,600183,生益科技,176.01,4.849,167.9,179.38,167.0,167.87,9455491227.0,189.0,173.88
2026-06-24T11:09:59,2026-06-24 11:09:57,600769,祥龙电业,20.07,-8.6482,21.92,22.6,19.77,21.97,782773624.0,21.99,20.231
2026-06-24T11:11:01,2026-06-24 11:11:00,002367,康力电梯,6.24,4.1736,5.97,6.34,5.86,5.99,150977477.5,5.99,5.44
2026-06-24T11:11:01,2026-06-24 11:11:00,002386,天原股份,5.97,-0.995,5.99,6.1,5.92,6.03,124542996.35,6.03,5.51
2026-06-24T11:11:01,2026-06-24 11:10:55,603661,恒林股份,33.33,-6.2447,35.1,35.3,33.2,35.55,127405968.0,35.55,32.7
2026-06-24T11:11:01,2026-06-24 11:10:57,603065,宿迁联盛,18.43,2.9609,17.88,19.33,16.99,17.9,758299837.0,17.9,16.51
2026-06-24T11:11:01,2026-06-24 11:10:53,600791,京能置业,10.27,-4.1083,10.81,11.09,10.1,10.71,176741101.0,10.71,10.08
2026-06-24T11:11:01,2026-06-24 11:11:00,000012,南  玻Ａ,4.59,-1.7131,4.65,4.8,4.56,4.67,389980901.38,4.67,4.38
2026-06-24T11:11:01,2026-06-24 11:10:59,600183,生益科技,175.69,4.6584,167.9,179.38,167.0,167.87,9482213054.0,189.0,173.88
2026-06-24T11:11:01,2026-06-24 11:10:57,600769,祥龙电业,20.25,-7.8289,21.92,22.6,19.77,21.97,788351195.0,21.99,20.231
2026-06-24T11:12:03,2026-06-24 11:12:00,002367,康力电梯,6.25,4.3406,5.97,6.34,5.86,5.99,151148666.5,5.99,5.44
2026-06-24T11:12:03,2026-06-24 11:12:00,002386,天原股份,5.98,-0.8292,5.99,6.1,5.92,6.03,124759185.75,6.03,5.51
2026-06-24T11:12:03,2026-06-24 11:12:01,603661,恒林股份,33.31,-6.301,35.1,35.3,33.2,35.55,127662547.0,35.55,32.7
2026-06-24T11:12:03,2026-06-24 11:12:00,603065,宿迁联盛,18.41,2.8492,17.88,19.33,16.99,17.9,759758988.0,17.9,16.51
2026-06-24T11:12:03,2026-06-24 11:11:59,600791,京能置业,10.25,-4.2951,10.81,11.09,10.1,10.71,176928717.0,10.71,10.08
2026-06-24T11:12:03,2026-06-24 11:12:00,000012,南  玻Ａ,4.59,-1.7131,4.65,4.8,4.56,4.67,390666015.38,4.67,4.38
2026-06-24T11:12:03,2026-06-24 11:12:02,600183,生益科技,175.45,4.5154,167.9,179.38,167.0,167.87,9496302260.0,189.0,173.88
2026-06-24T11:12:03,2026-06-24 11:12:00,600769,祥龙电业,20.31,-7.5558,21.92,22.6,19.77,21.97,796247522.0,21.99,20.231
2026-06-24T11:13:05,2026-06-24 11:13:03,002367,康力电梯,6.25,4.3406,5.97,6.34,5.86,5.99,151219814.5,5.99,5.44
2026-06-24T11:13:05,2026-06-24 11:13:03,002386,天原股份,5.97,-0.995,5.99,6.1,5.92,6.03,125647607.75,6.03,5.51
2026-06-24T11:13:05,2026-06-24 11:12:49,603661,恒林股份,33.31,-6.301,35.1,35.3,33.2,35.55,127699190.0,35.55,32.7
2026-06-24T11:13:05,2026-06-24 11:13:03,603065,宿迁联盛,18.54,3.5754,17.88,19.33,16.99,17.9,762353577.0,17.9,16.51
2026-06-24T11:13:05,2026-06-24 11:13:02,600791,京能置业,10.26,-4.2017,10.81,11.09,10.1,10.71,177233291.0,10.71,10.08
2026-06-24T11:13:05,2026-06-24 11:13:03,000012,南  玻Ａ,4.59,-1.7131,4.65,4.8,4.56,4.67,392194844.38,4.67,4.38
2026-06-24T11:13:05,2026-06-24 11:13:02,600183,生益科技,175.68,4.6524,167.9,179.38,167.0,167.87,9516464525.0,189.0,173.88
2026-06-24T11:13:05,2026-06-24 11:13:03,600769,祥龙电业,20.38,-7.2371,21.92,22.6,19.77,21.97,798613119.0,21.99,20.231
2026-06-24T11:14:07,2026-06-24 11:14:06,002367,康力电梯,6.23,4.0067,5.97,6.34,5.86,5.99,151364526.5,5.99,5.44
2026-06-24T11:14:07,2026-06-24 11:14:06,002386,天原股份,5.96,-1.1609,5.99,6.1,5.92,6.03,125755054.75,6.03,5.51
2026-06-24T11:14:07,2026-06-24 11:14:04,603661,恒林股份,33.32,-6.2729,35.1,35.3,33.2,35.55,128212548.0,35.55,32.7
2026-06-24T11:14:07,2026-06-24 11:14:03,603065,宿迁联盛,18.52,3.4637,17.88,19.33,16.99,17.9,763472145.0,17.9,16.51
2026-06-24T11:14:07,2026-06-24 11:14:02,600791,京能置业,10.26,-4.2017,10.81,11.09,10.1,10.71,177309235.0,10.71,10.08
2026-06-24T11:14:07,2026-06-24 11:14:06,000012,南  玻Ａ,4.59,-1.7131,4.65,4.8,4.56,4.67,392792231.93,4.67,4.38
2026-06-24T11:14:07,2026-06-24 11:14:05,600183,生益科技,175.78,4.712,167.9,179.38,167.0,167.87,9537613759.0,189.0,173.88
2026-06-24T11:14:07,2026-06-24 11:14:06,600769,祥龙电业,20.23,-7.9199,21.92,22.6,19.77,21.97,808785623.0,21.99,20.231
2026-06-24T11:15:08,2026-06-24 11:15:06,002367,康力电梯,6.27,4.6745,5.97,6.34,5.86,5.99,152207363.5,5.99,5.44
2026-06-24T11:15:08,2026-06-24 11:15:06,002386,天原股份,5.95,-1.3267,5.99,6.1,5.92,6.03,126266870.75,6.03,5.51
2026-06-24T11:15:08,2026-06-24 11:15:07,603661,恒林股份,33.28,-6.3854,35.1,35.3,33.2,35.55,128685238.0,35.55,32.7
2026-06-24T11:15:08,2026-06-24 11:15:06,603065,宿迁联盛,18.49,3.2961,17.88,19.33,16.99,17.9,765865321.0,17.9,16.51
2026-06-24T11:15:08,2026-06-24 11:15:05,600791,京能置业,10.25,-4.2951,10.81,11.09,10.1,10.71,177842152.0,10.71,10.08
2026-06-24T11:15:08,2026-06-24 11:15:06,000012,南  玻Ａ,4.6,-1.4989,4.65,4.8,4.56,4.67,393234503.93,4.67,4.38
2026-06-24T11:15:08,2026-06-24 11:15:05,600183,生益科技,175.51,4.5511,167.9,179.38,167.0,167.87,9551754062.0,189.0,173.88
2026-06-24T11:15:08,2026-06-24 11:15:06,600769,祥龙电业,20.27,-7.7378,21.92,22.6,19.77,21.97,810066527.0,21.99,20.231
2026-06-24T11:16:10,2026-06-24 11:16:09,002367,康力电梯,6.26,4.5075,5.97,6.34,5.86,5.99,152405205.5,5.99,5.44
2026-06-24T11:16:10,2026-06-24 11:16:09,002386,天原股份,5.95,-1.3267,5.99,6.1,5.92,6.03,126616018.75,6.03,5.51
2026-06-24T11:16:10,2026-06-24 11:16:07,603661,恒林股份,33.28,-6.3854,35.1,35.3,33.2,35.55,128981022.0,35.55,32.7
2026-06-24T11:16:10,2026-06-24 11:16:06,603065,宿迁联盛,18.58,3.7989,17.88,19.33,16.99,17.9,768598836.0,17.9,16.51
2026-06-24T11:16:10,2026-06-24 11:16:08,600791,京能置业,10.27,-4.1083,10.81,11.09,10.1,10.71,178086212.0,10.71,10.08
2026-06-24T11:16:10,2026-06-24 11:16:09,000012,南  玻Ａ,4.59,-1.7131,4.65,4.8,4.56,4.67,394086078.38,4.67,4.38
2026-06-24T11:16:10,2026-06-24 11:16:08,600183,生益科技,176.21,4.9681,167.9,179.38,167.0,167.87,9584845619.0,189.0,173.88
2026-06-24T11:16:10,2026-06-24 11:16:06,600769,祥龙电业,20.28,-7.6923,21.92,22.6,19.77,21.97,811972724.0,21.99,20.231
2026-06-24T11:17:11,2026-06-24 11:17:09,002367,康力电梯,6.26,4.5075,5.97,6.34,5.86,5.99,152785639.5,5.99,5.44
2026-06-24T11:17:11,2026-06-24 11:17:09,002386,天原股份,5.96,-1.1609,5.99,6.1,5.92,6.03,126846106.75,6.03,5.51
2026-06-24T11:17:11,2026-06-24 11:17:10,603661,恒林股份,33.25,-6.4698,35.1,35.3,33.2,35.55,129270387.0,35.55,32.7
2026-06-24T11:17:11,2026-06-24 11:17:09,603065,宿迁联盛,18.52,3.4637,17.88,19.33,16.99,17.9,771963522.0,17.9,16.51
2026-06-24T11:17:11,2026-06-24 11:16:59,600791,京能置业,10.24,-4.3884,10.81,11.09,10.1,10.71,178345644.0,10.71,10.08
2026-06-24T11:17:11,2026-06-24 11:17:09,000012,南  玻Ａ,4.59,-1.7131,4.65,4.8,4.56,4.67,399381873.93,4.67,4.38
2026-06-24T11:17:11,2026-06-24 11:17:08,600183,生益科技,176.2,4.9622,167.9,179.38,167.0,167.87,9626055529.0,189.0,173.88
2026-06-24T11:17:11,2026-06-24 11:17:09,600769,祥龙电业,20.22,-7.9654,21.92,22.6,19.77,21.97,813414158.0,21.99,20.231
2026-06-24T11:18:12,2026-06-24 11:18:09,002367,康力电梯,6.24,4.1736,5.97,6.34,5.86,5.99,153190642.5,5.99,5.44
2026-06-24T11:18:12,2026-06-24 11:18:09,002386,天原股份,5.98,-0.8292,5.99,6.1,5.92,6.03,127484946.75,6.03,5.51
2026-06-24T11:18:12,2026-06-24 11:18:10,603661,恒林股份,33.23,-6.526,35.1,35.3,33.2,35.55,129639338.0,35.55,32.7
2026-06-24T11:18:12,2026-06-24 11:18:09,603065,宿迁联盛,18.56,3.6872,17.88,19.33,16.99,17.9,773412200.0,17.9,16.51
2026-06-24T11:18:12,2026-06-24 11:18:05,600791,京能置业,10.24,-4.3884,10.81,11.09,10.1,10.71,178451218.0,10.71,10.08
2026-06-24T11:18:12,2026-06-24 11:18:09,000012,南  玻Ａ,4.58,-1.9272,4.65,4.8,4.56,4.67,400153321.93,4.67,4.38
2026-06-24T11:18:12,2026-06-24 11:18:11,600183,生益科技,176.03,4.8609,167.9,179.38,167.0,167.87,9650926732.0,189.0,173.88
2026-06-24T11:18:12,2026-06-24 11:18:09,600769,祥龙电业,20.16,-8.2385,21.92,22.6,19.77,21.97,815608059.0,21.99,20.231
2026-06-24T11:19:14,2026-06-24 11:19:09,002367,康力电梯,6.25,4.3406,5.97,6.34,5.86,5.99,153307486.5,5.99,5.44
2026-06-24T11:19:14,2026-06-24 11:19:12,002386,天原股份,5.97,-0.995,5.99,6.1,5.92,6.03,128059262.75,6.03,5.51
2026-06-24T11:19:14,2026-06-24 11:19:13,603661,恒林股份,33.22,-6.5541,35.1,35.3,33.2,35.55,130260646.0,35.55,32.7
2026-06-24T11:19:14,2026-06-24 11:19:12,603065,宿迁联盛,18.57,3.743,17.88,19.33,16.99,17.9,774922171.0,17.9,16.51
2026-06-24T11:19:14,2026-06-24 11:19:11,600791,京能置业,10.25,-4.2951,10.81,11.09,10.1,10.71,178559856.0,10.71,10.08
2026-06-24T11:19:14,2026-06-24 11:19:12,000012,南  玻Ａ,4.59,-1.7131,4.65,4.8,4.56,4.67,400755735.93,4.67,4.38
2026-06-24T11:19:14,2026-06-24 11:19:11,600183,生益科技,175.91,4.7894,167.9,179.38,167.0,167.87,9661732275.0,189.0,173.88
2026-06-24T11:19:14,2026-06-24 11:19:12,600769,祥龙电业,20.16,-8.2385,21.92,22.6,19.77,21.97,817914650.0,21.99,20.231
2026-06-24T11:20:15,2026-06-24 11:20:12,002367,康力电梯,6.24,4.1736,5.97,6.34,5.86,5.99,153359943.5,5.99,5.44
2026-06-24T11:20:15,2026-06-24 11:20:09,002386,天原股份,5.97,-0.995,5.99,6.1,5.92,6.03,128591768.75,6.03,5.51
2026-06-24T11:20:15,2026-06-24 11:20:13,603661,恒林股份,33.22,-6.5541,35.1,35.3,33.2,35.55,130722222.0,35.55,32.7
2026-06-24T11:20:15,2026-06-24 11:20:12,603065,宿迁联盛,18.71,4.5251,17.88,19.33,16.99,17.9,792078802.0,17.9,16.51
2026-06-24T11:20:15,2026-06-24 11:20:11,600791,京能置业,10.25,-4.2951,10.81,11.09,10.1,10.71,178700281.0,10.71,10.08
2026-06-24T11:20:15,2026-06-24 11:20:12,000012,南  玻Ａ,4.58,-1.9272,4.65,4.8,4.56,4.67,401153621.93,4.67,4.38
2026-06-24T11:20:15,2026-06-24 11:20:11,600183,生益科技,176.0,4.843,167.9,179.38,167.0,167.87,9685581959.0,189.0,173.88
2026-06-24T11:20:15,2026-06-24 11:20:12,600769,祥龙电业,20.18,-8.1475,21.92,22.6,19.77,21.97,818523592.0,21.99,20.231
2026-06-24T11:21:17,2026-06-24 11:21:15,002367,康力电梯,6.23,4.0067,5.97,6.34,5.86,5.99,153628188.5,5.99,5.44
2026-06-24T11:21:17,2026-06-24 11:21:15,002386,天原股份,5.97,-0.995,5.99,6.1,5.92,6.03,128628806.75,6.03,5.51
2026-06-24T11:21:17,2026-06-24 11:21:13,603661,恒林股份,33.21,-6.5823,35.1,35.3,33.2,35.55,131050988.0,35.55,32.7
2026-06-24T11:21:17,2026-06-24 11:21:15,603065,宿迁联盛,18.71,4.5251,17.88,19.33,16.99,17.9,794092267.0,17.9,16.51
2026-06-24T11:21:17,2026-06-24 11:21:14,600791,京能置业,10.25,-4.2951,10.81,11.09,10.1,10.71,178808896.0,10.71,10.08
2026-06-24T11:21:17,2026-06-24 11:21:15,000012,南  玻Ａ,4.59,-1.7131,4.65,4.8,4.56,4.67,401670304.93,4.67,4.38
2026-06-24T11:21:17,2026-06-24 11:21:14,600183,生益科技,175.61,4.6107,167.9,179.38,167.0,167.87,9706121871.0,189.0,173.88
2026-06-24T11:21:17,2026-06-24 11:21:15,600769,祥龙电业,20.18,-8.1475,21.92,22.6,19.77,21.97,819483740.0,21.99,20.231
2026-06-24T11:22:18,2026-06-24 11:22:15,002367,康力电梯,6.23,4.0067,5.97,6.34,5.86,5.99,153747865.5,5.99,5.44
2026-06-24T11:22:18,2026-06-24 11:22:15,002386,天原股份,5.99,-0.6633,5.99,6.1,5.92,6.03,129203464.75,6.03,5.51
2026-06-24T11:22:18,2026-06-24 11:22:16,603661,恒林股份,33.23,-6.526,35.1,35.3,33.2,35.55,131303452.0,35.55,32.7
2026-06-24T11:22:18,2026-06-24 11:22:15,603065,宿迁联盛,18.71,4.5251,17.88,19.33,16.99,17.9,796249583.0,17.9,16.51
2026-06-24T11:22:18,2026-06-24 11:22:17,600791,京能置业,10.26,-4.2017,10.81,11.09,10.1,10.71,179440074.0,10.71,10.08
2026-06-24T11:22:18,2026-06-24 11:22:15,000012,南  玻Ａ,4.59,-1.7131,4.65,4.8,4.56,4.67,402113303.93,4.67,4.38
2026-06-24T11:22:18,2026-06-24 11:22:17,600183,生益科技,176.14,4.9264,167.9,179.38,167.0,167.87,9732538189.0,189.0,173.88
2026-06-24T11:22:18,2026-06-24 11:22:15,600769,祥龙电业,20.2,-8.0564,21.92,22.6,19.77,21.97,820362371.0,21.99,20.231
2026-06-24T11:23:20,2026-06-24 11:23:18,002367,康力电梯,6.23,4.0067,5.97,6.34,5.86,5.99,154623683.5,5.99,5.44
2026-06-24T11:23:20,2026-06-24 11:23:18,002386,天原股份,5.98,-0.8292,5.99,6.1,5.92,6.03,129262068.75,6.03,5.51
2026-06-24T11:23:20,2026-06-24 11:23:16,603661,恒林股份,33.25,-6.4698,35.1,35.3,33.2,35.55,131572792.0,35.55,32.7
2026-06-24T11:23:20,2026-06-24 11:23:18,603065,宿迁联盛,18.85,5.3073,17.88,19.33,16.99,17.9,798321444.0,17.9,16.51
2026-06-24T11:23:20,2026-06-24 11:23:14,600791,京能置业,10.28,-4.0149,10.81,11.09,10.1,10.71,180340032.0,10.71,10.08
2026-06-24T11:23:20,2026-06-24 11:23:18,000012,南  玻Ａ,4.6,-1.4989,4.65,4.8,4.56,4.67,402920131.93,4.67,4.38
2026-06-24T11:23:20,2026-06-24 11:23:17,600183,生益科技,176.13,4.9205,167.9,179.38,167.0,167.87,9750973022.0,189.0,173.88
2026-06-24T11:23:20,2026-06-24 11:23:18,600769,祥龙电业,20.13,-8.3751,21.92,22.6,19.77,21.97,821298912.0,21.99,20.231
2026-06-24T11:24:21,2026-06-24 11:24:18,002367,康力电梯,6.23,4.0067,5.97,6.34,5.86,5.99,155801012.5,5.99,5.44
2026-06-24T11:24:21,2026-06-24 11:24:18,002386,天原股份,5.99,-0.6633,5.99,6.1,5.92,6.03,129796180.75,6.03,5.51
2026-06-24T11:24:21,2026-06-24 11:24:19,603661,恒林股份,33.25,-6.4698,35.1,35.3,33.2,35.55,132101399.0,35.55,32.7
2026-06-24T11:24:21,2026-06-24 11:24:18,603065,宿迁联盛,18.81,5.0838,17.88,19.33,16.99,17.9,801089062.0,17.9,16.51
2026-06-24T11:24:21,2026-06-24 11:24:17,600791,京能置业,10.26,-4.2017,10.81,11.09,10.1,10.71,180543311.0,10.71,10.08
2026-06-24T11:24:21,2026-06-24 11:24:18,000012,南  玻Ａ,4.6,-1.4989,4.65,4.8,4.56,4.67,403580101.93,4.67,4.38
2026-06-24T11:24:21,2026-06-24 11:24:20,600183,生益科技,175.46,4.5214,167.9,179.38,167.0,167.87,9763732097.0,189.0,173.88
2026-06-24T11:24:21,2026-06-24 11:24:18,600769,祥龙电业,20.04,-8.7847,21.92,22.6,19.77,21.97,822206815.0,21.99,20.231
2026-06-24T11:25:22,2026-06-24 11:25:21,002367,康力电梯,6.24,4.1736,5.97,6.34,5.86,5.99,156082013.5,5.99,5.44
2026-06-24T11:25:22,2026-06-24 11:25:21,002386,天原股份,6.0,-0.4975,5.99,6.1,5.92,6.03,130060801.55,6.03,5.51
2026-06-24T11:25:22,2026-06-24 11:25:16,603661,恒林股份,33.24,-6.4979,35.1,35.3,33.2,35.55,132457037.0,35.55,32.7
2026-06-24T11:25:22,2026-06-24 11:25:21,603065,宿迁联盛,18.92,5.6983,17.88,19.33,16.99,17.9,804432394.0,17.9,16.51
2026-06-24T11:25:22,2026-06-24 11:25:20,600791,京能置业,10.27,-4.1083,10.81,11.09,10.1,10.71,180613109.0,10.71,10.08
2026-06-24T11:25:22,2026-06-24 11:25:21,000012,南  玻Ａ,4.6,-1.4989,4.65,4.8,4.56,4.67,403983544.93,4.67,4.38
2026-06-24T11:25:22,2026-06-24 11:25:20,600183,生益科技,176.11,4.9086,167.9,179.38,167.0,167.87,9780732560.0,189.0,173.88
2026-06-24T11:25:22,2026-06-24 11:25:21,600769,祥龙电业,20.04,-8.7847,21.92,22.6,19.77,21.97,822867104.0,21.99,20.231
2026-06-24T11:26:24,2026-06-24 11:26:21,002367,康力电梯,6.23,4.0067,5.97,6.34,5.86,5.99,156363723.5,5.99,5.44
2026-06-24T11:26:24,2026-06-24 11:26:18,002386,天原股份,6.01,-0.3317,5.99,6.1,5.92,6.03,130820971.55,6.03,5.51
2026-06-24T11:26:24,2026-06-24 11:26:22,603661,恒林股份,33.24,-6.4979,35.1,35.3,33.2,35.55,132669703.0,35.55,32.7
2026-06-24T11:26:24,2026-06-24 11:26:21,603065,宿迁联盛,18.92,5.6983,17.88,19.33,16.99,17.9,807906532.0,17.9,16.51
2026-06-24T11:26:24,2026-06-24 11:26:14,600791,京能置业,10.25,-4.2951,10.81,11.09,10.1,10.71,180817259.0,10.71,10.08
2026-06-24T11:26:24,2026-06-24 11:26:21,000012,南  玻Ａ,4.61,-1.2848,4.65,4.8,4.56,4.67,404278468.93,4.67,4.38
2026-06-24T11:26:24,2026-06-24 11:26:20,600183,生益科技,176.07,4.8847,167.9,179.38,167.0,167.87,9807759253.0,189.0,173.88
2026-06-24T11:26:24,2026-06-24 11:26:21,600769,祥龙电业,20.06,-8.6937,21.92,22.6,19.77,21.97,825132040.0,21.99,20.231
2026-06-24T11:27:26,2026-06-24 11:27:24,002367,康力电梯,6.24,4.1736,5.97,6.34,5.86,5.99,156624207.5,5.99,5.44
2026-06-24T11:27:26,2026-06-24 11:27:24,002386,天原股份,6.01,-0.3317,5.99,6.1,5.92,6.03,131630833.55,6.03,5.51
2026-06-24T11:27:26,2026-06-24 11:27:22,603661,恒林股份,33.26,-6.4416,35.1,35.3,33.2,35.55,133038611.0,35.55,32.7
2026-06-24T11:27:26,2026-06-24 11:27:24,603065,宿迁联盛,18.98,6.0335,17.88,19.33,16.99,17.9,813394309.0,17.9,16.51
2026-06-24T11:27:26,2026-06-24 11:27:23,600791,京能置业,10.26,-4.2017,10.81,11.09,10.1,10.71,181030665.0,10.71,10.08
2026-06-24T11:27:26,2026-06-24 11:27:24,000012,南  玻Ａ,4.61,-1.2848,4.65,4.8,4.56,4.67,404715922.93,4.67,4.38
2026-06-24T11:27:26,2026-06-24 11:27:23,600183,生益科技,176.5,5.1409,167.9,179.38,167.0,167.87,9831485897.0,189.0,173.88
2026-06-24T11:27:26,2026-06-24 11:27:24,600769,祥龙电业,20.02,-8.8757,21.92,22.6,19.77,21.97,826115670.0,21.99,20.231
2026-06-24T11:28:27,2026-06-24 11:28:24,002367,康力电梯,6.23,4.0067,5.97,6.34,5.86,5.99,156837391.5,5.99,5.44
2026-06-24T11:28:27,2026-06-24 11:28:24,002386,天原股份,6.02,-0.1658,5.99,6.1,5.92,6.03,131803377.55,6.03,5.51
2026-06-24T11:28:27,2026-06-24 11:28:25,603661,恒林股份,33.33,-6.2447,35.1,35.3,33.2,35.55,133304829.0,35.55,32.7
2026-06-24T11:28:27,2026-06-24 11:28:24,603065,宿迁联盛,18.9,5.5866,17.88,19.33,16.99,17.9,821028024.0,17.9,16.51
2026-06-24T11:28:27,2026-06-24 11:28:20,600791,京能置业,10.25,-4.2951,10.81,11.09,10.1,10.71,181035793.0,10.71,10.08
2026-06-24T11:28:27,2026-06-24 11:28:24,000012,南  玻Ａ,4.62,-1.0707,4.65,4.8,4.56,4.67,405702575.93,4.67,4.38
2026-06-24T11:28:27,2026-06-24 11:28:23,600183,生益科技,176.76,5.2958,167.9,179.38,167.0,167.87,9866937363.0,189.0,173.88
2026-06-24T11:28:27,2026-06-24 11:28:24,600769,祥龙电业,20.03,-8.8302,21.92,22.6,19.77,21.97,827238802.0,21.99,20.231
2026-06-24T11:29:29,2026-06-24 11:29:24,002367,康力电梯,6.22,3.8397,5.97,6.34,5.86,5.99,156942121.5,5.99,5.44
2026-06-24T11:29:29,2026-06-24 11:29:27,002386,天原股份,6.02,-0.1658,5.99,6.1,5.92,6.03,132114503.55,6.03,5.51
2026-06-24T11:29:29,2026-06-24 11:29:25,603661,恒林股份,33.33,-6.2447,35.1,35.3,33.2,35.55,133514679.0,35.55,32.7
2026-06-24T11:29:29,2026-06-24 11:29:27,603065,宿迁联盛,18.86,5.3631,17.88,19.33,16.99,17.9,823773946.0,17.9,16.51
2026-06-24T11:29:29,2026-06-24 11:29:26,600791,京能置业,10.28,-4.0149,10.81,11.09,10.1,10.71,181370496.0,10.71,10.08
2026-06-24T11:29:29,2026-06-24 11:29:27,000012,南  玻Ａ,4.62,-1.0707,4.65,4.8,4.56,4.67,406839520.93,4.67,4.38
2026-06-24T11:29:29,2026-06-24 11:29:26,600183,生益科技,177.81,5.9212,167.9,179.38,167.0,167.87,9930849780.0,189.0,173.88
2026-06-24T11:29:29,2026-06-24 11:29:27,600769,祥龙电业,20.13,-8.3751,21.92,22.6,19.77,21.97,830283496.0,21.99,20.231
2026-06-24T11:30:31,2026-06-24 11:30:00,002367,康力电梯,6.23,4.0067,5.97,6.34,5.86,5.99,157000055.5,5.99,5.44
2026-06-24T11:30:31,2026-06-24 11:30:00,002386,天原股份,6.02,-0.1658,5.99,6.1,5.92,6.03,132202413.55,6.03,5.51
2026-06-24T11:30:31,2026-06-24 11:30:00,603661,恒林股份,33.33,-6.2447,35.1,35.3,33.2,35.55,133531344.0,35.55,32.7
2026-06-24T11:30:31,2026-06-24 11:29:59,603065,宿迁联盛,18.82,5.1397,17.88,19.33,16.99,17.9,824397412.0,17.9,16.51
2026-06-24T11:30:31,2026-06-24 11:30:00,600791,京能置业,10.29,-3.9216,10.81,11.09,10.1,10.71,181425022.0,10.71,10.08
2026-06-24T11:30:31,2026-06-24 11:30:00,000012,南  玻Ａ,4.63,-0.8565,4.65,4.8,4.56,4.67,407129963.93,4.67,4.38
2026-06-24T11:30:31,2026-06-24 11:30:00,600183,生益科技,177.78,5.9034,167.9,179.38,167.0,167.87,9955557590.0,189.0,173.88
2026-06-24T11:30:31,2026-06-24 11:29:59,600769,祥龙电业,20.2,-8.0564,21.92,22.6,19.77,21.97,831128288.0,21.99,20.231
2026-06-24T13:00:00,2026-06-24 11:30:00,002367,康力电梯,6.23,4.0067,5.97,6.34,5.86,5.99,157000055.5,5.99,5.44
2026-06-24T13:00:00,2026-06-24 11:30:00,002386,天原股份,6.02,-0.1658,5.99,6.1,5.92,6.03,132202413.55,6.03,5.51
2026-06-24T13:00:00,2026-06-24 11:30:00,603661,恒林股份,33.33,-6.2447,35.1,35.3,33.2,35.55,133531344.0,35.55,32.7
2026-06-24T13:00:00,2026-06-24 11:30:00,603065,宿迁联盛,18.82,5.1397,17.88,19.33,16.99,17.9,824397412.0,17.9,16.51
2026-06-24T13:00:00,2026-06-24 11:30:00,600791,京能置业,10.29,-3.9216,10.81,11.09,10.1,10.71,181425022.0,10.71,10.08
2026-06-24T13:00:00,2026-06-24 11:30:00,000012,南  玻Ａ,4.63,-0.8565,4.65,4.8,4.56,4.67,407129963.93,4.67,4.38
2026-06-24T13:00:00,2026-06-24 11:30:00,600183,生益科技,177.78,5.9034,167.9,179.38,167.0,167.87,9955557590.0,189.0,173.88
2026-06-24T13:00:00,2026-06-24 11:30:00,600769,祥龙电业,20.2,-8.0564,21.92,22.6,19.77,21.97,831128288.0,21.99,20.231
2026-06-24T13:01:00,2026-06-24 13:00:57,002367,康力电梯,6.26,4.5075,5.97,6.34,5.86,5.99,158832754.5,5.99,5.44
2026-06-24T13:01:00,2026-06-24 13:00:57,002386,天原股份,6.0,-0.4975,5.99,6.1,5.92,6.03,133508054.55,6.03,5.51
2026-06-24T13:01:00,2026-06-24 13:00:58,603661,恒林股份,33.41,-6.0197,35.1,35.3,33.2,35.55,134151666.0,35.55,32.7
2026-06-24T13:01:00,2026-06-24 13:00:57,603065,宿迁联盛,18.81,5.0838,17.88,19.33,16.99,17.9,829147861.0,17.9,16.51
2026-06-24T13:01:00,2026-06-24 13:00:56,600791,京能置业,10.37,-3.1746,10.81,11.09,10.1,10.71,184739870.0,10.71,10.08
2026-06-24T13:01:00,2026-06-24 13:01:00,000012,南  玻Ａ,4.62,-1.0707,4.65,4.8,4.56,4.67,411178614.93,4.67,4.38
2026-06-24T13:01:00,2026-06-24 13:00:56,600183,生益科技,177.48,5.7247,167.9,179.38,167.0,167.87,10068775066.0,189.0,173.88
2026-06-24T13:01:00,2026-06-24 13:00:57,600769,祥龙电业,20.45,-6.9185,21.92,22.6,19.77,21.97,840197152.0,21.99,20.231
2026-06-24T13:02:01,2026-06-24 13:01:57,002367,康力电梯,6.26,4.5075,5.97,6.34,5.86,5.99,159617076.5,5.99,5.44
2026-06-24T13:02:01,2026-06-24 13:01:57,002386,天原股份,6.02,-0.1658,5.99,6.1,5.92,6.03,134119524.55,6.03,5.51
2026-06-24T13:02:01,2026-06-24 13:01:58,603661,恒林股份,33.3,-6.3291,35.1,35.3,33.2,35.55,134838353.0,35.55,32.7
2026-06-24T13:02:01,2026-06-24 13:01:57,603065,宿迁联盛,18.8,5.0279,17.88,19.33,16.99,17.9,830113942.0,17.9,16.51
2026-06-24T13:02:01,2026-06-24 13:01:59,600791,京能置业,10.53,-1.6807,10.81,11.09,10.1,10.71,192221942.0,10.71,10.08
2026-06-24T13:02:01,2026-06-24 13:01:57,000012,南  玻Ａ,4.62,-1.0707,4.65,4.8,4.56,4.67,411610603.93,4.67,4.38
2026-06-24T13:02:01,2026-06-24 13:01:59,600183,生益科技,177.3,5.6174,167.9,179.38,167.0,167.87,10108196183.0,189.0,173.88
2026-06-24T13:02:01,2026-06-24 13:01:57,600769,祥龙电业,20.32,-7.5102,21.92,22.6,19.77,21.97,843483433.0,21.99,20.231
2026-06-24T13:03:01,2026-06-24 13:02:57,002367,康力电梯,6.27,4.6745,5.97,6.34,5.86,5.99,160687591.5,5.99,5.44
2026-06-24T13:03:01,2026-06-24 13:02:57,002386,天原股份,6.03,0.0,5.99,6.1,5.92,6.03,134480180.55,6.03,5.51
2026-06-24T13:03:01,2026-06-24 13:02:58,603661,恒林股份,33.21,-6.5823,35.1,35.3,33.2,35.55,136435331.0,35.55,32.7
2026-06-24T13:03:01,2026-06-24 13:02:57,603065,宿迁联盛,18.83,5.1955,17.88,19.33,16.99,17.9,832015947.0,17.9,16.51
2026-06-24T13:03:01,2026-06-24 13:02:59,600791,京能置业,10.5,-1.9608,10.81,11.09,10.1,10.71,195561626.0,10.71,10.08
2026-06-24T13:03:01,2026-06-24 13:03:00,000012,南  玻Ａ,4.6,-1.4989,4.65,4.8,4.56,4.67,413531345.93,4.67,4.38
2026-06-24T13:03:01,2026-06-24 13:02:59,600183,生益科技,177.2,5.5579,167.9,179.38,167.0,167.87,10151825694.0,189.0,173.88
2026-06-24T13:03:01,2026-06-24 13:03:00,600769,祥龙电业,20.3,-7.6013,21.92,22.6,19.77,21.97,844921120.0,21.99,20.231
2026-06-24T13:04:02,2026-06-24 13:04:00,002367,康力电梯,6.27,4.6745,5.97,6.34,5.86,5.99,160956482.5,5.99,5.44
2026-06-24T13:04:02,2026-06-24 13:04:00,002386,天原股份,6.01,-0.3317,5.99,6.1,5.92,6.03,135154381.55,6.03,5.51
2026-06-24T13:04:02,2026-06-24 13:03:58,603661,恒林股份,33.21,-6.5823,35.1,35.3,33.2,35.55,136711030.0,35.55,32.7
2026-06-24T13:04:02,2026-06-24 13:04:00,603065,宿迁联盛,18.65,4.1899,17.88,19.33,16.99,17.9,835469611.0,17.9,16.51
2026-06-24T13:04:02,2026-06-24 13:03:59,600791,京能置业,10.52,-1.774,10.81,11.09,10.1,10.71,196336800.0,10.71,10.08
2026-06-24T13:04:02,2026-06-24 13:04:00,000012,南  玻Ａ,4.6,-1.4989,4.65,4.8,4.56,4.67,414444034.93,4.67,4.38
2026-06-24T13:04:02,2026-06-24 13:03:59,600183,生益科技,176.11,4.9086,167.9,179.38,167.0,167.87,10186253624.0,189.0,173.88
2026-06-24T13:04:02,2026-06-24 13:04:00,600769,祥龙电业,20.2,-8.0564,21.92,22.6,19.77,21.97,846793191.0,21.99,20.231
2026-06-24T13:05:02,2026-06-24 13:05:00,002367,康力电梯,6.26,4.5075,5.97,6.34,5.86,5.99,161156243.5,5.99,5.44
2026-06-24T13:05:02,2026-06-24 13:05:00,002386,天原股份,6.01,-0.3317,5.99,6.1,5.92,6.03,136019166.55,6.03,5.51
2026-06-24T13:05:02,2026-06-24 13:04:58,603661,恒林股份,33.2,-6.6104,35.1,35.3,33.19,35.55,137604186.0,35.55,32.7
2026-06-24T13:05:02,2026-06-24 13:05:00,603065,宿迁联盛,18.73,4.6369,17.88,19.33,16.99,17.9,840054107.0,17.9,16.51
2026-06-24T13:05:02,2026-06-24 13:04:59,600791,京能置业,10.52,-1.774,10.81,11.09,10.1,10.71,197563927.0,10.71,10.08
2026-06-24T13:05:02,2026-06-24 13:05:00,000012,南  玻Ａ,4.59,-1.7131,4.65,4.8,4.56,4.67,415538272.93,4.67,4.38
2026-06-24T13:05:02,2026-06-24 13:04:59,600183,生益科技,176.22,4.9741,167.9,179.38,167.0,167.87,10221924928.0,189.0,173.88
2026-06-24T13:05:02,2026-06-24 13:05:00,600769,祥龙电业,20.19,-8.102,21.92,22.6,19.77,21.97,849599620.0,21.99,20.231
2026-06-24T13:06:03,2026-06-24 13:06:00,002367,康力电梯,6.27,4.6745,5.97,6.34,5.86,5.99,161523094.5,5.99,5.44
2026-06-24T13:06:03,2026-06-24 13:06:00,002386,天原股份,6.03,0.0,5.99,6.1,5.92,6.03,136470529.55,6.03,5.51
2026-06-24T13:06:03,2026-06-24 13:06:01,603661,恒林股份,33.2,-6.6104,35.1,35.3,33.19,35.55,137992770.0,35.55,32.7
2026-06-24T13:06:03,2026-06-24 13:06:00,603065,宿迁联盛,18.72,4.581,17.88,19.33,16.99,17.9,841776006.0,17.9,16.51
2026-06-24T13:06:03,2026-06-24 13:06:02,600791,京能置业,10.51,-1.8674,10.81,11.09,10.1,10.71,198314813.0,10.71,10.08
2026-06-24T13:06:03,2026-06-24 13:06:03,000012,南  玻Ａ,4.58,-1.9272,4.65,4.8,4.56,4.67,416212830.93,4.67,4.38
2026-06-24T13:06:03,2026-06-24 13:06:02,600183,生益科技,176.46,5.1171,167.9,179.38,167.0,167.87,10246634025.0,189.0,173.88
2026-06-24T13:06:03,2026-06-24 13:06:00,600769,祥龙电业,20.4,-7.1461,21.92,22.6,19.77,21.97,852249146.0,21.99,20.231
2026-06-24T13:07:04,2026-06-24 13:07:03,002367,康力电梯,6.26,4.5075,5.97,6.34,5.86,5.99,161895584.5,5.99,5.44
2026-06-24T13:07:04,2026-06-24 13:07:00,002386,天原股份,6.02,-0.1658,5.99,6.1,5.92,6.03,136801547.55,6.03,5.51
2026-06-24T13:07:04,2026-06-24 13:06:58,603661,恒林股份,33.19,-6.6385,35.1,35.3,33.19,35.55,138507479.0,35.55,32.7
2026-06-24T13:07:04,2026-06-24 13:07:00,603065,宿迁联盛,18.75,4.7486,17.88,19.33,16.99,17.9,842713297.0,17.9,16.51
2026-06-24T13:07:04,2026-06-24 13:07:02,600791,京能置业,10.45,-2.4276,10.81,11.09,10.1,10.71,199634530.0,10.71,10.08
2026-06-24T13:07:04,2026-06-24 13:07:03,000012,南  玻Ａ,4.58,-1.9272,4.65,4.8,4.56,4.67,416900709.93,4.67,4.38
2026-06-24T13:07:04,2026-06-24 13:07:02,600183,生益科技,176.25,4.992,167.9,179.38,167.0,167.87,10265593779.0,189.0,173.88
2026-06-24T13:07:04,2026-06-24 13:07:03,600769,祥龙电业,20.38,-7.2371,21.92,22.6,19.77,21.97,856338533.0,21.99,20.231
2026-06-24T13:08:04,2026-06-24 13:08:00,002367,康力电梯,6.33,5.6761,5.97,6.34,5.86,5.99,167370604.5,5.99,5.44
2026-06-24T13:08:04,2026-06-24 13:08:03,002386,天原股份,6.0,-0.4975,5.99,6.1,5.92,6.03,137254416.55,6.03,5.51
2026-06-24T13:08:04,2026-06-24 13:08:01,603661,恒林股份,33.27,-6.4135,35.1,35.3,33.19,35.55,138843369.0,35.55,32.7
2026-06-24T13:08:04,2026-06-24 13:08:03,603065,宿迁联盛,18.76,4.8045,17.88,19.33,16.99,17.9,843893857.0,17.9,16.51
2026-06-24T13:08:04,2026-06-24 13:08:02,600791,京能置业,10.46,-2.3343,10.81,11.09,10.1,10.71,200032694.0,10.71,10.08
2026-06-24T13:08:04,2026-06-24 13:08:03,000012,南  玻Ａ,4.58,-1.9272,4.65,4.8,4.56,4.67,417876503.93,4.67,4.38
2026-06-24T13:08:04,2026-06-24 13:08:02,600183,生益科技,176.52,5.1528,167.9,179.38,167.0,167.87,10292325717.0,189.0,173.88
2026-06-24T13:08:04,2026-06-24 13:08:03,600769,祥龙电业,20.34,-7.4192,21.92,22.6,19.77,21.97,857023372.0,21.99,20.231
2026-06-24T13:09:05,2026-06-24 13:09:03,002367,康力电梯,6.31,5.3422,5.97,6.34,5.86,5.99,168672185.5,5.99,5.44
2026-06-24T13:09:05,2026-06-24 13:09:03,002386,天原股份,6.01,-0.3317,5.99,6.1,5.92,6.03,137331277.55,6.03,5.51
2026-06-24T13:09:05,2026-06-24 13:09:01,603661,恒林股份,33.3,-6.3291,35.1,35.3,33.19,35.55,139129738.0,35.55,32.7
2026-06-24T13:09:05,2026-06-24 13:09:03,603065,宿迁联盛,18.8,5.0279,17.88,19.33,16.99,17.9,845580995.0,17.9,16.51
2026-06-24T13:09:05,2026-06-24 13:09:02,600791,京能置业,10.45,-2.4276,10.81,11.09,10.1,10.71,200297127.0,10.71,10.08
2026-06-24T13:09:05,2026-06-24 13:09:03,000012,南  玻Ａ,4.58,-1.9272,4.65,4.8,4.56,4.67,418327565.93,4.67,4.38
2026-06-24T13:09:05,2026-06-24 13:09:02,600183,生益科技,176.5,5.1409,167.9,179.38,167.0,167.87,10333867268.0,189.0,173.88
2026-06-24T13:09:05,2026-06-24 13:09:03,600769,祥龙电业,20.34,-7.4192,21.92,22.6,19.77,21.97,857866869.0,21.99,20.231
2026-06-24T13:10:05,2026-06-24 13:10:03,002367,康力电梯,6.39,6.6778,5.97,6.39,5.86,5.99,173914656.5,5.99,5.44
2026-06-24T13:10:05,2026-06-24 13:10:03,002386,天原股份,6.01,-0.3317,5.99,6.1,5.92,6.03,137794284.55,6.03,5.51
2026-06-24T13:10:05,2026-06-24 13:10:01,603661,恒林股份,33.32,-6.2729,35.1,35.3,33.19,35.55,139409496.0,35.55,32.7
2026-06-24T13:10:05,2026-06-24 13:10:03,603065,宿迁联盛,18.85,5.3073,17.88,19.33,16.99,17.9,848427498.0,17.9,16.51
2026-06-24T13:10:05,2026-06-24 13:10:02,600791,京能置业,10.54,-1.5873,10.81,11.09,10.1,10.71,201276024.0,10.71,10.08
2026-06-24T13:10:05,2026-06-24 13:10:03,000012,南  玻Ａ,4.6,-1.4989,4.65,4.8,4.56,4.67,418965364.93,4.67,4.38
2026-06-24T13:10:05,2026-06-24 13:10:02,600183,生益科技,176.38,5.0694,167.9,179.38,167.0,167.87,10361311185.0,189.0,173.88
2026-06-24T13:10:05,2026-06-24 13:10:03,600769,祥龙电业,20.35,-7.3737,21.92,22.6,19.77,21.97,858877705.0,21.99,20.231
2026-06-24T13:11:06,2026-06-24 13:11:03,002367,康力电梯,6.33,5.6761,5.97,6.39,5.86,5.99,174983495.5,5.99,5.44
2026-06-24T13:11:06,2026-06-24 13:11:03,002386,天原股份,6.02,-0.1658,5.99,6.1,5.92,6.03,137901944.55,6.03,5.51
2026-06-24T13:11:06,2026-06-24 13:11:01,603661,恒林股份,33.23,-6.526,35.1,35.3,33.19,35.55,140198919.0,35.55,32.7
2026-06-24T13:11:06,2026-06-24 13:11:03,603065,宿迁联盛,18.75,4.7486,17.88,19.33,16.99,17.9,850247821.0,17.9,16.51
2026-06-24T13:11:06,2026-06-24 13:11:02,600791,京能置业,10.51,-1.8674,10.81,11.09,10.1,10.71,202133864.0,10.71,10.08
2026-06-24T13:11:06,2026-06-24 13:11:06,000012,南  玻Ａ,4.6,-1.4989,4.65,4.8,4.56,4.67,419429743.93,4.67,4.38
2026-06-24T13:11:06,2026-06-24 13:11:05,600183,生益科技,176.18,4.9503,167.9,179.38,167.0,167.87,10400533771.0,189.0,173.88
2026-06-24T13:11:06,2026-06-24 13:11:03,600769,祥龙电业,20.39,-7.1916,21.92,22.6,19.77,21.97,860453479.0,21.99,20.231
2026-06-24T13:12:07,2026-06-24 13:12:03,002367,康力电梯,6.34,5.8431,5.97,6.39,5.86,5.99,176408394.5,5.99,5.44
2026-06-24T13:12:07,2026-06-24 13:12:03,002386,天原股份,6.03,0.0,5.99,6.1,5.92,6.03,139621841.15,6.03,5.51
2026-06-24T13:12:07,2026-06-24 13:12:04,603661,恒林股份,33.3,-6.3291,35.1,35.3,33.19,35.55,140488440.0,35.55,32.7
2026-06-24T13:12:07,2026-06-24 13:12:03,603065,宿迁联盛,18.79,4.9721,17.88,19.33,16.99,17.9,850925706.0,17.9,16.51
2026-06-24T13:12:07,2026-06-24 13:12:05,600791,京能置业,10.52,-1.774,10.81,11.09,10.1,10.71,202392505.0,10.71,10.08
2026-06-24T13:12:07,2026-06-24 13:12:06,000012,南  玻Ａ,4.61,-1.2848,4.65,4.8,4.56,4.67,419967527.93,4.67,4.38
2026-06-24T13:12:07,2026-06-24 13:12:05,600183,生益科技,176.21,4.9681,167.9,179.38,167.0,167.87,10436951944.0,189.0,173.88
2026-06-24T13:12:07,2026-06-24 13:12:03,600769,祥龙电业,20.38,-7.2371,21.92,22.6,19.77,21.97,862278193.0,21.99,20.231
2026-06-24T13:13:07,2026-06-24 13:13:06,002367,康力电梯,6.36,6.177,5.97,6.39,5.86,5.99,179527995.5,5.99,5.44
2026-06-24T13:13:07,2026-06-24 13:13:06,002386,天原股份,6.03,0.0,5.99,6.1,5.92,6.03,140054785.15,6.03,5.51
2026-06-24T13:13:07,2026-06-24 13:13:04,603661,恒林股份,33.36,-6.1603,35.1,35.3,33.19,35.55,140775089.0,35.55,32.7
2026-06-24T13:13:07,2026-06-24 13:13:06,603065,宿迁联盛,18.9,5.5866,17.88,19.33,16.99,17.9,852940574.0,17.9,16.51
2026-06-24T13:13:07,2026-06-24 13:13:05,600791,京能置业,10.52,-1.774,10.81,11.09,10.1,10.71,202551444.0,10.71,10.08
2026-06-24T13:13:07,2026-06-24 13:13:06,000012,南  玻Ａ,4.61,-1.2848,4.65,4.8,4.56,4.67,420447604.93,4.67,4.38
2026-06-24T13:13:07,2026-06-24 13:13:05,600183,生益科技,176.18,4.9503,167.9,179.38,167.0,167.87,10462419436.0,189.0,173.88
2026-06-24T13:13:07,2026-06-24 13:13:06,600769,祥龙电业,20.34,-7.4192,21.92,22.6,19.77,21.97,863664637.0,21.99,20.231
2026-06-24T13:14:08,2026-06-24 13:14:06,002367,康力电梯,6.36,6.177,5.97,6.39,5.86,5.99,180149050.5,5.99,5.44
2026-06-24T13:14:08,2026-06-24 13:14:06,002386,天原股份,6.04,0.1658,5.99,6.1,5.92,6.03,141650950.15,6.03,5.51
2026-06-24T13:14:08,2026-06-24 13:14:04,603661,恒林股份,33.46,-5.879,35.1,35.3,33.19,35.55,141202849.0,35.55,32.7
2026-06-24T13:14:08,2026-06-24 13:14:06,603065,宿迁联盛,18.81,5.0838,17.88,19.33,16.99,17.9,857435779.0,17.9,16.51
2026-06-24T13:14:08,2026-06-24 13:14:05,600791,京能置业,10.53,-1.6807,10.81,11.09,10.1,10.71,203025030.0,10.71,10.08
2026-06-24T13:14:08,2026-06-24 13:14:06,000012,南  玻Ａ,4.6,-1.4989,4.65,4.8,4.56,4.67,421353343.93,4.67,4.38
2026-06-24T13:14:08,2026-06-24 13:14:05,600183,生益科技,175.8,4.7239,167.9,179.38,167.0,167.87,10500251039.0,189.0,173.88
2026-06-24T13:14:08,2026-06-24 13:14:06,600769,祥龙电业,20.3,-7.6013,21.92,22.6,19.77,21.97,866295971.0,21.99,20.231
2026-06-24T13:15:08,2026-06-24 13:15:06,002367,康力电梯,6.4,6.8447,5.97,6.43,5.86,5.99,187126523.36,5.99,5.44
2026-06-24T13:15:08,2026-06-24 13:15:06,002386,天原股份,6.03,0.0,5.99,6.1,5.92,6.03,143829782.15,6.03,5.51
2026-06-24T13:15:08,2026-06-24 13:15:07,603661,恒林股份,33.44,-5.9353,35.1,35.3,33.19,35.55,141962453.0,35.55,32.7
2026-06-24T13:15:08,2026-06-24 13:15:06,603065,宿迁联盛,18.77,4.8603,17.88,19.33,16.99,17.9,859607989.0,17.9,16.51
2026-06-24T13:15:08,2026-06-24 13:15:05,600791,京能置业,10.53,-1.6807,10.81,11.09,10.1,10.71,203838729.0,10.71,10.08
2026-06-24T13:15:08,2026-06-24 13:15:06,000012,南  玻Ａ,4.61,-1.2848,4.65,4.8,4.56,4.67,422224862.93,4.67,4.38
2026-06-24T13:15:08,2026-06-24 13:15:05,600183,生益科技,175.58,4.5928,167.9,179.38,167.0,167.87,10523543227.0,189.0,173.88
2026-06-24T13:15:08,2026-06-24 13:15:06,600769,祥龙电业,20.25,-7.8289,21.92,22.6,19.77,21.97,866993330.0,21.99,20.231
2026-06-24T13:16:08,2026-06-24 13:16:06,002367,康力电梯,6.42,7.1786,5.97,6.43,5.86,5.99,188977227.36,5.99,5.44
2026-06-24T13:16:08,2026-06-24 13:16:06,002386,天原股份,6.04,0.1658,5.99,6.1,5.92,6.03,144356518.15,6.03,5.51
2026-06-24T13:16:08,2026-06-24 13:16:07,603661,恒林股份,33.41,-6.0197,35.1,35.3,33.19,35.55,142363268.0,35.55,32.7
2026-06-24T13:16:08,2026-06-24 13:16:06,603065,宿迁联盛,18.71,4.5251,17.88,19.33,16.99,17.9,863617777.0,17.9,16.51
2026-06-24T13:16:08,2026-06-24 13:16:05,600791,京能置业,10.51,-1.8674,10.81,11.09,10.1,10.71,204137283.0,10.71,10.08
2026-06-24T13:16:08,2026-06-24 13:16:06,000012,南  玻Ａ,4.59,-1.7131,4.65,4.8,4.56,4.67,423030190.93,4.67,4.38
2026-06-24T13:16:08,2026-06-24 13:16:05,600183,生益科技,176.04,4.8669,167.9,179.38,167.0,167.87,10543389856.0,189.0,173.88
2026-06-24T13:16:08,2026-06-24 13:16:06,600769,祥龙电业,20.26,-7.7833,21.92,22.6,19.77,21.97,868239156.0,21.99,20.231
2026-06-24T13:17:09,2026-06-24 13:17:06,002367,康力电梯,6.45,7.6795,5.97,6.45,5.86,5.99,193568227.36,5.99,5.44
2026-06-24T13:17:09,2026-06-24 13:17:06,002386,天原股份,6.05,0.3317,5.99,6.1,5.92,6.03,145112209.15,6.03,5.51
2026-06-24T13:17:09,2026-06-24 13:17:07,603661,恒林股份,33.44,-5.9353,35.1,35.3,33.19,35.55,142620670.0,35.55,32.7
2026-06-24T13:17:09,2026-06-24 13:17:06,603065,宿迁联盛,18.6,3.9106,17.88,19.33,16.99,17.9,866852129.0,17.9,16.51
2026-06-24T13:17:09,2026-06-24 13:17:08,600791,京能置业,10.49,-2.0542,10.81,11.09,10.1,10.71,204778625.0,10.71,10.08
2026-06-24T13:17:09,2026-06-24 13:17:06,000012,南  玻Ａ,4.59,-1.7131,4.65,4.8,4.56,4.67,423703125.93,4.67,4.38
2026-06-24T13:17:09,2026-06-24 13:17:08,600183,生益科技,176.37,5.0634,167.9,179.38,167.0,167.87,10563188627.0,189.0,173.88
2026-06-24T13:17:09,2026-06-24 13:17:06,600769,祥龙电业,20.18,-8.1475,21.92,22.6,19.77,21.97,872048752.0,21.99,20.231
2026-06-24T13:18:09,2026-06-24 13:18:06,002367,康力电梯,6.39,6.6778,5.97,6.45,5.86,5.99,196417827.36,5.99,5.44
2026-06-24T13:18:09,2026-06-24 13:18:06,002386,天原股份,6.05,0.3317,5.99,6.1,5.92,6.03,146404919.15,6.03,5.51
2026-06-24T13:18:09,2026-06-24 13:18:07,603661,恒林股份,33.55,-5.6259,35.1,35.3,33.19,35.55,143301674.0,35.55,32.7
2026-06-24T13:18:09,2026-06-24 13:18:06,603065,宿迁联盛,18.64,4.1341,17.88,19.33,16.99,17.9,869002724.0,17.9,16.51
2026-06-24T13:18:09,2026-06-24 13:18:05,600791,京能置业,10.5,-1.9608,10.81,11.09,10.1,10.71,205138785.0,10.71,10.08
2026-06-24T13:18:09,2026-06-24 13:18:06,000012,南  玻Ａ,4.59,-1.7131,4.65,4.8,4.56,4.67,424986175.93,4.67,4.38
2026-06-24T13:18:09,2026-06-24 13:18:05,600183,生益科技,176.47,5.123,167.9,179.38,167.0,167.87,10586698203.0,189.0,173.88
2026-06-24T13:18:09,2026-06-24 13:18:06,600769,祥龙电业,20.26,-7.7833,21.92,22.6,19.77,21.97,874277287.0,21.99,20.231
2026-06-24T13:19:09,2026-06-24 13:19:06,002367,康力电梯,6.4,6.8447,5.97,6.45,5.86,5.99,197351362.36,5.99,5.44
2026-06-24T13:19:09,2026-06-24 13:19:06,002386,天原股份,6.05,0.3317,5.99,6.1,5.92,6.03,146743667.15,6.03,5.51
2026-06-24T13:19:09,2026-06-24 13:19:07,603661,恒林股份,33.53,-5.6821,35.1,35.3,33.19,35.55,143570085.0,35.55,32.7
2026-06-24T13:19:09,2026-06-24 13:19:06,603065,宿迁联盛,18.67,4.3017,17.88,19.33,16.99,17.9,870163365.0,17.9,16.51
2026-06-24T13:19:09,2026-06-24 13:19:08,600791,京能置业,10.52,-1.774,10.81,11.09,10.1,10.71,205662040.0,10.71,10.08
2026-06-24T13:19:09,2026-06-24 13:19:06,000012,南  玻Ａ,4.6,-1.4989,4.65,4.8,4.56,4.67,425786774.93,4.67,4.38
2026-06-24T13:19:09,2026-06-24 13:19:08,600183,生益科技,176.64,5.2243,167.9,179.38,167.0,167.87,10606433359.0,189.0,173.88
2026-06-24T13:19:09,2026-06-24 13:19:06,600769,祥龙电业,20.28,-7.6923,21.92,22.6,19.77,21.97,875416306.0,21.99,20.231
2026-06-24T13:20:10,2026-06-24 13:20:09,002367,康力电梯,6.4,6.8447,5.97,6.45,5.86,5.99,198018324.36,5.99,5.44
2026-06-24T13:20:10,2026-06-24 13:20:09,002386,天原股份,6.04,0.1658,5.99,6.1,5.92,6.03,146999498.15,6.03,5.51
2026-06-24T13:20:10,2026-06-24 13:20:07,603661,恒林股份,33.61,-5.4571,35.1,35.3,33.19,35.55,143919536.0,35.55,32.7
2026-06-24T13:20:10,2026-06-24 13:20:06,603065,宿迁联盛,18.57,3.743,17.88,19.33,16.99,17.9,872906195.0,17.9,16.51
2026-06-24T13:20:10,2026-06-24 13:20:08,600791,京能置业,10.51,-1.8674,10.81,11.09,10.1,10.71,205893295.0,10.71,10.08
2026-06-24T13:20:10,2026-06-24 13:20:09,000012,南  玻Ａ,4.61,-1.2848,4.65,4.8,4.56,4.67,426909538.93,4.67,4.38
2026-06-24T13:20:10,2026-06-24 13:20:08,600183,生益科技,176.9,5.3792,167.9,179.38,167.0,167.87,10633249909.0,189.0,173.88
2026-06-24T13:20:10,2026-06-24 13:20:09,600769,祥龙电业,20.23,-7.9199,21.92,22.6,19.77,21.97,876315530.0,21.99,20.231
2026-06-24T13:21:11,2026-06-24 13:21:09,002367,康力电梯,6.4,6.8447,5.97,6.45,5.86,5.99,198806857.36,5.99,5.44
2026-06-24T13:21:11,2026-06-24 13:21:09,002386,天原股份,6.05,0.3317,5.99,6.1,5.92,6.03,149327133.15,6.03,5.51
2026-06-24T13:21:11,2026-06-24 13:21:10,603661,恒林股份,33.52,-5.7103,35.1,35.3,33.19,35.55,144221683.0,35.55,32.7
2026-06-24T13:21:11,2026-06-24 13:21:09,603065,宿迁联盛,18.6,3.9106,17.88,19.33,16.99,17.9,874760172.0,17.9,16.51
2026-06-24T13:21:11,2026-06-24 13:21:08,600791,京能置业,10.49,-2.0542,10.81,11.09,10.1,10.71,206144238.0,10.71,10.08
2026-06-24T13:21:11,2026-06-24 13:21:09,000012,南  玻Ａ,4.62,-1.0707,4.65,4.8,4.56,4.67,427521965.93,4.67,4.38
2026-06-24T13:21:11,2026-06-24 13:21:08,600183,生益科技,176.78,5.3077,167.9,179.38,167.0,167.87,10661071393.0,189.0,173.88
2026-06-24T13:21:11,2026-06-24 13:21:09,600769,祥龙电业,20.12,-8.4206,21.92,22.6,19.77,21.97,878582356.0,21.99,20.231
2026-06-24T13:22:12,2026-06-24 13:22:09,002367,康力电梯,6.38,6.5109,5.97,6.45,5.86,5.99,199469653.36,5.99,5.44
2026-06-24T13:22:12,2026-06-24 13:22:09,002386,天原股份,6.06,0.4975,5.99,6.1,5.92,6.03,150807454.15,6.03,5.51
2026-06-24T13:22:12,2026-06-24 13:22:10,603661,恒林股份,33.55,-5.6259,35.1,35.3,33.19,35.55,144684741.0,35.55,32.7
2026-06-24T13:22:12,2026-06-24 13:22:09,603065,宿迁联盛,18.56,3.6872,17.88,19.33,16.99,17.9,878432418.0,17.9,16.51
2026-06-24T13:22:12,2026-06-24 13:22:08,600791,京能置业,10.49,-2.0542,10.81,11.09,10.1,10.71,206737047.0,10.71,10.08
2026-06-24T13:22:12,2026-06-24 13:22:09,000012,南  玻Ａ,4.62,-1.0707,4.65,4.8,4.56,4.67,428160940.93,4.67,4.38
2026-06-24T13:22:12,2026-06-24 13:22:08,600183,生益科技,176.61,5.2064,167.9,179.38,167.0,167.87,10698716946.0,189.0,173.88
2026-06-24T13:22:12,2026-06-24 13:22:09,600769,祥龙电业,20.08,-8.6026,21.92,22.6,19.77,21.97,880098328.0,21.99,20.231
2026-06-24T13:23:12,2026-06-24 13:23:09,002367,康力电梯,6.38,6.5109,5.97,6.45,5.86,5.99,199915119.36,5.99,5.44
2026-06-24T13:23:12,2026-06-24 13:23:09,002386,天原股份,6.07,0.6633,5.99,6.1,5.92,6.03,153488757.15,6.03,5.51
2026-06-24T13:23:12,2026-06-24 13:23:10,603661,恒林股份,33.52,-5.7103,35.1,35.3,33.19,35.55,145389638.0,35.55,32.7
2026-06-24T13:23:12,2026-06-24 13:23:09,603065,宿迁联盛,18.58,3.7989,17.88,19.33,16.99,17.9,880600981.0,17.9,16.51
2026-06-24T13:23:12,2026-06-24 13:23:08,600791,京能置业,10.5,-1.9608,10.81,11.09,10.1,10.71,207268085.0,10.71,10.08
2026-06-24T13:23:12,2026-06-24 13:23:09,000012,南  玻Ａ,4.62,-1.0707,4.65,4.8,4.56,4.67,428715205.93,4.67,4.38
2026-06-24T13:23:12,2026-06-24 13:23:08,600183,生益科技,176.52,5.1528,167.9,179.38,167.0,167.87,10716107771.0,189.0,173.88
2026-06-24T13:23:12,2026-06-24 13:23:09,600769,祥龙电业,20.04,-8.7847,21.92,22.6,19.77,21.97,882366927.0,21.99,20.231
2026-06-24T13:24:12,2026-06-24 13:24:09,002367,康力电梯,6.38,6.5109,5.97,6.45,5.86,5.99,200150460.36,5.99,5.44
2026-06-24T13:24:12,2026-06-24 13:24:09,002386,天原股份,6.06,0.4975,5.99,6.1,5.92,6.03,153848390.15,6.03,5.51
2026-06-24T13:24:12,2026-06-24 13:24:10,603661,恒林股份,33.58,-5.5415,35.1,35.3,33.19,35.55,145584293.0,35.55,32.7
2026-06-24T13:24:12,2026-06-24 13:24:12,603065,宿迁联盛,18.59,3.8547,17.88,19.33,16.99,17.9,883081767.0,17.9,16.51
2026-06-24T13:24:12,2026-06-24 13:24:11,600791,京能置业,10.48,-2.1475,10.81,11.09,10.1,10.71,208013489.0,10.71,10.08
2026-06-24T13:24:12,2026-06-24 13:24:09,000012,南  玻Ａ,4.63,-0.8565,4.65,4.8,4.56,4.67,430143550.93,4.67,4.38
2026-06-24T13:24:12,2026-06-24 13:24:11,600183,生益科技,176.85,5.3494,167.9,179.38,167.0,167.87,10734884616.0,189.0,173.88
2026-06-24T13:24:12,2026-06-24 13:24:12,600769,祥龙电业,20.14,-8.3295,21.92,22.6,19.77,21.97,886728260.0,21.99,20.231
2026-06-24T13:25:13,2026-06-24 13:25:12,002367,康力电梯,6.36,6.177,5.97,6.45,5.86,5.99,200844748.36,5.99,5.44
2026-06-24T13:25:13,2026-06-24 13:25:12,002386,天原股份,6.07,0.6633,5.99,6.1,5.92,6.03,154740656.75,6.03,5.51
2026-06-24T13:25:13,2026-06-24 13:25:10,603661,恒林股份,33.5,-5.7665,35.1,35.3,33.19,35.55,146070943.0,35.55,32.7
2026-06-24T13:25:13,2026-06-24 13:25:09,603065,宿迁联盛,18.61,3.9665,17.88,19.33,16.99,17.9,884846602.0,17.9,16.51
2026-06-24T13:25:13,2026-06-24 13:25:08,600791,京能置业,10.47,-2.2409,10.81,11.09,10.1,10.71,208231419.0,10.71,10.08
2026-06-24T13:25:13,2026-06-24 13:25:12,000012,南  玻Ａ,4.64,-0.6424,4.65,4.8,4.56,4.67,430607280.93,4.67,4.38
2026-06-24T13:25:13,2026-06-24 13:25:11,600183,生益科技,177.1,5.4983,167.9,179.38,167.0,167.87,10766838594.0,189.0,173.88
2026-06-24T13:25:13,2026-06-24 13:25:09,600769,祥龙电业,20.13,-8.3751,21.92,22.6,19.77,21.97,888487613.0,21.99,20.231
2026-06-24T13:26:14,2026-06-24 13:26:12,002367,康力电梯,6.33,5.6761,5.97,6.45,5.86,5.99,201799012.36,5.99,5.44
2026-06-24T13:26:14,2026-06-24 13:26:12,002386,天原股份,6.06,0.4975,5.99,6.1,5.92,6.03,155421717.15,6.03,5.51
2026-06-24T13:26:14,2026-06-24 13:26:13,603661,恒林股份,33.43,-5.9634,35.1,35.3,33.19,35.55,146733791.0,35.55,32.7
2026-06-24T13:26:14,2026-06-24 13:26:12,603065,宿迁联盛,18.59,3.8547,17.88,19.33,16.99,17.9,886767398.0,17.9,16.51
2026-06-24T13:26:14,2026-06-24 13:26:08,600791,京能置业,10.45,-2.4276,10.81,11.09,10.1,10.71,208570237.0,10.71,10.08
2026-06-24T13:26:14,2026-06-24 13:26:12,000012,南  玻Ａ,4.63,-0.8565,4.65,4.8,4.56,4.67,431674882.93,4.67,4.38
2026-06-24T13:26:14,2026-06-24 13:26:11,600183,生益科技,177.28,5.6055,167.9,179.38,167.0,167.87,10785303618.0,189.0,173.88
2026-06-24T13:26:14,2026-06-24 13:26:12,600769,祥龙电业,20.19,-8.102,21.92,22.6,19.77,21.97,889567072.0,21.99,20.231
2026-06-24T13:27:14,2026-06-24 13:27:12,002367,康力电梯,6.32,5.5092,5.97,6.45,5.86,5.99,202054667.36,5.99,5.44
2026-06-24T13:27:14,2026-06-24 13:27:12,002386,天原股份,6.05,0.3317,5.99,6.1,5.92,6.03,155965075.15,6.03,5.51
2026-06-24T13:27:14,2026-06-24 13:27:10,603661,恒林股份,33.44,-5.9353,35.1,35.3,33.19,35.55,147134936.0,35.55,32.7
2026-06-24T13:27:14,2026-06-24 13:27:12,603065,宿迁联盛,18.57,3.743,17.88,19.33,16.99,17.9,888400621.0,17.9,16.51
2026-06-24T13:27:14,2026-06-24 13:27:11,600791,京能置业,10.48,-2.1475,10.81,11.09,10.1,10.71,212198883.0,10.71,10.08
2026-06-24T13:27:14,2026-06-24 13:27:12,000012,南  玻Ａ,4.64,-0.6424,4.65,4.8,4.56,4.67,432174366.93,4.67,4.38
2026-06-24T13:27:14,2026-06-24 13:27:11,600183,生益科技,177.07,5.4804,167.9,179.38,167.0,167.87,10809899827.0,189.0,173.88
2026-06-24T13:27:14,2026-06-24 13:27:12,600769,祥龙电业,20.2,-8.0564,21.92,22.6,19.77,21.97,890578496.0,21.99,20.231
2026-06-24T13:28:14,2026-06-24 13:28:12,002367,康力电梯,6.36,6.177,5.97,6.45,5.86,5.99,203193931.36,5.99,5.44
2026-06-24T13:28:14,2026-06-24 13:28:12,002386,天原股份,6.05,0.3317,5.99,6.1,5.92,6.03,156458209.15,6.03,5.51
2026-06-24T13:28:14,2026-06-24 13:28:13,603661,恒林股份,33.51,-5.7384,35.1,35.3,33.19,35.55,147603357.0,35.55,32.7
2026-06-24T13:28:14,2026-06-24 13:28:12,603065,宿迁联盛,18.63,4.0782,17.88,19.33,16.99,17.9,889997378.0,17.9,16.51
2026-06-24T13:28:14,2026-06-24 13:28:11,600791,京能置业,10.46,-2.3343,10.81,11.09,10.1,10.71,212486877.0,10.71,10.08
2026-06-24T13:28:14,2026-06-24 13:28:12,000012,南  玻Ａ,4.63,-0.8565,4.65,4.8,4.56,4.67,432965142.93,4.67,4.38
2026-06-24T13:28:14,2026-06-24 13:28:11,600183,生益科技,177.5,5.7366,167.9,179.38,167.0,167.87,10834700516.0,189.0,173.88
2026-06-24T13:28:14,2026-06-24 13:28:12,600769,祥龙电业,20.33,-7.4647,21.92,22.6,19.77,21.97,894526429.0,21.99,20.231
2026-06-24T13:29:15,2026-06-24 13:29:12,002367,康力电梯,6.4,6.8447,5.97,6.45,5.86,5.99,205163684.36,5.99,5.44
2026-06-24T13:29:15,2026-06-24 13:29:12,002386,天原股份,6.05,0.3317,5.99,6.1,5.92,6.03,156777429.15,6.03,5.51
2026-06-24T13:29:15,2026-06-24 13:29:13,603661,恒林股份,33.53,-5.6821,35.1,35.3,33.19,35.55,147734105.0,35.55,32.7
2026-06-24T13:29:15,2026-06-24 13:29:12,603065,宿迁联盛,18.69,4.4134,17.88,19.33,16.99,17.9,892184814.0,17.9,16.51
2026-06-24T13:29:15,2026-06-24 13:29:14,600791,京能置业,10.46,-2.3343,10.81,11.09,10.1,10.71,212630172.0,10.71,10.08
2026-06-24T13:29:15,2026-06-24 13:29:15,000012,南  玻Ａ,4.63,-0.8565,4.65,4.8,4.56,4.67,433653395.93,4.67,4.38
2026-06-24T13:29:15,2026-06-24 13:29:14,600183,生益科技,177.3,5.6174,167.9,179.38,167.0,167.87,10871231899.0,189.0,173.88
2026-06-24T13:29:15,2026-06-24 13:29:12,600769,祥龙电业,20.38,-7.2371,21.92,22.6,19.77,21.97,895283669.0,21.99,20.231
2026-06-24T13:30:16,2026-06-24 13:30:15,002367,康力电梯,6.38,6.5109,5.97,6.45,5.86,5.99,206282737.36,5.99,5.44
2026-06-24T13:30:16,2026-06-24 13:30:15,002386,天原股份,6.06,0.4975,5.99,6.1,5.92,6.03,156861054.15,6.03,5.51
2026-06-24T13:30:16,2026-06-24 13:30:13,603661,恒林股份,33.54,-5.654,35.1,35.3,33.19,35.55,148156488.0,35.55,32.7
2026-06-24T13:30:16,2026-06-24 13:30:15,603065,宿迁联盛,18.71,4.5251,17.88,19.33,16.99,17.9,894050513.0,17.9,16.51
2026-06-24T13:30:16,2026-06-24 13:30:14,600791,京能置业,10.48,-2.1475,10.81,11.09,10.1,10.71,213772690.0,10.71,10.08
2026-06-24T13:30:16,2026-06-24 13:30:15,000012,南  玻Ａ,4.63,-0.8565,4.65,4.8,4.56,4.67,434224482.93,4.67,4.38
2026-06-24T13:30:16,2026-06-24 13:30:14,600183,生益科技,177.17,5.54,167.9,179.38,167.0,167.87,10891798125.0,189.0,173.88
2026-06-24T13:30:16,2026-06-24 13:30:15,600769,祥龙电业,20.31,-7.5558,21.92,22.6,19.77,21.97,896678577.0,21.99,20.231
2026-06-24T13:31:20,2026-06-24 13:31:18,002367,康力电梯,6.4,6.8447,5.97,6.45,5.86,5.99,206712888.36,5.99,5.44
2026-06-24T13:31:20,2026-06-24 13:31:18,002386,天原股份,6.06,0.4975,5.99,6.1,5.92,6.03,157416726.15,6.03,5.51
2026-06-24T13:31:20,2026-06-24 13:31:19,603661,恒林股份,33.51,-5.7384,35.1,35.3,33.19,35.55,148357520.0,35.55,32.7
2026-06-24T13:31:20,2026-06-24 13:31:18,603065,宿迁联盛,18.69,4.4134,17.88,19.33,16.99,17.9,894896123.0,17.9,16.51
2026-06-24T13:31:20,2026-06-24 13:31:17,600791,京能置业,10.47,-2.2409,10.81,11.09,10.1,10.71,214044844.0,10.71,10.08
2026-06-24T13:31:20,2026-06-24 13:31:18,000012,南  玻Ａ,4.63,-0.8565,4.65,4.8,4.56,4.67,434754420.93,4.67,4.38
2026-06-24T13:31:20,2026-06-24 13:31:17,600183,生益科技,177.7,5.8557,167.9,179.38,167.0,167.87,10929030173.0,189.0,173.88
2026-06-24T13:31:20,2026-06-24 13:31:18,600769,祥龙电业,20.29,-7.6468,21.92,22.6,19.77,21.97,897731259.0,21.99,20.231
2026-06-24T13:32:21,2026-06-24 13:32:18,002367,康力电梯,6.39,6.6778,5.97,6.45,5.86,5.99,207167632.36,5.99,5.44
2026-06-24T13:32:21,2026-06-24 13:32:18,002386,天原股份,6.05,0.3317,5.99,6.1,5.92,6.03,158136996.15,6.03,5.51
2026-06-24T13:32:21,2026-06-24 13:32:16,603661,恒林股份,33.47,-5.8509,35.1,35.3,33.19,35.55,148508209.0,35.55,32.7
2026-06-24T13:32:21,2026-06-24 13:32:18,603065,宿迁联盛,18.7,4.4693,17.88,19.33,16.99,17.9,896129733.0,17.9,16.51
2026-06-24T13:32:21,2026-06-24 13:32:20,600791,京能置业,10.46,-2.3343,10.81,11.09,10.1,10.71,214222824.0,10.71,10.08
2026-06-24T13:32:21,2026-06-24 13:32:18,000012,南  玻Ａ,4.63,-0.8565,4.65,4.8,4.56,4.67,435149127.93,4.67,4.38
2026-06-24T13:32:21,2026-06-24 13:32:20,600183,生益科技,177.67,5.8379,167.9,179.38,167.0,167.87,10957184283.0,189.0,173.88
2026-06-24T13:32:21,2026-06-24 13:32:21,600769,祥龙电业,20.28,-7.6923,21.92,22.6,19.77,21.97,898615802.0,21.99,20.231
2026-06-24T13:33:23,2026-06-24 13:33:21,002367,康力电梯,6.4,6.8447,5.97,6.45,5.86,5.99,207925940.36,5.99,5.44
2026-06-24T13:33:23,2026-06-24 13:33:21,002386,天原股份,6.05,0.3317,5.99,6.1,5.92,6.03,158293261.15,6.03,5.51
2026-06-24T13:33:23,2026-06-24 13:33:16,603661,恒林股份,33.49,-5.7947,35.1,35.3,33.19,35.55,148923393.0,35.55,32.7
2026-06-24T13:33:23,2026-06-24 13:33:21,603065,宿迁联盛,18.62,4.0223,17.88,19.33,16.99,17.9,898450226.0,17.9,16.51
2026-06-24T13:33:23,2026-06-24 13:33:20,600791,京能置业,10.48,-2.1475,10.81,11.09,10.1,10.71,219046599.0,10.71,10.08
2026-06-24T13:33:23,2026-06-24 13:33:21,000012,南  玻Ａ,4.63,-0.8565,4.65,4.8,4.56,4.67,435567077.93,4.67,4.38
2026-06-24T13:33:23,2026-06-24 13:33:20,600183,生益科技,177.47,5.7187,167.9,179.38,167.0,167.87,10978418751.0,189.0,173.88
2026-06-24T13:33:23,2026-06-24 13:33:21,600769,祥龙电业,20.27,-7.7378,21.92,22.6,19.77,21.97,899724320.0,21.99,20.231
2026-06-24T13:34:24,2026-06-24 13:34:21,002367,康力电梯,6.41,7.0117,5.97,6.45,5.86,5.99,208231479.36,5.99,5.44
2026-06-24T13:34:24,2026-06-24 13:34:21,002386,天原股份,6.05,0.3317,5.99,6.1,5.92,6.03,159125112.15,6.03,5.51
2026-06-24T13:34:24,2026-06-24 13:34:22,603661,恒林股份,33.5,-5.7665,35.1,35.3,33.19,35.55,149127678.0,35.55,32.7
2026-06-24T13:34:24,2026-06-24 13:34:21,603065,宿迁联盛,18.65,4.1899,17.88,19.33,16.99,17.9,899376306.0,17.9,16.51
2026-06-24T13:34:24,2026-06-24 13:34:20,600791,京能置业,10.5,-1.9608,10.81,11.09,10.1,10.71,219386873.0,10.71,10.08
2026-06-24T13:34:24,2026-06-24 13:34:24,000012,南  玻Ａ,4.62,-1.0707,4.65,4.8,4.56,4.67,436218696.93,4.67,4.38
2026-06-24T13:34:24,2026-06-24 13:34:20,600183,生益科技,178.42,6.2846,167.9,179.38,167.0,167.87,11055821342.0,189.0,173.88
2026-06-24T13:34:24,2026-06-24 13:34:21,600769,祥龙电业,20.3,-7.6013,21.92,22.6,19.77,21.97,900699072.0,21.99,20.231
2026-06-24T13:35:25,2026-06-24 13:35:24,002367,康力电梯,6.4,6.8447,5.97,6.45,5.86,5.99,209094288.36,5.99,5.44
2026-06-24T13:35:25,2026-06-24 13:35:24,002386,天原股份,6.06,0.4975,5.99,6.1,5.92,6.03,159877948.15,6.03,5.51
2026-06-24T13:35:25,2026-06-24 13:35:22,603661,恒林股份,33.53,-5.6821,35.1,35.3,33.19,35.55,149342189.0,35.55,32.7
2026-06-24T13:35:25,2026-06-24 13:35:24,603065,宿迁联盛,18.72,4.581,17.88,19.33,16.99,17.9,901590581.0,17.9,16.51
2026-06-24T13:35:25,2026-06-24 13:35:23,600791,京能置业,10.49,-2.0542,10.81,11.09,10.1,10.71,219548493.0,10.71,10.08
2026-06-24T13:35:25,2026-06-24 13:35:24,000012,南  玻Ａ,4.63,-0.8565,4.65,4.8,4.56,4.67,436542796.93,4.67,4.38
2026-06-24T13:35:25,2026-06-24 13:35:23,600183,生益科技,178.12,6.1059,167.9,179.38,167.0,167.87,11095024542.0,189.0,173.88
2026-06-24T13:35:25,2026-06-24 13:35:24,600769,祥龙电业,20.33,-7.4647,21.92,22.6,19.77,21.97,901375842.0,21.99,20.231
2026-06-24T13:36:27,2026-06-24 13:36:24,002367,康力电梯,6.43,7.3456,5.97,6.45,5.86,5.99,211879031.36,5.99,5.44
2026-06-24T13:36:27,2026-06-24 13:36:24,002386,天原股份,6.06,0.4975,5.99,6.1,5.92,6.03,160022653.15,6.03,5.51
2026-06-24T13:36:27,2026-06-24 13:36:25,603661,恒林股份,33.5,-5.7665,35.1,35.3,33.19,35.55,149653882.0,35.55,32.7
2026-06-24T13:36:27,2026-06-24 13:36:24,603065,宿迁联盛,18.69,4.4134,17.88,19.33,16.99,17.9,902544876.0,17.9,16.51
2026-06-24T13:36:27,2026-06-24 13:36:26,600791,京能置业,10.48,-2.1475,10.81,11.09,10.1,10.71,219713030.0,10.71,10.08
2026-06-24T13:36:27,2026-06-24 13:36:27,000012,南  玻Ａ,4.62,-1.0707,4.65,4.8,4.56,4.67,436829348.93,4.67,4.38
2026-06-24T13:36:27,2026-06-24 13:36:26,600183,生益科技,178.59,6.3859,167.9,179.38,167.0,167.87,11152293770.0,189.0,173.88
2026-06-24T13:36:27,2026-06-24 13:36:27,600769,祥龙电业,20.33,-7.4647,21.92,22.6,19.77,21.97,902308328.0,21.99,20.231
2026-06-24T13:37:28,2026-06-24 13:37:27,002367,康力电梯,6.42,7.1786,5.97,6.45,5.86,5.99,212091617.36,5.99,5.44
2026-06-24T13:37:28,2026-06-24 13:37:27,002386,天原股份,6.06,0.4975,5.99,6.1,5.92,6.03,160539070.15,6.03,5.51
2026-06-24T13:37:28,2026-06-24 13:37:25,603661,恒林股份,33.54,-5.654,35.1,35.3,33.19,35.55,149918738.0,35.55,32.7
2026-06-24T13:37:28,2026-06-24 13:37:27,603065,宿迁联盛,18.67,4.3017,17.88,19.33,16.99,17.9,903281012.0,17.9,16.51
2026-06-24T13:37:28,2026-06-24 13:37:26,600791,京能置业,10.48,-2.1475,10.81,11.09,10.1,10.71,220002417.0,10.71,10.08
2026-06-24T13:37:28,2026-06-24 13:37:27,000012,南  玻Ａ,4.61,-1.2848,4.65,4.8,4.56,4.67,440035422.93,4.67,4.38
2026-06-24T13:37:28,2026-06-24 13:37:26,600183,生益科技,178.29,6.2072,167.9,179.38,167.0,167.87,11189345793.0,189.0,173.88
2026-06-24T13:37:28,2026-06-24 13:37:27,600769,祥龙电业,20.25,-7.8289,21.92,22.6,19.77,21.97,903123656.0,21.99,20.231
2026-06-24T13:38:30,2026-06-24 13:38:27,002367,康力电梯,6.41,7.0117,5.97,6.45,5.86,5.99,212367407.36,5.99,5.44
2026-06-24T13:38:30,2026-06-24 13:38:27,002386,天原股份,6.05,0.3317,5.99,6.1,5.92,6.03,160702662.15,6.03,5.51
2026-06-24T13:38:30,2026-06-24 13:38:28,603661,恒林股份,33.54,-5.654,35.1,35.3,33.19,35.55,150247419.0,35.55,32.7
2026-06-24T13:38:30,2026-06-24 13:38:27,603065,宿迁联盛,18.66,4.2458,17.88,19.33,16.99,17.9,904281792.0,17.9,16.51
2026-06-24T13:38:30,2026-06-24 13:38:26,600791,京能置业,10.47,-2.2409,10.81,11.09,10.1,10.71,220284342.0,10.71,10.08
2026-06-24T13:38:30,2026-06-24 13:38:30,000012,南  玻Ａ,4.61,-1.2848,4.65,4.8,4.56,4.67,440758071.93,4.67,4.38
2026-06-24T13:38:30,2026-06-24 13:38:29,600183,生益科技,177.66,5.8319,167.9,179.38,167.0,167.87,11207462846.0,189.0,173.88
2026-06-24T13:38:30,2026-06-24 13:38:30,600769,祥龙电业,20.23,-7.9199,21.92,22.6,19.77,21.97,903277508.0,21.99,20.231
2026-06-24T13:39:32,2026-06-24 13:39:30,002367,康力电梯,6.44,7.5125,5.97,6.45,5.86,5.99,214031546.36,5.99,5.44
2026-06-24T13:39:32,2026-06-24 13:39:30,002386,天原股份,6.06,0.4975,5.99,6.1,5.92,6.03,160909900.15,6.03,5.51
2026-06-24T13:39:32,2026-06-24 13:39:31,603661,恒林股份,33.54,-5.654,35.1,35.3,33.19,35.55,150468756.0,35.55,32.7
2026-06-24T13:39:32,2026-06-24 13:39:30,603065,宿迁联盛,18.65,4.1899,17.88,19.33,16.99,17.9,905203052.0,17.9,16.51
2026-06-24T13:39:32,2026-06-24 13:39:29,600791,京能置业,10.48,-2.1475,10.81,11.09,10.1,10.71,220808010.0,10.71,10.08
2026-06-24T13:39:32,2026-06-24 13:39:30,000012,南  玻Ａ,4.61,-1.2848,4.65,4.8,4.56,4.67,441276078.93,4.67,4.38
2026-06-24T13:39:32,2026-06-24 13:39:29,600183,生益科技,177.51,5.7425,167.9,179.38,167.0,167.87,11227053335.0,189.0,173.88
2026-06-24T13:39:32,2026-06-24 13:39:30,600769,祥龙电业,20.27,-7.7378,21.92,22.6,19.77,21.97,903765613.0,21.99,20.231
2026-06-24T13:40:33,2026-06-24 13:40:30,002367,康力电梯,6.43,7.3456,5.97,6.45,5.86,5.99,214499357.36,5.99,5.44
2026-06-24T13:40:33,2026-06-24 13:40:30,002386,天原股份,6.05,0.3317,5.99,6.1,5.92,6.03,161241441.15,6.03,5.51
2026-06-24T13:40:33,2026-06-24 13:40:31,603661,恒林股份,33.59,-5.5134,35.1,35.3,33.19,35.55,150723876.0,35.55,32.7
2026-06-24T13:40:33,2026-06-24 13:40:30,603065,宿迁联盛,18.56,3.6872,17.88,19.33,16.99,17.9,908223136.0,17.9,16.51
2026-06-24T13:40:33,2026-06-24 13:40:29,600791,京能置业,10.48,-2.1475,10.81,11.09,10.1,10.71,221056440.0,10.71,10.08
2026-06-24T13:40:33,2026-06-24 13:40:33,000012,南  玻Ａ,4.62,-1.0707,4.65,4.8,4.56,4.67,441877679.93,4.67,4.38
2026-06-24T13:40:33,2026-06-24 13:40:29,600183,生益科技,177.46,5.7128,167.9,179.38,167.0,167.87,11246916636.0,189.0,173.88
2026-06-24T13:40:33,2026-06-24 13:40:30,600769,祥龙电业,20.25,-7.8289,21.92,22.6,19.77,21.97,904365207.0,21.99,20.231
2026-06-24T13:41:35,2026-06-24 13:41:33,002367,康力电梯,6.42,7.1786,5.97,6.45,5.86,5.99,214931801.36,5.99,5.44
2026-06-24T13:41:35,2026-06-24 13:41:33,002386,天原股份,6.05,0.3317,5.99,6.1,5.92,6.03,162254818.15,6.03,5.51
2026-06-24T13:41:35,2026-06-24 13:41:34,603661,恒林股份,33.54,-5.654,35.1,35.3,33.19,35.55,151842215.0,35.55,32.7
2026-06-24T13:41:35,2026-06-24 13:41:33,603065,宿迁联盛,18.58,3.7989,17.88,19.33,16.99,17.9,909506145.0,17.9,16.51
2026-06-24T13:41:35,2026-06-24 13:41:32,600791,京能置业,10.47,-2.2409,10.81,11.09,10.1,10.71,221312063.0,10.71,10.08
2026-06-24T13:41:35,2026-06-24 13:41:33,000012,南  玻Ａ,4.61,-1.2848,4.65,4.8,4.56,4.67,442423614.93,4.67,4.38
2026-06-24T13:41:35,2026-06-24 13:41:32,600183,生益科技,177.66,5.8319,167.9,179.38,167.0,167.87,11270286980.0,189.0,173.88
2026-06-24T13:41:35,2026-06-24 13:41:33,600769,祥龙电业,20.2,-8.0564,21.92,22.6,19.77,21.97,905534299.0,21.99,20.231
2026-06-24T13:42:36,2026-06-24 13:42:33,002367,康力电梯,6.41,7.0117,5.97,6.45,5.86,5.99,215344446.36,5.99,5.44
2026-06-24T13:42:36,2026-06-24 13:42:33,002386,天原股份,6.05,0.3317,5.99,6.1,5.92,6.03,163268020.15,6.03,5.51
2026-06-24T13:42:36,2026-06-24 13:42:34,603661,恒林股份,33.55,-5.6259,35.1,35.3,33.19,35.55,152405672.0,35.55,32.7
2026-06-24T13:42:36,2026-06-24 13:42:33,603065,宿迁联盛,18.51,3.4078,17.88,19.33,16.99,17.9,912618929.0,17.9,16.51
2026-06-24T13:42:36,2026-06-24 13:42:35,600791,京能置业,10.48,-2.1475,10.81,11.09,10.1,10.71,221998356.0,10.71,10.08
2026-06-24T13:42:36,2026-06-24 13:42:36,000012,南  玻Ａ,4.61,-1.2848,4.65,4.8,4.56,4.67,442902190.93,4.67,4.38
2026-06-24T13:42:36,2026-06-24 13:42:35,600183,生益科技,177.64,5.82,167.9,179.38,167.0,167.87,11286131795.0,189.0,173.88
2026-06-24T13:42:36,2026-06-24 13:42:33,600769,祥龙电业,20.17,-8.193,21.92,22.6,19.77,21.97,907255081.0,21.99,20.231
2026-06-24T13:43:38,2026-06-24 13:43:36,002367,康力电梯,6.41,7.0117,5.97,6.45,5.86,5.99,215637909.36,5.99,5.44
2026-06-24T13:43:38,2026-06-24 13:43:30,002386,天原股份,6.05,0.3317,5.99,6.1,5.92,6.03,163538165.15,6.03,5.51
2026-06-24T13:43:38,2026-06-24 13:43:37,603661,恒林股份,33.61,-5.4571,35.1,35.3,33.19,35.55,153281373.0,35.55,32.7
2026-06-24T13:43:38,2026-06-24 13:43:36,603065,宿迁联盛,18.46,3.1285,17.88,19.33,16.99,17.9,914667058.0,17.9,16.51
2026-06-24T13:43:38,2026-06-24 13:43:35,600791,京能置业,10.47,-2.2409,10.81,11.09,10.1,10.71,222580670.0,10.71,10.08
2026-06-24T13:43:38,2026-06-24 13:43:36,000012,南  玻Ａ,4.62,-1.0707,4.65,4.8,4.56,4.67,443302470.93,4.67,4.38
2026-06-24T13:43:38,2026-06-24 13:43:35,600183,生益科技,177.68,5.8438,167.9,179.38,167.0,167.87,11311875018.0,189.0,173.88
2026-06-24T13:43:38,2026-06-24 13:43:36,600769,祥龙电业,20.16,-8.2385,21.92,22.6,19.77,21.97,908654764.0,21.99,20.231
2026-06-24T13:44:39,2026-06-24 13:44:36,002367,康力电梯,6.41,7.0117,5.97,6.45,5.86,5.99,216338788.36,5.99,5.44
2026-06-24T13:44:39,2026-06-24 13:44:36,002386,天原股份,6.04,0.1658,5.99,6.1,5.92,6.03,163662175.15,6.03,5.51
2026-06-24T13:44:39,2026-06-24 13:44:37,603661,恒林股份,33.66,-5.3165,35.1,35.3,33.19,35.55,154061550.0,35.55,32.7
2026-06-24T13:44:39,2026-06-24 13:44:36,603065,宿迁联盛,18.54,3.5754,17.88,19.33,16.99,17.9,916557793.0,17.9,16.51
2026-06-24T13:44:39,2026-06-24 13:44:29,600791,京能置业,10.47,-2.2409,10.81,11.09,10.1,10.71,222692707.0,10.71,10.08
2026-06-24T13:44:39,2026-06-24 13:44:39,000012,南  玻Ａ,4.62,-1.0707,4.65,4.8,4.56,4.67,443805839.93,4.67,4.38
2026-06-24T13:44:39,2026-06-24 13:44:35,600183,生益科技,177.91,5.9808,167.9,179.38,167.0,167.87,11333806761.0,189.0,173.88
2026-06-24T13:44:39,2026-06-24 13:44:36,600769,祥龙电业,20.19,-8.102,21.92,22.6,19.77,21.97,909605537.0,21.99,20.231
2026-06-24T13:45:40,2026-06-24 13:45:39,002367,康力电梯,6.53,9.015,5.97,6.53,5.86,5.99,226694314.36,5.99,5.44
2026-06-24T13:45:40,2026-06-24 13:45:36,002386,天原股份,6.05,0.3317,5.99,6.1,5.92,6.03,163838229.15,6.03,5.51
2026-06-24T13:45:40,2026-06-24 13:45:37,603661,恒林股份,33.61,-5.4571,35.1,35.3,33.19,35.55,154576818.0,35.55,32.7
2026-06-24T13:45:40,2026-06-24 13:45:39,603065,宿迁联盛,18.52,3.4637,17.88,19.33,16.99,17.9,918317828.0,17.9,16.51
2026-06-24T13:45:40,2026-06-24 13:45:38,600791,京能置业,10.46,-2.3343,10.81,11.09,10.1,10.71,223071750.0,10.71,10.08
2026-06-24T13:45:40,2026-06-24 13:45:39,000012,南  玻Ａ,4.61,-1.2848,4.65,4.8,4.56,4.67,444292752.93,4.67,4.38
2026-06-24T13:45:40,2026-06-24 13:45:38,600183,生益科技,177.86,5.951,167.9,179.38,167.0,167.87,11353529770.0,189.0,173.88
2026-06-24T13:45:40,2026-06-24 13:45:39,600769,祥龙电业,20.31,-7.5558,21.92,22.6,19.77,21.97,911678793.0,21.99,20.231
2026-06-24T13:46:43,2026-06-24 13:46:42,002367,康力电梯,6.51,8.6811,5.97,6.53,5.86,5.99,229513588.36,5.99,5.44
2026-06-24T13:46:43,2026-06-24 13:46:42,002386,天原股份,6.05,0.3317,5.99,6.1,5.92,6.03,164048036.15,6.03,5.51
2026-06-24T13:46:43,2026-06-24 13:46:40,603661,恒林股份,33.63,-5.4008,35.1,35.3,33.19,35.55,154771780.0,35.55,32.7
2026-06-24T13:46:43,2026-06-24 13:46:39,603065,宿迁联盛,18.53,3.5196,17.88,19.33,16.99,17.9,919894652.0,17.9,16.51
2026-06-24T13:46:43,2026-06-24 13:46:41,600791,京能置业,10.47,-2.2409,10.81,11.09,10.1,10.71,223506264.0,10.71,10.08
2026-06-24T13:46:43,2026-06-24 13:46:42,000012,南  玻Ａ,4.61,-1.2848,4.65,4.8,4.56,4.67,444698094.93,4.67,4.38
2026-06-24T13:46:43,2026-06-24 13:46:41,600183,生益科技,178.68,6.4395,167.9,179.38,167.0,167.87,11415155094.0,189.0,173.88
2026-06-24T13:46:43,2026-06-24 13:46:39,600769,祥龙电业,20.38,-7.2371,21.92,22.6,19.77,21.97,915413866.0,21.99,20.231
2026-06-24T13:47:44,2026-06-24 13:47:42,002367,康力电梯,6.52,8.8481,5.97,6.53,5.86,5.99,231085071.36,5.99,5.44
2026-06-24T13:47:44,2026-06-24 13:47:42,002386,天原股份,6.05,0.3317,5.99,6.1,5.92,6.03,164436954.15,6.03,5.51
2026-06-24T13:47:44,2026-06-24 13:47:43,603661,恒林股份,33.67,-5.2883,35.1,35.3,33.19,35.55,155071283.0,35.55,32.7
2026-06-24T13:47:44,2026-06-24 13:47:42,603065,宿迁联盛,18.55,3.6313,17.88,19.33,16.99,17.9,921434654.0,17.9,16.51
2026-06-24T13:47:44,2026-06-24 13:47:41,600791,京能置业,10.45,-2.4276,10.81,11.09,10.1,10.71,223806289.0,10.71,10.08
2026-06-24T13:47:44,2026-06-24 13:47:42,000012,南  玻Ａ,4.62,-1.0707,4.65,4.8,4.56,4.67,444879900.93,4.67,4.38
2026-06-24T13:47:44,2026-06-24 13:47:41,600183,生益科技,178.85,6.5408,167.9,179.38,167.0,167.87,11455883668.0,189.0,173.88
2026-06-24T13:47:44,2026-06-24 13:47:42,600769,祥龙电业,20.49,-6.7365,21.92,22.6,19.77,21.97,917686446.0,21.99,20.231
2026-06-24T13:48:45,2026-06-24 13:48:45,002367,康力电梯,6.52,8.8481,5.97,6.53,5.86,5.99,232337897.36,5.99,5.44
2026-06-24T13:48:45,2026-06-24 13:48:45,002386,天原股份,6.05,0.3317,5.99,6.1,5.92,6.03,165232724.15,6.03,5.51
2026-06-24T13:48:45,2026-06-24 13:48:43,603661,恒林股份,33.58,-5.5415,35.1,35.3,33.19,35.55,156198070.0,35.55,32.7
2026-06-24T13:48:45,2026-06-24 13:48:42,603065,宿迁联盛,18.52,3.4637,17.88,19.33,16.99,17.9,922784664.0,17.9,16.51
2026-06-24T13:48:45,2026-06-24 13:48:44,600791,京能置业,10.44,-2.521,10.81,11.09,10.1,10.71,224276189.0,10.71,10.08
2026-06-24T13:48:45,2026-06-24 13:48:45,000012,南  玻Ａ,4.62,-1.0707,4.65,4.8,4.56,4.67,445107798.93,4.67,4.38
2026-06-24T13:48:45,2026-06-24 13:48:44,600183,生益科技,178.74,6.4752,167.9,179.38,167.0,167.87,11500829770.0,189.0,173.88
2026-06-24T13:48:45,2026-06-24 13:48:42,600769,祥龙电业,20.44,-6.964,21.92,22.6,19.77,21.97,919726816.0,21.99,20.231
2026-06-24T13:49:47,2026-06-24 13:49:45,002367,康力电梯,6.51,8.6811,5.97,6.53,5.86,5.99,233287018.36,5.99,5.44
2026-06-24T13:49:47,2026-06-24 13:49:45,002386,天原股份,6.05,0.3317,5.99,6.1,5.92,6.03,165499985.15,6.03,5.51
2026-06-24T13:49:47,2026-06-24 13:49:43,603661,恒林股份,33.54,-5.654,35.1,35.3,33.19,35.55,156600797.0,35.55,32.7
2026-06-24T13:49:47,2026-06-24 13:49:45,603065,宿迁联盛,18.48,3.2402,17.88,19.33,16.99,17.9,925288039.0,17.9,16.51
2026-06-24T13:49:47,2026-06-24 13:49:44,600791,京能置业,10.44,-2.521,10.81,11.09,10.1,10.71,224926586.0,10.71,10.08
2026-06-24T13:49:47,2026-06-24 13:49:45,000012,南  玻Ａ,4.62,-1.0707,4.65,4.8,4.56,4.67,445283250.93,4.67,4.38
2026-06-24T13:49:47,2026-06-24 13:49:44,600183,生益科技,178.15,6.1238,167.9,179.38,167.0,167.87,11522329513.0,189.0,173.88
2026-06-24T13:49:47,2026-06-24 13:49:45,600769,祥龙电业,20.43,-7.0096,21.92,22.6,19.77,21.97,921421505.0,21.99,20.231
2026-06-24T13:50:48,2026-06-24 13:50:48,002367,康力电梯,6.5,8.5142,5.97,6.53,5.86,5.99,236584600.36,5.99,5.44
2026-06-24T13:50:48,2026-06-24 13:50:48,002386,天原股份,6.04,0.1658,5.99,6.1,5.92,6.03,168038538.15,6.03,5.51
2026-06-24T13:50:48,2026-06-24 13:50:46,603661,恒林股份,33.51,-5.7384,35.1,35.3,33.19,35.55,157073621.0,35.55,32.7
2026-06-24T13:50:48,2026-06-24 13:50:45,603065,宿迁联盛,18.56,3.6872,17.88,19.33,16.99,17.9,926980375.0,17.9,16.51
2026-06-24T13:50:48,2026-06-24 13:50:44,600791,京能置业,10.44,-2.521,10.81,11.09,10.1,10.71,225875587.0,10.71,10.08
2026-06-24T13:50:48,2026-06-24 13:50:48,000012,南  玻Ａ,4.6,-1.4989,4.65,4.8,4.56,4.67,446831536.93,4.67,4.38
2026-06-24T13:50:48,2026-06-24 13:50:47,600183,生益科技,177.46,5.7128,167.9,179.38,167.0,167.87,11554696062.0,189.0,173.88
2026-06-24T13:50:48,2026-06-24 13:50:45,600769,祥龙电业,20.38,-7.2371,21.92,22.6,19.77,21.97,922285474.0,21.99,20.231
2026-06-24T13:51:49,2026-06-24 13:51:48,002367,康力电梯,6.51,8.6811,5.97,6.53,5.86,5.99,240820456.36,5.99,5.44
2026-06-24T13:51:49,2026-06-24 13:51:48,002386,天原股份,6.03,0.0,5.99,6.1,5.92,6.03,168397779.15,6.03,5.51
2026-06-24T13:51:49,2026-06-24 13:51:46,603661,恒林股份,33.46,-5.879,35.1,35.3,33.19,35.55,157719841.0,35.55,32.7
2026-06-24T13:51:49,2026-06-24 13:51:48,603065,宿迁联盛,18.61,3.9665,17.88,19.33,16.99,17.9,928614199.0,17.9,16.51
2026-06-24T13:51:49,2026-06-24 13:51:47,600791,京能置业,10.45,-2.4276,10.81,11.09,10.1,10.71,226190121.0,10.71,10.08
2026-06-24T13:51:49,2026-06-24 13:51:48,000012,南  玻Ａ,4.61,-1.2848,4.65,4.8,4.56,4.67,447130496.93,4.67,4.38
2026-06-24T13:51:49,2026-06-24 13:51:47,600183,生益科技,177.86,5.951,167.9,179.38,167.0,167.87,11592778043.0,189.0,173.88
2026-06-24T13:51:49,2026-06-24 13:51:48,600769,祥龙电业,20.34,-7.4192,21.92,22.6,19.77,21.97,923019959.0,21.99,20.231
2026-06-24T13:52:51,2026-06-24 13:52:48,002367,康力电梯,6.56,9.5159,5.97,6.56,5.86,5.99,245120662.36,5.99,5.44
2026-06-24T13:52:51,2026-06-24 13:52:48,002386,天原股份,6.04,0.1658,5.99,6.1,5.92,6.03,168642403.15,6.03,5.51
2026-06-24T13:52:51,2026-06-24 13:52:49,603661,恒林股份,33.44,-5.9353,35.1,35.3,33.19,35.55,157940658.0,35.55,32.7
2026-06-24T13:52:51,2026-06-24 13:52:48,603065,宿迁联盛,18.65,4.1899,17.88,19.33,16.99,17.9,930602628.0,17.9,16.51
2026-06-24T13:52:51,2026-06-24 13:52:50,600791,京能置业,10.45,-2.4276,10.81,11.09,10.1,10.71,226295681.0,10.71,10.08
2026-06-24T13:52:51,2026-06-24 13:52:48,000012,南  玻Ａ,4.6,-1.4989,4.65,4.8,4.56,4.67,447494029.93,4.67,4.38
2026-06-24T13:52:51,2026-06-24 13:52:50,600183,生益科技,178.06,6.0702,167.9,179.38,167.0,167.87,11617960264.0,189.0,173.88
2026-06-24T13:52:51,2026-06-24 13:52:48,600769,祥龙电业,20.37,-7.2827,21.92,22.6,19.77,21.97,924503919.0,21.99,20.231
2026-06-24T13:53:52,2026-06-24 13:53:51,002367,康力电梯,6.58,9.8497,5.97,6.58,5.86,5.99,253053301.36,5.99,5.44
2026-06-24T13:53:52,2026-06-24 13:53:51,002386,天原股份,6.06,0.4975,5.99,6.1,5.92,6.03,170981043.15,6.03,5.51
2026-06-24T13:53:52,2026-06-24 13:53:49,603661,恒林股份,33.45,-5.9072,35.1,35.3,33.19,35.55,158529123.0,35.55,32.7
2026-06-24T13:53:52,2026-06-24 13:53:48,603065,宿迁联盛,18.69,4.4134,17.88,19.33,16.99,17.9,933573530.0,17.9,16.51
2026-06-24T13:53:52,2026-06-24 13:53:50,600791,京能置业,10.45,-2.4276,10.81,11.09,10.1,10.71,226708502.0,10.71,10.08
2026-06-24T13:53:52,2026-06-24 13:53:51,000012,南  玻Ａ,4.61,-1.2848,4.65,4.8,4.56,4.67,447657184.13,4.67,4.38
2026-06-24T13:53:52,2026-06-24 13:53:50,600183,生益科技,178.22,6.1655,167.9,179.38,167.0,167.87,11641349893.0,189.0,173.88
2026-06-24T13:53:52,2026-06-24 13:53:51,600769,祥龙电业,20.38,-7.2371,21.92,22.6,19.77,21.97,925131074.0,21.99,20.231
2026-06-24T13:54:53,2026-06-24 13:54:51,002367,康力电梯,6.58,9.8497,5.97,6.58,5.86,5.99,256518539.36,5.99,5.44
2026-06-24T13:54:53,2026-06-24 13:54:51,002386,天原股份,6.07,0.6633,5.99,6.1,5.92,6.03,171150269.15,6.03,5.51
2026-06-24T13:54:53,2026-06-24 13:54:49,603661,恒林股份,33.46,-5.879,35.1,35.3,33.19,35.55,158800057.0,35.55,32.7
2026-06-24T13:54:53,2026-06-24 13:54:51,603065,宿迁联盛,18.67,4.3017,17.88,19.33,16.99,17.9,934576542.0,17.9,16.51
2026-06-24T13:54:53,2026-06-24 13:54:53,600791,京能置业,10.45,-2.4276,10.81,11.09,10.1,10.71,226906025.0,10.71,10.08
2026-06-24T13:54:53,2026-06-24 13:54:51,000012,南  玻Ａ,4.6,-1.4989,4.65,4.8,4.56,4.67,448843198.13,4.67,4.38
2026-06-24T13:54:53,2026-06-24 13:54:53,600183,生益科技,177.77,5.8974,167.9,179.38,167.0,167.87,11655025476.0,189.0,173.88
2026-06-24T13:54:53,2026-06-24 13:54:51,600769,祥龙电业,20.39,-7.1916,21.92,22.6,19.77,21.97,925654869.0,21.99,20.231
2026-06-24T13:55:56,2026-06-24 13:55:54,002367,康力电梯,6.57,9.6828,5.97,6.58,5.86,5.99,258386433.36,5.99,5.44
2026-06-24T13:55:56,2026-06-24 13:55:54,002386,天原股份,6.07,0.6633,5.99,6.1,5.92,6.03,171426429.15,6.03,5.51
2026-06-24T13:55:56,2026-06-24 13:55:52,603661,恒林股份,33.46,-5.879,35.1,35.3,33.19,35.55,159010854.0,35.55,32.7
2026-06-24T13:55:56,2026-06-24 13:55:54,603065,宿迁联盛,18.63,4.0782,17.88,19.33,16.99,17.9,935329333.0,17.9,16.51
2026-06-24T13:55:56,2026-06-24 13:55:53,600791,京能置业,10.47,-2.2409,10.81,11.09,10.1,10.71,227374880.0,10.71,10.08
2026-06-24T13:55:56,2026-06-24 13:55:54,000012,南  玻Ａ,4.61,-1.2848,4.65,4.8,4.56,4.67,449166960.13,4.67,4.38
2026-06-24T13:55:56,2026-06-24 13:55:53,600183,生益科技,177.49,5.7306,167.9,179.38,167.0,167.87,11673030723.0,189.0,173.88
2026-06-24T13:55:56,2026-06-24 13:55:54,600769,祥龙电业,20.38,-7.2371,21.92,22.6,19.77,21.97,926667254.0,21.99,20.231
2026-06-24T13:56:58,2026-06-24 13:56:57,002367,康力电梯,6.57,9.6828,5.97,6.58,5.86,5.99,260726807.36,5.99,5.44
2026-06-24T13:56:58,2026-06-24 13:56:57,002386,天原股份,6.07,0.6633,5.99,6.1,5.92,6.03,171504123.15,6.03,5.51
2026-06-24T13:56:58,2026-06-24 13:56:58,603661,恒林股份,33.52,-5.7103,35.1,35.3,33.19,35.55,159442897.0,35.55,32.7
2026-06-24T13:56:58,2026-06-24 13:56:57,603065,宿迁联盛,18.58,3.7989,17.88,19.33,16.99,17.9,936669084.0,17.9,16.51
2026-06-24T13:56:58,2026-06-24 13:56:56,600791,京能置业,10.44,-2.521,10.81,11.09,10.1,10.71,227540146.0,10.71,10.08
2026-06-24T13:56:58,2026-06-24 13:56:57,000012,南  玻Ａ,4.61,-1.2848,4.65,4.8,4.56,4.67,449589724.13,4.67,4.38
2026-06-24T13:56:58,2026-06-24 13:56:56,600183,生益科技,177.29,5.6115,167.9,179.38,167.0,167.87,11693801576.0,189.0,173.88
2026-06-24T13:56:58,2026-06-24 13:56:57,600769,祥龙电业,20.33,-7.4647,21.92,22.6,19.77,21.97,927559034.0,21.99,20.231
2026-06-24T13:58:00,2026-06-24 13:57:57,002367,康力电梯,6.56,9.5159,5.97,6.58,5.86,5.99,263329135.66,5.99,5.44
2026-06-24T13:58:00,2026-06-24 13:57:57,002386,天原股份,6.06,0.4975,5.99,6.1,5.92,6.03,172201036.15,6.03,5.51
2026-06-24T13:58:00,2026-06-24 13:57:58,603661,恒林股份,33.47,-5.8509,35.1,35.3,33.19,35.55,160029059.0,35.55,32.7
2026-06-24T13:58:00,2026-06-24 13:57:57,603065,宿迁联盛,18.58,3.7989,17.88,19.33,16.99,17.9,937279466.0,17.9,16.51
2026-06-24T13:58:00,2026-06-24 13:57:56,600791,京能置业,10.44,-2.521,10.81,11.09,10.1,10.71,227727061.0,10.71,10.08
2026-06-24T13:58:00,2026-06-24 13:57:54,000012,南  玻Ａ,4.61,-1.2848,4.65,4.8,4.56,4.67,449884594.13,4.67,4.38
2026-06-24T13:58:00,2026-06-24 13:57:56,600183,生益科技,177.47,5.7187,167.9,179.38,167.0,167.87,11707318289.0,189.0,173.88
2026-06-24T13:58:00,2026-06-24 13:57:57,600769,祥龙电业,20.44,-6.964,21.92,22.6,19.77,21.97,931528306.0,21.99,20.231
2026-06-24T13:59:01,2026-06-24 13:59:00,002367,康力电梯,6.59,10.0167,5.97,6.59,5.86,5.99,285321228.51,5.99,5.44
2026-06-24T13:59:01,2026-06-24 13:59:00,002386,天原股份,6.06,0.4975,5.99,6.1,5.92,6.03,172250127.15,6.03,5.51
2026-06-24T13:59:01,2026-06-24 13:58:55,603661,恒林股份,33.58,-5.5415,35.1,35.3,33.19,35.55,160709467.0,35.55,32.7
2026-06-24T13:59:01,2026-06-24 13:59:00,603065,宿迁联盛,18.56,3.6872,17.88,19.33,16.99,17.9,938175785.0,17.9,16.51
2026-06-24T13:59:01,2026-06-24 13:58:59,600791,京能置业,10.45,-2.4276,10.81,11.09,10.1,10.71,228219849.0,10.71,10.08
2026-06-24T13:59:01,2026-06-24 13:59:00,000012,南  玻Ａ,4.6,-1.4989,4.65,4.8,4.56,4.67,450179823.13,4.67,4.38
2026-06-24T13:59:01,2026-06-24 13:58:59,600183,生益科技,177.39,5.6711,167.9,179.38,167.0,167.87,11722756190.0,189.0,173.88
2026-06-24T13:59:01,2026-06-24 13:59:00,600769,祥龙电业,20.47,-6.8275,21.92,22.6,19.77,21.97,932783530.0,21.99,20.231
2026-06-24T14:00:03,2026-06-24 14:00:00,002367,康力电梯,6.59,10.0167,5.97,6.59,5.86,5.99,286282709.51,5.99,5.44
2026-06-24T14:00:03,2026-06-24 13:59:57,002386,天原股份,6.07,0.6633,5.99,6.1,5.92,6.03,172373276.15,6.03,5.51
2026-06-24T14:00:03,2026-06-24 14:00:01,603661,恒林股份,33.62,-5.429,35.1,35.3,33.19,35.55,161089148.0,35.55,32.7
2026-06-24T14:00:03,2026-06-24 14:00:00,603065,宿迁联盛,18.6,3.9106,17.88,19.33,16.99,17.9,939168914.0,17.9,16.51
2026-06-24T14:00:03,2026-06-24 13:59:59,600791,京能置业,10.44,-2.521,10.81,11.09,10.1,10.71,228502978.0,10.71,10.08
2026-06-24T14:00:03,2026-06-24 14:00:00,000012,南  玻Ａ,4.61,-1.2848,4.65,4.8,4.56,4.67,450600695.13,4.67,4.38
2026-06-24T14:00:03,2026-06-24 13:59:59,600183,生益科技,177.24,5.5817,167.9,179.38,167.0,167.87,11736304109.0,189.0,173.88
2026-06-24T14:00:03,2026-06-24 14:00:00,600769,祥龙电业,20.48,-6.782,21.92,22.6,19.77,21.97,935084369.0,21.99,20.231
2026-06-24T14:01:04,2026-06-24 14:01:03,002367,康力电梯,6.59,10.0167,5.97,6.59,5.86,5.99,287226397.51,5.99,5.44
2026-06-24T14:01:04,2026-06-24 14:01:03,002386,天原股份,6.07,0.6633,5.99,6.1,5.92,6.03,172515850.15,6.03,5.51
2026-06-24T14:01:04,2026-06-24 14:01:01,603661,恒林股份,33.61,-5.4571,35.1,35.3,33.19,35.55,161721229.0,35.55,32.7
2026-06-24T14:01:04,2026-06-24 14:01:03,603065,宿迁联盛,18.6,3.9106,17.88,19.33,16.99,17.9,940544146.0,17.9,16.51
2026-06-24T14:01:04,2026-06-24 14:01:02,600791,京能置业,10.45,-2.4276,10.81,11.09,10.1,10.71,228681614.0,10.71,10.08
2026-06-24T14:01:04,2026-06-24 14:01:03,000012,南  玻Ａ,4.61,-1.2848,4.65,4.8,4.56,4.67,451829425.13,4.67,4.38
2026-06-24T14:01:04,2026-06-24 14:01:02,600183,生益科技,177.26,5.5936,167.9,179.38,167.0,167.87,11762379105.0,189.0,173.88
2026-06-24T14:01:04,2026-06-24 14:01:03,600769,祥龙电业,20.35,-7.3737,21.92,22.6,19.77,21.97,937334663.0,21.99,20.231
2026-06-24T14:02:06,2026-06-24 14:02:03,002367,康力电梯,6.59,10.0167,5.97,6.59,5.86,5.99,288257732.51,5.99,5.44
2026-06-24T14:02:06,2026-06-24 14:02:03,002386,天原股份,6.05,0.3317,5.99,6.1,5.92,6.03,173643392.15,6.03,5.51
2026-06-24T14:02:06,2026-06-24 14:02:04,603661,恒林股份,33.59,-5.5134,35.1,35.3,33.19,35.55,162322428.0,35.55,32.7
2026-06-24T14:02:06,2026-06-24 14:02:03,603065,宿迁联盛,18.56,3.6872,17.88,19.33,16.99,17.9,942593741.0,17.9,16.51
2026-06-24T14:02:06,2026-06-24 14:02:02,600791,京能置业,10.47,-2.2409,10.81,11.09,10.1,10.71,229484645.0,10.71,10.08
2026-06-24T14:02:06,2026-06-24 14:02:03,000012,南  玻Ａ,4.59,-1.7131,4.65,4.8,4.56,4.67,456775213.93,4.67,4.38
2026-06-24T14:02:06,2026-06-24 14:02:02,600183,生益科技,177.19,5.5519,167.9,179.38,167.0,167.87,11805809750.0,189.0,173.88
2026-06-24T14:02:06,2026-06-24 14:02:03,600769,祥龙电业,20.38,-7.2371,21.92,22.6,19.77,21.97,939072193.0,21.99,20.231
2026-06-24T14:03:07,2026-06-24 14:03:06,002367,康力电梯,6.59,10.0167,5.97,6.59,5.86,5.99,289438001.51,5.99,5.44
2026-06-24T14:03:07,2026-06-24 14:03:06,002386,天原股份,6.06,0.4975,5.99,6.1,5.92,6.03,173723300.15,6.03,5.51
2026-06-24T14:03:07,2026-06-24 14:03:04,603661,恒林股份,33.68,-5.2602,35.1,35.3,33.19,35.55,162931311.0,35.55,32.7
2026-06-24T14:03:07,2026-06-24 14:03:03,603065,宿迁联盛,18.56,3.6872,17.88,19.33,16.99,17.9,943380439.0,17.9,16.51
2026-06-24T14:03:07,2026-06-24 14:03:05,600791,京能置业,10.44,-2.521,10.81,11.09,10.1,10.71,232235101.0,10.71,10.08
2026-06-24T14:03:07,2026-06-24 14:03:06,000012,南  玻Ａ,4.59,-1.7131,4.65,4.8,4.56,4.67,457458780.93,4.67,4.38
2026-06-24T14:03:07,2026-06-24 14:03:05,600183,生益科技,177.51,5.7425,167.9,179.38,167.0,167.87,11829561354.0,189.0,173.88
2026-06-24T14:03:07,2026-06-24 14:03:06,600769,祥龙电业,20.36,-7.3282,21.92,22.6,19.77,21.97,939740686.0,21.99,20.231
2026-06-24T14:04:08,2026-06-24 14:04:06,002367,康力电梯,6.59,10.0167,5.97,6.59,5.86,5.99,290049553.51,5.99,5.44
2026-06-24T14:04:08,2026-06-24 14:04:06,002386,天原股份,6.05,0.3317,5.99,6.1,5.92,6.03,174154716.15,6.03,5.51
2026-06-24T14:04:08,2026-06-24 14:04:07,603661,恒林股份,33.61,-5.4571,35.1,35.3,33.19,35.55,163755907.0,35.55,32.7
2026-06-24T14:04:08,2026-06-24 14:04:06,603065,宿迁联盛,18.55,3.6313,17.88,19.33,16.99,17.9,945088693.0,17.9,16.51
2026-06-24T14:04:08,2026-06-24 14:04:05,600791,京能置业,10.46,-2.3343,10.81,11.09,10.1,10.71,232733353.0,10.71,10.08
2026-06-24T14:04:08,2026-06-24 14:04:06,000012,南  玻Ａ,4.58,-1.9272,4.65,4.8,4.56,4.67,458234431.93,4.67,4.38
2026-06-24T14:04:08,2026-06-24 14:04:05,600183,生益科技,177.9,5.9749,167.9,179.38,167.0,167.87,11843985545.0,189.0,173.88
2026-06-24T14:04:08,2026-06-24 14:04:06,600769,祥龙电业,20.33,-7.4647,21.92,22.6,19.77,21.97,940830651.0,21.99,20.231
2026-06-24T14:05:09,2026-06-24 14:05:06,002367,康力电梯,6.59,10.0167,5.97,6.59,5.86,5.99,290670990.51,5.99,5.44
2026-06-24T14:05:09,2026-06-24 14:05:06,002386,天原股份,6.05,0.3317,5.99,6.1,5.92,6.03,174503851.15,6.03,5.51
2026-06-24T14:05:09,2026-06-24 14:05:07,603661,恒林股份,33.54,-5.654,35.1,35.3,33.19,35.55,163933660.0,35.55,32.7
2026-06-24T14:05:09,2026-06-24 14:05:06,603065,宿迁联盛,18.46,3.1285,17.88,19.33,16.99,17.9,948194302.0,17.9,16.51
2026-06-24T14:05:09,2026-06-24 14:05:08,600791,京能置业,10.45,-2.4276,10.81,11.09,10.1,10.71,232867096.0,10.71,10.08
2026-06-24T14:05:09,2026-06-24 14:05:06,000012,南  玻Ａ,4.58,-1.9272,4.65,4.8,4.56,4.67,459620903.05,4.67,4.38
2026-06-24T14:05:09,2026-06-24 14:05:08,600183,生益科技,177.76,5.8915,167.9,179.38,167.0,167.87,11865263981.0,189.0,173.88
2026-06-24T14:05:09,2026-06-24 14:05:06,600769,祥龙电业,20.32,-7.5102,21.92,22.6,19.77,21.97,942386192.0,21.99,20.231
2026-06-24T14:06:12,2026-06-24 14:06:09,002367,康力电梯,6.59,10.0167,5.97,6.59,5.86,5.99,294238157.51,5.99,5.44
2026-06-24T14:06:12,2026-06-24 14:06:09,002386,天原股份,6.06,0.4975,5.99,6.1,5.92,6.03,175177701.15,6.03,5.51
2026-06-24T14:06:12,2026-06-24 14:06:10,603661,恒林股份,33.55,-5.6259,35.1,35.3,33.19,35.55,164202033.0,35.55,32.7
2026-06-24T14:06:12,2026-06-24 14:06:09,603065,宿迁联盛,18.5,3.352,17.88,19.33,16.99,17.9,949430909.0,17.9,16.51
2026-06-24T14:06:12,2026-06-24 14:06:11,600791,京能置业,10.46,-2.3343,10.81,11.09,10.1,10.71,233196726.0,10.71,10.08
2026-06-24T14:06:12,2026-06-24 14:06:12,000012,南  玻Ａ,4.58,-1.9272,4.65,4.8,4.56,4.67,460477821.05,4.67,4.38
2026-06-24T14:06:12,2026-06-24 14:06:11,600183,生益科技,177.96,6.0106,167.9,179.38,167.0,167.87,11878344163.0,189.0,173.88
2026-06-24T14:06:12,2026-06-24 14:06:09,600769,祥龙电业,20.37,-7.2827,21.92,22.6,19.77,21.97,943630535.0,21.99,20.231
2026-06-24T14:07:13,2026-06-24 14:07:12,002367,康力电梯,6.59,10.0167,5.97,6.59,5.86,5.99,294880023.51,5.99,5.44
2026-06-24T14:07:13,2026-06-24 14:07:12,002386,天原股份,6.07,0.6633,5.99,6.1,5.92,6.03,175670781.15,6.03,5.51
2026-06-24T14:07:13,2026-06-24 14:07:10,603661,恒林股份,33.62,-5.429,35.1,35.3,33.19,35.55,164581800.0,35.55,32.7
2026-06-24T14:07:13,2026-06-24 14:07:09,603065,宿迁联盛,18.51,3.4078,17.88,19.33,16.99,17.9,951283749.0,17.9,16.51
2026-06-24T14:07:13,2026-06-24 14:07:11,600791,京能置业,10.46,-2.3343,10.81,11.09,10.1,10.71,233514054.0,10.71,10.08
2026-06-24T14:07:13,2026-06-24 14:07:12,000012,南  玻Ａ,4.58,-1.9272,4.65,4.8,4.56,4.67,461127623.05,4.67,4.38
2026-06-24T14:07:13,2026-06-24 14:07:11,600183,生益科技,178.15,6.1238,167.9,179.38,167.0,167.87,11903376272.0,189.0,173.88
2026-06-24T14:07:13,2026-06-24 14:07:09,600769,祥龙电业,20.35,-7.3737,21.92,22.6,19.77,21.97,944426933.0,21.99,20.231
2026-06-24T14:08:14,2026-06-24 14:08:09,002367,康力电梯,6.59,10.0167,5.97,6.59,5.86,5.99,295610195.51,5.99,5.44
2026-06-24T14:08:14,2026-06-24 14:08:12,002386,天原股份,6.07,0.6633,5.99,6.1,5.92,6.03,175948495.15,6.03,5.51
2026-06-24T14:08:14,2026-06-24 14:08:13,603661,恒林股份,33.59,-5.5134,35.1,35.3,33.19,35.55,164968176.0,35.55,32.7
2026-06-24T14:08:14,2026-06-24 14:08:12,603065,宿迁联盛,18.54,3.5754,17.88,19.33,16.99,17.9,952521906.0,17.9,16.51
2026-06-24T14:08:14,2026-06-24 14:08:11,600791,京能置业,10.45,-2.4276,10.81,11.09,10.1,10.71,233772393.0,10.71,10.08
2026-06-24T14:08:14,2026-06-24 14:08:12,000012,南  玻Ａ,4.59,-1.7131,4.65,4.8,4.56,4.67,461848139.05,4.67,4.38
2026-06-24T14:08:14,2026-06-24 14:08:11,600183,生益科技,178.01,6.0404,167.9,179.38,167.0,167.87,11919004506.0,189.0,173.88
2026-06-24T14:08:14,2026-06-24 14:08:12,600769,祥龙电业,20.34,-7.4192,21.92,22.6,19.77,21.97,945593014.0,21.99,20.231
2026-06-24T14:09:15,2026-06-24 14:09:15,002367,康力电梯,6.59,10.0167,5.97,6.59,5.86,5.99,296637576.51,5.99,5.44
2026-06-24T14:09:15,2026-06-24 14:09:12,002386,天原股份,6.06,0.4975,5.99,6.1,5.92,6.03,176034010.15,6.03,5.51
2026-06-24T14:09:15,2026-06-24 14:09:13,603661,恒林股份,33.57,-5.5696,35.1,35.3,33.19,35.55,165377897.0,35.55,32.7
2026-06-24T14:09:15,2026-06-24 14:09:12,603065,宿迁联盛,18.55,3.6313,17.88,19.33,16.99,17.9,953122717.0,17.9,16.51
2026-06-24T14:09:15,2026-06-24 14:09:14,600791,京能置业,10.45,-2.4276,10.81,11.09,10.1,10.71,234069446.0,10.71,10.08
2026-06-24T14:09:15,2026-06-24 14:09:15,000012,南  玻Ａ,4.58,-1.9272,4.65,4.8,4.56,4.67,462829627.05,4.67,4.38
2026-06-24T14:09:15,2026-06-24 14:09:14,600183,生益科技,178.23,6.1714,167.9,179.38,167.0,167.87,11949634591.0,189.0,173.88
2026-06-24T14:09:15,2026-06-24 14:09:12,600769,祥龙电业,20.34,-7.4192,21.92,22.6,19.77,21.97,945798517.0,21.99,20.231
2026-06-24T14:10:16,2026-06-24 14:10:15,002367,康力电梯,6.59,10.0167,5.97,6.59,5.86,5.99,296769376.51,5.99,5.44
2026-06-24T14:10:16,2026-06-24 14:10:15,002386,天原股份,6.07,0.6633,5.99,6.1,5.92,6.03,176821946.15,6.03,5.51
2026-06-24T14:10:16,2026-06-24 14:10:13,603661,恒林股份,33.54,-5.654,35.1,35.3,33.19,35.55,165804039.0,35.55,32.7
2026-06-24T14:10:16,2026-06-24 14:10:15,603065,宿迁联盛,18.48,3.2402,17.88,19.33,16.99,17.9,956139852.0,17.9,16.51
2026-06-24T14:10:16,2026-06-24 14:10:14,600791,京能置业,10.47,-2.2409,10.81,11.09,10.1,10.71,235153163.0,10.71,10.08
2026-06-24T14:10:16,2026-06-24 14:10:15,000012,南  玻Ａ,4.59,-1.7131,4.65,4.8,4.56,4.67,463093266.91,4.67,4.38
2026-06-24T14:10:16,2026-06-24 14:10:14,600183,生益科技,177.9,5.9749,167.9,179.38,167.0,167.87,11983346032.0,189.0,173.88
2026-06-24T14:10:16,2026-06-24 14:10:15,600769,祥龙电业,20.29,-7.6468,21.92,22.6,19.77,21.97,947053577.0,21.99,20.231
2026-06-24T14:11:18,2026-06-24 14:11:15,002367,康力电梯,6.59,10.0167,5.97,6.59,5.86,5.99,297122600.51,5.99,5.44
2026-06-24T14:11:18,2026-06-24 14:11:12,002386,天原股份,6.06,0.4975,5.99,6.1,5.92,6.03,176891105.15,6.03,5.51
2026-06-24T14:11:18,2026-06-24 14:11:16,603661,恒林股份,33.56,-5.5977,35.1,35.3,33.19,35.55,166062406.0,35.55,32.7
2026-06-24T14:11:18,2026-06-24 14:11:15,603065,宿迁联盛,18.47,3.1844,17.88,19.33,16.99,17.9,957248353.0,17.9,16.51
2026-06-24T14:11:18,2026-06-24 14:11:14,600791,京能置业,10.47,-2.2409,10.81,11.09,10.1,10.71,235616505.0,10.71,10.08
2026-06-24T14:11:18,2026-06-24 14:11:15,000012,南  玻Ａ,4.58,-1.9272,4.65,4.8,4.56,4.67,463442552.91,4.67,4.38
2026-06-24T14:11:18,2026-06-24 14:11:14,600183,生益科技,178.15,6.1238,167.9,179.38,167.0,167.87,12002125079.0,189.0,173.88
2026-06-24T14:11:18,2026-06-24 14:11:15,600769,祥龙电业,20.3,-7.6013,21.92,22.6,19.77,21.97,947546700.0,21.99,20.231
2026-06-24T14:12:19,2026-06-24 14:12:18,002367,康力电梯,6.59,10.0167,5.97,6.59,5.86,5.99,297227381.51,5.99,5.44
2026-06-24T14:12:19,2026-06-24 14:12:18,002386,天原股份,6.07,0.6633,5.99,6.1,5.92,6.03,177302589.15,6.03,5.51
2026-06-24T14:12:19,2026-06-24 14:12:16,603661,恒林股份,33.57,-5.5696,35.1,35.3,33.19,35.55,166445022.0,35.55,32.7
2026-06-24T14:12:19,2026-06-24 14:12:18,603065,宿迁联盛,18.48,3.2402,17.88,19.33,16.99,17.9,957941562.0,17.9,16.51
2026-06-24T14:12:19,2026-06-24 14:12:17,600791,京能置业,10.47,-2.2409,10.81,11.09,10.1,10.71,236179167.0,10.71,10.08
2026-06-24T14:12:19,2026-06-24 14:12:18,000012,南  玻Ａ,4.58,-1.9272,4.65,4.8,4.56,4.67,464734882.91,4.67,4.38
2026-06-24T14:12:19,2026-06-24 14:12:17,600183,生益科技,178.02,6.0463,167.9,179.38,167.0,167.87,12020594600.0,189.0,173.88
2026-06-24T14:12:19,2026-06-24 14:12:18,600769,祥龙电业,20.24,-7.8744,21.92,22.6,19.77,21.97,952219487.0,21.99,20.231
2026-06-24T14:13:20,2026-06-24 14:13:18,002367,康力电梯,6.59,10.0167,5.97,6.59,5.86,5.99,297588513.51,5.99,5.44
2026-06-24T14:13:20,2026-06-24 14:13:15,002386,天原股份,6.06,0.4975,5.99,6.1,5.92,6.03,177479701.15,6.03,5.51
2026-06-24T14:13:20,2026-06-24 14:13:19,603661,恒林股份,33.5,-5.7665,35.1,35.3,33.19,35.55,168034417.0,35.55,32.7
2026-06-24T14:13:20,2026-06-24 14:13:18,603065,宿迁联盛,18.51,3.4078,17.88,19.33,16.99,17.9,958594663.0,17.9,16.51
2026-06-24T14:13:20,2026-06-24 14:13:17,600791,京能置业,10.45,-2.4276,10.81,11.09,10.1,10.71,236452178.0,10.71,10.08
2026-06-24T14:13:20,2026-06-24 14:13:18,000012,南  玻Ａ,4.58,-1.9272,4.65,4.8,4.56,4.67,465301773.91,4.67,4.38
2026-06-24T14:13:20,2026-06-24 14:13:17,600183,生益科技,178.0,6.0344,167.9,179.38,167.0,167.87,12036757429.0,189.0,173.88
2026-06-24T14:13:20,2026-06-24 14:13:18,600769,祥龙电业,20.12,-8.4206,21.92,22.6,19.77,21.97,959306159.0,21.99,20.231
2026-06-24T14:14:22,2026-06-24 14:14:21,002367,康力电梯,6.59,10.0167,5.97,6.59,5.86,5.99,297771715.51,5.99,5.44
2026-06-24T14:14:22,2026-06-24 14:14:21,002386,天原股份,6.06,0.4975,5.99,6.1,5.92,6.03,178305671.15,6.03,5.51
2026-06-24T14:14:22,2026-06-24 14:14:19,603661,恒林股份,33.47,-5.8509,35.1,35.3,33.19,35.55,168998772.0,35.55,32.7
2026-06-24T14:14:22,2026-06-24 14:14:18,603065,宿迁联盛,18.48,3.2402,17.88,19.33,16.99,17.9,959652254.0,17.9,16.51
2026-06-24T14:14:22,2026-06-24 14:14:20,600791,京能置业,10.47,-2.2409,10.81,11.09,10.1,10.71,237084008.0,10.71,10.08
2026-06-24T14:14:22,2026-06-24 14:14:21,000012,南  玻Ａ,4.58,-1.9272,4.65,4.8,4.56,4.67,465778577.91,4.67,4.38
2026-06-24T14:14:22,2026-06-24 14:14:20,600183,生益科技,177.83,5.9332,167.9,179.38,167.0,167.87,12072965966.0,189.0,173.88
2026-06-24T14:14:22,2026-06-24 14:14:21,600769,祥龙电业,20.06,-8.6937,21.92,22.6,19.77,21.97,963420962.0,21.99,20.231
2026-06-24T14:15:23,2026-06-24 14:15:21,002367,康力电梯,6.59,10.0167,5.97,6.59,5.86,5.99,298009614.51,5.99,5.44
2026-06-24T14:15:23,2026-06-24 14:15:21,002386,天原股份,6.06,0.4975,5.99,6.1,5.92,6.03,178558940.15,6.03,5.51
2026-06-24T14:15:23,2026-06-24 14:15:19,603661,恒林股份,33.51,-5.7384,35.1,35.3,33.19,35.55,169494475.0,35.55,32.7
2026-06-24T14:15:23,2026-06-24 14:15:21,603065,宿迁联盛,18.5,3.352,17.88,19.33,16.99,17.9,961078136.0,17.9,16.51
2026-06-24T14:15:23,2026-06-24 14:15:20,600791,京能置业,10.47,-2.2409,10.81,11.09,10.1,10.71,238243020.0,10.71,10.08
2026-06-24T14:15:23,2026-06-24 14:15:21,000012,南  玻Ａ,4.58,-1.9272,4.65,4.8,4.56,4.67,466632389.91,4.67,4.38
2026-06-24T14:15:23,2026-06-24 14:15:20,600183,生益科技,177.91,5.9808,167.9,179.38,167.0,167.87,12096335635.0,189.0,173.88
2026-06-24T14:15:23,2026-06-24 14:15:21,600769,祥龙电业,20.12,-8.4206,21.92,22.6,19.77,21.97,964772812.0,21.99,20.231
2026-06-24T14:16:25,2026-06-24 14:16:21,002367,康力电梯,6.59,10.0167,5.97,6.59,5.86,5.99,299170772.51,5.99,5.44
2026-06-24T14:16:25,2026-06-24 14:16:24,002386,天原股份,6.06,0.4975,5.99,6.1,5.92,6.03,179310997.15,6.03,5.51
2026-06-24T14:16:25,2026-06-24 14:16:22,603661,恒林股份,33.54,-5.654,35.1,35.3,33.19,35.55,169900195.0,35.55,32.7
2026-06-24T14:16:25,2026-06-24 14:16:21,603065,宿迁联盛,18.49,3.2961,17.88,19.33,16.99,17.9,961873709.0,17.9,16.51
2026-06-24T14:16:25,2026-06-24 14:16:23,600791,京能置业,10.52,-1.774,10.81,11.09,10.1,10.71,240091435.0,10.71,10.08
2026-06-24T14:16:25,2026-06-24 14:16:24,000012,南  玻Ａ,4.58,-1.9272,4.65,4.8,4.56,4.67,466865739.91,4.67,4.38
2026-06-24T14:16:25,2026-06-24 14:16:23,600183,生益科技,177.97,6.0166,167.9,179.38,167.0,167.87,12112195078.0,189.0,173.88
2026-06-24T14:16:25,2026-06-24 14:16:24,600769,祥龙电业,20.11,-8.4661,21.92,22.6,19.77,21.97,966351804.0,21.99,20.231
2026-06-24T14:17:26,2026-06-24 14:17:24,002367,康力电梯,6.59,10.0167,5.97,6.59,5.86,5.99,299472594.51,5.99,5.44
2026-06-24T14:17:26,2026-06-24 14:17:24,002386,天原股份,6.06,0.4975,5.99,6.1,5.92,6.03,179479691.15,6.03,5.51
2026-06-24T14:17:26,2026-06-24 14:17:25,603661,恒林股份,33.58,-5.5415,35.1,35.3,33.19,35.55,170416947.0,35.55,32.7
2026-06-24T14:17:26,2026-06-24 14:17:24,603065,宿迁联盛,18.51,3.4078,17.88,19.33,16.99,17.9,962773424.0,17.9,16.51
2026-06-24T14:17:26,2026-06-24 14:17:23,600791,京能置业,10.52,-1.774,10.81,11.09,10.1,10.71,240433340.0,10.71,10.08
2026-06-24T14:17:26,2026-06-24 14:17:24,000012,南  玻Ａ,4.58,-1.9272,4.65,4.8,4.56,4.67,467247079.91,4.67,4.38
2026-06-24T14:17:26,2026-06-24 14:17:23,600183,生益科技,178.01,6.0404,167.9,179.38,167.0,167.87,12139892960.0,189.0,173.88
2026-06-24T14:17:26,2026-06-24 14:17:24,600769,祥龙电业,20.11,-8.4661,21.92,22.6,19.77,21.97,967482378.0,21.99,20.231
2026-06-24T14:18:27,2026-06-24 14:18:27,002367,康力电梯,6.59,10.0167,5.97,6.59,5.86,5.99,299896331.51,5.99,5.44
2026-06-24T14:18:27,2026-06-24 14:18:27,002386,天原股份,6.06,0.4975,5.99,6.1,5.92,6.03,179616860.15,6.03,5.51
2026-06-24T14:18:27,2026-06-24 14:18:25,603661,恒林股份,33.62,-5.429,35.1,35.3,33.19,35.55,170978059.0,35.55,32.7
2026-06-24T14:18:27,2026-06-24 14:18:24,603065,宿迁联盛,18.53,3.5196,17.88,19.33,16.99,17.9,964116585.0,17.9,16.51
2026-06-24T14:18:27,2026-06-24 14:18:23,600791,京能置业,10.53,-1.6807,10.81,11.09,10.1,10.71,240640657.0,10.71,10.08
2026-06-24T14:18:27,2026-06-24 14:18:27,000012,南  玻Ａ,4.58,-1.9272,4.65,4.8,4.56,4.67,467751662.91,4.67,4.38
2026-06-24T14:18:27,2026-06-24 14:18:23,600183,生益科技,178.16,6.1297,167.9,179.38,167.0,167.87,12163542901.0,189.0,173.88
2026-06-24T14:18:27,2026-06-24 14:18:24,600769,祥龙电业,20.05,-8.7392,21.92,22.6,19.77,21.97,968593921.0,21.99,20.231
2026-06-24T14:19:29,2026-06-24 14:19:18,002367,康力电梯,6.59,10.0167,5.97,6.59,5.86,5.99,300368175.51,5.99,5.44
2026-06-24T14:19:29,2026-06-24 14:19:27,002386,天原股份,6.06,0.4975,5.99,6.1,5.92,6.03,179933903.15,6.03,5.51
2026-06-24T14:19:29,2026-06-24 14:19:28,603661,恒林股份,33.67,-5.2883,35.1,35.3,33.19,35.55,172591220.0,35.55,32.7
2026-06-24T14:19:29,2026-06-24 14:19:27,603065,宿迁联盛,18.55,3.6313,17.88,19.33,16.99,17.9,964813587.0,17.9,16.51
2026-06-24T14:19:29,2026-06-24 14:19:26,600791,京能置业,10.57,-1.3072,10.81,11.09,10.1,10.71,241599786.0,10.71,10.08
2026-06-24T14:19:29,2026-06-24 14:19:27,000012,南  玻Ａ,4.56,-2.3555,4.65,4.8,4.56,4.67,474725873.93,4.67,4.38
2026-06-24T14:19:29,2026-06-24 14:19:26,600183,生益科技,178.18,6.1417,167.9,179.38,167.0,167.87,12199364176.0,189.0,173.88
2026-06-24T14:19:29,2026-06-24 14:19:27,600769,祥龙电业,20.02,-8.8757,21.92,22.6,19.77,21.97,970473624.0,21.99,20.231
2026-06-24T14:20:30,2026-06-24 14:20:30,002367,康力电梯,6.59,10.0167,5.97,6.59,5.86,5.99,300420236.51,5.99,5.44
2026-06-24T14:20:30,2026-06-24 14:20:30,002386,天原股份,6.06,0.4975,5.99,6.1,5.92,6.03,180532554.15,6.03,5.51
2026-06-24T14:20:30,2026-06-24 14:20:28,603661,恒林股份,33.9,-4.6414,35.1,35.3,33.19,35.55,174568039.0,35.55,32.7
2026-06-24T14:20:30,2026-06-24 14:20:27,603065,宿迁联盛,18.55,3.6313,17.88,19.33,16.99,17.9,966647301.0,17.9,16.51
2026-06-24T14:20:30,2026-06-24 14:20:29,600791,京能置业,10.55,-1.4939,10.81,11.09,10.1,10.71,243042105.0,10.71,10.08
2026-06-24T14:20:30,2026-06-24 14:20:30,000012,南  玻Ａ,4.59,-1.7131,4.65,4.8,4.56,4.67,477160437.93,4.67,4.38
2026-06-24T14:20:30,2026-06-24 14:20:29,600183,生益科技,178.21,6.1595,167.9,179.38,167.0,167.87,12220872053.0,189.0,173.88
2026-06-24T14:20:30,2026-06-24 14:20:27,600769,祥龙电业,20.09,-8.5571,21.92,22.6,19.77,21.97,972290010.0,21.99,20.231
2026-06-24T14:21:33,2026-06-24 14:21:27,002367,康力电梯,6.59,10.0167,5.97,6.59,5.86,5.99,300557967.51,5.99,5.44
2026-06-24T14:21:33,2026-06-24 14:21:30,002386,天原股份,6.06,0.4975,5.99,6.1,5.92,6.03,180677967.15,6.03,5.51
2026-06-24T14:21:33,2026-06-24 14:21:31,603661,恒林股份,34.02,-4.3038,35.1,35.3,33.19,35.55,175904369.0,35.55,32.7
2026-06-24T14:21:33,2026-06-24 14:21:30,603065,宿迁联盛,18.57,3.743,17.88,19.33,16.99,17.9,967536437.0,17.9,16.51
2026-06-24T14:21:33,2026-06-24 14:21:29,600791,京能置业,10.58,-1.2138,10.81,11.09,10.1,10.71,243809024.0,10.71,10.08
2026-06-24T14:21:33,2026-06-24 14:21:30,000012,南  玻Ａ,4.6,-1.4989,4.65,4.8,4.56,4.67,477954782.93,4.67,4.38
2026-06-24T14:21:33,2026-06-24 14:21:29,600183,生益科技,178.25,6.1834,167.9,179.38,167.0,167.87,12255677897.0,189.0,173.88
2026-06-24T14:21:33,2026-06-24 14:21:30,600769,祥龙电业,20.12,-8.4206,21.92,22.6,19.77,21.97,973652345.0,21.99,20.231
2026-06-24T14:22:34,2026-06-24 14:22:30,002367,康力电梯,6.59,10.0167,5.97,6.59,5.86,5.99,300815636.51,5.99,5.44
2026-06-24T14:22:34,2026-06-24 14:22:33,002386,天原股份,6.06,0.4975,5.99,6.1,5.92,6.03,180816107.15,6.03,5.51
2026-06-24T14:22:34,2026-06-24 14:22:31,603661,恒林股份,34.07,-4.1632,35.1,35.3,33.19,35.55,176914384.0,35.55,32.7
2026-06-24T14:22:34,2026-06-24 14:22:33,603065,宿迁联盛,18.58,3.7989,17.88,19.33,16.99,17.9,968649088.0,17.9,16.51
2026-06-24T14:22:34,2026-06-24 14:22:32,600791,京能置业,10.55,-1.4939,10.81,11.09,10.1,10.71,244920633.0,10.71,10.08
2026-06-24T14:22:34,2026-06-24 14:22:33,000012,南  玻Ａ,4.6,-1.4989,4.65,4.8,4.56,4.67,479876153.93,4.67,4.38
2026-06-24T14:22:34,2026-06-24 14:22:32,600183,生益科技,178.43,6.2906,167.9,179.38,167.0,167.87,12277273427.0,189.0,173.88
2026-06-24T14:22:34,2026-06-24 14:22:33,600769,祥龙电业,20.13,-8.3751,21.92,22.6,19.77,21.97,974288224.0,21.99,20.231
2026-06-24T14:23:36,2026-06-24 14:23:33,002367,康力电梯,6.59,10.0167,5.97,6.59,5.86,5.99,300997520.51,5.99,5.44
2026-06-24T14:23:36,2026-06-24 14:23:33,002386,天原股份,6.05,0.3317,5.99,6.1,5.92,6.03,180909339.15,6.03,5.51
2026-06-24T14:23:36,2026-06-24 14:23:34,603661,恒林股份,34.07,-4.1632,35.1,35.3,33.19,35.55,178266744.0,35.55,32.7
2026-06-24T14:23:36,2026-06-24 14:23:33,603065,宿迁联盛,18.48,3.2402,17.88,19.33,16.99,17.9,972861249.0,17.9,16.51
2026-06-24T14:23:36,2026-06-24 14:23:29,600791,京能置业,10.55,-1.4939,10.81,11.09,10.1,10.71,245176093.0,10.71,10.08
2026-06-24T14:23:36,2026-06-24 14:23:33,000012,南  玻Ａ,4.61,-1.2848,4.65,4.8,4.56,4.67,480212317.33,4.67,4.38
2026-06-24T14:23:36,2026-06-24 14:23:32,600183,生益科技,178.3,6.2131,167.9,179.38,167.0,167.87,12305069890.0,189.0,173.88
2026-06-24T14:23:36,2026-06-24 14:23:33,600769,祥龙电业,20.09,-8.5571,21.92,22.6,19.77,21.97,975462719.0,21.99,20.231
2026-06-24T14:24:37,2026-06-24 14:24:36,002367,康力电梯,6.59,10.0167,5.97,6.59,5.86,5.99,301094393.51,5.99,5.44
2026-06-24T14:24:37,2026-06-24 14:24:36,002386,天原股份,6.06,0.4975,5.99,6.1,5.92,6.03,181097656.15,6.03,5.51
2026-06-24T14:24:37,2026-06-24 14:24:34,603661,恒林股份,34.14,-3.9662,35.1,35.3,33.19,35.55,179937097.0,35.55,32.7
2026-06-24T14:24:37,2026-06-24 14:24:36,603065,宿迁联盛,18.5,3.352,17.88,19.33,16.99,17.9,974385230.0,17.9,16.51
2026-06-24T14:24:37,2026-06-24 14:24:35,600791,京能置业,10.54,-1.5873,10.81,11.09,10.1,10.71,245416530.0,10.71,10.08
2026-06-24T14:24:37,2026-06-24 14:24:36,000012,南  玻Ａ,4.6,-1.4989,4.65,4.8,4.56,4.67,480671728.33,4.67,4.38
2026-06-24T14:24:37,2026-06-24 14:24:35,600183,生益科技,178.13,6.1119,167.9,179.38,167.0,167.87,12323994912.0,189.0,173.88
2026-06-24T14:24:37,2026-06-24 14:24:36,600769,祥龙电业,20.17,-8.193,21.92,22.6,19.77,21.97,977232938.0,21.99,20.231
2026-06-24T14:25:38,2026-06-24 14:25:33,002367,康力电梯,6.59,10.0167,5.97,6.59,5.86,5.99,301180722.51,5.99,5.44
2026-06-24T14:25:38,2026-06-24 14:25:36,002386,天原股份,6.06,0.4975,5.99,6.1,5.92,6.03,181281818.15,6.03,5.51
2026-06-24T14:25:38,2026-06-24 14:25:34,603661,恒林股份,34.03,-4.2757,35.1,35.3,33.19,35.55,181947824.0,35.55,32.7
2026-06-24T14:25:38,2026-06-24 14:25:36,603065,宿迁联盛,18.49,3.2961,17.88,19.33,16.99,17.9,975696313.0,17.9,16.51
2026-06-24T14:25:38,2026-06-24 14:25:35,600791,京能置业,10.53,-1.6807,10.81,11.09,10.1,10.71,245650378.0,10.71,10.08
2026-06-24T14:25:38,2026-06-24 14:25:36,000012,南  玻Ａ,4.6,-1.4989,4.65,4.8,4.56,4.67,481391425.33,4.67,4.38
2026-06-24T14:25:38,2026-06-24 14:25:35,600183,生益科技,178.17,6.1357,167.9,179.38,167.0,167.87,12344278803.0,189.0,173.88
2026-06-24T14:25:38,2026-06-24 14:25:36,600769,祥龙电业,20.22,-7.9654,21.92,22.6,19.77,21.97,978538900.0,21.99,20.231
2026-06-24T14:26:42,2026-06-24 14:26:39,002367,康力电梯,6.59,10.0167,5.97,6.59,5.86,5.99,301301978.51,5.99,5.44
2026-06-24T14:26:42,2026-06-24 14:26:39,002386,天原股份,6.05,0.3317,5.99,6.1,5.92,6.03,181369609.15,6.03,5.51
2026-06-24T14:26:42,2026-06-24 14:26:40,603661,恒林股份,34.07,-4.1632,35.1,35.3,33.19,35.55,183515601.0,35.55,32.7
2026-06-24T14:26:42,2026-06-24 14:26:39,603065,宿迁联盛,18.49,3.2961,17.88,19.33,16.99,17.9,977399344.0,17.9,16.51
2026-06-24T14:26:42,2026-06-24 14:26:38,600791,京能置业,10.54,-1.5873,10.81,11.09,10.1,10.71,245752564.0,10.71,10.08
2026-06-24T14:26:42,2026-06-24 14:26:39,000012,南  玻Ａ,4.6,-1.4989,4.65,4.8,4.56,4.67,482766519.33,4.67,4.38
2026-06-24T14:26:42,2026-06-24 14:26:41,600183,生益科技,178.23,6.1714,167.9,179.38,167.0,167.87,12359707456.0,189.0,173.88
2026-06-24T14:26:42,2026-06-24 14:26:39,600769,祥龙电业,20.21,-8.0109,21.92,22.6,19.77,21.97,979064336.0,21.99,20.231
2026-06-24T14:27:43,2026-06-24 14:27:42,002367,康力电梯,6.59,10.0167,5.97,6.59,5.86,5.99,301558329.51,5.99,5.44
2026-06-24T14:27:43,2026-06-24 14:27:42,002386,天原股份,6.06,0.4975,5.99,6.1,5.92,6.03,181683295.15,6.03,5.51
2026-06-24T14:27:43,2026-06-24 14:27:40,603661,恒林股份,34.13,-3.9944,35.1,35.3,33.19,35.55,184694339.0,35.55,32.7
2026-06-24T14:27:43,2026-06-24 14:27:42,603065,宿迁联盛,18.5,3.352,17.88,19.33,16.99,17.9,980397061.0,17.9,16.51
2026-06-24T14:27:43,2026-06-24 14:27:41,600791,京能置业,10.53,-1.6807,10.81,11.09,10.1,10.71,246127695.0,10.71,10.08
2026-06-24T14:27:43,2026-06-24 14:27:42,000012,南  玻Ａ,4.59,-1.7131,4.65,4.8,4.56,4.67,483088285.33,4.67,4.38
2026-06-24T14:27:43,2026-06-24 14:27:41,600183,生益科技,178.23,6.1714,167.9,179.38,167.0,167.87,12378388049.0,189.0,173.88
2026-06-24T14:27:43,2026-06-24 14:27:42,600769,祥龙电业,20.27,-7.7378,21.92,22.6,19.77,21.97,980017681.0,21.99,20.231
2026-06-24T14:28:44,2026-06-24 14:28:42,002367,康力电梯,6.59,10.0167,5.97,6.59,5.86,5.99,302503994.51,5.99,5.44
2026-06-24T14:28:44,2026-06-24 14:28:42,002386,天原股份,6.05,0.3317,5.99,6.1,5.92,6.03,181755355.15,6.03,5.51
2026-06-24T14:28:44,2026-06-24 14:28:43,603661,恒林股份,34.09,-4.1069,35.1,35.3,33.19,35.55,185120452.0,35.55,32.7
2026-06-24T14:28:44,2026-06-24 14:28:42,603065,宿迁联盛,18.52,3.4637,17.88,19.33,16.99,17.9,981026092.0,17.9,16.51
2026-06-24T14:28:44,2026-06-24 14:28:44,600791,京能置业,10.51,-1.8674,10.81,11.09,10.1,10.71,246439100.0,10.71,10.08
2026-06-24T14:28:44,2026-06-24 14:28:45,000012,南  玻Ａ,4.6,-1.4989,4.65,4.8,4.56,4.67,483577798.33,4.67,4.38
2026-06-24T14:28:44,2026-06-24 14:28:44,600183,生益科技,177.92,5.9868,167.9,179.38,167.0,167.87,12419427275.0,189.0,173.88
2026-06-24T14:28:44,2026-06-24 14:28:45,600769,祥龙电业,20.22,-7.9654,21.92,22.6,19.77,21.97,981462934.0,21.99,20.231
2026-06-24T14:29:47,2026-06-24 14:29:45,002367,康力电梯,6.59,10.0167,5.97,6.59,5.86,5.99,303216373.51,5.99,5.44
2026-06-24T14:29:47,2026-06-24 14:29:45,002386,天原股份,6.06,0.4975,5.99,6.1,5.92,6.03,182168285.15,6.03,5.51
2026-06-24T14:29:47,2026-06-24 14:29:46,603661,恒林股份,34.13,-3.9944,35.1,35.3,33.19,35.55,185803078.0,35.55,32.7
2026-06-24T14:29:47,2026-06-24 14:29:45,603065,宿迁联盛,18.58,3.7989,17.88,19.33,16.99,17.9,982088215.0,17.9,16.51
2026-06-24T14:29:47,2026-06-24 14:29:44,600791,京能置业,10.51,-1.8674,10.81,11.09,10.1,10.71,246737663.0,10.71,10.08
2026-06-24T14:29:47,2026-06-24 14:29:45,000012,南  玻Ａ,4.6,-1.4989,4.65,4.8,4.56,4.67,484304046.33,4.67,4.38
2026-06-24T14:29:47,2026-06-24 14:29:44,600183,生益科技,178.21,6.1595,167.9,179.38,167.0,167.87,12434670841.0,189.0,173.88
2026-06-24T14:29:47,2026-06-24 14:29:45,600769,祥龙电业,20.2,-8.0564,21.92,22.6,19.77,21.97,983271680.0,21.99,20.231
2026-06-24T14:30:48,2026-06-24 14:30:48,002367,康力电梯,6.58,9.8497,5.97,6.59,5.86,5.99,319062567.51,5.99,5.44
2026-06-24T14:30:48,2026-06-24 14:30:48,002386,天原股份,6.06,0.4975,5.99,6.1,5.92,6.03,182594161.15,6.03,5.51
2026-06-24T14:30:48,2026-06-24 14:30:46,603661,恒林股份,34.05,-4.2194,35.1,35.3,33.19,35.55,186774235.0,35.55,32.7
2026-06-24T14:30:48,2026-06-24 14:30:45,603065,宿迁联盛,18.56,3.6872,17.88,19.33,16.99,17.9,985338105.0,17.9,16.51
2026-06-24T14:30:48,2026-06-24 14:30:47,600791,京能置业,10.5,-1.9608,10.81,11.09,10.1,10.71,246977256.0,10.71,10.08
2026-06-24T14:30:48,2026-06-24 14:30:48,000012,南  玻Ａ,4.62,-1.0707,4.65,4.8,4.56,4.67,486614358.33,4.67,4.38
2026-06-24T14:30:48,2026-06-24 14:30:47,600183,生益科技,178.0,6.0344,167.9,179.38,167.0,167.87,12473373149.0,189.0,173.88
2026-06-24T14:30:48,2026-06-24 14:30:48,600769,祥龙电业,20.21,-8.0109,21.92,22.6,19.77,21.97,985725365.0,21.99,20.231
2026-06-24T14:31:50,2026-06-24 14:31:48,002367,康力电梯,6.59,10.0167,5.97,6.59,5.86,5.99,325389442.81,5.99,5.44
2026-06-24T14:31:50,2026-06-24 14:31:48,002386,天原股份,6.06,0.4975,5.99,6.1,5.92,6.03,182915886.15,6.03,5.51
2026-06-24T14:31:50,2026-06-24 14:31:49,603661,恒林股份,33.93,-4.557,35.1,35.3,33.19,35.55,188854798.0,35.55,32.7
2026-06-24T14:31:50,2026-06-24 14:31:48,603065,宿迁联盛,18.54,3.5754,17.88,19.33,16.99,17.9,986443361.0,17.9,16.51
2026-06-24T14:31:50,2026-06-24 14:31:44,600791,京能置业,10.51,-1.8674,10.81,11.09,10.1,10.71,247725669.0,10.71,10.08
2026-06-24T14:31:50,2026-06-24 14:31:48,000012,南  玻Ａ,4.63,-0.8565,4.65,4.8,4.56,4.67,487229743.33,4.67,4.38
2026-06-24T14:31:50,2026-06-24 14:31:47,600183,生益科技,177.82,5.9272,167.9,179.38,167.0,167.87,12503259136.0,189.0,173.88
2026-06-24T14:31:50,2026-06-24 14:31:48,600769,祥龙电业,20.22,-7.9654,21.92,22.6,19.77,21.97,986651297.0,21.99,20.231
2026-06-24T14:32:52,2026-06-24 14:32:51,002367,康力电梯,6.59,10.0167,5.97,6.59,5.86,5.99,330094658.81,5.99,5.44
2026-06-24T14:32:52,2026-06-24 14:32:51,002386,天原股份,6.06,0.4975,5.99,6.1,5.92,6.03,183229736.15,6.03,5.51
2026-06-24T14:32:52,2026-06-24 14:32:49,603661,恒林股份,33.86,-4.7539,35.1,35.3,33.19,35.55,189390203.0,35.55,32.7
2026-06-24T14:32:52,2026-06-24 14:32:48,603065,宿迁联盛,18.53,3.5196,17.88,19.33,16.99,17.9,988478440.0,17.9,16.51
2026-06-24T14:32:52,2026-06-24 14:32:50,600791,京能置业,10.51,-1.8674,10.81,11.09,10.1,10.71,248436106.0,10.71,10.08
2026-06-24T14:32:52,2026-06-24 14:32:51,000012,南  玻Ａ,4.64,-0.6424,4.65,4.8,4.56,4.67,488374201.33,4.67,4.38
2026-06-24T14:32:52,2026-06-24 14:32:50,600183,生益科技,177.92,5.9868,167.9,179.38,167.0,167.87,12538095022.0,189.0,173.88
2026-06-24T14:32:52,2026-06-24 14:32:51,600769,祥龙电业,20.22,-7.9654,21.92,22.6,19.77,21.97,987542429.0,21.99,20.231
2026-06-24T14:33:53,2026-06-24 14:33:51,002367,康力电梯,6.58,9.8497,5.97,6.59,5.86,5.99,334458978.81,5.99,5.44
2026-06-24T14:33:53,2026-06-24 14:33:51,002386,天原股份,6.06,0.4975,5.99,6.1,5.92,6.03,183655110.15,6.03,5.51
2026-06-24T14:33:53,2026-06-24 14:33:52,603661,恒林股份,33.81,-4.8945,35.1,35.3,33.19,35.55,190739496.0,35.55,32.7
2026-06-24T14:33:53,2026-06-24 14:33:51,603065,宿迁联盛,18.41,2.8492,17.88,19.33,16.99,17.9,996828560.0,17.9,16.51
2026-06-24T14:33:53,2026-06-24 14:33:50,600791,京能置业,10.51,-1.8674,10.81,11.09,10.1,10.71,248738706.0,10.71,10.08
2026-06-24T14:33:53,2026-06-24 14:33:51,000012,南  玻Ａ,4.64,-0.6424,4.65,4.8,4.56,4.67,489412059.33,4.67,4.38
2026-06-24T14:33:53,2026-06-24 14:33:50,600183,生益科技,177.8,5.9153,167.9,179.38,167.0,167.87,12558811752.0,189.0,173.88
2026-06-24T14:33:53,2026-06-24 14:33:51,600769,祥龙电业,20.27,-7.7378,21.92,22.6,19.77,21.97,990159362.0,21.99,20.231
2026-06-24T14:34:54,2026-06-24 14:34:54,002367,康力电梯,6.59,10.0167,5.97,6.59,5.86,5.99,342021273.81,5.99,5.44
2026-06-24T14:34:54,2026-06-24 14:34:51,002386,天原股份,6.05,0.3317,5.99,6.1,5.92,6.03,184330179.15,6.03,5.51
2026-06-24T14:34:54,2026-06-24 14:34:52,603661,恒林股份,33.81,-4.8945,35.1,35.3,33.19,35.55,191510633.0,35.55,32.7
2026-06-24T14:34:54,2026-06-24 14:34:51,603065,宿迁联盛,18.43,2.9609,17.88,19.33,16.99,17.9,999567083.0,17.9,16.51
2026-06-24T14:34:54,2026-06-24 14:34:50,600791,京能置业,10.5,-1.9608,10.81,11.09,10.1,10.71,249356120.0,10.71,10.08
2026-06-24T14:34:54,2026-06-24 14:34:54,000012,南  玻Ａ,4.62,-1.0707,4.65,4.8,4.56,4.67,491037826.33,4.67,4.38
2026-06-24T14:34:54,2026-06-24 14:34:50,600183,生益科技,177.55,5.7664,167.9,179.38,167.0,167.87,12605770168.0,189.0,173.88
2026-06-24T14:34:54,2026-06-24 14:34:51,600769,祥龙电业,20.25,-7.8289,21.92,22.6,19.77,21.97,991536565.0,21.99,20.231
2026-06-24T14:35:56,2026-06-24 14:35:54,002367,康力电梯,6.58,9.8497,5.97,6.59,5.86,5.99,345757890.91,5.99,5.44
2026-06-24T14:35:56,2026-06-24 14:35:54,002386,天原股份,6.06,0.4975,5.99,6.1,5.92,6.03,184726401.15,6.03,5.51
2026-06-24T14:35:56,2026-06-24 14:35:52,603661,恒林股份,33.79,-4.9508,35.1,35.3,33.19,35.55,192193507.0,35.55,32.7
2026-06-24T14:35:56,2026-06-24 14:35:54,603065,宿迁联盛,18.3,2.2346,17.88,19.33,16.99,17.9,1005557709.0,17.9,16.51
2026-06-24T14:35:56,2026-06-24 14:35:53,600791,京能置业,10.5,-1.9608,10.81,11.09,10.1,10.71,249950215.0,10.71,10.08
2026-06-24T14:35:56,2026-06-24 14:35:54,000012,南  玻Ａ,4.62,-1.0707,4.65,4.8,4.56,4.67,491463605.33,4.67,4.38
2026-06-24T14:35:56,2026-06-24 14:35:53,600183,生益科技,177.12,5.5102,167.9,179.38,167.0,167.87,12640635549.0,189.0,173.88
2026-06-24T14:35:56,2026-06-24 14:35:54,600769,祥龙电业,20.23,-7.9199,21.92,22.6,19.77,21.97,992939550.0,21.99,20.231
2026-06-24T14:36:58,2026-06-24 14:36:57,002367,康力电梯,6.57,9.6828,5.97,6.59,5.86,5.99,351127183.01,5.99,5.44
2026-06-24T14:36:58,2026-06-24 14:36:57,002386,天原股份,6.06,0.4975,5.99,6.1,5.92,6.03,185373273.15,6.03,5.51
2026-06-24T14:36:58,2026-06-24 14:36:55,603661,恒林股份,33.8,-4.9226,35.1,35.3,33.19,35.55,192751151.0,35.55,32.7
2026-06-24T14:36:58,2026-06-24 14:36:54,603065,宿迁联盛,18.39,2.7374,17.88,19.33,16.99,17.9,1008977303.0,17.9,16.51
2026-06-24T14:36:58,2026-06-24 14:36:56,600791,京能置业,10.5,-1.9608,10.81,11.09,10.1,10.71,250871903.0,10.71,10.08
2026-06-24T14:36:58,2026-06-24 14:36:57,000012,南  玻Ａ,4.61,-1.2848,4.65,4.8,4.56,4.67,492120031.33,4.67,4.38
2026-06-24T14:36:58,2026-06-24 14:36:56,600183,生益科技,177.31,5.6234,167.9,179.38,167.0,167.87,12670023106.0,189.0,173.88
2026-06-24T14:36:58,2026-06-24 14:36:57,600769,祥龙电业,20.21,-8.0109,21.92,22.6,19.77,21.97,994585996.0,21.99,20.231
2026-06-24T14:37:59,2026-06-24 14:37:57,002367,康力电梯,6.58,9.8497,5.97,6.59,5.86,5.99,358632664.11,5.99,5.44
2026-06-24T14:37:59,2026-06-24 14:37:57,002386,天原股份,6.05,0.3317,5.99,6.1,5.92,6.03,187126032.15,6.03,5.51
2026-06-24T14:37:59,2026-06-24 14:37:58,603661,恒林股份,33.71,-5.1758,35.1,35.3,33.19,35.55,194463050.0,35.55,32.7
2026-06-24T14:37:59,2026-06-24 14:37:57,603065,宿迁联盛,18.4,2.7933,17.88,19.33,16.99,17.9,1011916992.0,17.9,16.51
2026-06-24T14:37:59,2026-06-24 14:37:56,600791,京能置业,10.5,-1.9608,10.81,11.09,10.1,10.71,251608313.0,10.71,10.08
2026-06-24T14:37:59,2026-06-24 14:37:57,000012,南  玻Ａ,4.61,-1.2848,4.65,4.8,4.56,4.67,492573761.33,4.67,4.38
2026-06-24T14:37:59,2026-06-24 14:37:56,600183,生益科技,177.33,5.6353,167.9,179.38,167.0,167.87,12691694066.0,189.0,173.88
2026-06-24T14:37:59,2026-06-24 14:37:57,600769,祥龙电业,20.21,-8.0109,21.92,22.6,19.77,21.97,995620954.0,21.99,20.231
2026-06-24T14:39:00,2026-06-24 14:38:57,002367,康力电梯,6.59,10.0167,5.97,6.59,5.86,5.99,361219933.11,5.99,5.44
2026-06-24T14:39:00,2026-06-24 14:38:57,002386,天原股份,6.05,0.3317,5.99,6.1,5.92,6.03,187805787.35,6.03,5.51
2026-06-24T14:39:00,2026-06-24 14:38:58,603661,恒林股份,33.7,-5.2039,35.1,35.3,33.19,35.55,195052886.0,35.55,32.7
2026-06-24T14:39:00,2026-06-24 14:38:57,603065,宿迁联盛,18.43,2.9609,17.88,19.33,16.99,17.9,1013582416.0,17.9,16.51
2026-06-24T14:39:00,2026-06-24 14:38:56,600791,京能置业,10.5,-1.9608,10.81,11.09,10.1,10.71,251808940.0,10.71,10.08
2026-06-24T14:39:00,2026-06-24 14:38:57,000012,南  玻Ａ,4.62,-1.0707,4.65,4.8,4.56,4.67,492758673.33,4.67,4.38
2026-06-24T14:39:00,2026-06-24 14:38:56,600183,生益科技,177.3,5.6174,167.9,179.38,167.0,167.87,12725979823.0,189.0,173.88
2026-06-24T14:39:00,2026-06-24 14:38:57,600769,祥龙电业,20.19,-8.102,21.92,22.6,19.77,21.97,996972595.0,21.99,20.231
2026-06-24T14:40:01,2026-06-24 14:40:00,002367,康力电梯,6.58,9.8497,5.97,6.59,5.86,5.99,362722307.11,5.99,5.44
2026-06-24T14:40:01,2026-06-24 14:40:00,002386,天原股份,6.05,0.3317,5.99,6.1,5.92,6.03,188213682.35,6.03,5.51
2026-06-24T14:40:01,2026-06-24 14:39:58,603661,恒林股份,33.65,-5.3446,35.1,35.3,33.19,35.55,196564295.0,35.55,32.7
2026-06-24T14:40:01,2026-06-24 14:40:00,603065,宿迁联盛,18.36,2.5698,17.88,19.33,16.99,17.9,1016446670.0,17.9,16.51
2026-06-24T14:40:01,2026-06-24 14:39:59,600791,京能置业,10.5,-1.9608,10.81,11.09,10.1,10.71,252911704.0,10.71,10.08
2026-06-24T14:40:01,2026-06-24 14:40:00,000012,南  玻Ａ,4.61,-1.2848,4.65,4.8,4.56,4.67,493544595.8,4.67,4.38
2026-06-24T14:40:01,2026-06-24 14:39:59,600183,生益科技,177.2,5.5579,167.9,179.38,167.0,167.87,12752056607.0,189.0,173.88
2026-06-24T14:40:01,2026-06-24 14:40:00,600769,祥龙电业,20.2,-8.0564,21.92,22.6,19.77,21.97,998900647.0,21.99,20.231
2026-06-24T14:41:04,2026-06-24 14:41:03,002367,康力电梯,6.58,9.8497,5.97,6.59,5.86,5.99,364129552.11,5.99,5.44
2026-06-24T14:41:04,2026-06-24 14:41:03,002386,天原股份,6.05,0.3317,5.99,6.1,5.92,6.03,188607385.85,6.03,5.51
2026-06-24T14:41:04,2026-06-24 14:41:01,603661,恒林股份,33.64,-5.3727,35.1,35.3,33.19,35.55,196850274.0,35.55,32.7
2026-06-24T14:41:04,2026-06-24 14:41:03,603065,宿迁联盛,18.39,2.7374,17.88,19.33,16.99,17.9,1018433788.0,17.9,16.51
2026-06-24T14:41:04,2026-06-24 14:41:02,600791,京能置业,10.51,-1.8674,10.81,11.09,10.1,10.71,253702743.0,10.71,10.08
2026-06-24T14:41:04,2026-06-24 14:41:03,000012,南  玻Ａ,4.61,-1.2848,4.65,4.8,4.56,4.67,493915700.8,4.67,4.38
2026-06-24T14:41:04,2026-06-24 14:41:02,600183,生益科技,176.93,5.397,167.9,179.38,167.0,167.87,12790790682.0,189.0,173.88
2026-06-24T14:41:04,2026-06-24 14:41:03,600769,祥龙电业,20.15,-8.284,21.92,22.6,19.77,21.97,1000294498.0,21.99,20.231
2026-06-24T14:42:05,2026-06-24 14:42:03,002367,康力电梯,6.59,10.0167,5.97,6.59,5.86,5.99,364805090.11,5.99,5.44
2026-06-24T14:42:05,2026-06-24 14:42:03,002386,天原股份,6.05,0.3317,5.99,6.1,5.92,6.03,190312196.85,6.03,5.51
2026-06-24T14:42:05,2026-06-24 14:42:04,603661,恒林股份,33.63,-5.4008,35.1,35.3,33.19,35.55,197552957.0,35.55,32.7
2026-06-24T14:42:05,2026-06-24 14:42:03,603065,宿迁联盛,18.4,2.7933,17.88,19.33,16.99,17.9,1019741414.0,17.9,16.51
2026-06-24T14:42:05,2026-06-24 14:42:02,600791,京能置业,10.52,-1.774,10.81,11.09,10.1,10.71,254430563.0,10.71,10.08
2026-06-24T14:42:05,2026-06-24 14:42:03,000012,南  玻Ａ,4.62,-1.0707,4.65,4.8,4.56,4.67,494880158.8,4.67,4.38
2026-06-24T14:42:05,2026-06-24 14:42:02,600183,生益科技,177.01,5.4447,167.9,179.38,167.0,167.87,12827834843.0,189.0,173.88
2026-06-24T14:42:05,2026-06-24 14:42:03,600769,祥龙电业,20.12,-8.4206,21.92,22.6,19.77,21.97,1002116750.0,21.99,20.231
2026-06-24T14:43:06,2026-06-24 14:43:03,002367,康力电梯,6.58,9.8497,5.97,6.59,5.86,5.99,365808743.11,5.99,5.44
2026-06-24T14:43:06,2026-06-24 14:43:03,002386,天原股份,6.05,0.3317,5.99,6.1,5.92,6.03,190701788.85,6.03,5.51
2026-06-24T14:43:06,2026-06-24 14:43:04,603661,恒林股份,33.63,-5.4008,35.1,35.3,33.19,35.55,197879123.0,35.55,32.7
2026-06-24T14:43:06,2026-06-24 14:43:03,603065,宿迁联盛,18.4,2.7933,17.88,19.33,16.99,17.9,1022198625.0,17.9,16.51
2026-06-24T14:43:06,2026-06-24 14:43:05,600791,京能置业,10.53,-1.6807,10.81,11.09,10.1,10.71,255200444.0,10.71,10.08
2026-06-24T14:43:06,2026-06-24 14:43:06,000012,南  玻Ａ,4.62,-1.0707,4.65,4.8,4.56,4.67,495282122.8,4.67,4.38
2026-06-24T14:43:06,2026-06-24 14:43:05,600183,生益科技,177.07,5.4804,167.9,179.38,167.0,167.87,12857820188.0,189.0,173.88
2026-06-24T14:43:06,2026-06-24 14:43:06,600769,祥龙电业,20.16,-8.2385,21.92,22.6,19.77,21.97,1006389489.0,21.99,20.231
2026-06-24T14:44:08,2026-06-24 14:44:06,002367,康力电梯,6.58,9.8497,5.97,6.59,5.86,5.99,366475107.11,5.99,5.44
2026-06-24T14:44:08,2026-06-24 14:44:06,002386,天原股份,6.06,0.4975,5.99,6.1,5.92,6.03,191092253.85,6.03,5.51
2026-06-24T14:44:08,2026-06-24 14:44:07,603661,恒林股份,33.64,-5.3727,35.1,35.3,33.19,35.55,198531641.0,35.55,32.7
2026-06-24T14:44:08,2026-06-24 14:44:06,603065,宿迁联盛,18.39,2.7374,17.88,19.33,16.99,17.9,1025904912.0,17.9,16.51
2026-06-24T14:44:08,2026-06-24 14:44:05,600791,京能置业,10.55,-1.4939,10.81,11.09,10.1,10.71,256181701.0,10.71,10.08
2026-06-24T14:44:08,2026-06-24 14:44:06,000012,南  玻Ａ,4.61,-1.2848,4.65,4.8,4.56,4.67,495794336.8,4.67,4.38
2026-06-24T14:44:08,2026-06-24 14:44:05,600183,生益科技,177.5,5.7366,167.9,179.38,167.0,167.87,12878402064.0,189.0,173.88
2026-06-24T14:44:08,2026-06-24 14:44:06,600769,祥龙电业,20.16,-8.2385,21.92,22.6,19.77,21.97,1006939798.0,21.99,20.231
2026-06-24T14:45:09,2026-06-24 14:45:06,002367,康力电梯,6.59,10.0167,5.97,6.59,5.86,5.99,367229821.11,5.99,5.44
2026-06-24T14:45:09,2026-06-24 14:45:06,002386,天原股份,6.06,0.4975,5.99,6.1,5.92,6.03,191474490.85,6.03,5.51
2026-06-24T14:45:09,2026-06-24 14:45:07,603661,恒林股份,33.72,-5.1477,35.1,35.3,33.19,35.55,199535702.0,35.55,32.7
2026-06-24T14:45:09,2026-06-24 14:45:06,603065,宿迁联盛,18.33,2.4022,17.88,19.33,16.99,17.9,1030834385.0,17.9,16.51
2026-06-24T14:45:09,2026-06-24 14:45:05,600791,京能置业,10.54,-1.5873,10.81,11.09,10.1,10.71,257156816.0,10.71,10.08
2026-06-24T14:45:09,2026-06-24 14:45:09,000012,南  玻Ａ,4.62,-1.0707,4.65,4.8,4.56,4.67,497558324.8,4.67,4.38
2026-06-24T14:45:09,2026-06-24 14:45:05,600183,生益科技,177.25,5.5877,167.9,179.38,167.0,167.87,12916161254.0,189.0,173.88
2026-06-24T14:45:09,2026-06-24 14:45:06,600769,祥龙电业,20.19,-8.102,21.92,22.6,19.77,21.97,1009404687.0,21.99,20.231
2026-06-24T14:46:11,2026-06-24 14:46:09,002367,康力电梯,6.59,10.0167,5.97,6.59,5.86,5.99,368349948.11,5.99,5.44
2026-06-24T14:46:11,2026-06-24 14:46:09,002386,天原股份,6.06,0.4975,5.99,6.1,5.92,6.03,191994835.85,6.03,5.51
2026-06-24T14:46:11,2026-06-24 14:46:10,603661,恒林股份,33.68,-5.2602,35.1,35.3,33.19,35.55,201221097.0,35.55,32.7
2026-06-24T14:46:11,2026-06-24 14:46:09,603065,宿迁联盛,18.35,2.514,17.88,19.33,16.99,17.9,1033041159.0,17.9,16.51
2026-06-24T14:46:11,2026-06-24 14:46:08,600791,京能置业,10.53,-1.6807,10.81,11.09,10.1,10.71,257744985.0,10.71,10.08
2026-06-24T14:46:11,2026-06-24 14:46:09,000012,南  玻Ａ,4.61,-1.2848,4.65,4.8,4.56,4.67,499336556.8,4.67,4.38
2026-06-24T14:46:11,2026-06-24 14:46:08,600183,生益科技,177.24,5.5817,167.9,179.38,167.0,167.87,12951138618.0,189.0,173.88
2026-06-24T14:46:11,2026-06-24 14:46:09,600769,祥龙电业,20.18,-8.1475,21.92,22.6,19.77,21.97,1011196957.0,21.99,20.231
2026-06-24T14:47:13,2026-06-24 14:47:12,002367,康力电梯,6.58,9.8497,5.97,6.59,5.86,5.99,369767949.11,5.99,5.44
2026-06-24T14:47:13,2026-06-24 14:47:09,002386,天原股份,6.06,0.4975,5.99,6.1,5.92,6.03,192617645.85,6.03,5.51
2026-06-24T14:47:13,2026-06-24 14:47:10,603661,恒林股份,33.68,-5.2602,35.1,35.3,33.19,35.55,202214104.0,35.55,32.7
2026-06-24T14:47:13,2026-06-24 14:47:09,603065,宿迁联盛,18.4,2.7933,17.88,19.33,16.99,17.9,1036086242.0,17.9,16.51
2026-06-24T14:47:13,2026-06-24 14:47:08,600791,京能置业,10.56,-1.4006,10.81,11.09,10.1,10.71,259010997.0,10.71,10.08
2026-06-24T14:47:13,2026-06-24 14:47:12,000012,南  玻Ａ,4.61,-1.2848,4.65,4.8,4.56,4.67,499794872.8,4.67,4.38
2026-06-24T14:47:13,2026-06-24 14:47:11,600183,生益科技,177.53,5.7545,167.9,179.38,167.0,167.87,12983788499.0,189.0,173.88
2026-06-24T14:47:13,2026-06-24 14:47:09,600769,祥龙电业,20.23,-7.9199,21.92,22.6,19.77,21.97,1015225033.0,21.99,20.231
2026-06-24T14:48:15,2026-06-24 14:48:12,002367,康力电梯,6.59,10.0167,5.97,6.59,5.86,5.99,371255777.11,5.99,5.44
2026-06-24T14:48:15,2026-06-24 14:48:12,002386,天原股份,6.07,0.6633,5.99,6.1,5.92,6.03,193881577.85,6.03,5.51
2026-06-24T14:48:15,2026-06-24 14:48:13,603661,恒林股份,33.71,-5.1758,35.1,35.3,33.19,35.55,203140390.0,35.55,32.7
2026-06-24T14:48:15,2026-06-24 14:48:12,603065,宿迁联盛,18.4,2.7933,17.88,19.33,16.99,17.9,1039812033.0,17.9,16.51
2026-06-24T14:48:15,2026-06-24 14:48:14,600791,京能置业,10.56,-1.4006,10.81,11.09,10.1,10.71,259813121.0,10.71,10.08
2026-06-24T14:48:15,2026-06-24 14:48:12,000012,南  玻Ａ,4.61,-1.2848,4.65,4.8,4.56,4.67,500533496.8,4.67,4.38
2026-06-24T14:48:15,2026-06-24 14:48:14,600183,生益科技,177.42,5.6889,167.9,179.38,167.0,167.87,13015599647.0,189.0,173.88
2026-06-24T14:48:15,2026-06-24 14:48:12,600769,祥龙电业,20.22,-7.9654,21.92,22.6,19.77,21.97,1017376805.0,21.99,20.231
2026-06-24T14:49:17,2026-06-24 14:49:15,002367,康力电梯,6.58,9.8497,5.97,6.59,5.86,5.99,372719425.11,5.99,5.44
2026-06-24T14:49:17,2026-06-24 14:49:15,002386,天原股份,6.06,0.4975,5.99,6.1,5.92,6.03,195087855.85,6.03,5.51
2026-06-24T14:49:17,2026-06-24 14:49:16,603661,恒林股份,33.73,-5.1195,35.1,35.3,33.19,35.55,203845706.0,35.55,32.7
2026-06-24T14:49:17,2026-06-24 14:49:15,603065,宿迁联盛,18.4,2.7933,17.88,19.33,16.99,17.9,1042433519.0,17.9,16.51
2026-06-24T14:49:17,2026-06-24 14:49:14,600791,京能置业,10.59,-1.1204,10.81,11.09,10.1,10.71,260968700.0,10.71,10.08
2026-06-24T14:49:17,2026-06-24 14:49:15,000012,南  玻Ａ,4.61,-1.2848,4.65,4.8,4.56,4.67,501245612.8,4.67,4.38
2026-06-24T14:49:17,2026-06-24 14:49:14,600183,生益科技,177.28,5.6055,167.9,179.38,167.0,167.87,13053148023.0,189.0,173.88
2026-06-24T14:49:17,2026-06-24 14:49:15,600769,祥龙电业,20.25,-7.8289,21.92,22.6,19.77,21.97,1022833682.0,21.99,20.231
2026-06-24T14:50:19,2026-06-24 14:50:18,002367,康力电梯,6.57,9.6828,5.97,6.59,5.86,5.99,375434500.11,5.99,5.44
2026-06-24T14:50:19,2026-06-24 14:50:18,002386,天原股份,6.07,0.6633,5.99,6.1,5.92,6.03,196490596.85,6.03,5.51
2026-06-24T14:50:19,2026-06-24 14:50:16,603661,恒林股份,33.82,-4.8664,35.1,35.3,33.19,35.55,206311464.0,35.55,32.7
2026-06-24T14:50:19,2026-06-24 14:50:15,603065,宿迁联盛,18.4,2.7933,17.88,19.33,16.99,17.9,1045389364.0,17.9,16.51
2026-06-24T14:50:19,2026-06-24 14:50:17,600791,京能置业,10.58,-1.2138,10.81,11.09,10.1,10.71,262729743.0,10.71,10.08
2026-06-24T14:50:19,2026-06-24 14:50:18,000012,南  玻Ａ,4.62,-1.0707,4.65,4.8,4.56,4.67,501965699.8,4.67,4.38
2026-06-24T14:50:19,2026-06-24 14:50:17,600183,生益科技,177.3,5.6174,167.9,179.38,167.0,167.87,13094858957.0,189.0,173.88
2026-06-24T14:50:19,2026-06-24 14:50:15,600769,祥龙电业,20.19,-8.102,21.92,22.6,19.77,21.97,1023969756.0,21.99,20.231
2026-06-24T14:51:21,2026-06-24 14:51:21,002367,康力电梯,6.57,9.6828,5.97,6.59,5.86,5.99,377961246.11,5.99,5.44
2026-06-24T14:51:21,2026-06-24 14:51:21,002386,天原股份,6.08,0.8292,5.99,6.1,5.92,6.03,197147723.85,6.03,5.51
2026-06-24T14:51:21,2026-06-24 14:51:19,603661,恒林股份,33.81,-4.8945,35.1,35.3,33.19,35.55,207170447.0,35.55,32.7
2026-06-24T14:51:21,2026-06-24 14:51:18,603065,宿迁联盛,18.4,2.7933,17.88,19.33,16.99,17.9,1049200727.0,17.9,16.51
2026-06-24T14:51:21,2026-06-24 14:51:17,600791,京能置业,10.62,-0.8403,10.81,11.09,10.1,10.71,263843940.0,10.71,10.08
2026-06-24T14:51:21,2026-06-24 14:51:21,000012,南  玻Ａ,4.61,-1.2848,4.65,4.8,4.56,4.67,503032222.8,4.67,4.38
2026-06-24T14:51:21,2026-06-24 14:51:20,600183,生益科技,177.26,5.5936,167.9,179.38,167.0,167.87,13150749716.0,189.0,173.88
2026-06-24T14:51:21,2026-06-24 14:51:18,600769,祥龙电业,20.17,-8.193,21.92,22.6,19.77,21.97,1027490490.0,21.99,20.231
2026-06-24T14:52:22,2026-06-24 14:52:21,002367,康力电梯,6.57,9.6828,5.97,6.59,5.86,5.99,378980521.11,5.99,5.44
2026-06-24T14:52:22,2026-06-24 14:52:21,002386,天原股份,6.09,0.995,5.99,6.1,5.92,6.03,198744719.33,6.03,5.51
2026-06-24T14:52:22,2026-06-24 14:52:19,603661,恒林股份,33.98,-4.4163,35.1,35.3,33.19,35.55,208132981.0,35.55,32.7
2026-06-24T14:52:22,2026-06-24 14:52:21,603065,宿迁联盛,18.41,2.8492,17.88,19.33,16.99,17.9,1054539398.0,17.9,16.51
2026-06-24T14:52:22,2026-06-24 14:52:20,600791,京能置业,10.61,-0.9337,10.81,11.09,10.1,10.71,264755672.0,10.71,10.08
2026-06-24T14:52:22,2026-06-24 14:52:21,000012,南  玻Ａ,4.61,-1.2848,4.65,4.8,4.56,4.67,504486463.8,4.67,4.38
2026-06-24T14:52:22,2026-06-24 14:52:20,600183,生益科技,177.3,5.6174,167.9,179.38,167.0,167.87,13194309338.0,189.0,173.88
2026-06-24T14:52:22,2026-06-24 14:52:21,600769,祥龙电业,20.19,-8.102,21.92,22.6,19.77,21.97,1031326173.0,21.99,20.231
2026-06-24T14:53:24,2026-06-24 14:53:21,002367,康力电梯,6.57,9.6828,5.97,6.59,5.86,5.99,381696440.11,5.99,5.44
2026-06-24T14:53:24,2026-06-24 14:53:21,002386,天原股份,6.09,0.995,5.99,6.1,5.92,6.03,200979695.33,6.03,5.51
2026-06-24T14:53:24,2026-06-24 14:53:22,603661,恒林股份,34.05,-4.2194,35.1,35.3,33.19,35.55,211392414.0,35.55,32.7
2026-06-24T14:53:24,2026-06-24 14:53:21,603065,宿迁联盛,18.38,2.6816,17.88,19.33,16.99,17.9,1064552800.0,17.9,16.51
2026-06-24T14:53:24,2026-06-24 14:53:23,600791,京能置业,10.64,-0.6536,10.81,11.09,10.1,10.71,266320398.0,10.71,10.08
2026-06-24T14:53:24,2026-06-24 14:53:21,000012,南  玻Ａ,4.62,-1.0707,4.65,4.8,4.56,4.67,508070082.61,4.67,4.38
2026-06-24T14:53:24,2026-06-24 14:53:23,600183,生益科技,177.34,5.6413,167.9,179.38,167.0,167.87,13238547309.0,189.0,173.88
2026-06-24T14:53:24,2026-06-24 14:53:21,600769,祥龙电业,20.23,-7.9199,21.92,22.6,19.77,21.97,1035704787.0,21.99,20.231
2026-06-24T14:54:25,2026-06-24 14:54:24,002367,康力电梯,6.57,9.6828,5.97,6.59,5.86,5.99,383081433.11,5.99,5.44
2026-06-24T14:54:25,2026-06-24 14:54:24,002386,天原股份,6.09,0.995,5.99,6.1,5.92,6.03,202725614.33,6.03,5.51
2026-06-24T14:54:25,2026-06-24 14:54:22,603661,恒林股份,33.9,-4.6414,35.1,35.3,33.19,35.55,213495384.0,35.55,32.7
2026-06-24T14:54:25,2026-06-24 14:54:21,603065,宿迁联盛,18.39,2.7374,17.88,19.33,16.99,17.9,1070698213.0,17.9,16.51
2026-06-24T14:54:25,2026-06-24 14:54:20,600791,京能置业,10.65,-0.5602,10.81,11.09,10.1,10.71,267209103.0,10.71,10.08
2026-06-24T14:54:25,2026-06-24 14:54:24,000012,南  玻Ａ,4.63,-0.8565,4.65,4.8,4.56,4.67,509776730.95,4.67,4.38
2026-06-24T14:54:25,2026-06-24 14:54:20,600183,生益科技,177.6,5.7962,167.9,179.38,167.0,167.87,13280765474.0,189.0,173.88
2026-06-24T14:54:25,2026-06-24 14:54:21,600769,祥龙电业,20.21,-8.0109,21.92,22.6,19.77,21.97,1038390364.0,21.99,20.231
2026-06-24T14:55:26,2026-06-24 14:55:24,002367,康力电梯,6.58,9.8497,5.97,6.59,5.86,5.99,384227585.11,5.99,5.44
2026-06-24T14:55:26,2026-06-24 14:55:24,002386,天原股份,6.09,0.995,5.99,6.1,5.92,6.03,204690474.33,6.03,5.51
2026-06-24T14:55:26,2026-06-24 14:55:25,603661,恒林股份,33.91,-4.6132,35.1,35.3,33.19,35.55,214739886.0,35.55,32.7
2026-06-24T14:55:26,2026-06-24 14:55:24,603065,宿迁联盛,18.39,2.7374,17.88,19.33,16.99,17.9,1077387542.0,17.9,16.51
2026-06-24T14:55:26,2026-06-24 14:55:23,600791,京能置业,10.64,-0.6536,10.81,11.09,10.1,10.71,269252310.0,10.71,10.08
2026-06-24T14:55:26,2026-06-24 14:55:24,000012,南  玻Ａ,4.63,-0.8565,4.65,4.8,4.56,4.67,511854355.95,4.67,4.38
2026-06-24T14:55:26,2026-06-24 14:55:23,600183,生益科技,177.2,5.5579,167.9,179.38,167.0,167.87,13384198739.0,189.0,173.88
2026-06-24T14:55:26,2026-06-24 14:55:24,600769,祥龙电业,20.2,-8.0564,21.92,22.6,19.77,21.97,1043773694.0,21.99,20.231
2026-06-24T14:56:29,2026-06-24 14:56:27,002367,康力电梯,6.58,9.8497,5.97,6.59,5.86,5.99,386475112.11,5.99,5.44
2026-06-24T14:56:29,2026-06-24 14:56:27,002386,天原股份,6.09,0.995,5.99,6.1,5.92,6.03,209667751.74,6.03,5.51
2026-06-24T14:56:29,2026-06-24 14:56:28,603661,恒林股份,33.9,-4.6414,35.1,35.3,33.19,35.55,216916817.0,35.55,32.7
2026-06-24T14:56:29,2026-06-24 14:56:27,603065,宿迁联盛,18.35,2.514,17.88,19.33,16.99,17.9,1088597419.0,17.9,16.51
2026-06-24T14:56:29,2026-06-24 14:56:26,600791,京能置业,10.65,-0.5602,10.81,11.09,10.1,10.71,272622020.0,10.71,10.08
2026-06-24T14:56:29,2026-06-24 14:56:27,000012,南  玻Ａ,4.62,-1.0707,4.65,4.8,4.56,4.67,515824638.95,4.67,4.38
2026-06-24T14:56:29,2026-06-24 14:56:26,600183,生益科技,177.23,5.5757,167.9,179.38,167.0,167.87,13465250055.0,189.0,173.88
2026-06-24T14:56:29,2026-06-24 14:56:27,600769,祥龙电业,20.19,-8.102,21.92,22.6,19.77,21.97,1048953320.0,21.99,20.231
2026-06-24T14:57:31,2026-06-24 14:57:27,002367,康力电梯,6.58,9.8497,5.97,6.59,5.86,5.99,388231012.11,5.99,5.44
2026-06-24T14:57:31,2026-06-24 14:57:27,002386,天原股份,6.09,0.995,5.99,6.1,5.92,6.03,210934460.74,6.03,5.51
2026-06-24T14:57:31,2026-06-24 14:57:28,603661,恒林股份,33.91,-4.6132,35.1,35.3,33.19,35.55,218248916.0,35.55,32.7
2026-06-24T14:57:31,2026-06-24 14:57:30,603065,宿迁联盛,18.39,2.7374,17.88,19.33,16.99,17.9,1091866048.0,17.9,16.51
2026-06-24T14:57:31,2026-06-24 14:57:29,600791,京能置业,10.68,-0.2801,10.81,11.09,10.1,10.71,273693286.0,10.71,10.08
2026-06-24T14:57:31,2026-06-24 14:57:27,000012,南  玻Ａ,4.62,-1.0707,4.65,4.8,4.56,4.67,517654859.95,4.67,4.38
2026-06-24T14:57:31,2026-06-24 14:57:29,600183,生益科技,177.3,5.6174,167.9,179.38,167.0,167.87,13496910104.0,189.0,173.88
2026-06-24T14:57:31,2026-06-24 14:57:30,600769,祥龙电业,20.49,-6.7365,21.92,22.6,19.77,21.97,1057536618.0,21.99,20.231
2026-06-24T14:58:32,2026-06-24 14:58:30,002367,康力电梯,6.58,9.8497,5.97,6.59,5.86,5.99,388231012.11,5.99,5.44
2026-06-24T14:58:32,2026-06-24 14:58:30,002386,天原股份,6.09,0.995,5.99,6.1,5.92,6.03,210934460.74,6.03,5.51
2026-06-24T14:58:32,2026-06-24 14:58:28,603661,恒林股份,33.91,-4.6132,35.1,35.3,33.19,35.55,218248916.0,35.55,32.7
2026-06-24T14:58:32,2026-06-24 14:58:30,603065,宿迁联盛,18.39,2.7374,17.88,19.33,16.99,17.9,1091866048.0,17.9,16.51
2026-06-24T14:58:32,2026-06-24 14:58:26,600791,京能置业,10.68,-0.2801,10.81,11.09,10.1,10.71,273693286.0,10.71,10.08
2026-06-24T14:58:32,2026-06-24 14:58:30,000012,南  玻Ａ,4.62,-1.0707,4.65,4.8,4.56,4.67,517654859.95,4.67,4.38
2026-06-24T14:58:32,2026-06-24 14:58:29,600183,生益科技,177.3,5.6174,167.9,179.38,167.0,167.87,13496910104.0,189.0,173.88
2026-06-24T14:58:32,2026-06-24 14:58:30,600769,祥龙电业,20.49,-6.7365,21.92,22.6,19.77,21.97,1057536618.0,21.99,20.231
2026-06-24T14:59:33,2026-06-24 14:59:24,002367,康力电梯,6.58,9.8497,5.97,6.59,5.86,5.99,388231012.11,5.99,5.44
2026-06-24T14:59:33,2026-06-24 14:59:24,002386,天原股份,6.09,0.995,5.99,6.1,5.92,6.03,210934460.74,6.03,5.51
2026-06-24T14:59:33,2026-06-24 14:59:31,603661,恒林股份,33.91,-4.6132,35.1,35.3,33.19,35.55,218248916.0,35.55,32.7
2026-06-24T14:59:33,2026-06-24 14:59:30,603065,宿迁联盛,18.39,2.7374,17.88,19.33,16.99,17.9,1091866048.0,17.9,16.51
2026-06-24T14:59:33,2026-06-24 14:59:32,600791,京能置业,10.68,-0.2801,10.81,11.09,10.1,10.71,273693286.0,10.71,10.08
2026-06-24T14:59:33,2026-06-24 14:59:24,000012,南  玻Ａ,4.62,-1.0707,4.65,4.8,4.56,4.67,517654859.95,4.67,4.38
2026-06-24T14:59:33,2026-06-24 14:59:32,600183,生益科技,177.3,5.6174,167.9,179.38,167.0,167.87,13496910104.0,189.0,173.88
2026-06-24T14:59:33,2026-06-24 14:59:30,600769,祥龙电业,20.49,-6.7365,21.92,22.6,19.77,21.97,1057536618.0,21.99,20.231
