local_time,quote_time,code,name,price,pct,open,high,low,prev_close,amount,trigger_price,invalid_price
2026-06-25T09:25:45,2026-06-25 09:25:38,600488,津药药业,4.84,-2.8112,4.84,4.84,4.84,4.98,15164688.0,4.98,4.57
2026-06-25T09:25:45,2026-06-25 09:25:00,002522,浙江众成,7.47,-0.6649,7.47,7.47,7.47,7.52,7895790.0,7.52,6.92
2026-06-25T09:25:45,2026-06-25 09:25:00,002374,中锐股份,3.52,-0.8451,3.52,3.52,3.52,3.55,4386976.0,3.55,3.24
2026-06-25T09:25:45,2026-06-25 09:25:00,002728,特一药业,8.73,-0.9081,8.73,8.73,8.73,8.81,6207903.0,8.81,8.02
2026-06-25T09:25:45,2026-06-25 09:25:26,603669,灵康药业,5.43,-5.4007,5.43,5.43,5.43,5.74,6813564.0,5.74,5.05
2026-06-25T09:25:45,2026-06-25 09:25:20,600881,亚泰集团,1.6,-0.6211,1.6,1.6,1.6,1.61,5241600.0,1.61,1.51
2026-06-25T09:25:45,2026-06-25 09:25:32,600183,生益科技,179.9,1.4664,179.9,179.9,179.9,177.3,89914020.0,189.0,173.88
2026-06-25T09:25:45,2026-06-25 09:25:25,600769,祥龙电业,20.21,0.6474,20.21,20.21,20.21,20.08,9393608.0,21.99,20.231
2026-06-25T09:26:49,2026-06-25 09:26:38,600488,津药药业,4.84,-2.8112,4.84,4.84,4.84,4.98,15164688.0,4.98,4.57
2026-06-25T09:26:49,2026-06-25 09:25:00,002522,浙江众成,7.47,-0.6649,7.47,7.47,7.47,7.52,7895790.0,7.52,6.92
2026-06-25T09:26:49,2026-06-25 09:25:00,002374,中锐股份,3.52,-0.8451,3.52,3.52,3.52,3.55,4386976.0,3.55,3.24
2026-06-25T09:26:49,2026-06-25 09:25:00,002728,特一药业,8.73,-0.9081,8.73,8.73,8.73,8.81,6207903.0,8.81,8.02
2026-06-25T09:26:49,2026-06-25 09:26:26,603669,灵康药业,5.43,-5.4007,5.43,5.43,5.43,5.74,6813564.0,5.74,5.05
2026-06-25T09:26:49,2026-06-25 09:26:20,600881,亚泰集团,1.6,-0.6211,1.6,1.6,1.6,1.61,5241600.0,1.61,1.51
2026-06-25T09:26:49,2026-06-25 09:26:32,600183,生益科技,179.9,1.4664,179.9,179.9,179.9,177.3,89914020.0,189.0,173.88
2026-06-25T09:26:49,2026-06-25 09:26:25,600769,祥龙电业,20.21,0.6474,20.21,20.21,20.21,20.08,9393608.0,21.99,20.231
2026-06-25T09:27:51,2026-06-25 09:27:38,600488,津药药业,4.84,-2.8112,4.84,4.84,4.84,4.98,15164688.0,4.98,4.57
2026-06-25T09:27:51,2026-06-25 09:25:00,002522,浙江众成,7.47,-0.6649,7.47,7.47,7.47,7.52,7895790.0,7.52,6.92
2026-06-25T09:27:51,2026-06-25 09:25:00,002374,中锐股份,3.52,-0.8451,3.52,3.52,3.52,3.55,4386976.0,3.55,3.24
2026-06-25T09:27:51,2026-06-25 09:25:00,002728,特一药业,8.73,-0.9081,8.73,8.73,8.73,8.81,6207903.0,8.81,8.02
2026-06-25T09:27:51,2026-06-25 09:27:26,603669,灵康药业,5.43,-5.4007,5.43,5.43,5.43,5.74,6813564.0,5.74,5.05
2026-06-25T09:27:51,2026-06-25 09:27:20,600881,亚泰集团,1.6,-0.6211,1.6,1.6,1.6,1.61,5241600.0,1.61,1.51
2026-06-25T09:27:51,2026-06-25 09:27:32,600183,生益科技,179.9,1.4664,179.9,179.9,179.9,177.3,89914020.0,189.0,173.88
2026-06-25T09:27:51,2026-06-25 09:27:25,600769,祥龙电业,20.21,0.6474,20.21,20.21,20.21,20.08,9393608.0,21.99,20.231
2026-06-25T09:28:53,2026-06-25 09:28:38,600488,津药药业,4.84,-2.8112,4.84,4.84,4.84,4.98,15164688.0,4.98,4.57
2026-06-25T09:28:53,2026-06-25 09:25:00,002522,浙江众成,7.47,-0.6649,7.47,7.47,7.47,7.52,7895790.0,7.52,6.92
2026-06-25T09:28:53,2026-06-25 09:25:00,002374,中锐股份,3.52,-0.8451,3.52,3.52,3.52,3.55,4386976.0,3.55,3.24
2026-06-25T09:28:53,2026-06-25 09:25:00,002728,特一药业,8.73,-0.9081,8.73,8.73,8.73,8.81,6207903.0,8.81,8.02
2026-06-25T09:28:53,2026-06-25 09:28:26,603669,灵康药业,5.43,-5.4007,5.43,5.43,5.43,5.74,6813564.0,5.74,5.05
2026-06-25T09:28:53,2026-06-25 09:28:20,600881,亚泰集团,1.6,-0.6211,1.6,1.6,1.6,1.61,5241600.0,1.61,1.51
2026-06-25T09:28:53,2026-06-25 09:28:32,600183,生益科技,179.9,1.4664,179.9,179.9,179.9,177.3,89914020.0,189.0,173.88
2026-06-25T09:28:53,2026-06-25 09:28:25,600769,祥龙电业,20.21,0.6474,20.21,20.21,20.21,20.08,9393608.0,21.99,20.231
2026-06-25T09:29:54,2026-06-25 09:29:38,600488,津药药业,4.84,-2.8112,4.84,4.84,4.84,4.98,15164688.0,4.98,4.57
2026-06-25T09:29:54,2026-06-25 09:25:00,002522,浙江众成,7.47,-0.6649,7.47,7.47,7.47,7.52,7895790.0,7.52,6.92
2026-06-25T09:29:54,2026-06-25 09:25:00,002374,中锐股份,3.52,-0.8451,3.52,3.52,3.52,3.55,4386976.0,3.55,3.24
2026-06-25T09:29:54,2026-06-25 09:25:00,002728,特一药业,8.73,-0.9081,8.73,8.73,8.73,8.81,6207903.0,8.81,8.02
2026-06-25T09:29:54,2026-06-25 09:29:26,603669,灵康药业,5.43,-5.4007,5.43,5.43,5.43,5.74,6813564.0,5.74,5.05
2026-06-25T09:29:54,2026-06-25 09:29:50,600881,亚泰集团,1.6,-0.6211,1.6,1.6,1.6,1.61,5241600.0,1.61,1.51
2026-06-25T09:29:54,2026-06-25 09:29:32,600183,生益科技,179.9,1.4664,179.9,179.9,179.9,177.3,89914020.0,189.0,173.88
2026-06-25T09:29:54,2026-06-25 09:29:25,600769,祥龙电业,20.21,0.6474,20.21,20.21,20.21,20.08,9393608.0,21.99,20.231
2026-06-25T09:30:56,2026-06-25 09:30:53,600488,津药药业,4.8,-3.6145,4.84,4.88,4.79,4.98,28647199.0,4.98,4.57
2026-06-25T09:30:56,2026-06-25 09:30:54,002522,浙江众成,7.48,-0.5319,7.47,7.58,7.42,7.52,30096318.57,7.52,6.92
2026-06-25T09:30:56,2026-06-25 09:30:54,002374,中锐股份,3.5,-1.4085,3.52,3.58,3.49,3.55,11233422.0,3.55,3.24
2026-06-25T09:30:56,2026-06-25 09:30:54,002728,特一药业,8.72,-1.0216,8.73,8.75,8.59,8.81,25902206.2,8.81,8.02
2026-06-25T09:30:56,2026-06-25 09:30:52,603669,灵康药业,5.53,-3.6585,5.43,5.6,5.43,5.74,16604296.0,5.74,5.05
2026-06-25T09:30:56,2026-06-25 09:30:53,600881,亚泰集团,1.57,-2.4845,1.6,1.6,1.56,1.61,13464032.0,1.61,1.51
2026-06-25T09:30:56,2026-06-25 09:30:52,600183,生益科技,178.06,0.4287,179.9,179.9,178.01,177.3,372643167.0,189.0,173.88
2026-06-25T09:30:56,2026-06-25 09:30:54,600769,祥龙电业,19.96,-0.5976,20.21,20.35,19.85,20.08,29704499.0,21.99,20.231
2026-06-25T09:31:58,2026-06-25 09:31:56,600488,津药药业,4.62,-7.2289,4.84,4.88,4.6,4.98,55472309.0,4.98,4.57
2026-06-25T09:31:58,2026-06-25 09:31:54,002522,浙江众成,7.52,0.0,7.47,7.58,7.42,7.52,40433654.57,7.52,6.92
2026-06-25T09:31:58,2026-06-25 09:31:57,002374,中锐股份,3.52,-0.8451,3.52,3.58,3.49,3.55,15768775.0,3.55,3.24
2026-06-25T09:31:58,2026-06-25 09:31:54,002728,特一药业,8.88,0.7946,8.73,8.88,8.59,8.81,39621788.32,8.81,8.02
2026-06-25T09:31:58,2026-06-25 09:31:55,603669,灵康药业,5.61,-2.2648,5.43,5.63,5.43,5.74,27516928.0,5.74,5.05
2026-06-25T09:31:58,2026-06-25 09:31:56,600881,亚泰集团,1.56,-3.1056,1.6,1.6,1.55,1.61,23668018.0,1.61,1.51
2026-06-25T09:31:58,2026-06-25 09:31:55,600183,生益科技,175.99,-0.7389,179.9,179.9,175.5,177.3,576528136.0,189.0,173.88
2026-06-25T09:31:58,2026-06-25 09:31:54,600769,祥龙电业,20.23,0.747,20.21,20.35,19.85,20.08,52630701.0,21.99,20.231
2026-06-25T09:32:59,2026-06-25 09:32:56,600488,津药药业,4.71,-5.4217,4.84,4.88,4.6,4.98,80303112.0,4.98,4.57
2026-06-25T09:32:59,2026-06-25 09:32:57,002522,浙江众成,7.5,-0.266,7.47,7.6,7.42,7.52,54600532.57,7.52,6.92
2026-06-25T09:32:59,2026-06-25 09:32:57,002374,中锐股份,3.51,-1.1268,3.52,3.58,3.48,3.55,19057001.0,3.55,3.24
2026-06-25T09:32:59,2026-06-25 09:32:57,002728,特一药业,8.82,0.1135,8.73,8.89,8.59,8.81,48633158.2,8.81,8.02
2026-06-25T09:32:59,2026-06-25 09:32:58,603669,灵康药业,5.67,-1.2195,5.43,5.68,5.43,5.74,38959495.0,5.74,5.05
2026-06-25T09:32:59,2026-06-25 09:32:56,600881,亚泰集团,1.56,-3.1056,1.6,1.6,1.55,1.61,29027485.0,1.61,1.51
2026-06-25T09:32:59,2026-06-25 09:32:58,600183,生益科技,176.2,-0.6204,179.9,179.9,175.18,177.3,804348371.0,189.0,173.88
2026-06-25T09:32:59,2026-06-25 09:32:57,600769,祥龙电业,20.76,3.3865,20.21,20.8,19.85,20.08,78166340.0,21.99,20.231
2026-06-25T09:34:01,2026-06-25 09:33:59,600488,津药药业,4.69,-5.8233,4.84,4.88,4.6,4.98,97013782.0,4.98,4.57
2026-06-25T09:34:01,2026-06-25 09:33:57,002522,浙江众成,7.5,-0.266,7.47,7.6,7.42,7.52,61831646.57,7.52,6.92
2026-06-25T09:34:01,2026-06-25 09:33:57,002374,中锐股份,3.5,-1.4085,3.52,3.58,3.48,3.55,21112663.0,3.55,3.24
2026-06-25T09:34:01,2026-06-25 09:33:57,002728,特一药业,8.91,1.1351,8.73,8.92,8.59,8.81,56196574.4,8.81,8.02
2026-06-25T09:34:01,2026-06-25 09:33:58,603669,灵康药业,5.74,0.0,5.43,5.75,5.43,5.74,46338583.0,5.74,5.05
2026-06-25T09:34:01,2026-06-25 09:33:59,600881,亚泰集团,1.55,-3.7267,1.6,1.6,1.55,1.61,33616387.0,1.61,1.51
2026-06-25T09:34:01,2026-06-25 09:33:58,600183,生益科技,177.72,0.2369,179.9,179.9,175.18,177.3,972269305.0,189.0,173.88
2026-06-25T09:34:01,2026-06-25 09:34:00,600769,祥龙电业,20.65,2.8386,20.21,20.8,19.85,20.08,103021103.0,21.99,20.231
2026-06-25T09:35:03,2026-06-25 09:35:02,600488,津药药业,4.65,-6.6265,4.84,4.88,4.6,4.98,109533134.0,4.98,4.57
2026-06-25T09:35:03,2026-06-25 09:35:00,002522,浙江众成,7.56,0.5319,7.47,7.6,7.42,7.52,68770479.57,7.52,6.92
2026-06-25T09:35:03,2026-06-25 09:35:00,002374,中锐股份,3.52,-0.8451,3.52,3.58,3.48,3.55,24416658.0,3.55,3.24
2026-06-25T09:35:03,2026-06-25 09:35:00,002728,特一药业,8.88,0.7946,8.73,8.92,8.59,8.81,60780660.4,8.81,8.02
2026-06-25T09:35:03,2026-06-25 09:35:01,603669,灵康药业,5.71,-0.5226,5.43,5.75,5.43,5.74,54677947.0,5.74,5.05
2026-06-25T09:35:03,2026-06-25 09:35:02,600881,亚泰集团,1.54,-4.3478,1.6,1.6,1.54,1.61,38598123.0,1.61,1.51
2026-06-25T09:35:03,2026-06-25 09:35:01,600183,生益科技,179.29,1.1224,179.9,179.9,175.18,177.3,1158161562.0,189.0,173.88
2026-06-25T09:35:03,2026-06-25 09:35:00,600769,祥龙电业,20.69,3.0378,20.21,20.8,19.85,20.08,115792782.0,21.99,20.231
2026-06-25T09:36:05,2026-06-25 09:36:02,600488,津药药业,4.68,-6.0241,4.84,4.88,4.6,4.98,124642499.0,4.98,4.57
2026-06-25T09:36:05,2026-06-25 09:36:03,002522,浙江众成,7.58,0.7979,7.47,7.6,7.42,7.52,79068609.57,7.52,6.92
2026-06-25T09:36:05,2026-06-25 09:36:03,002374,中锐股份,3.51,-1.1268,3.52,3.58,3.48,3.55,27544762.0,3.55,3.24
2026-06-25T09:36:05,2026-06-25 09:36:03,002728,特一药业,8.9,1.0216,8.73,8.92,8.59,8.81,69386911.4,8.81,8.02
2026-06-25T09:36:05,2026-06-25 09:36:04,603669,灵康药业,5.73,-0.1742,5.43,5.78,5.43,5.74,62710595.0,5.74,5.05
2026-06-25T09:36:05,2026-06-25 09:36:02,600881,亚泰集团,1.54,-4.3478,1.6,1.6,1.53,1.61,42459155.0,1.61,1.51
2026-06-25T09:36:05,2026-06-25 09:36:01,600183,生益科技,179.6,1.2972,179.9,179.9,175.18,177.3,1344035953.0,189.0,173.88
2026-06-25T09:36:05,2026-06-25 09:36:03,600769,祥龙电业,20.85,3.8347,20.21,20.88,19.85,20.08,133363635.0,21.99,20.231
2026-06-25T09:37:06,2026-06-25 09:37:05,600488,津药药业,4.68,-6.0241,4.84,4.88,4.6,4.98,131218135.0,4.98,4.57
2026-06-25T09:37:06,2026-06-25 09:37:03,002522,浙江众成,7.57,0.6649,7.47,7.6,7.42,7.52,88124000.36,7.52,6.92
2026-06-25T09:37:06,2026-06-25 09:37:03,002374,中锐股份,3.5,-1.4085,3.52,3.58,3.48,3.55,29129081.0,3.55,3.24
2026-06-25T09:37:06,2026-06-25 09:37:03,002728,特一药业,8.79,-0.227,8.73,8.92,8.59,8.81,72962296.4,8.81,8.02
2026-06-25T09:37:06,2026-06-25 09:37:04,603669,灵康药业,5.71,-0.5226,5.43,5.78,5.43,5.74,69330488.0,5.74,5.05
2026-06-25T09:37:06,2026-06-25 09:37:05,600881,亚泰集团,1.55,-3.7267,1.6,1.6,1.53,1.61,44284386.0,1.61,1.51
2026-06-25T09:37:06,2026-06-25 09:37:04,600183,生益科技,178.66,0.7671,179.9,179.9,175.18,177.3,1505755340.0,189.0,173.88
2026-06-25T09:37:06,2026-06-25 09:37:03,600769,祥龙电业,20.83,3.7351,20.21,20.88,19.85,20.08,146075670.0,21.99,20.231
2026-06-25T09:38:08,2026-06-25 09:38:05,600488,津药药业,4.68,-6.0241,4.84,4.88,4.6,4.98,137637945.0,4.98,4.57
2026-06-25T09:38:08,2026-06-25 09:38:06,002522,浙江众成,7.52,0.0,7.47,7.6,7.42,7.52,96614956.36,7.52,6.92
2026-06-25T09:38:08,2026-06-25 09:38:06,002374,中锐股份,3.49,-1.6901,3.52,3.58,3.48,3.55,30052925.0,3.55,3.24
2026-06-25T09:38:08,2026-06-25 09:38:06,002728,特一药业,8.76,-0.5675,8.73,8.92,8.59,8.81,76866073.4,8.81,8.02
2026-06-25T09:38:08,2026-06-25 09:38:07,603669,灵康药业,5.61,-2.2648,5.43,5.78,5.43,5.74,77361039.0,5.74,5.05
2026-06-25T09:38:08,2026-06-25 09:38:05,600881,亚泰集团,1.54,-4.3478,1.6,1.6,1.53,1.61,46126062.0,1.61,1.51
2026-06-25T09:38:08,2026-06-25 09:38:04,600183,生益科技,179.26,1.1055,179.9,179.9,175.18,177.3,1689056467.0,189.0,173.88
2026-06-25T09:38:08,2026-06-25 09:38:06,600769,祥龙电业,20.71,3.1375,20.21,20.88,19.85,20.08,155394607.0,21.99,20.231
2026-06-25T09:39:09,2026-06-25 09:39:08,600488,津药药业,4.68,-6.0241,4.84,4.88,4.6,4.98,148901570.0,4.98,4.57
2026-06-25T09:39:09,2026-06-25 09:39:06,002522,浙江众成,7.61,1.1968,7.47,7.65,7.42,7.52,113313237.78,7.52,6.92
2026-06-25T09:39:09,2026-06-25 09:39:06,002374,中锐股份,3.5,-1.4085,3.52,3.58,3.48,3.55,31894389.0,3.55,3.24
2026-06-25T09:39:09,2026-06-25 09:39:06,002728,特一药业,8.82,0.1135,8.73,8.92,8.59,8.81,80339720.4,8.81,8.02
2026-06-25T09:39:09,2026-06-25 09:39:07,603669,灵康药业,5.68,-1.0453,5.43,5.78,5.43,5.74,79614727.0,5.74,5.05
2026-06-25T09:39:09,2026-06-25 09:39:08,600881,亚泰集团,1.54,-4.3478,1.6,1.6,1.53,1.61,47584238.0,1.61,1.51
2026-06-25T09:39:09,2026-06-25 09:39:07,600183,生益科技,180.88,2.0192,179.9,181.0,175.18,177.3,1832578094.0,189.0,173.88
2026-06-25T09:39:09,2026-06-25 09:39:06,600769,祥龙电业,20.66,2.8884,20.21,20.88,19.85,20.08,170141129.0,21.99,20.231
2026-06-25T09:40:11,2026-06-25 09:40:08,600488,津药药业,4.75,-4.6185,4.84,4.88,4.6,4.98,154997899.0,4.98,4.57
2026-06-25T09:40:11,2026-06-25 09:40:09,002522,浙江众成,7.58,0.7979,7.47,7.65,7.42,7.52,125664628.78,7.52,6.92
2026-06-25T09:40:11,2026-06-25 09:40:09,002374,中锐股份,3.51,-1.1268,3.52,3.58,3.48,3.55,35924096.0,3.55,3.24
2026-06-25T09:40:11,2026-06-25 09:40:09,002728,特一药业,8.76,-0.5675,8.73,8.92,8.59,8.81,82082140.4,8.81,8.02
2026-06-25T09:40:11,2026-06-25 09:40:10,603669,灵康药业,5.72,-0.3484,5.43,5.78,5.43,5.74,82316565.0,5.74,5.05
2026-06-25T09:40:11,2026-06-25 09:40:08,600881,亚泰集团,1.56,-3.1056,1.6,1.6,1.53,1.61,49936475.0,1.61,1.51
2026-06-25T09:40:11,2026-06-25 09:40:10,600183,生益科技,180.55,1.8331,179.9,181.0,175.18,177.3,1973502535.0,189.0,173.88
2026-06-25T09:40:11,2026-06-25 09:40:09,600769,祥龙电业,20.76,3.3865,20.21,20.88,19.85,20.08,181690805.0,21.99,20.231
2026-06-25T09:41:13,2026-06-25 09:41:11,600488,津药药业,4.71,-5.4217,4.84,4.88,4.6,4.98,161264538.0,4.98,4.57
2026-06-25T09:41:13,2026-06-25 09:41:12,002522,浙江众成,7.61,1.1968,7.47,7.65,7.42,7.52,133270540.78,7.52,6.92
2026-06-25T09:41:13,2026-06-25 09:41:12,002374,中锐股份,3.5,-1.4085,3.52,3.58,3.48,3.55,37087839.0,3.55,3.24
2026-06-25T09:41:13,2026-06-25 09:41:12,002728,特一药业,8.66,-1.7026,8.73,8.92,8.59,8.81,89635784.4,8.81,8.02
2026-06-25T09:41:13,2026-06-25 09:41:10,603669,灵康药业,5.69,-0.8711,5.43,5.78,5.43,5.74,87344145.0,5.74,5.05
2026-06-25T09:41:13,2026-06-25 09:41:11,600881,亚泰集团,1.56,-3.1056,1.6,1.6,1.53,1.61,52223089.0,1.61,1.51
2026-06-25T09:41:13,2026-06-25 09:41:10,600183,生益科技,182.1,2.7073,179.9,182.5,175.18,177.3,2176814851.0,189.0,173.88
2026-06-25T09:41:13,2026-06-25 09:41:12,600769,祥龙电业,20.71,3.1375,20.21,20.88,19.85,20.08,193107031.0,21.99,20.231
2026-06-25T09:42:15,2026-06-25 09:42:14,600488,津药药业,4.71,-5.4217,4.84,4.88,4.6,4.98,170317115.0,4.98,4.57
2026-06-25T09:42:15,2026-06-25 09:42:12,002522,浙江众成,7.61,1.1968,7.47,7.65,7.42,7.52,146330469.78,7.52,6.92
2026-06-25T09:42:15,2026-06-25 09:42:12,002374,中锐股份,3.49,-1.6901,3.52,3.58,3.48,3.55,38104876.0,3.55,3.24
2026-06-25T09:42:15,2026-06-25 09:42:12,002728,特一药业,8.64,-1.9296,8.73,8.92,8.59,8.81,95218108.76,8.81,8.02
2026-06-25T09:42:15,2026-06-25 09:42:13,603669,灵康药业,5.7,-0.6969,5.43,5.78,5.43,5.74,90467344.0,5.74,5.05
2026-06-25T09:42:15,2026-06-25 09:42:14,600881,亚泰集团,1.57,-2.4845,1.6,1.6,1.53,1.61,54414895.0,1.61,1.51
2026-06-25T09:42:15,2026-06-25 09:42:13,600183,生益科技,183.39,3.4349,179.9,183.62,175.18,177.3,2350620449.0,189.0,173.88
2026-06-25T09:42:15,2026-06-25 09:42:12,600769,祥龙电业,20.7,3.0876,20.21,20.88,19.85,20.08,195849995.0,21.99,20.231
2026-06-25T09:43:16,2026-06-25 09:43:14,600488,津药药业,4.7,-5.6225,4.84,4.88,4.6,4.98,175106591.0,4.98,4.57
2026-06-25T09:43:16,2026-06-25 09:43:15,002522,浙江众成,7.69,2.2606,7.47,7.69,7.42,7.52,157009433.78,7.52,6.92
2026-06-25T09:43:16,2026-06-25 09:43:15,002374,中锐股份,3.49,-1.6901,3.52,3.58,3.48,3.55,39143346.0,3.55,3.24
2026-06-25T09:43:16,2026-06-25 09:43:15,002728,特一药业,8.62,-2.1566,8.73,8.92,8.59,8.81,100277365.76,8.81,8.02
2026-06-25T09:43:16,2026-06-25 09:43:13,603669,灵康药业,5.73,-0.1742,5.43,5.78,5.43,5.74,93751661.0,5.74,5.05
2026-06-25T09:43:16,2026-06-25 09:43:14,600881,亚泰集团,1.57,-2.4845,1.6,1.6,1.53,1.61,55019325.0,1.61,1.51
2026-06-25T09:43:16,2026-06-25 09:43:13,600183,生益科技,183.84,3.6887,179.9,184.0,175.18,177.3,2512007837.0,189.0,173.88
2026-06-25T09:43:16,2026-06-25 09:43:15,600769,祥龙电业,20.82,3.6853,20.21,20.88,19.85,20.08,202670601.0,21.99,20.231
2026-06-25T09:44:17,2026-06-25 09:44:14,600488,津药药业,4.7,-5.6225,4.84,4.88,4.6,4.98,181461057.0,4.98,4.57
2026-06-25T09:44:17,2026-06-25 09:44:15,002522,浙江众成,7.68,2.1277,7.47,7.71,7.42,7.52,168886007.78,7.52,6.92
2026-06-25T09:44:17,2026-06-25 09:44:15,002374,中锐股份,3.52,-0.8451,3.52,3.58,3.48,3.55,40179258.0,3.55,3.24
2026-06-25T09:44:17,2026-06-25 09:44:15,002728,特一药业,8.6,-2.3837,8.73,8.92,8.59,8.81,105627339.76,8.81,8.02
2026-06-25T09:44:17,2026-06-25 09:44:16,603669,灵康药业,5.71,-0.5226,5.43,5.78,5.43,5.74,95371563.0,5.74,5.05
2026-06-25T09:44:17,2026-06-25 09:44:14,600881,亚泰集团,1.57,-2.4845,1.6,1.6,1.53,1.61,56002298.0,1.61,1.51
2026-06-25T09:44:17,2026-06-25 09:44:16,600183,生益科技,184.39,3.9989,179.9,184.39,175.18,177.3,2670996170.0,189.0,173.88
2026-06-25T09:44:17,2026-06-25 09:44:15,600769,祥龙电业,20.71,3.1375,20.21,20.88,19.85,20.08,207326388.0,21.99,20.231
2026-06-25T09:45:18,2026-06-25 09:45:17,600488,津药药业,4.67,-6.2249,4.84,4.88,4.6,4.98,186689931.0,4.98,4.57
2026-06-25T09:45:18,2026-06-25 09:45:15,002522,浙江众成,7.65,1.7287,7.47,7.71,7.42,7.52,174655854.78,7.52,6.92
2026-06-25T09:45:18,2026-06-25 09:45:15,002374,中锐股份,3.52,-0.8451,3.52,3.58,3.48,3.55,41312557.0,3.55,3.24
2026-06-25T09:45:18,2026-06-25 09:45:15,002728,特一药业,8.55,-2.9512,8.73,8.92,8.54,8.81,108704904.76,8.81,8.02
2026-06-25T09:45:18,2026-06-25 09:45:16,603669,灵康药业,5.72,-0.3484,5.43,5.78,5.43,5.74,97728569.0,5.74,5.05
2026-06-25T09:45:18,2026-06-25 09:45:17,600881,亚泰集团,1.57,-2.4845,1.6,1.6,1.53,1.61,57232472.0,1.61,1.51
2026-06-25T09:45:18,2026-06-25 09:45:16,600183,生益科技,184.02,3.7902,179.9,184.48,175.18,177.3,2793130875.0,189.0,173.88
2026-06-25T09:45:18,2026-06-25 09:45:15,600769,祥龙电业,20.73,3.2371,20.21,20.88,19.85,20.08,211770382.0,21.99,20.231
2026-06-25T09:46:20,2026-06-25 09:46:20,600488,津药药业,4.66,-6.4257,4.84,4.88,4.6,4.98,193015675.0,4.98,4.57
2026-06-25T09:46:20,2026-06-25 09:46:18,002522,浙江众成,7.65,1.7287,7.47,7.71,7.42,7.52,180129802.28,7.52,6.92
2026-06-25T09:46:20,2026-06-25 09:46:18,002374,中锐股份,3.55,0.0,3.52,3.58,3.48,3.55,42706693.0,3.55,3.24
2026-06-25T09:46:20,2026-06-25 09:46:18,002728,特一药业,8.52,-3.2917,8.73,8.92,8.52,8.81,116304430.96,8.81,8.02
2026-06-25T09:46:20,2026-06-25 09:46:19,603669,灵康药业,5.81,1.2195,5.43,5.81,5.43,5.74,106809004.0,5.74,5.05
2026-06-25T09:46:20,2026-06-25 09:46:20,600881,亚泰集团,1.56,-3.1056,1.6,1.6,1.53,1.61,58133736.0,1.61,1.51
2026-06-25T09:46:20,2026-06-25 09:46:19,600183,生益科技,185.7,4.7377,179.9,185.87,175.18,177.3,3044210166.0,189.0,173.88
2026-06-25T09:46:20,2026-06-25 09:46:18,600769,祥龙电业,20.71,3.1375,20.21,20.88,19.85,20.08,214561006.0,21.99,20.231
2026-06-25T09:47:21,2026-06-25 09:47:20,600488,津药药业,4.66,-6.4257,4.84,4.88,4.6,4.98,200903068.0,4.98,4.57
2026-06-25T09:47:21,2026-06-25 09:47:18,002522,浙江众成,7.64,1.5957,7.47,7.71,7.42,7.52,183759873.88,7.52,6.92
2026-06-25T09:47:21,2026-06-25 09:47:18,002374,中锐股份,3.52,-0.8451,3.52,3.58,3.48,3.55,44539033.0,3.55,3.24
2026-06-25T09:47:21,2026-06-25 09:47:18,002728,特一药业,8.52,-3.2917,8.73,8.92,8.5,8.81,119341279.96,8.81,8.02
2026-06-25T09:47:21,2026-06-25 09:47:19,603669,灵康药业,5.86,2.0906,5.43,5.87,5.43,5.74,113077587.0,5.74,5.05
2026-06-25T09:47:21,2026-06-25 09:47:20,600881,亚泰集团,1.58,-1.8634,1.6,1.6,1.53,1.61,60016766.0,1.61,1.51
2026-06-25T09:47:21,2026-06-25 09:47:19,600183,生益科技,186.0,4.9069,179.9,186.37,175.18,177.3,3181661007.0,189.0,173.88
2026-06-25T09:47:21,2026-06-25 09:47:18,600769,祥龙电业,20.67,2.9382,20.21,20.88,19.85,20.08,220241570.0,21.99,20.231
2026-06-25T09:48:22,2026-06-25 09:48:20,600488,津药药业,4.64,-6.8273,4.84,4.88,4.6,4.98,204681920.0,4.98,4.57
2026-06-25T09:48:22,2026-06-25 09:48:21,002522,浙江众成,7.61,1.1968,7.47,7.71,7.42,7.52,187949350.78,7.52,6.92
2026-06-25T09:48:22,2026-06-25 09:48:21,002374,中锐股份,3.53,-0.5634,3.52,3.58,3.48,3.55,45328826.0,3.55,3.24
2026-06-25T09:48:22,2026-06-25 09:48:21,002728,特一药业,8.45,-4.0863,8.73,8.92,8.45,8.81,126130214.96,8.81,8.02
2026-06-25T09:48:22,2026-06-25 09:48:22,603669,灵康药业,5.83,1.5679,5.43,5.87,5.43,5.74,119047310.0,5.74,5.05
2026-06-25T09:48:22,2026-06-25 09:48:20,600881,亚泰集团,1.57,-2.4845,1.6,1.6,1.53,1.61,60425617.0,1.61,1.51
2026-06-25T09:48:22,2026-06-25 09:48:19,600183,生益科技,184.91,4.2922,179.9,186.37,175.18,177.3,3312487152.0,189.0,173.88
2026-06-25T09:48:22,2026-06-25 09:48:21,600769,祥龙电业,21.06,4.8805,20.21,21.1,19.85,20.08,234654977.0,21.99,20.231
2026-06-25T09:49:24,2026-06-25 09:49:20,600488,津药药业,4.62,-7.2289,4.84,4.88,4.6,4.98,211098797.0,4.98,4.57
2026-06-25T09:49:24,2026-06-25 09:49:21,002522,浙江众成,7.64,1.5957,7.47,7.71,7.42,7.52,193941922.18,7.52,6.92
2026-06-25T09:49:24,2026-06-25 09:49:21,002374,中锐股份,3.52,-0.8451,3.52,3.58,3.48,3.55,46138934.0,3.55,3.24
2026-06-25T09:49:24,2026-06-25 09:49:21,002728,特一药业,8.47,-3.8593,8.73,8.92,8.44,8.81,130314433.08,8.81,8.02
2026-06-25T09:49:24,2026-06-25 09:49:22,603669,灵康药业,5.81,1.2195,5.43,5.87,5.43,5.74,125557290.0,5.74,5.05
2026-06-25T09:49:24,2026-06-25 09:49:20,600881,亚泰集团,1.57,-2.4845,1.6,1.6,1.53,1.61,61254857.0,1.61,1.51
2026-06-25T09:49:24,2026-06-25 09:49:22,600183,生益科技,186.0,4.9069,179.9,186.37,175.18,177.3,3410246295.0,189.0,173.88
2026-06-25T09:49:24,2026-06-25 09:49:21,600769,祥龙电业,20.91,4.1335,20.21,21.1,19.85,20.08,240242140.0,21.99,20.231
2026-06-25T09:50:25,2026-06-25 09:50:23,600488,津药药业,4.63,-7.0281,4.84,4.88,4.6,4.98,216572811.0,4.98,4.57
2026-06-25T09:50:25,2026-06-25 09:50:24,002522,浙江众成,7.63,1.4628,7.47,7.71,7.42,7.52,199388161.18,7.52,6.92
2026-06-25T09:50:25,2026-06-25 09:50:24,002374,中锐股份,3.51,-1.1268,3.52,3.58,3.48,3.55,47038384.0,3.55,3.24
2026-06-25T09:50:25,2026-06-25 09:50:24,002728,特一药业,8.45,-4.0863,8.73,8.92,8.44,8.81,132880782.08,8.81,8.02
2026-06-25T09:50:25,2026-06-25 09:50:22,603669,灵康药业,5.84,1.7422,5.43,5.87,5.43,5.74,129061790.0,5.74,5.05
2026-06-25T09:50:25,2026-06-25 09:50:23,600881,亚泰集团,1.57,-2.4845,1.6,1.6,1.53,1.61,61688674.0,1.61,1.51
2026-06-25T09:50:25,2026-06-25 09:50:22,600183,生益科技,186.8,5.3582,179.9,186.89,175.18,177.3,3583982834.0,189.0,173.88
2026-06-25T09:50:25,2026-06-25 09:50:21,600769,祥龙电业,20.81,3.6355,20.21,21.1,19.85,20.08,246143310.0,21.99,20.231
2026-06-25T09:51:27,2026-06-25 09:51:26,600488,津药药业,4.63,-7.0281,4.84,4.88,4.6,4.98,219698457.0,4.98,4.57
2026-06-25T09:51:27,2026-06-25 09:51:24,002522,浙江众成,7.64,1.5957,7.47,7.71,7.42,7.52,203399387.18,7.52,6.92
2026-06-25T09:51:27,2026-06-25 09:51:24,002374,中锐股份,3.51,-1.1268,3.52,3.58,3.48,3.55,47994476.0,3.55,3.24
2026-06-25T09:51:27,2026-06-25 09:51:24,002728,特一药业,8.44,-4.1998,8.73,8.92,8.43,8.81,136416056.08,8.81,8.02
2026-06-25T09:51:27,2026-06-25 09:51:25,603669,灵康药业,5.8,1.0453,5.43,5.87,5.43,5.74,133148374.0,5.74,5.05
2026-06-25T09:51:27,2026-06-25 09:51:26,600881,亚泰集团,1.57,-2.4845,1.6,1.6,1.53,1.61,62612602.0,1.61,1.51
2026-06-25T09:51:27,2026-06-25 09:51:25,600183,生益科技,186.3,5.0761,179.9,187.0,175.18,177.3,3760087467.0,189.0,173.88
2026-06-25T09:51:27,2026-06-25 09:51:24,600769,祥龙电业,20.8,3.5857,20.21,21.1,19.85,20.08,248531616.0,21.99,20.231
2026-06-25T09:52:28,2026-06-25 09:52:26,600488,津药药业,4.66,-6.4257,4.84,4.88,4.6,4.98,223106813.0,4.98,4.57
2026-06-25T09:52:28,2026-06-25 09:52:27,002522,浙江众成,7.63,1.4628,7.47,7.71,7.42,7.52,211095492.18,7.52,6.92
2026-06-25T09:52:28,2026-06-25 09:52:27,002374,中锐股份,3.5,-1.4085,3.52,3.58,3.48,3.55,49171316.0,3.55,3.24
2026-06-25T09:52:28,2026-06-25 09:52:27,002728,特一药业,8.47,-3.8593,8.73,8.92,8.42,8.81,140375361.08,8.81,8.02
2026-06-25T09:52:28,2026-06-25 09:52:25,603669,灵康药业,5.79,0.8711,5.43,5.87,5.43,5.74,138180761.0,5.74,5.05
2026-06-25T09:52:28,2026-06-25 09:52:26,600881,亚泰集团,1.57,-2.4845,1.6,1.6,1.53,1.61,62878616.0,1.61,1.51
2026-06-25T09:52:28,2026-06-25 09:52:25,600183,生益科技,185.88,4.8393,179.9,187.0,175.18,177.3,3855449921.0,189.0,173.88
2026-06-25T09:52:28,2026-06-25 09:52:27,600769,祥龙电业,20.91,4.1335,20.21,21.1,19.85,20.08,254561601.0,21.99,20.231
2026-06-25T09:53:29,2026-06-25 09:53:29,600488,津药药业,4.64,-6.8273,4.84,4.88,4.6,4.98,227469208.0,4.98,4.57
2026-06-25T09:53:29,2026-06-25 09:53:27,002522,浙江众成,7.64,1.5957,7.47,7.71,7.42,7.52,213589878.18,7.52,6.92
2026-06-25T09:53:29,2026-06-25 09:53:27,002374,中锐股份,3.49,-1.6901,3.52,3.58,3.48,3.55,50716323.0,3.55,3.24
2026-06-25T09:53:29,2026-06-25 09:53:27,002728,特一药业,8.45,-4.0863,8.73,8.92,8.42,8.81,143240430.68,8.81,8.02
2026-06-25T09:53:29,2026-06-25 09:53:28,603669,灵康药业,5.77,0.5226,5.43,5.87,5.43,5.74,141119932.0,5.74,5.05
2026-06-25T09:53:29,2026-06-25 09:53:29,600881,亚泰集团,1.56,-3.1056,1.6,1.6,1.53,1.61,63825136.0,1.61,1.51
2026-06-25T09:53:29,2026-06-25 09:53:28,600183,生益科技,185.5,4.6249,179.9,187.0,175.18,177.3,3967726406.0,189.0,173.88
2026-06-25T09:53:29,2026-06-25 09:53:27,600769,祥龙电业,20.97,4.4323,20.21,21.1,19.85,20.08,257830904.0,21.99,20.231
2026-06-25T09:54:31,2026-06-25 09:54:29,600488,津药药业,4.68,-6.0241,4.84,4.88,4.6,4.98,232896843.0,4.98,4.57
2026-06-25T09:54:31,2026-06-25 09:54:30,002522,浙江众成,7.64,1.5957,7.47,7.71,7.42,7.52,219073024.18,7.52,6.92
2026-06-25T09:54:31,2026-06-25 09:54:30,002374,中锐股份,3.49,-1.6901,3.52,3.58,3.48,3.55,51638616.0,3.55,3.24
2026-06-25T09:54:31,2026-06-25 09:54:30,002728,特一药业,8.46,-3.9728,8.73,8.92,8.42,8.81,144821802.28,8.81,8.02
2026-06-25T09:54:31,2026-06-25 09:54:28,603669,灵康药业,5.8,1.0453,5.43,5.87,5.43,5.74,143989641.0,5.74,5.05
2026-06-25T09:54:31,2026-06-25 09:54:29,600881,亚泰集团,1.57,-2.4845,1.6,1.6,1.53,1.61,64047454.0,1.61,1.51
2026-06-25T09:54:31,2026-06-25 09:54:28,600183,生益科技,185.68,4.7265,179.9,187.0,175.18,177.3,4028853532.0,189.0,173.88
2026-06-25T09:54:31,2026-06-25 09:54:27,600769,祥龙电业,21.01,4.6315,20.21,21.1,19.85,20.08,263735561.0,21.99,20.231
2026-06-25T09:55:32,2026-06-25 09:55:29,600488,津药药业,4.66,-6.4257,4.84,4.88,4.6,4.98,234407358.0,4.98,4.57
2026-06-25T09:55:32,2026-06-25 09:55:30,002522,浙江众成,7.63,1.4628,7.47,7.71,7.42,7.52,221996106.18,7.52,6.92
2026-06-25T09:55:32,2026-06-25 09:55:30,002374,中锐股份,3.51,-1.1268,3.52,3.58,3.48,3.55,53080869.0,3.55,3.24
2026-06-25T09:55:32,2026-06-25 09:55:30,002728,特一药业,8.48,-3.7457,8.73,8.92,8.42,8.81,145991597.28,8.81,8.02
2026-06-25T09:55:32,2026-06-25 09:55:31,603669,灵康药业,5.82,1.3937,5.43,5.87,5.43,5.74,145555535.0,5.74,5.05
2026-06-25T09:55:32,2026-06-25 09:55:29,600881,亚泰集团,1.56,-3.1056,1.6,1.6,1.53,1.61,64313451.0,1.61,1.51
2026-06-25T09:55:32,2026-06-25 09:55:31,600183,生益科技,184.79,4.2245,179.9,187.0,175.18,177.3,4138128120.0,189.0,173.88
2026-06-25T09:55:32,2026-06-25 09:55:30,600769,祥龙电业,20.95,4.3327,20.21,21.1,19.85,20.08,267464127.0,21.99,20.231
2026-06-25T09:56:36,2026-06-25 09:56:32,600488,津药药业,4.67,-6.2249,4.84,4.88,4.6,4.98,235954353.0,4.98,4.57
2026-06-25T09:56:36,2026-06-25 09:56:33,002522,浙江众成,7.72,2.6596,7.47,7.73,7.42,7.52,235837740.88,7.52,6.92
2026-06-25T09:56:36,2026-06-25 09:56:33,002374,中锐股份,3.49,-1.6901,3.52,3.58,3.48,3.55,53412288.0,3.55,3.24
2026-06-25T09:56:36,2026-06-25 09:56:33,002728,特一药业,8.45,-4.0863,8.73,8.92,8.42,8.81,148545737.28,8.81,8.02
2026-06-25T09:56:36,2026-06-25 09:56:34,603669,灵康药业,5.88,2.439,5.43,5.89,5.43,5.74,155950735.0,5.74,5.05
2026-06-25T09:56:36,2026-06-25 09:56:32,600881,亚泰集团,1.57,-2.4845,1.6,1.6,1.53,1.61,64965871.0,1.61,1.51
2026-06-25T09:56:36,2026-06-25 09:56:34,600183,生益科技,184.38,3.9932,179.9,187.0,175.18,177.3,4209908454.0,189.0,173.88
2026-06-25T09:56:36,2026-06-25 09:56:33,600769,祥龙电业,21.15,5.3287,20.21,21.17,19.85,20.08,276591853.0,21.99,20.231
2026-06-25T09:57:37,2026-06-25 09:57:35,600488,津药药业,4.67,-6.2249,4.84,4.88,4.6,4.98,238090198.0,4.98,4.57
2026-06-25T09:57:37,2026-06-25 09:57:36,002522,浙江众成,7.76,3.1915,7.47,7.77,7.42,7.52,254071753.88,7.52,6.92
2026-06-25T09:57:37,2026-06-25 09:57:33,002374,中锐股份,3.48,-1.9718,3.52,3.58,3.48,3.55,54336380.0,3.55,3.24
2026-06-25T09:57:37,2026-06-25 09:57:36,002728,特一药业,8.45,-4.0863,8.73,8.92,8.42,8.81,149576364.28,8.81,8.02
2026-06-25T09:57:37,2026-06-25 09:57:34,603669,灵康药业,5.87,2.2648,5.43,5.9,5.43,5.74,158696143.0,5.74,5.05
2026-06-25T09:57:37,2026-06-25 09:57:35,600881,亚泰集团,1.56,-3.1056,1.6,1.6,1.53,1.61,65228102.0,1.61,1.51
2026-06-25T09:57:37,2026-06-25 09:57:34,600183,生益科技,185.1,4.3993,179.9,187.0,175.18,177.3,4321365009.0,189.0,173.88
2026-06-25T09:57:37,2026-06-25 09:57:36,600769,祥龙电业,21.35,6.3247,20.21,21.39,19.85,20.08,293778778.0,21.99,20.231
2026-06-25T09:58:39,2026-06-25 09:58:35,600488,津药药业,4.65,-6.6265,4.84,4.88,4.6,4.98,240948430.0,4.98,4.57
2026-06-25T09:58:39,2026-06-25 09:58:36,002522,浙江众成,7.71,2.5266,7.47,7.77,7.42,7.52,269992693.88,7.52,6.92
2026-06-25T09:58:39,2026-06-25 09:58:36,002374,中锐股份,3.47,-2.2535,3.52,3.58,3.47,3.55,56552440.0,3.55,3.24
2026-06-25T09:58:39,2026-06-25 09:58:36,002728,特一药业,8.44,-4.1998,8.73,8.92,8.42,8.81,152990089.76,8.81,8.02
2026-06-25T09:58:39,2026-06-25 09:58:37,603669,灵康药业,5.88,2.439,5.43,5.9,5.43,5.74,161339692.0,5.74,5.05
2026-06-25T09:58:39,2026-06-25 09:58:35,600881,亚泰集团,1.56,-3.1056,1.6,1.6,1.53,1.61,65434965.0,1.61,1.51
2026-06-25T09:58:39,2026-06-25 09:58:37,600183,生益科技,185.0,4.3429,179.9,187.0,175.18,177.3,4406975633.0,189.0,173.88
2026-06-25T09:58:39,2026-06-25 09:58:36,600769,祥龙电业,21.13,5.2291,20.21,21.4,19.85,20.08,314462336.0,21.99,20.231
2026-06-25T09:59:40,2026-06-25 09:59:38,600488,津药药业,4.64,-6.8273,4.84,4.88,4.6,4.98,244060542.0,4.98,4.57
2026-06-25T09:59:40,2026-06-25 09:59:39,002522,浙江众成,7.74,2.9255,7.47,7.77,7.42,7.52,276043795.88,7.52,6.92
2026-06-25T09:59:40,2026-06-25 09:59:39,002374,中锐股份,3.47,-2.2535,3.52,3.58,3.46,3.55,58065102.0,3.55,3.24
2026-06-25T09:59:40,2026-06-25 09:59:39,002728,特一药业,8.47,-3.8593,8.73,8.92,8.42,8.81,153961101.76,8.81,8.02
2026-06-25T09:59:40,2026-06-25 09:59:37,603669,灵康药业,5.88,2.439,5.43,5.9,5.43,5.74,165979460.0,5.74,5.05
2026-06-25T09:59:40,2026-06-25 09:59:38,600881,亚泰集团,1.57,-2.4845,1.6,1.6,1.53,1.61,66874271.0,1.61,1.51
2026-06-25T09:59:40,2026-06-25 09:59:37,600183,生益科技,185.2,4.4557,179.9,187.0,175.18,177.3,4466969374.0,189.0,173.88
2026-06-25T09:59:40,2026-06-25 09:59:39,600769,祥龙电业,21.03,4.7311,20.21,21.4,19.85,20.08,317849008.0,21.99,20.231
2026-06-25T10:00:41,2026-06-25 10:00:38,600488,津药药业,4.63,-7.0281,4.84,4.88,4.6,4.98,246738515.0,4.98,4.57
2026-06-25T10:00:41,2026-06-25 10:00:39,002522,浙江众成,7.8,3.7234,7.47,7.8,7.42,7.52,293642910.88,7.52,6.92
2026-06-25T10:00:41,2026-06-25 10:00:39,002374,中锐股份,3.46,-2.5352,3.52,3.58,3.46,3.55,58659992.0,3.55,3.24
2026-06-25T10:00:41,2026-06-25 10:00:39,002728,特一药业,8.45,-4.0863,8.73,8.92,8.42,8.81,155322039.76,8.81,8.02
2026-06-25T10:00:41,2026-06-25 10:00:40,603669,灵康药业,5.94,3.4843,5.43,5.96,5.43,5.74,173085106.0,5.74,5.05
2026-06-25T10:00:41,2026-06-25 10:00:38,600881,亚泰集团,1.57,-2.4845,1.6,1.6,1.53,1.61,67206856.0,1.61,1.51
2026-06-25T10:00:41,2026-06-25 10:00:37,600183,生益科技,184.8,4.2301,179.9,187.0,175.18,177.3,4515520370.0,189.0,173.88
2026-06-25T10:00:41,2026-06-25 10:00:39,600769,祥龙电业,20.94,4.2829,20.21,21.4,19.85,20.08,322043501.0,21.99,20.231
2026-06-25T10:01:44,2026-06-25 10:01:41,600488,津药药业,4.62,-7.2289,4.84,4.88,4.6,4.98,251008008.0,4.98,4.57
2026-06-25T10:01:44,2026-06-25 10:01:42,002522,浙江众成,7.96,5.8511,7.47,7.98,7.42,7.52,337364191.88,7.52,6.92
2026-06-25T10:01:44,2026-06-25 10:01:42,002374,中锐股份,3.46,-2.5352,3.52,3.58,3.45,3.55,60172449.0,3.55,3.24
2026-06-25T10:01:44,2026-06-25 10:01:42,002728,特一药业,8.44,-4.1998,8.73,8.92,8.42,8.81,157057122.76,8.81,8.02
2026-06-25T10:01:44,2026-06-25 10:01:43,603669,灵康药业,5.89,2.6132,5.43,5.96,5.43,5.74,178183230.0,5.74,5.05
2026-06-25T10:01:44,2026-06-25 10:01:41,600881,亚泰集团,1.57,-2.4845,1.6,1.6,1.53,1.61,67370065.0,1.61,1.51
2026-06-25T10:01:44,2026-06-25 10:01:43,600183,生益科技,184.58,4.106,179.9,187.0,175.18,177.3,4563730960.0,189.0,173.88
2026-06-25T10:01:44,2026-06-25 10:01:42,600769,祥龙电业,20.97,4.4323,20.21,21.4,19.85,20.08,326815229.0,21.99,20.231
2026-06-25T10:02:45,2026-06-25 10:02:44,600488,津药药业,4.61,-7.4297,4.84,4.88,4.6,4.98,258987693.0,4.98,4.57
2026-06-25T10:02:45,2026-06-25 10:02:42,002522,浙江众成,7.92,5.3191,7.47,7.98,7.42,7.52,368195746.88,7.52,6.92
2026-06-25T10:02:45,2026-06-25 10:02:42,002374,中锐股份,3.44,-3.0986,3.52,3.58,3.44,3.55,61044830.0,3.55,3.24
2026-06-25T10:02:45,2026-06-25 10:02:42,002728,特一药业,8.42,-4.4268,8.73,8.92,8.42,8.81,160209823.4,8.81,8.02
2026-06-25T10:02:45,2026-06-25 10:02:43,603669,灵康药业,5.89,2.6132,5.43,5.96,5.43,5.74,179586249.0,5.74,5.05
2026-06-25T10:02:45,2026-06-25 10:02:44,600881,亚泰集团,1.57,-2.4845,1.6,1.6,1.53,1.61,67968176.0,1.61,1.51
2026-06-25T10:02:45,2026-06-25 10:02:43,600183,生益科技,184.66,4.1512,179.9,187.0,175.18,177.3,4596843536.0,189.0,173.88
2026-06-25T10:02:45,2026-06-25 10:02:42,600769,祥龙电业,21.13,5.2291,20.21,21.4,19.85,20.08,330911666.0,21.99,20.231
2026-06-25T10:03:46,2026-06-25 10:03:44,600488,津药药业,4.59,-7.8313,4.84,4.88,4.59,4.98,269020428.0,4.98,4.57
2026-06-25T10:03:46,2026-06-25 10:03:45,002522,浙江众成,7.86,4.5213,7.47,7.98,7.42,7.52,381590504.88,7.52,6.92
2026-06-25T10:03:46,2026-06-25 10:03:45,002374,中锐股份,3.45,-2.8169,3.52,3.58,3.44,3.55,64074441.0,3.55,3.24
2026-06-25T10:03:46,2026-06-25 10:03:45,002728,特一药业,8.44,-4.1998,8.73,8.92,8.41,8.81,162478890.4,8.81,8.02
2026-06-25T10:03:46,2026-06-25 10:03:43,603669,灵康药业,5.89,2.6132,5.43,5.96,5.43,5.74,183219237.0,5.74,5.05
2026-06-25T10:03:46,2026-06-25 10:03:44,600881,亚泰集团,1.58,-1.8634,1.6,1.6,1.53,1.61,68135938.0,1.61,1.51
2026-06-25T10:03:46,2026-06-25 10:03:43,600183,生益科技,184.66,4.1512,179.9,187.0,175.18,177.3,4643551106.0,189.0,173.88
2026-06-25T10:03:46,2026-06-25 10:03:45,600769,祥龙电业,21.24,5.7769,20.21,21.4,19.85,20.08,334169623.0,21.99,20.231
2026-06-25T10:04:47,2026-06-25 10:04:44,600488,津药药业,4.61,-7.4297,4.84,4.88,4.59,4.98,272566364.0,4.98,4.57
2026-06-25T10:04:47,2026-06-25 10:04:45,002522,浙江众成,7.96,5.8511,7.47,7.98,7.42,7.52,398474936.88,7.52,6.92
2026-06-25T10:04:47,2026-06-25 10:04:45,002374,中锐股份,3.46,-2.5352,3.52,3.58,3.44,3.55,65969022.0,3.55,3.24
2026-06-25T10:04:47,2026-06-25 10:04:45,002728,特一药业,8.45,-4.0863,8.73,8.92,8.41,8.81,163011230.4,8.81,8.02
2026-06-25T10:04:47,2026-06-25 10:04:46,603669,灵康药业,5.9,2.7875,5.43,5.96,5.43,5.74,185928438.0,5.74,5.05
2026-06-25T10:04:47,2026-06-25 10:04:44,600881,亚泰集团,1.57,-2.4845,1.6,1.6,1.53,1.61,68406919.0,1.61,1.51
2026-06-25T10:04:47,2026-06-25 10:04:43,600183,生益科技,184.37,3.9876,179.9,187.0,175.18,177.3,4692725843.0,189.0,173.88
2026-06-25T10:04:47,2026-06-25 10:04:45,600769,祥龙电业,21.21,5.6275,20.21,21.4,19.85,20.08,338302102.0,21.99,20.231
2026-06-25T10:05:48,2026-06-25 10:05:47,600488,津药药业,4.61,-7.4297,4.84,4.88,4.59,4.98,275424740.0,4.98,4.57
2026-06-25T10:05:48,2026-06-25 10:05:45,002522,浙江众成,7.87,4.6543,7.47,7.98,7.42,7.52,416364518.88,7.52,6.92
2026-06-25T10:05:48,2026-06-25 10:05:45,002374,中锐股份,3.45,-2.8169,3.52,3.58,3.44,3.55,68291887.0,3.55,3.24
2026-06-25T10:05:48,2026-06-25 10:05:45,002728,特一药业,8.41,-4.5403,8.73,8.92,8.41,8.81,164367544.4,8.81,8.02
2026-06-25T10:05:48,2026-06-25 10:05:46,603669,灵康药业,5.88,2.439,5.43,5.96,5.43,5.74,187934272.0,5.74,5.05
2026-06-25T10:05:48,2026-06-25 10:05:47,600881,亚泰集团,1.57,-2.4845,1.6,1.6,1.53,1.61,68707702.0,1.61,1.51
2026-06-25T10:05:48,2026-06-25 10:05:46,600183,生益科技,184.62,4.1286,179.9,187.0,175.18,177.3,4767992444.0,189.0,173.88
2026-06-25T10:05:48,2026-06-25 10:05:45,600769,祥龙电业,21.76,8.3665,20.21,21.79,19.85,20.08,353318247.0,21.99,20.231
2026-06-25T10:06:50,2026-06-25 10:06:47,600488,津药药业,4.59,-7.8313,4.84,4.88,4.59,4.98,278176587.0,4.98,4.57
2026-06-25T10:06:50,2026-06-25 10:06:48,002522,浙江众成,7.92,5.3191,7.47,7.98,7.42,7.52,423035288.88,7.52,6.92
2026-06-25T10:06:50,2026-06-25 10:06:48,002374,中锐股份,3.47,-2.2535,3.52,3.58,3.44,3.55,70552940.0,3.55,3.24
2026-06-25T10:06:50,2026-06-25 10:06:48,002728,特一药业,8.41,-4.5403,8.73,8.92,8.41,8.81,165622452.4,8.81,8.02
2026-06-25T10:06:50,2026-06-25 10:06:49,603669,灵康药业,5.9,2.7875,5.43,5.96,5.43,5.74,189579739.0,5.74,5.05
2026-06-25T10:06:50,2026-06-25 10:06:47,600881,亚泰集团,1.57,-2.4845,1.6,1.6,1.53,1.61,68946146.0,1.61,1.51
2026-06-25T10:06:50,2026-06-25 10:06:49,600183,生益科技,184.23,3.9086,179.9,187.0,175.18,177.3,4809453999.0,189.0,173.88
2026-06-25T10:06:50,2026-06-25 10:06:48,600769,祥龙电业,21.96,9.3625,20.21,22.0,19.85,20.08,376108100.0,21.99,20.231
2026-06-25T10:07:51,2026-06-25 10:07:50,600488,津药药业,4.59,-7.8313,4.84,4.88,4.58,4.98,282213396.0,4.98,4.57
2026-06-25T10:07:51,2026-06-25 10:07:48,002522,浙江众成,7.89,4.9202,7.47,7.98,7.42,7.52,431615081.88,7.52,6.92
2026-06-25T10:07:51,2026-06-25 10:07:48,002374,中锐股份,3.47,-2.2535,3.52,3.58,3.44,3.55,71249213.0,3.55,3.24
2026-06-25T10:07:51,2026-06-25 10:07:48,002728,特一药业,8.41,-4.5403,8.73,8.92,8.41,8.81,166983979.2,8.81,8.02
2026-06-25T10:07:51,2026-06-25 10:07:49,603669,灵康药业,5.87,2.2648,5.43,5.96,5.43,5.74,190954046.0,5.74,5.05
2026-06-25T10:07:51,2026-06-25 10:07:50,600881,亚泰集团,1.57,-2.4845,1.6,1.6,1.53,1.61,69169622.0,1.61,1.51
2026-06-25T10:07:51,2026-06-25 10:07:49,600183,生益科技,183.31,3.3897,179.9,187.0,175.18,177.3,4862892460.0,189.0,173.88
2026-06-25T10:07:51,2026-06-25 10:07:48,600769,祥龙电业,21.81,8.6155,20.21,22.09,19.85,20.08,427747867.0,21.99,20.231
2026-06-25T10:08:52,2026-06-25 10:08:50,600488,津药药业,4.57,-8.2329,4.84,4.88,4.56,4.98,288052774.0,4.98,4.57
2026-06-25T10:08:52,2026-06-25 10:08:51,002522,浙江众成,7.95,5.7181,7.47,7.98,7.42,7.52,443570820.16,7.52,6.92
2026-06-25T10:08:52,2026-06-25 10:08:51,002374,中锐股份,3.47,-2.2535,3.52,3.58,3.44,3.55,72159674.0,3.55,3.24
2026-06-25T10:08:52,2026-06-25 10:08:51,002728,特一药业,8.42,-4.4268,8.73,8.92,8.41,8.81,168081690.2,8.81,8.02
2026-06-25T10:08:52,2026-06-25 10:08:49,603669,灵康药业,5.85,1.9164,5.43,5.96,5.43,5.74,192173578.0,5.74,5.05
2026-06-25T10:08:52,2026-06-25 10:08:50,600881,亚泰集团,1.58,-1.8634,1.6,1.6,1.53,1.61,69327340.0,1.61,1.51
2026-06-25T10:08:52,2026-06-25 10:08:49,600183,生益科技,183.4,3.4405,179.9,187.0,175.18,177.3,4963852057.0,189.0,173.88
2026-06-25T10:08:52,2026-06-25 10:08:51,600769,祥龙电业,21.9,9.0637,20.21,22.09,19.85,20.08,438393056.0,21.99,20.231
2026-06-25T10:09:53,2026-06-25 10:09:50,600488,津药药业,4.54,-8.8353,4.84,4.88,4.53,4.98,294235286.0,4.98,4.57
2026-06-25T10:09:53,2026-06-25 10:09:51,002522,浙江众成,8.0,6.383,7.47,8.0,7.42,7.52,461607444.16,7.52,6.92
2026-06-25T10:09:53,2026-06-25 10:09:51,002374,中锐股份,3.47,-2.2535,3.52,3.58,3.44,3.55,72443025.0,3.55,3.24
2026-06-25T10:09:53,2026-06-25 10:09:51,002728,特一药业,8.41,-4.5403,8.73,8.92,8.41,8.81,169690997.2,8.81,8.02
2026-06-25T10:09:53,2026-06-25 10:09:52,603669,灵康药业,5.84,1.7422,5.43,5.96,5.43,5.74,193980547.0,5.74,5.05
2026-06-25T10:09:53,2026-06-25 10:09:50,600881,亚泰集团,1.57,-2.4845,1.6,1.6,1.53,1.61,69568232.0,1.61,1.51
2026-06-25T10:09:53,2026-06-25 10:09:49,600183,生益科技,184.21,3.8973,179.9,187.0,175.18,177.3,5027920321.0,189.0,173.88
2026-06-25T10:09:53,2026-06-25 10:09:51,600769,祥龙电业,21.75,8.3167,20.21,22.09,19.85,20.08,444751577.0,21.99,20.231
2026-06-25T10:10:54,2026-06-25 10:10:50,600488,津药药业,4.57,-8.2329,4.84,4.88,4.53,4.98,298880033.0,4.98,4.57
2026-06-25T10:10:54,2026-06-25 10:10:51,002522,浙江众成,7.93,5.4521,7.47,8.01,7.42,7.52,475933679.16,7.52,6.92
2026-06-25T10:10:54,2026-06-25 10:10:51,002374,中锐股份,3.45,-2.8169,3.52,3.58,3.44,3.55,75359813.65,3.55,3.24
2026-06-25T10:10:54,2026-06-25 10:10:51,002728,特一药业,8.41,-4.5403,8.73,8.92,8.41,8.81,171191147.2,8.81,8.02
2026-06-25T10:10:54,2026-06-25 10:10:52,603669,灵康药业,5.86,2.0906,5.43,5.96,5.43,5.74,194949930.0,5.74,5.05
2026-06-25T10:10:54,2026-06-25 10:10:50,600881,亚泰集团,1.57,-2.4845,1.6,1.6,1.53,1.61,69666312.0,1.61,1.51
2026-06-25T10:10:54,2026-06-25 10:10:52,600183,生益科技,183.89,3.7169,179.9,187.0,175.18,177.3,5104657051.0,189.0,173.88
2026-06-25T10:10:54,2026-06-25 10:10:51,600769,祥龙电业,21.66,7.8685,20.21,22.09,19.85,20.08,451639058.0,21.99,20.231
2026-06-25T10:11:56,2026-06-25 10:11:53,600488,津药药业,4.58,-8.0321,4.84,4.88,4.53,4.98,301659770.0,4.98,4.57
2026-06-25T10:11:56,2026-06-25 10:11:54,002522,浙江众成,7.91,5.1862,7.47,8.01,7.42,7.52,482990897.16,7.52,6.92
2026-06-25T10:11:56,2026-06-25 10:11:54,002374,中锐股份,3.45,-2.8169,3.52,3.58,3.44,3.55,75975009.65,3.55,3.24
2026-06-25T10:11:56,2026-06-25 10:11:54,002728,特一药业,8.41,-4.5403,8.73,8.92,8.4,8.81,172460336.2,8.81,8.02
2026-06-25T10:11:56,2026-06-25 10:11:55,603669,灵康药业,5.85,1.9164,5.43,5.96,5.43,5.74,195624462.0,5.74,5.05
2026-06-25T10:11:56,2026-06-25 10:11:53,600881,亚泰集团,1.57,-2.4845,1.6,1.6,1.53,1.61,69992613.0,1.61,1.51
2026-06-25T10:11:56,2026-06-25 10:11:52,600183,生益科技,184.65,4.1455,179.9,187.0,175.18,177.3,5175830996.0,189.0,173.88
2026-06-25T10:11:56,2026-06-25 10:11:54,600769,祥龙电业,21.75,8.3167,20.21,22.09,19.85,20.08,458214650.0,21.99,20.231
2026-06-25T10:12:58,2026-06-25 10:12:56,600488,津药药业,4.58,-8.0321,4.84,4.88,4.53,4.98,303899555.0,4.98,4.57
2026-06-25T10:12:58,2026-06-25 10:12:57,002522,浙江众成,7.86,4.5213,7.47,8.01,7.42,7.52,488500214.16,7.52,6.92
2026-06-25T10:12:58,2026-06-25 10:12:57,002374,中锐股份,3.45,-2.8169,3.52,3.58,3.44,3.55,76208721.65,3.55,3.24
2026-06-25T10:12:58,2026-06-25 10:12:57,002728,特一药业,8.38,-4.8808,8.73,8.92,8.37,8.81,175742421.2,8.81,8.02
2026-06-25T10:12:58,2026-06-25 10:12:55,603669,灵康药业,5.85,1.9164,5.43,5.96,5.43,5.74,196813537.0,5.74,5.05
2026-06-25T10:12:58,2026-06-25 10:12:56,600881,亚泰集团,1.57,-2.4845,1.6,1.6,1.53,1.61,70215127.0,1.61,1.51
2026-06-25T10:12:58,2026-06-25 10:12:55,600183,生益科技,183.95,3.7507,179.9,187.0,175.18,177.3,5230939974.0,189.0,173.88
2026-06-25T10:12:58,2026-06-25 10:12:57,600769,祥龙电业,21.73,8.2171,20.21,22.09,19.85,20.08,469029708.0,21.99,20.231
2026-06-25T10:13:59,2026-06-25 10:13:56,600488,津药药业,4.56,-8.4337,4.84,4.88,4.53,4.98,305415370.0,4.98,4.57
2026-06-25T10:13:59,2026-06-25 10:13:57,002522,浙江众成,7.89,4.9202,7.47,8.01,7.42,7.52,493530053.16,7.52,6.92
2026-06-25T10:13:59,2026-06-25 10:13:57,002374,中锐股份,3.46,-2.5352,3.52,3.58,3.44,3.55,76893273.65,3.55,3.24
2026-06-25T10:13:59,2026-06-25 10:13:57,002728,特一药业,8.36,-5.1078,8.73,8.92,8.35,8.81,178450147.2,8.81,8.02
2026-06-25T10:13:59,2026-06-25 10:13:58,603669,灵康药业,5.83,1.5679,5.43,5.96,5.43,5.74,197898332.0,5.74,5.05
2026-06-25T10:13:59,2026-06-25 10:13:56,600881,亚泰集团,1.57,-2.4845,1.6,1.6,1.53,1.61,73534444.0,1.61,1.51
2026-06-25T10:13:59,2026-06-25 10:13:58,600183,生益科技,184.62,4.1286,179.9,187.0,175.18,177.3,5310594072.0,189.0,173.88
2026-06-25T10:13:59,2026-06-25 10:13:57,600769,祥龙电业,21.55,7.3207,20.21,22.09,19.85,20.08,473261281.0,21.99,20.231
2026-06-25T10:15:01,2026-06-25 10:14:59,600488,津药药业,4.56,-8.4337,4.84,4.88,4.53,4.98,308525034.0,4.98,4.57
2026-06-25T10:15:01,2026-06-25 10:14:57,002522,浙江众成,7.93,5.4521,7.47,8.01,7.42,7.52,502951263.16,7.52,6.92
2026-06-25T10:15:01,2026-06-25 10:14:57,002374,中锐股份,3.46,-2.5352,3.52,3.58,3.44,3.55,77860675.65,3.55,3.24
2026-06-25T10:15:01,2026-06-25 10:14:57,002728,特一药业,8.36,-5.1078,8.73,8.92,8.34,8.81,180459859.2,8.81,8.02
2026-06-25T10:15:01,2026-06-25 10:14:58,603669,灵康药业,5.79,0.8711,5.43,5.96,5.43,5.74,201710470.0,5.74,5.05
2026-06-25T10:15:01,2026-06-25 10:14:59,600881,亚泰集团,1.57,-2.4845,1.6,1.6,1.53,1.61,75533881.0,1.61,1.51
2026-06-25T10:15:01,2026-06-25 10:14:58,600183,生益科技,184.74,4.1963,179.9,187.0,175.18,177.3,5355418062.0,189.0,173.88
2026-06-25T10:15:01,2026-06-25 10:14:57,600769,祥龙电业,21.61,7.6195,20.21,22.09,19.85,20.08,477111963.0,21.99,20.231
2026-06-25T10:16:02,2026-06-25 10:15:59,600488,津药药业,4.51,-9.4378,4.84,4.88,4.51,4.98,314400269.0,4.98,4.57
2026-06-25T10:16:02,2026-06-25 10:16:00,002522,浙江众成,7.93,5.4521,7.47,8.01,7.42,7.52,506783960.16,7.52,6.92
2026-06-25T10:16:02,2026-06-25 10:15:57,002374,中锐股份,3.47,-2.2535,3.52,3.58,3.44,3.55,78031046.65,3.55,3.24
2026-06-25T10:16:02,2026-06-25 10:16:00,002728,特一药业,8.37,-4.9943,8.73,8.92,8.34,8.81,181177448.2,8.81,8.02
2026-06-25T10:16:02,2026-06-25 10:16:01,603669,灵康药业,5.85,1.9164,5.43,5.96,5.43,5.74,206083695.0,5.74,5.05
2026-06-25T10:16:02,2026-06-25 10:15:59,600881,亚泰集团,1.57,-2.4845,1.6,1.6,1.53,1.61,75832565.0,1.61,1.51
2026-06-25T10:16:02,2026-06-25 10:16:01,600183,生益科技,185.3,4.5121,179.9,187.0,175.18,177.3,5408993785.0,189.0,173.88
2026-06-25T10:16:02,2026-06-25 10:16:00,600769,祥龙电业,21.63,7.7191,20.21,22.09,19.85,20.08,479572860.0,21.99,20.231
2026-06-25T10:17:02,2026-06-25 10:17:02,600488,津药药业,4.53,-9.0361,4.84,4.88,4.5,4.98,322986595.0,4.98,4.57
2026-06-25T10:17:02,2026-06-25 10:17:00,002522,浙江众成,7.91,5.1862,7.47,8.01,7.42,7.52,509369472.16,7.52,6.92
2026-06-25T10:17:02,2026-06-25 10:17:00,002374,中锐股份,3.47,-2.2535,3.52,3.58,3.44,3.55,78476394.65,3.55,3.24
2026-06-25T10:17:02,2026-06-25 10:17:00,002728,特一药业,8.38,-4.8808,8.73,8.92,8.34,8.81,182176674.4,8.81,8.02
2026-06-25T10:17:02,2026-06-25 10:17:01,603669,灵康药业,5.94,3.4843,5.43,5.96,5.43,5.74,209606178.0,5.74,5.05
2026-06-25T10:17:02,2026-06-25 10:17:02,600881,亚泰集团,1.57,-2.4845,1.6,1.6,1.53,1.61,77787939.0,1.61,1.51
2026-06-25T10:17:02,2026-06-25 10:17:01,600183,生益科技,185.87,4.8336,179.9,187.0,175.18,177.3,5447912028.0,189.0,173.88
2026-06-25T10:17:02,2026-06-25 10:17:00,600769,祥龙电业,21.67,7.9183,20.21,22.09,19.85,20.08,481351475.0,21.99,20.231
2026-06-25T10:18:03,2026-06-25 10:17:59,600488,津药药业,4.53,-9.0361,4.84,4.88,4.5,4.98,324997647.0,4.98,4.57
2026-06-25T10:18:03,2026-06-25 10:18:00,002522,浙江众成,7.87,4.6543,7.47,8.01,7.42,7.52,511203797.16,7.52,6.92
2026-06-25T10:18:03,2026-06-25 10:18:00,002374,中锐股份,3.46,-2.5352,3.52,3.58,3.44,3.55,78996290.65,3.55,3.24
2026-06-25T10:18:03,2026-06-25 10:18:00,002728,特一药业,8.38,-4.8808,8.73,8.92,8.34,8.81,182546659.0,8.81,8.02
2026-06-25T10:18:03,2026-06-25 10:18:01,603669,灵康药业,5.92,3.1359,5.43,6.02,5.43,5.74,225853847.0,5.74,5.05
2026-06-25T10:18:03,2026-06-25 10:17:59,600881,亚泰集团,1.56,-3.1056,1.6,1.6,1.53,1.61,77953158.0,1.61,1.51
2026-06-25T10:18:03,2026-06-25 10:18:01,600183,生益科技,185.5,4.6249,179.9,187.0,175.18,177.3,5499617452.0,189.0,173.88
2026-06-25T10:18:03,2026-06-25 10:18:00,600769,祥龙电业,21.6,7.5697,20.21,22.09,19.85,20.08,482599673.0,21.99,20.231
2026-06-25T10:19:03,2026-06-25 10:19:02,600488,津药药业,4.52,-9.2369,4.84,4.88,4.5,4.98,327841826.0,4.98,4.57
2026-06-25T10:19:03,2026-06-25 10:19:00,002522,浙江众成,7.89,4.9202,7.47,8.01,7.42,7.52,515008416.16,7.52,6.92
2026-06-25T10:19:03,2026-06-25 10:19:00,002374,中锐股份,3.46,-2.5352,3.52,3.58,3.44,3.55,79151353.65,3.55,3.24
2026-06-25T10:19:03,2026-06-25 10:19:00,002728,特一药业,8.37,-4.9943,8.73,8.92,8.34,8.81,183647098.6,8.81,8.02
2026-06-25T10:19:03,2026-06-25 10:19:01,603669,灵康药业,5.74,0.0,5.43,6.02,5.43,5.74,229536140.0,5.74,5.05
2026-06-25T10:19:03,2026-06-25 10:19:02,600881,亚泰集团,1.56,-3.1056,1.6,1.6,1.53,1.61,77991412.0,1.61,1.51
2026-06-25T10:19:03,2026-06-25 10:19:01,600183,生益科技,185.39,4.5629,179.9,187.0,175.18,177.3,5544716618.0,189.0,173.88
2026-06-25T10:19:03,2026-06-25 10:19:00,600769,祥龙电业,21.59,7.5199,20.21,22.09,19.85,20.08,483724169.0,21.99,20.231
2026-06-25T10:20:03,2026-06-25 10:20:02,600488,津药药业,4.55,-8.6345,4.84,4.88,4.5,4.98,330665623.0,4.98,4.57
2026-06-25T10:20:03,2026-06-25 10:20:00,002522,浙江众成,7.88,4.7872,7.47,8.01,7.42,7.52,517893850.16,7.52,6.92
2026-06-25T10:20:03,2026-06-25 10:20:00,002374,中锐股份,3.46,-2.5352,3.52,3.58,3.44,3.55,79443037.65,3.55,3.24
2026-06-25T10:20:03,2026-06-25 10:20:00,002728,特一药业,8.39,-4.7673,8.73,8.92,8.34,8.81,184467262.6,8.81,8.02
2026-06-25T10:20:03,2026-06-25 10:20:01,603669,灵康药业,5.63,-1.9164,5.43,6.02,5.43,5.74,234577295.0,5.74,5.05
2026-06-25T10:20:03,2026-06-25 10:20:02,600881,亚泰集团,1.57,-2.4845,1.6,1.6,1.53,1.61,78064021.0,1.61,1.51
2026-06-25T10:20:03,2026-06-25 10:20:01,600183,生益科技,185.79,4.7885,179.9,187.0,175.18,177.3,5577995173.0,189.0,173.88
2026-06-25T10:20:03,2026-06-25 10:20:00,600769,祥龙电业,21.68,7.9681,20.21,22.09,19.85,20.08,485540698.0,21.99,20.231
2026-06-25T10:21:05,2026-06-25 10:21:02,600488,津药药业,4.54,-8.8353,4.84,4.88,4.5,4.98,331693609.0,4.98,4.57
2026-06-25T10:21:05,2026-06-25 10:21:03,002522,浙江众成,7.88,4.7872,7.47,8.01,7.42,7.52,523129073.16,7.52,6.92
2026-06-25T10:21:05,2026-06-25 10:21:03,002374,中锐股份,3.45,-2.8169,3.52,3.58,3.44,3.55,79855368.65,3.55,3.24
2026-06-25T10:21:05,2026-06-25 10:21:03,002728,特一药业,8.4,-4.6538,8.73,8.92,8.34,8.81,185177433.43,8.81,8.02
2026-06-25T10:21:05,2026-06-25 10:21:04,603669,灵康药业,5.71,-0.5226,5.43,6.02,5.43,5.74,239330144.0,5.74,5.05
2026-06-25T10:21:05,2026-06-25 10:21:02,600881,亚泰集团,1.56,-3.1056,1.6,1.6,1.53,1.61,78193897.0,1.61,1.51
2026-06-25T10:21:05,2026-06-25 10:21:04,600183,生益科技,185.47,4.608,179.9,187.0,175.18,177.3,5640726744.0,189.0,173.88
2026-06-25T10:21:05,2026-06-25 10:21:03,600769,祥龙电业,21.64,7.7689,20.21,22.09,19.85,20.08,489129749.0,21.99,20.231
2026-06-25T10:22:05,2026-06-25 10:22:05,600488,津药药业,4.56,-8.4337,4.84,4.88,4.5,4.98,333229565.0,4.98,4.57
2026-06-25T10:22:05,2026-06-25 10:22:03,002522,浙江众成,7.87,4.6543,7.47,8.01,7.42,7.52,525980183.16,7.52,6.92
2026-06-25T10:22:05,2026-06-25 10:22:03,002374,中锐股份,3.44,-3.0986,3.52,3.58,3.44,3.55,81557310.0,3.55,3.24
2026-06-25T10:22:05,2026-06-25 10:22:03,002728,特一药业,8.41,-4.5403,8.73,8.92,8.34,8.81,185602833.43,8.81,8.02
2026-06-25T10:22:05,2026-06-25 10:22:04,603669,灵康药业,5.74,0.0,5.43,6.02,5.43,5.74,240869468.0,5.74,5.05
2026-06-25T10:22:05,2026-06-25 10:22:05,600881,亚泰集团,1.57,-2.4845,1.6,1.6,1.53,1.61,78283219.0,1.61,1.51
2026-06-25T10:22:05,2026-06-25 10:22:04,600183,生益科技,184.75,4.2019,179.9,187.0,175.18,177.3,5691863631.0,189.0,173.88
2026-06-25T10:22:05,2026-06-25 10:22:03,600769,祥龙电业,21.89,9.0139,20.21,22.09,19.85,20.08,497710343.0,21.99,20.231
2026-06-25T10:23:06,2026-06-25 10:23:02,600488,津药药业,4.58,-8.0321,4.84,4.88,4.5,4.98,335658883.0,4.98,4.57
2026-06-25T10:23:06,2026-06-25 10:23:03,002522,浙江众成,7.86,4.5213,7.47,8.01,7.42,7.52,528170103.16,7.52,6.92
2026-06-25T10:23:06,2026-06-25 10:23:00,002374,中锐股份,3.45,-2.8169,3.52,3.58,3.44,3.55,82914489.0,3.55,3.24
2026-06-25T10:23:06,2026-06-25 10:23:03,002728,特一药业,8.39,-4.7673,8.73,8.92,8.34,8.81,186683264.43,8.81,8.02
2026-06-25T10:23:06,2026-06-25 10:23:04,603669,灵康药业,5.76,0.3484,5.43,6.02,5.43,5.74,241412313.0,5.74,5.05
2026-06-25T10:23:06,2026-06-25 10:23:02,600881,亚泰集团,1.57,-2.4845,1.6,1.6,1.53,1.61,78391964.0,1.61,1.51
2026-06-25T10:23:06,2026-06-25 10:23:04,600183,生益科技,184.39,3.9989,179.9,187.0,175.18,177.3,5736272559.0,189.0,173.88
2026-06-25T10:23:06,2026-06-25 10:23:03,600769,祥龙电业,21.95,9.3127,20.21,22.09,19.85,20.08,502147230.0,21.99,20.231
2026-06-25T10:24:06,2026-06-25 10:24:02,600488,津药药业,4.58,-8.0321,4.84,4.88,4.5,4.98,337378713.0,4.98,4.57
2026-06-25T10:24:06,2026-06-25 10:24:03,002522,浙江众成,7.84,4.2553,7.47,8.01,7.42,7.52,531095382.16,7.52,6.92
2026-06-25T10:24:06,2026-06-25 10:24:03,002374,中锐股份,3.44,-3.0986,3.52,3.58,3.44,3.55,83942598.0,3.55,3.24
2026-06-25T10:24:06,2026-06-25 10:24:03,002728,特一药业,8.4,-4.6538,8.73,8.92,8.34,8.81,187556365.43,8.81,8.02
2026-06-25T10:24:06,2026-06-25 10:24:04,603669,灵康药业,5.78,0.6969,5.43,6.02,5.43,5.74,242635476.0,5.74,5.05
2026-06-25T10:24:06,2026-06-25 10:24:02,600881,亚泰集团,1.56,-3.1056,1.6,1.6,1.53,1.61,78783957.0,1.61,1.51
2026-06-25T10:24:06,2026-06-25 10:24:04,600183,生益科技,185.39,4.5629,179.9,187.0,175.18,177.3,5773428913.0,189.0,173.88
2026-06-25T10:24:06,2026-06-25 10:24:03,600769,祥龙电业,21.99,9.512,20.21,22.09,19.85,20.08,519402833.0,21.99,20.231
2026-06-25T10:25:07,2026-06-25 10:25:05,600488,津药药业,4.59,-7.8313,4.84,4.88,4.5,4.98,338046741.0,4.98,4.57
2026-06-25T10:25:07,2026-06-25 10:25:03,002522,浙江众成,7.88,4.7872,7.47,8.01,7.42,7.52,536283300.16,7.52,6.92
2026-06-25T10:25:07,2026-06-25 10:25:03,002374,中锐股份,3.45,-2.8169,3.52,3.58,3.43,3.55,85362243.0,3.55,3.24
2026-06-25T10:25:07,2026-06-25 10:25:03,002728,特一药业,8.43,-4.3133,8.73,8.92,8.34,8.81,188140878.43,8.81,8.02
2026-06-25T10:25:07,2026-06-25 10:25:04,603669,灵康药业,5.75,0.1742,5.43,6.02,5.43,5.74,242974019.0,5.74,5.05
2026-06-25T10:25:07,2026-06-25 10:25:05,600881,亚泰集团,1.57,-2.4845,1.6,1.6,1.53,1.61,78878798.0,1.61,1.51
2026-06-25T10:25:07,2026-06-25 10:25:04,600183,生益科技,185.37,4.5516,179.9,187.0,175.18,177.3,5823254070.0,189.0,173.88
2026-06-25T10:25:07,2026-06-25 10:25:03,600769,祥龙电业,22.0,9.5618,20.21,22.09,19.85,20.08,522609426.0,21.99,20.231
2026-06-25T10:26:08,2026-06-25 10:26:05,600488,津药药业,4.61,-7.4297,4.84,4.88,4.5,4.98,339861117.0,4.98,4.57
2026-06-25T10:26:08,2026-06-25 10:26:06,002522,浙江众成,7.88,4.7872,7.47,8.01,7.42,7.52,539363244.16,7.52,6.92
2026-06-25T10:26:08,2026-06-25 10:26:06,002374,中锐股份,3.45,-2.8169,3.52,3.58,3.43,3.55,85821421.0,3.55,3.24
2026-06-25T10:26:08,2026-06-25 10:26:06,002728,特一药业,8.41,-4.5403,8.73,8.92,8.34,8.81,189026857.43,8.81,8.02
2026-06-25T10:26:08,2026-06-25 10:26:07,603669,灵康药业,5.79,0.8711,5.43,6.02,5.43,5.74,244040258.0,5.74,5.05
2026-06-25T10:26:08,2026-06-25 10:26:05,600881,亚泰集团,1.56,-3.1056,1.6,1.6,1.53,1.61,79081841.0,1.61,1.51
2026-06-25T10:26:08,2026-06-25 10:26:07,600183,生益科技,184.41,4.0102,179.9,187.0,175.18,177.3,5863270855.0,189.0,173.88
2026-06-25T10:26:08,2026-06-25 10:26:06,600769,祥龙电业,21.95,9.3127,20.21,22.09,19.85,20.08,528787591.0,21.99,20.231
2026-06-25T10:27:08,2026-06-25 10:27:08,600488,津药药业,4.61,-7.4297,4.84,4.88,4.5,4.98,341315683.0,4.98,4.57
2026-06-25T10:27:08,2026-06-25 10:27:06,002522,浙江众成,7.85,4.3883,7.47,8.01,7.42,7.52,546286292.16,7.52,6.92
2026-06-25T10:27:08,2026-06-25 10:27:03,002374,中锐股份,3.45,-2.8169,3.52,3.58,3.43,3.55,86168526.0,3.55,3.24
2026-06-25T10:27:08,2026-06-25 10:27:06,002728,特一药业,8.44,-4.1998,8.73,8.92,8.34,8.81,189466934.43,8.81,8.02
2026-06-25T10:27:08,2026-06-25 10:27:07,603669,灵康药业,5.76,0.3484,5.43,6.02,5.43,5.74,245023132.0,5.74,5.05
2026-06-25T10:27:08,2026-06-25 10:27:08,600881,亚泰集团,1.56,-3.1056,1.6,1.6,1.53,1.61,79266956.0,1.61,1.51
2026-06-25T10:27:08,2026-06-25 10:27:07,600183,生益科技,184.7,4.1737,179.9,187.0,175.18,177.3,5927583264.0,189.0,173.88
2026-06-25T10:27:08,2026-06-25 10:27:06,600769,祥龙电业,21.85,8.8147,20.21,22.09,19.85,20.08,530229574.0,21.99,20.231
2026-06-25T10:28:09,2026-06-25 10:28:08,600488,津药药业,4.59,-7.8313,4.84,4.88,4.5,4.98,342349926.0,4.98,4.57
2026-06-25T10:28:09,2026-06-25 10:28:06,002522,浙江众成,7.84,4.2553,7.47,8.01,7.42,7.52,549896561.16,7.52,6.92
2026-06-25T10:28:09,2026-06-25 10:28:06,002374,中锐股份,3.45,-2.8169,3.52,3.58,3.43,3.55,86485592.0,3.55,3.24
2026-06-25T10:28:09,2026-06-25 10:28:06,002728,特一药业,8.4,-4.6538,8.73,8.92,8.34,8.81,190083791.43,8.81,8.02
2026-06-25T10:28:09,2026-06-25 10:28:07,603669,灵康药业,5.75,0.1742,5.43,6.02,5.43,5.74,245784022.0,5.74,5.05
2026-06-25T10:28:09,2026-06-25 10:28:08,600881,亚泰集团,1.58,-1.8634,1.6,1.6,1.53,1.61,80963830.0,1.61,1.51
2026-06-25T10:28:09,2026-06-25 10:28:07,600183,生益科技,185.6,4.6813,179.9,187.0,175.18,177.3,6008501985.0,189.0,173.88
2026-06-25T10:28:09,2026-06-25 10:28:06,600769,祥龙电业,21.85,8.8147,20.21,22.09,19.85,20.08,531549863.0,21.99,20.231
2026-06-25T10:29:09,2026-06-25 10:29:08,600488,津药药业,4.59,-7.8313,4.84,4.88,4.5,4.98,343702936.0,4.98,4.57
2026-06-25T10:29:09,2026-06-25 10:29:06,002522,浙江众成,7.88,4.7872,7.47,8.01,7.42,7.52,552789314.16,7.52,6.92
2026-06-25T10:29:09,2026-06-25 10:29:06,002374,中锐股份,3.45,-2.8169,3.52,3.58,3.43,3.55,86838738.0,3.55,3.24
2026-06-25T10:29:09,2026-06-25 10:29:06,002728,特一药业,8.43,-4.3133,8.73,8.92,8.34,8.81,190318712.43,8.81,8.02
2026-06-25T10:29:09,2026-06-25 10:29:07,603669,灵康药业,5.75,0.1742,5.43,6.02,5.43,5.74,246567475.0,5.74,5.05
2026-06-25T10:29:09,2026-06-25 10:29:08,600881,亚泰集团,1.58,-1.8634,1.6,1.6,1.53,1.61,85740148.0,1.61,1.51
2026-06-25T10:29:09,2026-06-25 10:29:07,600183,生益科技,186.74,5.3243,179.9,187.0,175.18,177.3,6155617456.0,189.0,173.88
2026-06-25T10:29:09,2026-06-25 10:29:09,600769,祥龙电业,21.92,9.1633,20.21,22.09,19.85,20.08,534453739.0,21.99,20.231
2026-06-25T10:30:10,2026-06-25 10:30:08,600488,津药药业,4.57,-8.2329,4.84,4.88,4.5,4.98,344222605.0,4.98,4.57
2026-06-25T10:30:10,2026-06-25 10:30:09,002522,浙江众成,7.87,4.6543,7.47,8.01,7.42,7.52,553945003.16,7.52,6.92
2026-06-25T10:30:10,2026-06-25 10:30:09,002374,中锐股份,3.43,-3.3803,3.52,3.58,3.43,3.55,87484585.0,3.55,3.24
2026-06-25T10:30:10,2026-06-25 10:30:09,002728,特一药业,8.42,-4.4268,8.73,8.92,8.34,8.81,190802823.43,8.81,8.02
2026-06-25T10:30:10,2026-06-25 10:30:07,603669,灵康药业,5.73,-0.1742,5.43,6.02,5.43,5.74,247306465.0,5.74,5.05
2026-06-25T10:30:10,2026-06-25 10:30:08,600881,亚泰集团,1.58,-1.8634,1.6,1.6,1.53,1.61,86090229.0,1.61,1.51
2026-06-25T10:30:10,2026-06-25 10:30:07,600183,生益科技,186.91,5.4202,179.9,187.12,175.18,177.3,6347717535.0,189.0,173.88
2026-06-25T10:30:10,2026-06-25 10:30:06,600769,祥龙电业,22.03,9.7112,20.21,22.09,19.85,20.08,538193668.0,21.99,20.231
2026-06-25T10:31:13,2026-06-25 10:31:11,600488,津药药业,4.56,-8.4337,4.84,4.88,4.5,4.98,345316043.0,4.98,4.57
2026-06-25T10:31:13,2026-06-25 10:31:12,002522,浙江众成,7.87,4.6543,7.47,8.01,7.42,7.52,556221639.16,7.52,6.92
2026-06-25T10:31:13,2026-06-25 10:31:12,002374,中锐股份,3.44,-3.0986,3.52,3.58,3.43,3.55,87666405.0,3.55,3.24
2026-06-25T10:31:13,2026-06-25 10:31:12,002728,特一药业,8.41,-4.5403,8.73,8.92,8.34,8.81,191460586.43,8.81,8.02
2026-06-25T10:31:13,2026-06-25 10:31:13,603669,灵康药业,5.66,-1.3937,5.43,6.02,5.43,5.74,249275158.0,5.74,5.05
2026-06-25T10:31:13,2026-06-25 10:31:11,600881,亚泰集团,1.58,-1.8634,1.6,1.6,1.53,1.61,86332362.0,1.61,1.51
2026-06-25T10:31:13,2026-06-25 10:31:10,600183,生益科技,187.47,5.736,179.9,188.0,175.18,177.3,6510068934.0,189.0,173.88
2026-06-25T10:31:13,2026-06-25 10:31:12,600769,祥龙电业,22.0,9.5618,20.21,22.09,19.85,20.08,541894435.0,21.99,20.231
2026-06-25T10:32:15,2026-06-25 10:32:14,600488,津药药业,4.56,-8.4337,4.84,4.88,4.5,4.98,346570275.0,4.98,4.57
2026-06-25T10:32:15,2026-06-25 10:32:12,002522,浙江众成,7.87,4.6543,7.47,8.01,7.42,7.52,557896481.16,7.52,6.92
2026-06-25T10:32:15,2026-06-25 10:32:12,002374,中锐股份,3.43,-3.3803,3.52,3.58,3.43,3.55,88142164.0,3.55,3.24
2026-06-25T10:32:15,2026-06-25 10:32:12,002728,特一药业,8.4,-4.6538,8.73,8.92,8.34,8.81,191979097.43,8.81,8.02
2026-06-25T10:32:15,2026-06-25 10:32:13,603669,灵康药业,5.66,-1.3937,5.43,6.02,5.43,5.74,251206465.0,5.74,5.05
2026-06-25T10:32:15,2026-06-25 10:32:14,600881,亚泰集团,1.57,-2.4845,1.6,1.6,1.53,1.61,86423892.0,1.61,1.51
2026-06-25T10:32:15,2026-06-25 10:32:13,600183,生益科技,186.96,5.4484,179.9,188.0,175.18,177.3,6590911473.0,189.0,173.88
2026-06-25T10:32:15,2026-06-25 10:32:12,600769,祥龙电业,22.01,9.6116,20.21,22.09,19.85,20.08,544084715.0,21.99,20.231
2026-06-25T10:33:17,2026-06-25 10:33:14,600488,津药药业,4.55,-8.6345,4.84,4.88,4.5,4.98,348562307.0,4.98,4.57
2026-06-25T10:33:17,2026-06-25 10:33:15,002522,浙江众成,7.85,4.3883,7.47,8.01,7.42,7.52,560282252.16,7.52,6.92
2026-06-25T10:33:17,2026-06-25 10:33:15,002374,中锐股份,3.44,-3.0986,3.52,3.58,3.42,3.55,89797493.0,3.55,3.24
2026-06-25T10:33:17,2026-06-25 10:33:15,002728,特一药业,8.39,-4.7673,8.73,8.92,8.34,8.81,192357842.43,8.81,8.02
2026-06-25T10:33:17,2026-06-25 10:33:16,603669,灵康药业,5.62,-2.0906,5.43,6.02,5.43,5.74,255025307.0,5.74,5.05
2026-06-25T10:33:17,2026-06-25 10:33:14,600881,亚泰集团,1.57,-2.4845,1.6,1.6,1.53,1.61,86580942.0,1.61,1.51
2026-06-25T10:33:17,2026-06-25 10:33:13,600183,生益科技,187.5,5.753,179.9,188.0,175.18,177.3,6653543985.0,189.0,173.88
2026-06-25T10:33:17,2026-06-25 10:33:15,600769,祥龙电业,22.09,10.01,20.21,22.09,19.85,20.08,600913313.0,21.99,20.231
2026-06-25T10:34:18,2026-06-25 10:34:14,600488,津药药业,4.55,-8.6345,4.84,4.88,4.5,4.98,349525877.0,4.98,4.57
2026-06-25T10:34:18,2026-06-25 10:34:15,002522,浙江众成,7.86,4.5213,7.47,8.01,7.42,7.52,563504831.16,7.52,6.92
2026-06-25T10:34:18,2026-06-25 10:34:15,002374,中锐股份,3.43,-3.3803,3.52,3.58,3.42,3.55,90139288.0,3.55,3.24
2026-06-25T10:34:18,2026-06-25 10:34:15,002728,特一药业,8.39,-4.7673,8.73,8.92,8.34,8.81,192541596.43,8.81,8.02
2026-06-25T10:34:18,2026-06-25 10:34:16,603669,灵康药业,5.6,-2.439,5.43,6.02,5.43,5.74,258771371.0,5.74,5.05
2026-06-25T10:34:18,2026-06-25 10:34:17,600881,亚泰集团,1.58,-1.8634,1.6,1.6,1.53,1.61,86649843.0,1.61,1.51
2026-06-25T10:34:18,2026-06-25 10:34:16,600183,生益科技,187.22,5.595,179.9,188.0,175.18,177.3,6703678355.0,189.0,173.88
2026-06-25T10:34:18,2026-06-25 10:34:15,600769,祥龙电业,22.0,9.5618,20.21,22.09,19.85,20.08,610646024.0,21.99,20.231
2026-06-25T10:35:19,2026-06-25 10:35:17,600488,津药药业,4.57,-8.2329,4.84,4.88,4.5,4.98,350073567.0,4.98,4.57
2026-06-25T10:35:19,2026-06-25 10:35:18,002522,浙江众成,7.85,4.3883,7.47,8.01,7.42,7.52,566433382.16,7.52,6.92
2026-06-25T10:35:19,2026-06-25 10:35:18,002374,中锐股份,3.43,-3.3803,3.52,3.58,3.42,3.55,91507861.0,3.55,3.24
2026-06-25T10:35:19,2026-06-25 10:35:18,002728,特一药业,8.39,-4.7673,8.73,8.92,8.34,8.81,192926873.43,8.81,8.02
2026-06-25T10:35:19,2026-06-25 10:35:16,603669,灵康药业,5.49,-4.3554,5.43,6.02,5.43,5.74,265016284.0,5.74,5.05
2026-06-25T10:35:19,2026-06-25 10:35:17,600881,亚泰集团,1.58,-1.8634,1.6,1.6,1.53,1.61,86701501.0,1.61,1.51
2026-06-25T10:35:19,2026-06-25 10:35:16,600183,生益科技,186.7,5.3017,179.9,188.0,175.18,177.3,6742032218.0,189.0,173.88
2026-06-25T10:35:19,2026-06-25 10:35:18,600769,祥龙电业,21.98,9.4622,20.21,22.09,19.85,20.08,616137015.0,21.99,20.231
2026-06-25T10:36:21,2026-06-25 10:36:20,600488,津药药业,4.57,-8.2329,4.84,4.88,4.5,4.98,350452416.0,4.98,4.57
2026-06-25T10:36:21,2026-06-25 10:36:18,002522,浙江众成,7.85,4.3883,7.47,8.01,7.42,7.52,567662683.16,7.52,6.92
2026-06-25T10:36:21,2026-06-25 10:36:18,002374,中锐股份,3.44,-3.0986,3.52,3.58,3.42,3.55,92160097.0,3.55,3.24
2026-06-25T10:36:21,2026-06-25 10:36:18,002728,特一药业,8.41,-4.5403,8.73,8.92,8.34,8.81,193586459.43,8.81,8.02
2026-06-25T10:36:21,2026-06-25 10:36:19,603669,灵康药业,5.49,-4.3554,5.43,6.02,5.43,5.74,268915440.0,5.74,5.05
2026-06-25T10:36:21,2026-06-25 10:36:20,600881,亚泰集团,1.58,-1.8634,1.6,1.6,1.53,1.61,86742072.0,1.61,1.51
2026-06-25T10:36:21,2026-06-25 10:36:19,600183,生益科技,186.0,4.9069,179.9,188.0,175.18,177.3,6775463619.0,189.0,173.88
2026-06-25T10:36:21,2026-06-25 10:36:18,600769,祥龙电业,22.06,9.8606,20.21,22.09,19.85,20.08,617523048.0,21.99,20.231
2026-06-25T10:37:22,2026-06-25 10:37:20,600488,津药药业,4.56,-8.4337,4.84,4.88,4.5,4.98,350943200.0,4.98,4.57
2026-06-25T10:37:22,2026-06-25 10:37:21,002522,浙江众成,7.82,3.9894,7.47,8.01,7.42,7.52,571987230.16,7.52,6.92
2026-06-25T10:37:22,2026-06-25 10:37:21,002374,中锐股份,3.44,-3.0986,3.52,3.58,3.42,3.55,92813739.0,3.55,3.24
2026-06-25T10:37:22,2026-06-25 10:37:21,002728,特一药业,8.42,-4.4268,8.73,8.92,8.34,8.81,193721465.83,8.81,8.02
2026-06-25T10:37:22,2026-06-25 10:37:19,603669,灵康药业,5.5,-4.1812,5.43,6.02,5.43,5.74,272964244.0,5.74,5.05
2026-06-25T10:37:22,2026-06-25 10:37:20,600881,亚泰集团,1.59,-1.2422,1.6,1.6,1.53,1.61,87096469.0,1.61,1.51
2026-06-25T10:37:22,2026-06-25 10:37:19,600183,生益科技,186.11,4.969,179.9,188.0,175.18,177.3,6807046342.0,189.0,173.88
2026-06-25T10:37:22,2026-06-25 10:37:21,600769,祥龙电业,22.05,9.8108,20.21,22.09,19.85,20.08,625270479.0,21.99,20.231
2026-06-25T10:38:23,2026-06-25 10:38:23,600488,津药药业,4.57,-8.2329,4.84,4.88,4.5,4.98,351535089.0,4.98,4.57
2026-06-25T10:38:23,2026-06-25 10:38:21,002522,浙江众成,7.81,3.8564,7.47,8.01,7.42,7.52,575128474.16,7.52,6.92
2026-06-25T10:38:23,2026-06-25 10:38:21,002374,中锐股份,3.44,-3.0986,3.52,3.58,3.42,3.55,92923344.0,3.55,3.24
2026-06-25T10:38:23,2026-06-25 10:38:21,002728,特一药业,8.44,-4.1998,8.73,8.92,8.34,8.81,194088950.83,8.81,8.02
2026-06-25T10:38:23,2026-06-25 10:38:22,603669,灵康药业,5.51,-4.007,5.43,6.02,5.43,5.74,275745362.0,5.74,5.05
2026-06-25T10:38:23,2026-06-25 10:38:23,600881,亚泰集团,1.6,-0.6211,1.6,1.6,1.53,1.61,88289551.0,1.61,1.51
2026-06-25T10:38:23,2026-06-25 10:38:22,600183,生益科技,185.3,4.5121,179.9,188.0,175.18,177.3,6847466283.0,189.0,173.88
2026-06-25T10:38:23,2026-06-25 10:38:21,600769,祥龙电业,22.04,9.761,20.21,22.09,19.85,20.08,627723314.0,21.99,20.231
2026-06-25T10:39:24,2026-06-25 10:39:23,600488,津药药业,4.58,-8.0321,4.84,4.88,4.5,4.98,352331814.0,4.98,4.57
2026-06-25T10:39:24,2026-06-25 10:39:21,002522,浙江众成,7.81,3.8564,7.47,8.01,7.42,7.52,582526335.16,7.52,6.92
2026-06-25T10:39:24,2026-06-25 10:39:21,002374,中锐股份,3.44,-3.0986,3.52,3.58,3.42,3.55,93333445.0,3.55,3.24
2026-06-25T10:39:24,2026-06-25 10:39:18,002728,特一药业,8.46,-3.9728,8.73,8.92,8.34,8.81,194865645.83,8.81,8.02
2026-06-25T10:39:24,2026-06-25 10:39:22,603669,灵康药业,5.52,-3.8328,5.43,6.02,5.43,5.74,277084333.0,5.74,5.05
2026-06-25T10:39:24,2026-06-25 10:39:23,600881,亚泰集团,1.61,0.0,1.6,1.61,1.53,1.61,89787187.0,1.61,1.51
2026-06-25T10:39:24,2026-06-25 10:39:22,600183,生益科技,185.27,4.4952,179.9,188.0,175.18,177.3,6886525655.0,189.0,173.88
2026-06-25T10:39:24,2026-06-25 10:39:21,600769,祥龙电业,22.06,9.8606,20.21,22.09,19.85,20.08,631168361.0,21.99,20.231
2026-06-25T10:40:26,2026-06-25 10:40:23,600488,津药药业,4.59,-7.8313,4.84,4.88,4.5,4.98,354178672.0,4.98,4.57
2026-06-25T10:40:26,2026-06-25 10:40:24,002522,浙江众成,7.8,3.7234,7.47,8.01,7.42,7.52,585606459.16,7.52,6.92
2026-06-25T10:40:26,2026-06-25 10:40:24,002374,中锐股份,3.45,-2.8169,3.52,3.58,3.42,3.55,94095769.0,3.55,3.24
2026-06-25T10:40:26,2026-06-25 10:40:24,002728,特一药业,8.45,-4.0863,8.73,8.92,8.34,8.81,195229328.83,8.81,8.02
2026-06-25T10:40:26,2026-06-25 10:40:22,603669,灵康药业,5.54,-3.4843,5.43,6.02,5.43,5.74,277741521.0,5.74,5.05
2026-06-25T10:40:26,2026-06-25 10:40:23,600881,亚泰集团,1.59,-1.2422,1.6,1.61,1.53,1.61,90708774.0,1.61,1.51
2026-06-25T10:40:26,2026-06-25 10:40:22,600183,生益科技,184.17,3.8748,179.9,188.0,175.18,177.3,6926766275.0,189.0,173.88
2026-06-25T10:40:26,2026-06-25 10:40:24,600769,祥龙电业,22.08,9.9602,20.21,22.09,19.85,20.08,635275337.0,21.99,20.231
2026-06-25T10:41:28,2026-06-25 10:41:26,600488,津药药业,4.57,-8.2329,4.84,4.88,4.5,4.98,355253502.0,4.98,4.57
2026-06-25T10:41:28,2026-06-25 10:41:27,002522,浙江众成,7.78,3.4574,7.47,8.01,7.42,7.52,588904562.16,7.52,6.92
2026-06-25T10:41:28,2026-06-25 10:41:27,002374,中锐股份,3.48,-1.9718,3.52,3.58,3.42,3.55,106242982.0,3.55,3.24
2026-06-25T10:41:28,2026-06-25 10:41:27,002728,特一药业,8.46,-3.9728,8.73,8.92,8.34,8.81,196020920.83,8.81,8.02
2026-06-25T10:41:28,2026-06-25 10:41:25,603669,灵康药业,5.51,-4.007,5.43,6.02,5.43,5.74,279839146.0,5.74,5.05
2026-06-25T10:41:28,2026-06-25 10:41:26,600881,亚泰集团,1.58,-1.8634,1.6,1.61,1.53,1.61,91218814.0,1.61,1.51
2026-06-25T10:41:28,2026-06-25 10:41:25,600183,生益科技,183.9,3.7225,179.9,188.0,175.18,177.3,6980173952.0,189.0,173.88
2026-06-25T10:41:28,2026-06-25 10:41:27,600769,祥龙电业,22.09,10.01,20.21,22.09,19.85,20.08,642365850.0,21.99,20.231
2026-06-25T10:42:29,2026-06-25 10:42:29,600488,津药药业,4.57,-8.2329,4.84,4.88,4.5,4.98,355971420.0,4.98,4.57
2026-06-25T10:42:29,2026-06-25 10:42:27,002522,浙江众成,7.78,3.4574,7.47,8.01,7.42,7.52,591563239.16,7.52,6.92
2026-06-25T10:42:29,2026-06-25 10:42:27,002374,中锐股份,3.49,-1.6901,3.52,3.58,3.42,3.55,108160855.0,3.55,3.24
2026-06-25T10:42:29,2026-06-25 10:42:27,002728,特一药业,8.48,-3.7457,8.73,8.92,8.34,8.81,196854039.83,8.81,8.02
2026-06-25T10:42:29,2026-06-25 10:42:28,603669,灵康药业,5.53,-3.6585,5.43,6.02,5.43,5.74,284444193.0,5.74,5.05
2026-06-25T10:42:29,2026-06-25 10:42:29,600881,亚泰集团,1.59,-1.2422,1.6,1.61,1.53,1.61,91246433.0,1.61,1.51
2026-06-25T10:42:29,2026-06-25 10:42:28,600183,生益科技,183.39,3.4349,179.9,188.0,175.18,177.3,7049363684.0,189.0,173.88
2026-06-25T10:42:29,2026-06-25 10:42:27,600769,祥龙电业,22.09,10.01,20.21,22.09,19.85,20.08,646004069.0,21.99,20.231
2026-06-25T10:43:31,2026-06-25 10:43:29,600488,津药药业,4.58,-8.0321,4.84,4.88,4.5,4.98,357312930.0,4.98,4.57
2026-06-25T10:43:31,2026-06-25 10:43:30,002522,浙江众成,7.78,3.4574,7.47,8.01,7.42,7.52,596806162.16,7.52,6.92
2026-06-25T10:43:31,2026-06-25 10:43:30,002374,中锐股份,3.47,-2.2535,3.52,3.58,3.42,3.55,109268405.0,3.55,3.24
2026-06-25T10:43:31,2026-06-25 10:43:30,002728,特一药业,8.47,-3.8593,8.73,8.92,8.34,8.81,197909510.83,8.81,8.02
2026-06-25T10:43:31,2026-06-25 10:43:28,603669,灵康药业,5.5,-4.1812,5.43,6.02,5.43,5.74,286625436.0,5.74,5.05
2026-06-25T10:43:31,2026-06-25 10:43:29,600881,亚泰集团,1.58,-1.8634,1.6,1.61,1.53,1.61,91266146.0,1.61,1.51
2026-06-25T10:43:31,2026-06-25 10:43:28,600183,生益科技,182.68,3.0344,179.9,188.0,175.18,177.3,7139474339.0,189.0,173.88
2026-06-25T10:43:31,2026-06-25 10:43:27,600769,祥龙电业,22.09,10.01,20.21,22.09,19.85,20.08,647987711.0,21.99,20.231
2026-06-25T10:44:32,2026-06-25 10:44:29,600488,津药药业,4.59,-7.8313,4.84,4.88,4.5,4.98,358065336.0,4.98,4.57
2026-06-25T10:44:32,2026-06-25 10:44:30,002522,浙江众成,7.8,3.7234,7.47,8.01,7.42,7.52,598050796.16,7.52,6.92
2026-06-25T10:44:32,2026-06-25 10:44:30,002374,中锐股份,3.46,-2.5352,3.52,3.58,3.42,3.55,110040454.0,3.55,3.24
2026-06-25T10:44:32,2026-06-25 10:44:30,002728,特一药业,8.48,-3.7457,8.73,8.92,8.34,8.81,198943374.83,8.81,8.02
2026-06-25T10:44:32,2026-06-25 10:44:31,603669,灵康药业,5.51,-4.007,5.43,6.02,5.43,5.74,287621303.0,5.74,5.05
2026-06-25T10:44:32,2026-06-25 10:44:29,600881,亚泰集团,1.58,-1.8634,1.6,1.61,1.53,1.61,91400972.0,1.61,1.51
2026-06-25T10:44:32,2026-06-25 10:44:28,600183,生益科技,183.4,3.4405,179.9,188.0,175.18,177.3,7204377979.0,189.0,173.88
2026-06-25T10:44:32,2026-06-25 10:44:30,600769,祥龙电业,21.99,9.512,20.21,22.09,19.85,20.08,651096943.0,21.99,20.231
2026-06-25T10:45:33,2026-06-25 10:45:32,600488,津药药业,4.58,-8.0321,4.84,4.88,4.5,4.98,359488428.0,4.98,4.57
2026-06-25T10:45:33,2026-06-25 10:45:30,002522,浙江众成,7.8,3.7234,7.47,8.01,7.42,7.52,599442254.16,7.52,6.92
2026-06-25T10:45:33,2026-06-25 10:45:30,002374,中锐股份,3.45,-2.8169,3.52,3.58,3.42,3.55,111224372.0,3.55,3.24
2026-06-25T10:45:33,2026-06-25 10:45:30,002728,特一药业,8.49,-3.6322,8.73,8.92,8.34,8.81,199371102.83,8.81,8.02
2026-06-25T10:45:33,2026-06-25 10:45:31,603669,灵康药业,5.46,-4.878,5.43,6.02,5.43,5.74,291107086.0,5.74,5.05
2026-06-25T10:45:33,2026-06-25 10:45:32,600881,亚泰集团,1.59,-1.2422,1.6,1.61,1.53,1.61,91434785.0,1.61,1.51
2026-06-25T10:45:33,2026-06-25 10:45:31,600183,生益科技,183.28,3.3728,179.9,188.0,175.18,177.3,7261737410.0,189.0,173.88
2026-06-25T10:45:33,2026-06-25 10:45:30,600769,祥龙电业,22.0,9.5618,20.21,22.09,19.85,20.08,654531942.0,21.99,20.231
2026-06-25T10:46:35,2026-06-25 10:46:35,600488,津药药业,4.58,-8.0321,4.84,4.88,4.5,4.98,359891690.0,4.98,4.57
2026-06-25T10:46:35,2026-06-25 10:46:33,002522,浙江众成,7.81,3.8564,7.47,8.01,7.42,7.52,601781474.16,7.52,6.92
2026-06-25T10:46:35,2026-06-25 10:46:33,002374,中锐股份,3.45,-2.8169,3.52,3.58,3.42,3.55,111729898.0,3.55,3.24
2026-06-25T10:46:35,2026-06-25 10:46:30,002728,特一药业,8.48,-3.7457,8.73,8.92,8.34,8.81,199539086.83,8.81,8.02
2026-06-25T10:46:35,2026-06-25 10:46:34,603669,灵康药业,5.44,-5.2265,5.43,6.02,5.43,5.74,294040479.0,5.74,5.05
2026-06-25T10:46:35,2026-06-25 10:46:35,600881,亚泰集团,1.59,-1.2422,1.6,1.61,1.53,1.61,91526361.0,1.61,1.51
2026-06-25T10:46:35,2026-06-25 10:46:34,600183,生益科技,182.97,3.198,179.9,188.0,175.18,177.3,7332965197.0,189.0,173.88
2026-06-25T10:46:35,2026-06-25 10:46:33,600769,祥龙电业,22.03,9.7112,20.21,22.09,19.85,20.08,655864799.0,21.99,20.231
2026-06-25T10:47:37,2026-06-25 10:47:35,600488,津药药业,4.58,-8.0321,4.84,4.88,4.5,4.98,360724556.0,4.98,4.57
2026-06-25T10:47:37,2026-06-25 10:47:33,002522,浙江众成,7.81,3.8564,7.47,8.01,7.42,7.52,604496320.16,7.52,6.92
2026-06-25T10:47:37,2026-06-25 10:47:33,002374,中锐股份,3.45,-2.8169,3.52,3.58,3.42,3.55,112018663.0,3.55,3.24
2026-06-25T10:47:37,2026-06-25 10:47:33,002728,特一药业,8.49,-3.6322,8.73,8.92,8.34,8.81,199755378.83,8.81,8.02
2026-06-25T10:47:37,2026-06-25 10:47:34,603669,灵康药业,5.52,-3.8328,5.43,6.02,5.43,5.74,295759373.0,5.74,5.05
2026-06-25T10:47:37,2026-06-25 10:47:35,600881,亚泰集团,1.59,-1.2422,1.6,1.61,1.53,1.61,91632231.0,1.61,1.51
2026-06-25T10:47:37,2026-06-25 10:47:34,600183,生益科技,184.68,4.1624,179.9,188.0,175.18,177.3,7364434857.0,189.0,173.88
2026-06-25T10:47:37,2026-06-25 10:47:33,600769,祥龙电业,22.01,9.6116,20.21,22.09,19.85,20.08,657739762.0,21.99,20.231
2026-06-25T10:48:38,2026-06-25 10:48:38,600488,津药药业,4.57,-8.2329,4.84,4.88,4.5,4.98,361445106.0,4.98,4.57
2026-06-25T10:48:38,2026-06-25 10:48:36,002522,浙江众成,7.82,3.9894,7.47,8.01,7.42,7.52,605460687.16,7.52,6.92
2026-06-25T10:48:38,2026-06-25 10:48:36,002374,中锐股份,3.46,-2.5352,3.52,3.58,3.42,3.55,112606975.0,3.55,3.24
2026-06-25T10:48:38,2026-06-25 10:48:36,002728,特一药业,8.46,-3.9728,8.73,8.92,8.34,8.81,200146836.83,8.81,8.02
2026-06-25T10:48:38,2026-06-25 10:48:37,603669,灵康药业,5.56,-3.1359,5.43,6.02,5.43,5.74,297489441.0,5.74,5.05
2026-06-25T10:48:38,2026-06-25 10:48:38,600881,亚泰集团,1.58,-1.8634,1.6,1.61,1.53,1.61,91687577.0,1.61,1.51
2026-06-25T10:48:38,2026-06-25 10:48:37,600183,生益科技,184.57,4.1004,179.9,188.0,175.18,177.3,7391175530.0,189.0,173.88
2026-06-25T10:48:38,2026-06-25 10:48:36,600769,祥龙电业,22.09,10.01,20.21,22.09,19.85,20.08,667214851.0,21.99,20.231
2026-06-25T10:49:40,2026-06-25 10:49:38,600488,津药药业,4.57,-8.2329,4.84,4.88,4.5,4.98,361949836.0,4.98,4.57
2026-06-25T10:49:40,2026-06-25 10:49:36,002522,浙江众成,7.82,3.9894,7.47,8.01,7.42,7.52,607269026.16,7.52,6.92
2026-06-25T10:49:40,2026-06-25 10:49:36,002374,中锐股份,3.47,-2.2535,3.52,3.58,3.42,3.55,113140331.0,3.55,3.24
2026-06-25T10:49:40,2026-06-25 10:49:36,002728,特一药业,8.46,-3.9728,8.73,8.92,8.34,8.81,200469167.83,8.81,8.02
2026-06-25T10:49:40,2026-06-25 10:49:37,603669,灵康药业,5.51,-4.007,5.43,6.02,5.43,5.74,297996670.0,5.74,5.05
2026-06-25T10:49:40,2026-06-25 10:49:38,600881,亚泰集团,1.58,-1.8634,1.6,1.61,1.53,1.61,91775584.0,1.61,1.51
2026-06-25T10:49:40,2026-06-25 10:49:37,600183,生益科技,184.8,4.2301,179.9,188.0,175.18,177.3,7409643436.0,189.0,173.88
2026-06-25T10:49:40,2026-06-25 10:49:39,600769,祥龙电业,22.09,10.01,20.21,22.09,19.85,20.08,670288696.0,21.99,20.231
2026-06-25T10:50:41,2026-06-25 10:50:41,600488,津药药业,4.57,-8.2329,4.84,4.88,4.5,4.98,362907523.0,4.98,4.57
2026-06-25T10:50:41,2026-06-25 10:50:39,002522,浙江众成,7.8,3.7234,7.47,8.01,7.42,7.52,610074935.16,7.52,6.92
2026-06-25T10:50:41,2026-06-25 10:50:39,002374,中锐股份,3.46,-2.5352,3.52,3.58,3.42,3.55,113317895.0,3.55,3.24
2026-06-25T10:50:41,2026-06-25 10:50:39,002728,特一药业,8.47,-3.8593,8.73,8.92,8.34,8.81,200732359.83,8.81,8.02
2026-06-25T10:50:41,2026-06-25 10:50:40,603669,灵康药业,5.53,-3.6585,5.43,6.02,5.43,5.74,298629825.0,5.74,5.05
2026-06-25T10:50:41,2026-06-25 10:50:41,600881,亚泰集团,1.58,-1.8634,1.6,1.61,1.53,1.61,92417247.0,1.61,1.51
2026-06-25T10:50:41,2026-06-25 10:50:40,600183,生益科技,182.96,3.1923,179.9,188.0,175.18,177.3,7451026408.0,189.0,173.88
2026-06-25T10:50:41,2026-06-25 10:50:39,600769,祥龙电业,22.09,10.01,20.21,22.09,19.85,20.08,672234700.0,21.99,20.231
2026-06-25T10:51:43,2026-06-25 10:51:41,600488,津药药业,4.56,-8.4337,4.84,4.88,4.5,4.98,364128693.0,4.98,4.57
2026-06-25T10:51:43,2026-06-25 10:51:42,002522,浙江众成,7.79,3.5904,7.47,8.01,7.42,7.52,614371181.16,7.52,6.92
2026-06-25T10:51:43,2026-06-25 10:51:42,002374,中锐股份,3.47,-2.2535,3.52,3.58,3.42,3.55,113415710.0,3.55,3.24
2026-06-25T10:51:43,2026-06-25 10:51:42,002728,特一药业,8.52,-3.2917,8.73,8.92,8.34,8.81,202585931.83,8.81,8.02
2026-06-25T10:51:43,2026-06-25 10:51:40,603669,灵康药业,5.53,-3.6585,5.43,6.02,5.43,5.74,299216955.0,5.74,5.05
2026-06-25T10:51:43,2026-06-25 10:51:41,600881,亚泰集团,1.58,-1.8634,1.6,1.61,1.53,1.61,93234748.0,1.61,1.51
2026-06-25T10:51:43,2026-06-25 10:51:40,600183,生益科技,182.18,2.7524,179.9,188.0,175.18,177.3,7514168426.0,189.0,173.88
2026-06-25T10:51:43,2026-06-25 10:51:42,600769,祥龙电业,22.09,10.01,20.21,22.09,19.85,20.08,674730779.0,21.99,20.231
2026-06-25T10:52:44,2026-06-25 10:52:44,600488,津药药业,4.6,-7.6305,4.84,4.88,4.5,4.98,365811124.0,4.98,4.57
2026-06-25T10:52:44,2026-06-25 10:52:42,002522,浙江众成,7.79,3.5904,7.47,8.01,7.42,7.52,614947697.16,7.52,6.92
2026-06-25T10:52:44,2026-06-25 10:52:42,002374,中锐股份,3.47,-2.2535,3.52,3.58,3.42,3.55,113569749.0,3.55,3.24
2026-06-25T10:52:44,2026-06-25 10:52:42,002728,特一药业,8.51,-3.4052,8.73,8.92,8.34,8.81,203525278.83,8.81,8.02
2026-06-25T10:52:44,2026-06-25 10:52:43,603669,灵康药业,5.54,-3.4843,5.43,6.02,5.43,5.74,299765101.0,5.74,5.05
2026-06-25T10:52:44,2026-06-25 10:52:44,600881,亚泰集团,1.58,-1.8634,1.6,1.61,1.53,1.61,93380497.0,1.61,1.51
2026-06-25T10:52:44,2026-06-25 10:52:43,600183,生益科技,183.6,3.5533,179.9,188.0,175.18,177.3,7544885916.0,189.0,173.88
2026-06-25T10:52:44,2026-06-25 10:52:42,600769,祥龙电业,22.09,10.01,20.21,22.09,19.85,20.08,676420528.0,21.99,20.231
2026-06-25T10:53:45,2026-06-25 10:53:44,600488,津药药业,4.59,-7.8313,4.84,4.88,4.5,4.98,366079878.0,4.98,4.57
2026-06-25T10:53:45,2026-06-25 10:53:45,002522,浙江众成,7.78,3.4574,7.47,8.01,7.42,7.52,616177774.16,7.52,6.92
2026-06-25T10:53:45,2026-06-25 10:53:45,002374,中锐股份,3.47,-2.2535,3.52,3.58,3.42,3.55,113724491.0,3.55,3.24
2026-06-25T10:53:45,2026-06-25 10:53:42,002728,特一药业,8.52,-3.2917,8.73,8.92,8.34,8.81,203664784.83,8.81,8.02
2026-06-25T10:53:45,2026-06-25 10:53:43,603669,灵康药业,5.54,-3.4843,5.43,6.02,5.43,5.74,300033683.0,5.74,5.05
2026-06-25T10:53:45,2026-06-25 10:53:41,600881,亚泰集团,1.58,-1.8634,1.6,1.61,1.53,1.61,93460147.0,1.61,1.51
2026-06-25T10:53:45,2026-06-25 10:53:43,600183,生益科技,182.55,2.9611,179.9,188.0,175.18,177.3,7574227821.0,189.0,173.88
2026-06-25T10:53:45,2026-06-25 10:53:42,600769,祥龙电业,22.09,10.01,20.21,22.09,19.85,20.08,676857910.0,21.99,20.231
2026-06-25T10:54:46,2026-06-25 10:54:44,600488,津药药业,4.59,-7.8313,4.84,4.88,4.5,4.98,366632911.0,4.98,4.57
2026-06-25T10:54:46,2026-06-25 10:54:45,002522,浙江众成,7.82,3.9894,7.47,8.01,7.42,7.52,619994556.16,7.52,6.92
2026-06-25T10:54:46,2026-06-25 10:54:45,002374,中锐股份,3.47,-2.2535,3.52,3.58,3.42,3.55,113862277.0,3.55,3.24
2026-06-25T10:54:46,2026-06-25 10:54:45,002728,特一药业,8.48,-3.7457,8.73,8.92,8.34,8.81,203930924.83,8.81,8.02
2026-06-25T10:54:46,2026-06-25 10:54:43,603669,灵康药业,5.53,-3.6585,5.43,6.02,5.43,5.74,300951974.0,5.74,5.05
2026-06-25T10:54:46,2026-06-25 10:54:44,600881,亚泰集团,1.59,-1.2422,1.6,1.61,1.53,1.61,93482925.0,1.61,1.51
2026-06-25T10:54:46,2026-06-25 10:54:43,600183,生益科技,183.0,3.2149,179.9,188.0,175.18,177.3,7614859031.0,189.0,173.88
2026-06-25T10:54:46,2026-06-25 10:54:45,600769,祥龙电业,22.09,10.01,20.21,22.09,19.85,20.08,677085437.0,21.99,20.231
2026-06-25T10:55:48,2026-06-25 10:55:47,600488,津药药业,4.6,-7.6305,4.84,4.88,4.5,4.98,367275430.0,4.98,4.57
2026-06-25T10:55:48,2026-06-25 10:55:45,002522,浙江众成,7.83,4.1223,7.47,8.01,7.42,7.52,622264949.16,7.52,6.92
2026-06-25T10:55:48,2026-06-25 10:55:45,002374,中锐股份,3.44,-3.0986,3.52,3.58,3.42,3.55,115694740.0,3.55,3.24
2026-06-25T10:55:48,2026-06-25 10:55:42,002728,特一药业,8.51,-3.4052,8.73,8.92,8.34,8.81,204429851.83,8.81,8.02
2026-06-25T10:55:48,2026-06-25 10:55:46,603669,灵康药业,5.53,-3.6585,5.43,6.02,5.43,5.74,301097129.0,5.74,5.05
2026-06-25T10:55:48,2026-06-25 10:55:44,600881,亚泰集团,1.58,-1.8634,1.6,1.61,1.53,1.61,93632899.0,1.61,1.51
2026-06-25T10:55:48,2026-06-25 10:55:46,600183,生益科技,181.88,2.5832,179.9,188.0,175.18,177.3,7679466940.0,189.0,173.88
2026-06-25T10:55:48,2026-06-25 10:55:45,600769,祥龙电业,22.09,10.01,20.21,22.09,19.85,20.08,677659777.0,21.99,20.231
2026-06-25T10:56:51,2026-06-25 10:56:50,600488,津药药业,4.6,-7.6305,4.84,4.88,4.5,4.98,368656199.0,4.98,4.57
2026-06-25T10:56:51,2026-06-25 10:56:51,002522,浙江众成,7.84,4.2553,7.47,8.01,7.42,7.52,623662618.16,7.52,6.92
2026-06-25T10:56:51,2026-06-25 10:56:51,002374,中锐股份,3.45,-2.8169,3.52,3.58,3.42,3.55,116320153.0,3.55,3.24
2026-06-25T10:56:51,2026-06-25 10:56:51,002728,特一药业,8.5,-3.5187,8.73,8.92,8.34,8.81,204748788.83,8.81,8.02
2026-06-25T10:56:51,2026-06-25 10:56:49,603669,灵康药业,5.55,-3.3101,5.43,6.02,5.43,5.74,301225726.0,5.74,5.05
2026-06-25T10:56:51,2026-06-25 10:56:50,600881,亚泰集团,1.58,-1.8634,1.6,1.61,1.53,1.61,93664000.0,1.61,1.51
2026-06-25T10:56:51,2026-06-25 10:56:49,600183,生益科技,181.82,2.5494,179.9,188.0,175.18,177.3,7767165363.0,189.0,173.88
2026-06-25T10:56:51,2026-06-25 10:56:48,600769,祥龙电业,22.09,10.01,20.21,22.09,19.85,20.08,682057790.0,21.99,20.231
2026-06-25T10:57:53,2026-06-25 10:57:50,600488,津药药业,4.62,-7.2289,4.84,4.88,4.5,4.98,369701273.0,4.98,4.57
2026-06-25T10:57:53,2026-06-25 10:57:51,002522,浙江众成,7.83,4.1223,7.47,8.01,7.42,7.52,626096130.16,7.52,6.92
2026-06-25T10:57:53,2026-06-25 10:57:51,002374,中锐股份,3.45,-2.8169,3.52,3.58,3.42,3.55,117020541.0,3.55,3.24
2026-06-25T10:57:53,2026-06-25 10:57:48,002728,特一药业,8.49,-3.6322,8.73,8.92,8.34,8.81,204866041.83,8.81,8.02
2026-06-25T10:57:53,2026-06-25 10:57:52,603669,灵康药业,5.52,-3.8328,5.43,6.02,5.43,5.74,301921678.0,5.74,5.05
2026-06-25T10:57:53,2026-06-25 10:57:50,600881,亚泰集团,1.58,-1.8634,1.6,1.61,1.53,1.61,93701088.0,1.61,1.51
2026-06-25T10:57:53,2026-06-25 10:57:49,600183,生益科技,181.55,2.3971,179.9,188.0,175.18,177.3,7813986055.0,189.0,173.88
2026-06-25T10:57:53,2026-06-25 10:57:51,600769,祥龙电业,22.09,10.01,20.21,22.09,19.85,20.08,682753614.0,21.99,20.231
2026-06-25T10:58:54,2026-06-25 10:58:53,600488,津药药业,4.62,-7.2289,4.84,4.88,4.5,4.98,370539482.0,4.98,4.57
2026-06-25T10:58:54,2026-06-25 10:58:54,002522,浙江众成,7.83,4.1223,7.47,8.01,7.42,7.52,627722696.16,7.52,6.92
2026-06-25T10:58:54,2026-06-25 10:58:54,002374,中锐股份,3.45,-2.8169,3.52,3.58,3.42,3.55,117372470.0,3.55,3.24
2026-06-25T10:58:54,2026-06-25 10:58:51,002728,特一药业,8.49,-3.6322,8.73,8.92,8.34,8.81,204968885.83,8.81,8.02
2026-06-25T10:58:54,2026-06-25 10:58:52,603669,灵康药业,5.51,-4.007,5.43,6.02,5.43,5.74,302454290.0,5.74,5.05
2026-06-25T10:58:54,2026-06-25 10:58:53,600881,亚泰集团,1.58,-1.8634,1.6,1.61,1.53,1.61,93753294.0,1.61,1.51
2026-06-25T10:58:54,2026-06-25 10:58:52,600183,生益科技,181.83,2.555,179.9,188.0,175.18,177.3,7866941766.0,189.0,173.88
2026-06-25T10:58:54,2026-06-25 10:58:51,600769,祥龙电业,22.08,9.9602,20.21,22.09,19.85,20.08,683414040.0,21.99,20.231
2026-06-25T10:59:56,2026-06-25 10:59:53,600488,津药药业,4.62,-7.2289,4.84,4.88,4.5,4.98,371214352.0,4.98,4.57
2026-06-25T10:59:56,2026-06-25 10:59:54,002522,浙江众成,7.84,4.2553,7.47,8.01,7.42,7.52,628760539.24,7.52,6.92
2026-06-25T10:59:56,2026-06-25 10:59:54,002374,中锐股份,3.44,-3.0986,3.52,3.58,3.42,3.55,117817130.0,3.55,3.24
2026-06-25T10:59:56,2026-06-25 10:59:54,002728,特一药业,8.49,-3.6322,8.73,8.92,8.34,8.81,205397040.83,8.81,8.02
2026-06-25T10:59:56,2026-06-25 10:59:55,603669,灵康药业,5.52,-3.8328,5.43,6.02,5.43,5.74,302867109.0,5.74,5.05
2026-06-25T10:59:56,2026-06-25 10:59:53,600881,亚泰集团,1.58,-1.8634,1.6,1.61,1.53,1.61,93792539.0,1.61,1.51
2026-06-25T10:59:56,2026-06-25 10:59:52,600183,生益科技,182.58,2.978,179.9,188.0,175.18,177.3,7904334955.0,189.0,173.88
2026-06-25T10:59:56,2026-06-25 10:59:54,600769,祥龙电业,22.09,10.01,20.21,22.09,19.85,20.08,684158397.0,21.99,20.231
2026-06-25T11:00:57,2026-06-25 11:00:53,600488,津药药业,4.62,-7.2289,4.84,4.88,4.5,4.98,371881597.0,4.98,4.57
2026-06-25T11:00:57,2026-06-25 11:00:54,002522,浙江众成,7.83,4.1223,7.47,8.01,7.42,7.52,630565309.16,7.52,6.92
2026-06-25T11:00:57,2026-06-25 11:00:54,002374,中锐股份,3.44,-3.0986,3.52,3.58,3.42,3.55,118361834.0,3.55,3.24
2026-06-25T11:00:57,2026-06-25 11:00:54,002728,特一药业,8.52,-3.2917,8.73,8.92,8.34,8.81,205996778.83,8.81,8.02
2026-06-25T11:00:57,2026-06-25 11:00:55,603669,灵康药业,5.52,-3.8328,5.43,6.02,5.43,5.74,303594699.0,5.74,5.05
2026-06-25T11:00:57,2026-06-25 11:00:53,600881,亚泰集团,1.58,-1.8634,1.6,1.61,1.53,1.61,93862550.0,1.61,1.51
2026-06-25T11:00:57,2026-06-25 11:00:55,600183,生益科技,182.79,3.0964,179.9,188.0,175.18,177.3,7940168243.0,189.0,173.88
2026-06-25T11:00:57,2026-06-25 11:00:54,600769,祥龙电业,22.06,9.8606,20.21,22.09,19.85,20.08,689429091.0,21.99,20.231
2026-06-25T11:01:59,2026-06-25 11:01:56,600488,津药药业,4.63,-7.0281,4.84,4.88,4.5,4.98,372252212.0,4.98,4.57
2026-06-25T11:01:59,2026-06-25 11:01:57,002522,浙江众成,7.82,3.9894,7.47,8.01,7.42,7.52,632534968.16,7.52,6.92
2026-06-25T11:01:59,2026-06-25 11:01:57,002374,中锐股份,3.45,-2.8169,3.52,3.58,3.42,3.55,118553136.0,3.55,3.24
2026-06-25T11:01:59,2026-06-25 11:01:57,002728,特一药业,8.56,-2.8377,8.73,8.92,8.34,8.81,206914976.83,8.81,8.02
2026-06-25T11:01:59,2026-06-25 11:01:58,603669,灵康药业,5.52,-3.8328,5.43,6.02,5.43,5.74,303916773.0,5.74,5.05
2026-06-25T11:01:59,2026-06-25 11:01:56,600881,亚泰集团,1.59,-1.2422,1.6,1.61,1.53,1.61,93889095.0,1.61,1.51
2026-06-25T11:01:59,2026-06-25 11:01:55,600183,生益科技,183.08,3.26,179.9,188.0,175.18,177.3,7982766518.0,189.0,173.88
2026-06-25T11:01:59,2026-06-25 11:01:57,600769,祥龙电业,21.92,9.1633,20.21,22.09,19.85,20.08,692564532.0,21.99,20.231
2026-06-25T11:03:00,2026-06-25 11:02:59,600488,津药药业,4.63,-7.0281,4.84,4.88,4.5,4.98,373938611.0,4.98,4.57
2026-06-25T11:03:00,2026-06-25 11:02:57,002522,浙江众成,7.8,3.7234,7.47,8.01,7.42,7.52,633433179.16,7.52,6.92
2026-06-25T11:03:00,2026-06-25 11:02:57,002374,中锐股份,3.45,-2.8169,3.52,3.58,3.42,3.55,118672207.0,3.55,3.24
2026-06-25T11:03:00,2026-06-25 11:02:57,002728,特一药业,8.56,-2.8377,8.73,8.92,8.34,8.81,207916618.83,8.81,8.02
2026-06-25T11:03:00,2026-06-25 11:02:58,603669,灵康药业,5.52,-3.8328,5.43,6.02,5.43,5.74,304174066.0,5.74,5.05
2026-06-25T11:03:00,2026-06-25 11:02:59,600881,亚泰集团,1.58,-1.8634,1.6,1.61,1.53,1.61,94267658.0,1.61,1.51
2026-06-25T11:03:00,2026-06-25 11:02:58,600183,生益科技,183.31,3.3897,179.9,188.0,175.18,177.3,8011064359.0,189.0,173.88
2026-06-25T11:03:00,2026-06-25 11:02:57,600769,祥龙电业,21.82,8.6653,20.21,22.09,19.85,20.08,697326178.0,21.99,20.231
2026-06-25T11:04:01,2026-06-25 11:03:59,600488,津药药业,4.62,-7.2289,4.84,4.88,4.5,4.98,374719098.0,4.98,4.57
2026-06-25T11:04:01,2026-06-25 11:04:00,002522,浙江众成,7.78,3.4574,7.47,8.01,7.42,7.52,636509627.16,7.52,6.92
2026-06-25T11:04:01,2026-06-25 11:04:00,002374,中锐股份,3.44,-3.0986,3.52,3.58,3.42,3.55,118728028.0,3.55,3.24
2026-06-25T11:04:01,2026-06-25 11:04:00,002728,特一药业,8.55,-2.9512,8.73,8.92,8.34,8.81,208759109.83,8.81,8.02
2026-06-25T11:04:01,2026-06-25 11:03:58,603669,灵康药业,5.52,-3.8328,5.43,6.02,5.43,5.74,304724319.0,5.74,5.05
2026-06-25T11:04:01,2026-06-25 11:03:56,600881,亚泰集团,1.58,-1.8634,1.6,1.61,1.53,1.61,94642863.0,1.61,1.51
2026-06-25T11:04:01,2026-06-25 11:03:58,600183,生益科技,183.75,3.6379,179.9,188.0,175.18,177.3,8035859967.0,189.0,173.88
2026-06-25T11:04:01,2026-06-25 11:03:57,600769,祥龙电业,21.93,9.2131,20.21,22.09,19.85,20.08,701602037.0,21.99,20.231
2026-06-25T11:05:02,2026-06-25 11:04:59,600488,津药药业,4.6,-7.6305,4.84,4.88,4.5,4.98,375122070.0,4.98,4.57
2026-06-25T11:05:02,2026-06-25 11:05:00,002522,浙江众成,7.79,3.5904,7.47,8.01,7.42,7.52,637511454.16,7.52,6.92
2026-06-25T11:05:02,2026-06-25 11:05:00,002374,中锐股份,3.46,-2.5352,3.52,3.58,3.42,3.55,119549097.0,3.55,3.24
2026-06-25T11:05:02,2026-06-25 11:05:00,002728,特一药业,8.54,-3.0647,8.73,8.92,8.34,8.81,209042282.83,8.81,8.02
2026-06-25T11:05:02,2026-06-25 11:05:01,603669,灵康药业,5.57,-2.9617,5.43,6.02,5.43,5.74,305522334.0,5.74,5.05
2026-06-25T11:05:02,2026-06-25 11:04:59,600881,亚泰集团,1.58,-1.8634,1.6,1.61,1.53,1.61,94701062.0,1.61,1.51
2026-06-25T11:05:02,2026-06-25 11:05:01,600183,生益科技,184.56,4.0948,179.9,188.0,175.18,177.3,8058655510.0,189.0,173.88
2026-06-25T11:05:02,2026-06-25 11:05:00,600769,祥龙电业,21.72,8.1673,20.21,22.09,19.85,20.08,714258313.0,21.99,20.231
2026-06-25T11:06:05,2026-06-25 11:06:02,600488,津药药业,4.6,-7.6305,4.84,4.88,4.5,4.98,375790800.0,4.98,4.57
2026-06-25T11:06:05,2026-06-25 11:06:03,002522,浙江众成,7.79,3.5904,7.47,8.01,7.42,7.52,638549829.16,7.52,6.92
2026-06-25T11:06:05,2026-06-25 11:06:03,002374,中锐股份,3.45,-2.8169,3.52,3.58,3.42,3.55,120137690.0,3.55,3.24
2026-06-25T11:06:05,2026-06-25 11:06:03,002728,特一药业,8.53,-3.1782,8.73,8.92,8.34,8.81,209327550.83,8.81,8.02
2026-06-25T11:06:05,2026-06-25 11:06:01,603669,灵康药业,5.59,-2.6132,5.43,6.02,5.43,5.74,306318938.0,5.74,5.05
2026-06-25T11:06:05,2026-06-25 11:06:02,600881,亚泰集团,1.58,-1.8634,1.6,1.61,1.53,1.61,94787330.0,1.61,1.51
2026-06-25T11:06:05,2026-06-25 11:06:01,600183,生益科技,184.62,4.1286,179.9,188.0,175.18,177.3,8109897789.0,189.0,173.88
2026-06-25T11:06:05,2026-06-25 11:06:03,600769,祥龙电业,21.7,8.0677,20.21,22.09,19.85,20.08,718845590.0,21.99,20.231
2026-06-25T11:07:06,2026-06-25 11:07:05,600488,津药药业,4.61,-7.4297,4.84,4.88,4.5,4.98,377149223.0,4.98,4.57
2026-06-25T11:07:06,2026-06-25 11:07:03,002522,浙江众成,7.78,3.4574,7.47,8.01,7.42,7.52,641038222.16,7.52,6.92
2026-06-25T11:07:06,2026-06-25 11:07:00,002374,中锐股份,3.45,-2.8169,3.52,3.58,3.42,3.55,120203908.0,3.55,3.24
2026-06-25T11:07:06,2026-06-25 11:07:03,002728,特一药业,8.51,-3.4052,8.73,8.92,8.34,8.81,209442679.83,8.81,8.02
2026-06-25T11:07:06,2026-06-25 11:07:04,603669,灵康药业,5.57,-2.9617,5.43,6.02,5.43,5.74,306629583.0,5.74,5.05
2026-06-25T11:07:06,2026-06-25 11:07:05,600881,亚泰集团,1.58,-1.8634,1.6,1.61,1.53,1.61,94811030.0,1.61,1.51
2026-06-25T11:07:06,2026-06-25 11:07:04,600183,生益科技,184.76,4.2076,179.9,188.0,175.18,177.3,8133595611.0,189.0,173.88
2026-06-25T11:07:06,2026-06-25 11:07:03,600769,祥龙电业,21.74,8.2669,20.21,22.09,19.85,20.08,722127861.0,21.99,20.231
2026-06-25T11:08:07,2026-06-25 11:08:05,600488,津药药业,4.61,-7.4297,4.84,4.88,4.5,4.98,377536850.0,4.98,4.57
2026-06-25T11:08:07,2026-06-25 11:08:06,002522,浙江众成,7.78,3.4574,7.47,8.01,7.42,7.52,643694713.16,7.52,6.92
2026-06-25T11:08:07,2026-06-25 11:08:06,002374,中锐股份,3.45,-2.8169,3.52,3.58,3.42,3.55,120820969.0,3.55,3.24
2026-06-25T11:08:07,2026-06-25 11:08:06,002728,特一药业,8.53,-3.1782,8.73,8.92,8.34,8.81,209625184.83,8.81,8.02
2026-06-25T11:08:07,2026-06-25 11:08:04,603669,灵康药业,5.58,-2.7875,5.43,6.02,5.43,5.74,306931622.0,5.74,5.05
2026-06-25T11:08:07,2026-06-25 11:08:02,600881,亚泰集团,1.58,-1.8634,1.6,1.61,1.53,1.61,94885199.0,1.61,1.51
2026-06-25T11:08:07,2026-06-25 11:08:04,600183,生益科技,184.15,3.8635,179.9,188.0,175.18,177.3,8153672936.0,189.0,173.88
2026-06-25T11:08:07,2026-06-25 11:08:06,600769,祥龙电业,21.69,8.0179,20.21,22.09,19.85,20.08,724681395.0,21.99,20.231
2026-06-25T11:09:08,2026-06-25 11:09:05,600488,津药药业,4.62,-7.2289,4.84,4.88,4.5,4.98,378253940.0,4.98,4.57
2026-06-25T11:09:08,2026-06-25 11:09:06,002522,浙江众成,7.78,3.4574,7.47,8.01,7.42,7.52,645211083.16,7.52,6.92
2026-06-25T11:09:08,2026-06-25 11:09:06,002374,中锐股份,3.45,-2.8169,3.52,3.58,3.42,3.55,121374272.0,3.55,3.24
2026-06-25T11:09:08,2026-06-25 11:09:03,002728,特一药业,8.54,-3.0647,8.73,8.92,8.34,8.81,210190241.43,8.81,8.02
2026-06-25T11:09:08,2026-06-25 11:09:07,603669,灵康药业,5.56,-3.1359,5.43,6.02,5.43,5.74,307139308.0,5.74,5.05
2026-06-25T11:09:08,2026-06-25 11:09:05,600881,亚泰集团,1.59,-1.2422,1.6,1.61,1.53,1.61,94885832.0,1.61,1.51
2026-06-25T11:09:08,2026-06-25 11:09:07,600183,生益科技,183.76,3.6435,179.9,188.0,175.18,177.3,8175749812.0,189.0,173.88
2026-06-25T11:09:08,2026-06-25 11:09:06,600769,祥龙电业,21.6,7.5697,20.21,22.09,19.85,20.08,730035892.0,21.99,20.231
2026-06-25T11:10:10,2026-06-25 11:10:08,600488,津药药业,4.61,-7.4297,4.84,4.88,4.5,4.98,378751255.0,4.98,4.57
2026-06-25T11:10:10,2026-06-25 11:10:09,002522,浙江众成,7.79,3.5904,7.47,8.01,7.42,7.52,646115485.16,7.52,6.92
2026-06-25T11:10:10,2026-06-25 11:10:03,002374,中锐股份,3.44,-3.0986,3.52,3.58,3.42,3.55,121667380.0,3.55,3.24
2026-06-25T11:10:10,2026-06-25 11:10:09,002728,特一药业,8.56,-2.8377,8.73,8.92,8.34,8.81,210339014.43,8.81,8.02
2026-06-25T11:10:10,2026-06-25 11:10:07,603669,灵康药业,5.55,-3.3101,5.43,6.02,5.43,5.74,307506348.0,5.74,5.05
2026-06-25T11:10:10,2026-06-25 11:10:08,600881,亚泰集团,1.59,-1.2422,1.6,1.61,1.53,1.61,95030437.0,1.61,1.51
2026-06-25T11:10:10,2026-06-25 11:10:07,600183,生益科技,183.72,3.621,179.9,188.0,175.18,177.3,8189837856.0,189.0,173.88
2026-06-25T11:10:10,2026-06-25 11:10:06,600769,祥龙电业,21.62,7.6693,20.21,22.09,19.85,20.08,735601499.0,21.99,20.231
2026-06-25T11:11:12,2026-06-25 11:11:11,600488,津药药业,4.61,-7.4297,4.84,4.88,4.5,4.98,379435911.0,4.98,4.57
2026-06-25T11:11:12,2026-06-25 11:11:09,002522,浙江众成,7.78,3.4574,7.47,8.01,7.42,7.52,647929690.16,7.52,6.92
2026-06-25T11:11:12,2026-06-25 11:11:09,002374,中锐股份,3.45,-2.8169,3.52,3.58,3.42,3.55,121713516.0,3.55,3.24
2026-06-25T11:11:12,2026-06-25 11:11:09,002728,特一药业,8.55,-2.9512,8.73,8.92,8.34,8.81,210680304.43,8.81,8.02
2026-06-25T11:11:12,2026-06-25 11:11:10,603669,灵康药业,5.55,-3.3101,5.43,6.02,5.43,5.74,307645459.0,5.74,5.05
2026-06-25T11:11:12,2026-06-25 11:11:08,600881,亚泰集团,1.59,-1.2422,1.6,1.61,1.53,1.61,95070613.0,1.61,1.51
2026-06-25T11:11:12,2026-06-25 11:11:10,600183,生益科技,184.4,4.0045,179.9,188.0,175.18,177.3,8210408137.0,189.0,173.88
2026-06-25T11:11:12,2026-06-25 11:11:09,600769,祥龙电业,21.63,7.7191,20.21,22.09,19.85,20.08,737953202.0,21.99,20.231
2026-06-25T11:12:13,2026-06-25 11:12:11,600488,津药药业,4.59,-7.8313,4.84,4.88,4.5,4.98,380911985.0,4.98,4.57
2026-06-25T11:12:13,2026-06-25 11:12:12,002522,浙江众成,7.79,3.5904,7.47,8.01,7.42,7.52,649242817.16,7.52,6.92
2026-06-25T11:12:13,2026-06-25 11:12:12,002374,中锐股份,3.43,-3.3803,3.52,3.58,3.42,3.55,123225650.0,3.55,3.24
2026-06-25T11:12:13,2026-06-25 11:12:12,002728,特一药业,8.54,-3.0647,8.73,8.92,8.34,8.81,211024108.43,8.81,8.02
2026-06-25T11:12:13,2026-06-25 11:12:10,603669,灵康药业,5.58,-2.7875,5.43,6.02,5.43,5.74,308167799.0,5.74,5.05
2026-06-25T11:12:13,2026-06-25 11:12:05,600881,亚泰集团,1.58,-1.8634,1.6,1.61,1.53,1.61,95107743.0,1.61,1.51
2026-06-25T11:12:13,2026-06-25 11:12:10,600183,生益科技,184.58,4.106,179.9,188.0,175.18,177.3,8237284769.0,189.0,173.88
2026-06-25T11:12:13,2026-06-25 11:12:12,600769,祥龙电业,21.61,7.6195,20.21,22.09,19.85,20.08,738763928.0,21.99,20.231
2026-06-25T11:13:14,2026-06-25 11:13:14,600488,津药药业,4.6,-7.6305,4.84,4.88,4.5,4.98,381351106.0,4.98,4.57
2026-06-25T11:13:14,2026-06-25 11:13:12,002522,浙江众成,7.78,3.4574,7.47,8.01,7.42,7.52,650744147.16,7.52,6.92
2026-06-25T11:13:14,2026-06-25 11:13:12,002374,中锐股份,3.44,-3.0986,3.52,3.58,3.42,3.55,124131603.0,3.55,3.24
2026-06-25T11:13:14,2026-06-25 11:13:12,002728,特一药业,8.54,-3.0647,8.73,8.92,8.34,8.81,211238435.43,8.81,8.02
2026-06-25T11:13:14,2026-06-25 11:13:13,603669,灵康药业,5.56,-3.1359,5.43,6.02,5.43,5.74,308461954.0,5.74,5.05
2026-06-25T11:13:14,2026-06-25 11:13:14,600881,亚泰集团,1.58,-1.8634,1.6,1.61,1.53,1.61,95129304.0,1.61,1.51
2026-06-25T11:13:14,2026-06-25 11:13:13,600183,生益科技,184.07,3.8184,179.9,188.0,175.18,177.3,8260746674.0,189.0,173.88
2026-06-25T11:13:14,2026-06-25 11:13:12,600769,祥龙电业,21.66,7.8685,20.21,22.09,19.85,20.08,739566262.0,21.99,20.231
2026-06-25T11:14:16,2026-06-25 11:14:14,600488,津药药业,4.59,-7.8313,4.84,4.88,4.5,4.98,381715765.0,4.98,4.57
2026-06-25T11:14:16,2026-06-25 11:14:15,002522,浙江众成,7.77,3.3245,7.47,8.01,7.42,7.52,651611843.16,7.52,6.92
2026-06-25T11:14:16,2026-06-25 11:14:15,002374,中锐股份,3.44,-3.0986,3.52,3.58,3.42,3.55,124191280.0,3.55,3.24
2026-06-25T11:14:16,2026-06-25 11:14:15,002728,特一药业,8.53,-3.1782,8.73,8.92,8.34,8.81,211421849.43,8.81,8.02
2026-06-25T11:14:16,2026-06-25 11:14:13,603669,灵康药业,5.58,-2.7875,5.43,6.02,5.43,5.74,308570568.0,5.74,5.05
2026-06-25T11:14:16,2026-06-25 11:14:14,600881,亚泰集团,1.58,-1.8634,1.6,1.61,1.53,1.61,95263447.0,1.61,1.51
2026-06-25T11:14:16,2026-06-25 11:14:13,600183,生益科技,184.57,4.1004,179.9,188.0,175.18,177.3,8283881487.0,189.0,173.88
2026-06-25T11:14:16,2026-06-25 11:14:15,600769,祥龙电业,21.72,8.1673,20.21,22.09,19.85,20.08,741349530.0,21.99,20.231
2026-06-25T11:15:17,2026-06-25 11:15:17,600488,津药药业,4.61,-7.4297,4.84,4.88,4.5,4.98,382329643.0,4.98,4.57
2026-06-25T11:15:17,2026-06-25 11:15:15,002522,浙江众成,7.79,3.5904,7.47,8.01,7.42,7.52,652874646.16,7.52,6.92
2026-06-25T11:15:17,2026-06-25 11:15:15,002374,中锐股份,3.45,-2.8169,3.52,3.58,3.42,3.55,124820489.0,3.55,3.24
2026-06-25T11:15:17,2026-06-25 11:15:15,002728,特一药业,8.53,-3.1782,8.73,8.92,8.34,8.81,211501179.43,8.81,8.02
2026-06-25T11:15:17,2026-06-25 11:15:16,603669,灵康药业,5.59,-2.6132,5.43,6.02,5.43,5.74,309112843.0,5.74,5.05
2026-06-25T11:15:17,2026-06-25 11:15:17,600881,亚泰集团,1.58,-1.8634,1.6,1.61,1.53,1.61,95554240.0,1.61,1.51
2026-06-25T11:15:17,2026-06-25 11:15:16,600183,生益科技,184.74,4.1963,179.9,188.0,175.18,177.3,8309680959.0,189.0,173.88
2026-06-25T11:15:17,2026-06-25 11:15:15,600769,祥龙电业,21.75,8.3167,20.21,22.09,19.85,20.08,742384769.0,21.99,20.231
2026-06-25T11:16:19,2026-06-25 11:16:17,600488,津药药业,4.66,-6.4257,4.84,4.88,4.5,4.98,384587459.0,4.98,4.57
2026-06-25T11:16:19,2026-06-25 11:16:18,002522,浙江众成,7.79,3.5904,7.47,8.01,7.42,7.52,653772217.16,7.52,6.92
2026-06-25T11:16:19,2026-06-25 11:16:18,002374,中锐股份,3.46,-2.5352,3.52,3.58,3.42,3.55,124884756.0,3.55,3.24
2026-06-25T11:16:19,2026-06-25 11:16:18,002728,特一药业,8.55,-2.9512,8.73,8.92,8.34,8.81,211884399.23,8.81,8.02
2026-06-25T11:16:19,2026-06-25 11:16:16,603669,灵康药业,5.6,-2.439,5.43,6.02,5.43,5.74,309407299.0,5.74,5.05
2026-06-25T11:16:19,2026-06-25 11:16:17,600881,亚泰集团,1.58,-1.8634,1.6,1.61,1.53,1.61,95571869.0,1.61,1.51
2026-06-25T11:16:19,2026-06-25 11:16:16,600183,生益科技,184.37,3.9876,179.9,188.0,175.18,177.3,8345125999.0,189.0,173.88
2026-06-25T11:16:19,2026-06-25 11:16:15,600769,祥龙电业,21.68,7.9681,20.21,22.09,19.85,20.08,743368155.0,21.99,20.231
2026-06-25T11:17:20,2026-06-25 11:17:17,600488,津药药业,4.65,-6.6265,4.84,4.88,4.5,4.98,386116003.0,4.98,4.57
2026-06-25T11:17:20,2026-06-25 11:17:18,002522,浙江众成,7.8,3.7234,7.47,8.01,7.42,7.52,654565353.16,7.52,6.92
2026-06-25T11:17:20,2026-06-25 11:17:18,002374,中锐股份,3.45,-2.8169,3.52,3.58,3.42,3.55,124919667.0,3.55,3.24
2026-06-25T11:17:20,2026-06-25 11:17:18,002728,特一药业,8.56,-2.8377,8.73,8.92,8.34,8.81,212120653.23,8.81,8.02
2026-06-25T11:17:20,2026-06-25 11:17:16,603669,灵康药业,5.58,-2.7875,5.43,6.02,5.43,5.74,310642700.0,5.74,5.05
2026-06-25T11:17:20,2026-06-25 11:17:17,600881,亚泰集团,1.59,-1.2422,1.6,1.61,1.53,1.61,95597043.0,1.61,1.51
2026-06-25T11:17:20,2026-06-25 11:17:16,600183,生益科技,184.8,4.2301,179.9,188.0,175.18,177.3,8361948643.0,189.0,173.88
2026-06-25T11:17:20,2026-06-25 11:17:18,600769,祥龙电业,21.6,7.5697,20.21,22.09,19.85,20.08,745409773.0,21.99,20.231
2026-06-25T11:18:21,2026-06-25 11:18:20,600488,津药药业,4.64,-6.8273,4.84,4.88,4.5,4.98,386644144.0,4.98,4.57
2026-06-25T11:18:21,2026-06-25 11:18:18,002522,浙江众成,7.8,3.7234,7.47,8.01,7.42,7.52,655620786.16,7.52,6.92
2026-06-25T11:18:21,2026-06-25 11:18:18,002374,中锐股份,3.45,-2.8169,3.52,3.58,3.42,3.55,124955550.0,3.55,3.24
2026-06-25T11:18:21,2026-06-25 11:18:18,002728,特一药业,8.57,-2.7242,8.73,8.92,8.34,8.81,212515792.23,8.81,8.02
2026-06-25T11:18:21,2026-06-25 11:18:19,603669,灵康药业,5.6,-2.439,5.43,6.02,5.43,5.74,310916103.0,5.74,5.05
2026-06-25T11:18:21,2026-06-25 11:18:20,600881,亚泰集团,1.59,-1.2422,1.6,1.61,1.53,1.61,96741469.0,1.61,1.51
2026-06-25T11:18:21,2026-06-25 11:18:19,600183,生益科技,184.67,4.1568,179.9,188.0,175.18,177.3,8376389877.0,189.0,173.88
2026-06-25T11:18:21,2026-06-25 11:18:18,600769,祥龙电业,21.59,7.5199,20.21,22.09,19.85,20.08,747224250.0,21.99,20.231
2026-06-25T11:19:22,2026-06-25 11:19:20,600488,津药药业,4.65,-6.6265,4.84,4.88,4.5,4.98,389470146.0,4.98,4.57
2026-06-25T11:19:22,2026-06-25 11:19:21,002522,浙江众成,7.79,3.5904,7.47,8.01,7.42,7.52,657105418.16,7.52,6.92
2026-06-25T11:19:22,2026-06-25 11:19:21,002374,中锐股份,3.45,-2.8169,3.52,3.58,3.42,3.55,125240305.0,3.55,3.24
2026-06-25T11:19:22,2026-06-25 11:19:21,002728,特一药业,8.58,-2.6107,8.73,8.92,8.34,8.81,213025111.23,8.81,8.02
2026-06-25T11:19:22,2026-06-25 11:19:19,603669,灵康药业,5.57,-2.9617,5.43,6.02,5.43,5.74,312249430.0,5.74,5.05
2026-06-25T11:19:22,2026-06-25 11:19:20,600881,亚泰集团,1.59,-1.2422,1.6,1.61,1.53,1.61,96862162.0,1.61,1.51
2026-06-25T11:19:22,2026-06-25 11:19:19,600183,生益科技,184.56,4.0948,179.9,188.0,175.18,177.3,8388997744.0,189.0,173.88
2026-06-25T11:19:22,2026-06-25 11:19:21,600769,祥龙电业,21.77,8.4163,20.21,22.09,19.85,20.08,752098149.0,21.99,20.231
2026-06-25T11:20:24,2026-06-25 11:20:23,600488,津药药业,4.65,-6.6265,4.84,4.88,4.5,4.98,390343162.0,4.98,4.57
2026-06-25T11:20:24,2026-06-25 11:20:21,002522,浙江众成,7.8,3.7234,7.47,8.01,7.42,7.52,658923525.16,7.52,6.92
2026-06-25T11:20:24,2026-06-25 11:20:21,002374,中锐股份,3.44,-3.0986,3.52,3.58,3.42,3.55,125309933.0,3.55,3.24
2026-06-25T11:20:24,2026-06-25 11:20:21,002728,特一药业,8.58,-2.6107,8.73,8.92,8.34,8.81,213611243.23,8.81,8.02
2026-06-25T11:20:24,2026-06-25 11:20:22,603669,灵康药业,5.57,-2.9617,5.43,6.02,5.43,5.74,312503731.0,5.74,5.05
2026-06-25T11:20:24,2026-06-25 11:20:23,600881,亚泰集团,1.6,-0.6211,1.6,1.61,1.53,1.61,97128425.0,1.61,1.51
2026-06-25T11:20:24,2026-06-25 11:20:22,600183,生益科技,184.17,3.8748,179.9,188.0,175.18,177.3,8408287192.0,189.0,173.88
2026-06-25T11:20:24,2026-06-25 11:20:21,600769,祥龙电业,21.83,8.7151,20.21,22.09,19.85,20.08,753361896.0,21.99,20.231
2026-06-25T11:21:26,2026-06-25 11:21:23,600488,津药药业,4.63,-7.0281,4.84,4.88,4.5,4.98,391251165.0,4.98,4.57
2026-06-25T11:21:26,2026-06-25 11:21:24,002522,浙江众成,7.79,3.5904,7.47,8.01,7.42,7.52,661022388.16,7.52,6.92
2026-06-25T11:21:26,2026-06-25 11:21:24,002374,中锐股份,3.45,-2.8169,3.52,3.58,3.42,3.55,126673161.0,3.55,3.24
2026-06-25T11:21:26,2026-06-25 11:21:24,002728,特一药业,8.57,-2.7242,8.73,8.92,8.34,8.81,214121566.23,8.81,8.02
2026-06-25T11:21:26,2026-06-25 11:21:25,603669,灵康药业,5.54,-3.4843,5.43,6.02,5.43,5.74,313107890.0,5.74,5.05
2026-06-25T11:21:26,2026-06-25 11:21:23,600881,亚泰集团,1.59,-1.2422,1.6,1.61,1.53,1.61,97129697.0,1.61,1.51
2026-06-25T11:21:26,2026-06-25 11:21:25,600183,生益科技,184.64,4.1399,179.9,188.0,175.18,177.3,8429139267.0,189.0,173.88
2026-06-25T11:21:26,2026-06-25 11:21:24,600769,祥龙电业,21.78,8.4661,20.21,22.09,19.85,20.08,754284182.0,21.99,20.231
2026-06-25T11:22:27,2026-06-25 11:22:26,600488,津药药业,4.63,-7.0281,4.84,4.88,4.5,4.98,391682026.0,4.98,4.57
2026-06-25T11:22:27,2026-06-25 11:22:24,002522,浙江众成,7.79,3.5904,7.47,8.01,7.42,7.52,661920566.16,7.52,6.92
2026-06-25T11:22:27,2026-06-25 11:22:24,002374,中锐股份,3.47,-2.2535,3.52,3.58,3.42,3.55,127150981.0,3.55,3.24
2026-06-25T11:22:27,2026-06-25 11:22:21,002728,特一药业,8.57,-2.7242,8.73,8.92,8.34,8.81,214222687.23,8.81,8.02
2026-06-25T11:22:27,2026-06-25 11:22:25,603669,灵康药业,5.55,-3.3101,5.43,6.02,5.43,5.74,313441864.0,5.74,5.05
2026-06-25T11:22:27,2026-06-25 11:22:26,600881,亚泰集团,1.59,-1.2422,1.6,1.61,1.53,1.61,97206822.0,1.61,1.51
2026-06-25T11:22:27,2026-06-25 11:22:25,600183,生益科技,185.0,4.3429,179.9,188.0,175.18,177.3,8470698097.0,189.0,173.88
2026-06-25T11:22:27,2026-06-25 11:22:27,600769,祥龙电业,21.7,8.0677,20.21,22.09,19.85,20.08,756398052.0,21.99,20.231
2026-06-25T11:23:29,2026-06-25 11:23:26,600488,津药药业,4.61,-7.4297,4.84,4.88,4.5,4.98,392259767.0,4.98,4.57
2026-06-25T11:23:29,2026-06-25 11:23:27,002522,浙江众成,7.79,3.5904,7.47,8.01,7.42,7.52,664600052.16,7.52,6.92
2026-06-25T11:23:29,2026-06-25 11:23:27,002374,中锐股份,3.47,-2.2535,3.52,3.58,3.42,3.55,127983285.0,3.55,3.24
2026-06-25T11:23:29,2026-06-25 11:23:27,002728,特一药业,8.55,-2.9512,8.73,8.92,8.34,8.81,215031964.23,8.81,8.02
2026-06-25T11:23:29,2026-06-25 11:23:25,603669,灵康药业,5.55,-3.3101,5.43,6.02,5.43,5.74,313586105.0,5.74,5.05
2026-06-25T11:23:29,2026-06-25 11:23:26,600881,亚泰集团,1.59,-1.2422,1.6,1.61,1.53,1.61,97235303.0,1.61,1.51
2026-06-25T11:23:29,2026-06-25 11:23:25,600183,生益科技,185.1,4.3993,179.9,188.0,175.18,177.3,8494662759.0,189.0,173.88
2026-06-25T11:23:29,2026-06-25 11:23:27,600769,祥龙电业,21.73,8.2171,20.21,22.09,19.85,20.08,757185798.0,21.99,20.231
2026-06-25T11:24:30,2026-06-25 11:24:29,600488,津药药业,4.62,-7.2289,4.84,4.88,4.5,4.98,392822394.0,4.98,4.57
2026-06-25T11:24:30,2026-06-25 11:24:27,002522,浙江众成,7.85,4.3883,7.47,8.01,7.42,7.52,668556466.24,7.52,6.92
2026-06-25T11:24:30,2026-06-25 11:24:27,002374,中锐股份,3.48,-1.9718,3.52,3.58,3.42,3.55,128362348.0,3.55,3.24
2026-06-25T11:24:30,2026-06-25 11:24:27,002728,特一药业,8.57,-2.7242,8.73,8.92,8.34,8.81,215596537.23,8.81,8.02
2026-06-25T11:24:30,2026-06-25 11:24:28,603669,灵康药业,5.55,-3.3101,5.43,6.02,5.43,5.74,313787840.0,5.74,5.05
2026-06-25T11:24:30,2026-06-25 11:24:26,600881,亚泰集团,1.6,-0.6211,1.6,1.61,1.53,1.61,97310353.0,1.61,1.51
2026-06-25T11:24:30,2026-06-25 11:24:28,600183,生益科技,185.3,4.5121,179.9,188.0,175.18,177.3,8521591734.0,189.0,173.88
2026-06-25T11:24:30,2026-06-25 11:24:27,600769,祥龙电业,21.73,8.2171,20.21,22.09,19.85,20.08,758411784.0,21.99,20.231
2026-06-25T11:25:31,2026-06-25 11:25:29,600488,津药药业,4.62,-7.2289,4.84,4.88,4.5,4.98,393090437.0,4.98,4.57
2026-06-25T11:25:31,2026-06-25 11:25:30,002522,浙江众成,7.89,4.9202,7.47,8.01,7.42,7.52,673355588.49,7.52,6.92
2026-06-25T11:25:31,2026-06-25 11:25:30,002374,中锐股份,3.48,-1.9718,3.52,3.58,3.42,3.55,128379051.0,3.55,3.24
2026-06-25T11:25:31,2026-06-25 11:25:30,002728,特一药业,8.58,-2.6107,8.73,8.92,8.34,8.81,216703325.23,8.81,8.02
2026-06-25T11:25:31,2026-06-25 11:25:28,603669,灵康药业,5.54,-3.4843,5.43,6.02,5.43,5.74,313940749.0,5.74,5.05
2026-06-25T11:25:31,2026-06-25 11:25:29,600881,亚泰集团,1.59,-1.2422,1.6,1.61,1.53,1.61,97339267.0,1.61,1.51
2026-06-25T11:25:31,2026-06-25 11:25:28,600183,生益科技,185.02,4.3542,179.9,188.0,175.18,177.3,8550824098.0,189.0,173.88
2026-06-25T11:25:31,2026-06-25 11:25:30,600769,祥龙电业,21.66,7.8685,20.21,22.09,19.85,20.08,759246365.0,21.99,20.231
2026-06-25T11:26:35,2026-06-25 11:26:32,600488,津药药业,4.63,-7.0281,4.84,4.88,4.5,4.98,393702019.0,4.98,4.57
2026-06-25T11:26:35,2026-06-25 11:26:33,002522,浙江众成,7.88,4.7872,7.47,8.01,7.42,7.52,675539097.49,7.52,6.92
2026-06-25T11:26:35,2026-06-25 11:26:33,002374,中锐股份,3.47,-2.2535,3.52,3.58,3.42,3.55,128586369.0,3.55,3.24
2026-06-25T11:26:35,2026-06-25 11:26:33,002728,特一药业,8.6,-2.3837,8.73,8.92,8.34,8.81,216982426.23,8.81,8.02
2026-06-25T11:26:35,2026-06-25 11:26:31,603669,灵康药业,5.54,-3.4843,5.43,6.02,5.43,5.74,314217632.0,5.74,5.05
2026-06-25T11:26:35,2026-06-25 11:26:32,600881,亚泰集团,1.6,-0.6211,1.6,1.61,1.53,1.61,97485471.0,1.61,1.51
2026-06-25T11:26:35,2026-06-25 11:26:31,600183,生益科技,184.69,4.1681,179.9,188.0,175.18,177.3,8580431988.0,189.0,173.88
2026-06-25T11:26:35,2026-06-25 11:26:33,600769,祥龙电业,21.66,7.8685,20.21,22.09,19.85,20.08,759990250.0,21.99,20.231
2026-06-25T11:27:36,2026-06-25 11:27:35,600488,津药药业,4.63,-7.0281,4.84,4.88,4.5,4.98,394642572.0,4.98,4.57
2026-06-25T11:27:36,2026-06-25 11:27:33,002522,浙江众成,7.89,4.9202,7.47,8.01,7.42,7.52,676410437.49,7.52,6.92
2026-06-25T11:27:36,2026-06-25 11:27:30,002374,中锐股份,3.47,-2.2535,3.52,3.58,3.42,3.55,128703057.0,3.55,3.24
2026-06-25T11:27:36,2026-06-25 11:27:33,002728,特一药业,8.57,-2.7242,8.73,8.92,8.34,8.81,217143927.23,8.81,8.02
2026-06-25T11:27:36,2026-06-25 11:27:31,603669,灵康药业,5.54,-3.4843,5.43,6.02,5.43,5.74,314479680.0,5.74,5.05
2026-06-25T11:27:36,2026-06-25 11:27:35,600881,亚泰集团,1.6,-0.6211,1.6,1.61,1.53,1.61,97603282.0,1.61,1.51
2026-06-25T11:27:36,2026-06-25 11:27:34,600183,生益科技,184.87,4.2696,179.9,188.0,175.18,177.3,8602658474.0,189.0,173.88
2026-06-25T11:27:36,2026-06-25 11:27:33,600769,祥龙电业,21.69,8.0179,20.21,22.09,19.85,20.08,760639034.0,21.99,20.231
2026-06-25T11:28:38,2026-06-25 11:28:35,600488,津药药业,4.63,-7.0281,4.84,4.88,4.5,4.98,395046339.0,4.98,4.57
2026-06-25T11:28:38,2026-06-25 11:28:36,002522,浙江众成,7.88,4.7872,7.47,8.01,7.42,7.52,678427305.49,7.52,6.92
2026-06-25T11:28:38,2026-06-25 11:28:33,002374,中锐股份,3.48,-1.9718,3.52,3.58,3.42,3.55,128728430.0,3.55,3.24
2026-06-25T11:28:38,2026-06-25 11:28:36,002728,特一药业,8.58,-2.6107,8.73,8.92,8.34,8.81,217317968.23,8.81,8.02
2026-06-25T11:28:38,2026-06-25 11:28:37,603669,灵康药业,5.53,-3.6585,5.43,6.02,5.43,5.74,314522316.0,5.74,5.05
2026-06-25T11:28:38,2026-06-25 11:28:35,600881,亚泰集团,1.59,-1.2422,1.6,1.61,1.53,1.61,97636436.0,1.61,1.51
2026-06-25T11:28:38,2026-06-25 11:28:37,600183,生益科技,184.31,3.9538,179.9,188.0,175.18,177.3,8619563159.0,189.0,173.88
2026-06-25T11:28:38,2026-06-25 11:28:36,600769,祥龙电业,21.65,7.8187,20.21,22.09,19.85,20.08,761161337.0,21.99,20.231
2026-06-25T11:29:39,2026-06-25 11:29:38,600488,津药药业,4.63,-7.0281,4.84,4.88,4.5,4.98,395928943.0,4.98,4.57
2026-06-25T11:29:39,2026-06-25 11:29:36,002522,浙江众成,7.88,4.7872,7.47,8.01,7.42,7.52,680891312.49,7.52,6.92
2026-06-25T11:29:39,2026-06-25 11:29:36,002374,中锐股份,3.48,-1.9718,3.52,3.58,3.42,3.55,129038741.0,3.55,3.24
2026-06-25T11:29:39,2026-06-25 11:29:30,002728,特一药业,8.57,-2.7242,8.73,8.92,8.34,8.81,217460325.23,8.81,8.02
2026-06-25T11:29:39,2026-06-25 11:29:37,603669,灵康药业,5.53,-3.6585,5.43,6.02,5.43,5.74,314742963.0,5.74,5.05
2026-06-25T11:29:39,2026-06-25 11:29:38,600881,亚泰集团,1.59,-1.2422,1.6,1.61,1.53,1.61,97660536.0,1.61,1.51
2026-06-25T11:29:39,2026-06-25 11:29:37,600183,生益科技,184.46,4.0384,179.9,188.0,175.18,177.3,8638654597.0,189.0,173.88
2026-06-25T11:29:39,2026-06-25 11:29:36,600769,祥龙电业,21.68,7.9681,20.21,22.09,19.85,20.08,763320181.0,21.99,20.231
2026-06-25T11:30:40,2026-06-25 11:30:00,600488,津药药业,4.62,-7.2289,4.84,4.88,4.5,4.98,396223752.0,4.98,4.57
2026-06-25T11:30:40,2026-06-25 11:30:00,002522,浙江众成,7.9,5.0532,7.47,8.01,7.42,7.52,681652096.49,7.52,6.92
2026-06-25T11:30:40,2026-06-25 11:30:00,002374,中锐股份,3.47,-2.2535,3.52,3.58,3.42,3.55,129435112.0,3.55,3.24
2026-06-25T11:30:40,2026-06-25 11:30:00,002728,特一药业,8.58,-2.6107,8.73,8.92,8.34,8.81,217573561.23,8.81,8.02
2026-06-25T11:30:40,2026-06-25 11:30:00,603669,灵康药业,5.54,-3.4843,5.43,6.02,5.43,5.74,314867019.0,5.74,5.05
2026-06-25T11:30:40,2026-06-25 11:30:00,600881,亚泰集团,1.59,-1.2422,1.6,1.61,1.53,1.61,98206876.0,1.61,1.51
2026-06-25T11:30:40,2026-06-25 11:30:00,600183,生益科技,184.38,3.9932,179.9,188.0,175.18,177.3,8644553725.0,189.0,173.88
2026-06-25T11:30:40,2026-06-25 11:30:00,600769,祥龙电业,21.77,8.4163,20.21,22.09,19.85,20.08,763591308.0,21.99,20.231
2026-06-25T13:00:10,2026-06-25 13:00:08,600488,津药药业,4.62,-7.2289,4.84,4.88,4.5,4.98,396449021.0,4.98,4.57
2026-06-25T13:00:10,2026-06-25 13:00:09,002522,浙江众成,7.92,5.3191,7.47,8.01,7.42,7.52,684359545.49,7.52,6.92
2026-06-25T13:00:10,2026-06-25 13:00:09,002374,中锐股份,3.47,-2.2535,3.52,3.58,3.42,3.55,129825583.0,3.55,3.24
2026-06-25T13:00:10,2026-06-25 13:00:09,002728,特一药业,8.56,-2.8377,8.73,8.92,8.34,8.81,218457431.23,8.81,8.02
2026-06-25T13:00:10,2026-06-25 13:00:07,603669,灵康药业,5.55,-3.3101,5.43,6.02,5.43,5.74,314966821.0,5.74,5.05
2026-06-25T13:00:10,2026-06-25 13:00:08,600881,亚泰集团,1.59,-1.2422,1.6,1.61,1.53,1.61,98298859.0,1.61,1.51
2026-06-25T13:00:10,2026-06-25 13:00:07,600183,生益科技,184.84,4.2527,179.9,188.0,175.18,177.3,8655787995.0,189.0,173.88
2026-06-25T13:00:10,2026-06-25 13:00:09,600769,祥龙电业,21.66,7.8685,20.21,22.09,19.85,20.08,768107818.0,21.99,20.231
2026-06-25T13:01:12,2026-06-25 13:01:11,600488,津药药业,4.63,-7.0281,4.84,4.88,4.5,4.98,397525332.0,4.98,4.57
2026-06-25T13:01:12,2026-06-25 13:01:09,002522,浙江众成,7.87,4.6543,7.47,8.01,7.42,7.52,691698631.49,7.52,6.92
2026-06-25T13:01:12,2026-06-25 13:01:09,002374,中锐股份,3.47,-2.2535,3.52,3.58,3.42,3.55,132882625.0,3.55,3.24
2026-06-25T13:01:12,2026-06-25 13:01:09,002728,特一药业,8.55,-2.9512,8.73,8.92,8.34,8.81,218878979.23,8.81,8.02
2026-06-25T13:01:12,2026-06-25 13:01:10,603669,灵康药业,5.54,-3.4843,5.43,6.02,5.43,5.74,316219742.0,5.74,5.05
2026-06-25T13:01:12,2026-06-25 13:01:11,600881,亚泰集团,1.6,-0.6211,1.6,1.61,1.53,1.61,98332909.0,1.61,1.51
2026-06-25T13:01:12,2026-06-25 13:01:10,600183,生益科技,185.5,4.6249,179.9,188.0,175.18,177.3,8721830745.0,189.0,173.88
2026-06-25T13:01:12,2026-06-25 13:01:09,600769,祥龙电业,21.47,6.9223,20.21,22.09,19.85,20.08,781734541.0,21.99,20.231
2026-06-25T13:02:12,2026-06-25 13:02:11,600488,津药药业,4.61,-7.4297,4.84,4.88,4.5,4.98,398272781.0,4.98,4.57
2026-06-25T13:02:12,2026-06-25 13:02:09,002522,浙江众成,7.85,4.3883,7.47,8.01,7.42,7.52,693891761.49,7.52,6.92
2026-06-25T13:02:12,2026-06-25 13:02:09,002374,中锐股份,3.47,-2.2535,3.52,3.58,3.42,3.55,132949229.0,3.55,3.24
2026-06-25T13:02:12,2026-06-25 13:02:09,002728,特一药业,8.53,-3.1782,8.73,8.92,8.34,8.81,219201514.23,8.81,8.02
2026-06-25T13:02:12,2026-06-25 13:02:10,603669,灵康药业,5.52,-3.8328,5.43,6.02,5.43,5.74,316791749.0,5.74,5.05
2026-06-25T13:02:12,2026-06-25 13:02:11,600881,亚泰集团,1.59,-1.2422,1.6,1.61,1.53,1.61,98661404.0,1.61,1.51
2026-06-25T13:02:12,2026-06-25 13:02:10,600183,生益科技,185.62,4.6926,179.9,188.0,175.18,177.3,8763576093.0,189.0,173.88
2026-06-25T13:02:12,2026-06-25 13:02:09,600769,祥龙电业,21.5,7.0717,20.21,22.09,19.85,20.08,787966975.0,21.99,20.231
2026-06-25T13:03:13,2026-06-25 13:03:11,600488,津药药业,4.6,-7.6305,4.84,4.88,4.5,4.98,398729138.0,4.98,4.57
2026-06-25T13:03:13,2026-06-25 13:03:12,002522,浙江众成,7.83,4.1223,7.47,8.01,7.42,7.52,696262936.49,7.52,6.92
2026-06-25T13:03:13,2026-06-25 13:03:12,002374,中锐股份,3.46,-2.5352,3.52,3.58,3.42,3.55,132989019.0,3.55,3.24
2026-06-25T13:03:13,2026-06-25 13:03:03,002728,特一药业,8.55,-2.9512,8.73,8.92,8.34,8.81,219408088.23,8.81,8.02
2026-06-25T13:03:13,2026-06-25 13:03:10,603669,灵康药业,5.52,-3.8328,5.43,6.02,5.43,5.74,316998787.0,5.74,5.05
2026-06-25T13:03:13,2026-06-25 13:03:11,600881,亚泰集团,1.59,-1.2422,1.6,1.61,1.53,1.61,98771750.0,1.61,1.51
2026-06-25T13:03:13,2026-06-25 13:03:10,600183,生益科技,185.5,4.6249,179.9,188.0,175.18,177.3,8807152277.0,189.0,173.88
2026-06-25T13:03:13,2026-06-25 13:03:09,600769,祥龙电业,21.6,7.5697,20.21,22.09,19.85,20.08,789378643.0,21.99,20.231
2026-06-25T13:04:13,2026-06-25 13:04:11,600488,津药药业,4.61,-7.4297,4.84,4.88,4.5,4.98,400431002.0,4.98,4.57
2026-06-25T13:04:13,2026-06-25 13:04:12,002522,浙江众成,7.84,4.2553,7.47,8.01,7.42,7.52,697004259.49,7.52,6.92
2026-06-25T13:04:13,2026-06-25 13:04:06,002374,中锐股份,3.46,-2.5352,3.52,3.58,3.42,3.55,133000437.0,3.55,3.24
2026-06-25T13:04:13,2026-06-25 13:04:12,002728,特一药业,8.53,-3.1782,8.73,8.92,8.34,8.81,219628477.23,8.81,8.02
2026-06-25T13:04:13,2026-06-25 13:04:10,603669,灵康药业,5.51,-4.007,5.43,6.02,5.43,5.74,317776505.0,5.74,5.05
2026-06-25T13:04:13,2026-06-25 13:04:11,600881,亚泰集团,1.6,-0.6211,1.6,1.61,1.53,1.61,98836947.0,1.61,1.51
2026-06-25T13:04:13,2026-06-25 13:04:10,600183,生益科技,185.66,4.7152,179.9,188.0,175.18,177.3,8831422746.0,189.0,173.88
2026-06-25T13:04:13,2026-06-25 13:04:12,600769,祥龙电业,21.56,7.3705,20.21,22.09,19.85,20.08,791325432.0,21.99,20.231
2026-06-25T13:05:14,2026-06-25 13:05:11,600488,津药药业,4.62,-7.2289,4.84,4.88,4.5,4.98,401343693.0,4.98,4.57
2026-06-25T13:05:14,2026-06-25 13:05:12,002522,浙江众成,7.84,4.2553,7.47,8.01,7.42,7.52,698713729.49,7.52,6.92
2026-06-25T13:05:14,2026-06-25 13:05:03,002374,中锐股份,3.46,-2.5352,3.52,3.58,3.42,3.55,133037821.0,3.55,3.24
2026-06-25T13:05:14,2026-06-25 13:05:12,002728,特一药业,8.55,-2.9512,8.73,8.92,8.34,8.81,219811385.23,8.81,8.02
2026-06-25T13:05:14,2026-06-25 13:05:13,603669,灵康药业,5.51,-4.007,5.43,6.02,5.43,5.74,318033860.0,5.74,5.05
2026-06-25T13:05:14,2026-06-25 13:05:11,600881,亚泰集团,1.6,-0.6211,1.6,1.61,1.53,1.61,98872446.0,1.61,1.51
2026-06-25T13:05:14,2026-06-25 13:05:10,600183,生益科技,184.86,4.264,179.9,188.0,175.18,177.3,8856071271.0,189.0,173.88
2026-06-25T13:05:14,2026-06-25 13:05:12,600769,祥龙电业,21.51,7.1215,20.21,22.09,19.85,20.08,794015086.0,21.99,20.231
2026-06-25T13:06:14,2026-06-25 13:06:11,600488,津药药业,4.65,-6.6265,4.84,4.88,4.5,4.98,401749655.0,4.98,4.57
2026-06-25T13:06:14,2026-06-25 13:06:12,002522,浙江众成,7.84,4.2553,7.47,8.01,7.42,7.52,704197202.49,7.52,6.92
2026-06-25T13:06:14,2026-06-25 13:06:09,002374,中锐股份,3.47,-2.2535,3.52,3.58,3.42,3.55,133114078.0,3.55,3.24
2026-06-25T13:06:14,2026-06-25 13:06:12,002728,特一药业,8.56,-2.8377,8.73,8.92,8.34,8.81,220165453.23,8.81,8.02
2026-06-25T13:06:14,2026-06-25 13:06:13,603669,灵康药业,5.51,-4.007,5.43,6.02,5.43,5.74,318296693.0,5.74,5.05
2026-06-25T13:06:14,2026-06-25 13:06:11,600881,亚泰集团,1.59,-1.2422,1.6,1.61,1.53,1.61,98906833.0,1.61,1.51
2026-06-25T13:06:14,2026-06-25 13:06:13,600183,生益科技,185.38,4.5572,179.9,188.0,175.18,177.3,8881716195.0,189.0,173.88
2026-06-25T13:06:14,2026-06-25 13:06:12,600769,祥龙电业,21.48,6.9721,20.21,22.09,19.85,20.08,799791142.0,21.99,20.231
2026-06-25T13:07:15,2026-06-25 13:07:14,600488,津药药业,4.65,-6.6265,4.84,4.88,4.5,4.98,402618017.0,4.98,4.57
2026-06-25T13:07:15,2026-06-25 13:07:12,002522,浙江众成,7.83,4.1223,7.47,8.01,7.42,7.52,707248638.49,7.52,6.92
2026-06-25T13:07:15,2026-06-25 13:07:12,002374,中锐股份,3.46,-2.5352,3.52,3.58,3.42,3.55,133135565.0,3.55,3.24
2026-06-25T13:07:15,2026-06-25 13:07:12,002728,特一药业,8.57,-2.7242,8.73,8.92,8.34,8.81,220512259.23,8.81,8.02
2026-06-25T13:07:15,2026-06-25 13:07:13,603669,灵康药业,5.52,-3.8328,5.43,6.02,5.43,5.74,319010655.0,5.74,5.05
2026-06-25T13:07:15,2026-06-25 13:07:14,600881,亚泰集团,1.59,-1.2422,1.6,1.61,1.53,1.61,98932273.0,1.61,1.51
2026-06-25T13:07:15,2026-06-25 13:07:13,600183,生益科技,184.82,4.2414,179.9,188.0,175.18,177.3,8905021958.0,189.0,173.88
2026-06-25T13:07:15,2026-06-25 13:07:12,600769,祥龙电业,21.43,6.7231,20.21,22.09,19.85,20.08,802883728.0,21.99,20.231
2026-06-25T13:08:15,2026-06-25 13:08:14,600488,津药药业,4.68,-6.0241,4.84,4.88,4.5,4.98,404158702.0,4.98,4.57
2026-06-25T13:08:15,2026-06-25 13:08:12,002522,浙江众成,7.82,3.9894,7.47,8.01,7.42,7.52,709717988.49,7.52,6.92
2026-06-25T13:08:15,2026-06-25 13:08:12,002374,中锐股份,3.47,-2.2535,3.52,3.58,3.42,3.55,133711137.0,3.55,3.24
2026-06-25T13:08:15,2026-06-25 13:08:12,002728,特一药业,8.57,-2.7242,8.73,8.92,8.34,8.81,220750302.23,8.81,8.02
2026-06-25T13:08:15,2026-06-25 13:08:13,603669,灵康药业,5.48,-4.5296,5.43,6.02,5.43,5.74,321889699.0,5.74,5.05
2026-06-25T13:08:15,2026-06-25 13:08:14,600881,亚泰集团,1.59,-1.2422,1.6,1.61,1.53,1.61,98954566.0,1.61,1.51
2026-06-25T13:08:15,2026-06-25 13:08:13,600183,生益科技,184.3,3.9481,179.9,188.0,175.18,177.3,8952389127.0,189.0,173.88
2026-06-25T13:08:15,2026-06-25 13:08:12,600769,祥龙电业,21.58,7.4701,20.21,22.09,19.85,20.08,813509033.0,21.99,20.231
2026-06-25T13:09:16,2026-06-25 13:09:14,600488,津药药业,4.69,-5.8233,4.84,4.88,4.5,4.98,405054779.0,4.98,4.57
2026-06-25T13:09:16,2026-06-25 13:09:12,002522,浙江众成,7.83,4.1223,7.47,8.01,7.42,7.52,710519741.49,7.52,6.92
2026-06-25T13:09:16,2026-06-25 13:09:12,002374,中锐股份,3.48,-1.9718,3.52,3.58,3.42,3.55,134457323.0,3.55,3.24
2026-06-25T13:09:16,2026-06-25 13:09:12,002728,特一药业,8.57,-2.7242,8.73,8.92,8.34,8.81,220976463.23,8.81,8.02
2026-06-25T13:09:16,2026-06-25 13:09:13,603669,灵康药业,5.47,-4.7038,5.43,6.02,5.43,5.74,322737790.0,5.74,5.05
2026-06-25T13:09:16,2026-06-25 13:09:14,600881,亚泰集团,1.62,0.6211,1.6,1.62,1.53,1.61,101753816.0,1.61,1.51
2026-06-25T13:09:16,2026-06-25 13:09:13,600183,生益科技,184.88,4.2752,179.9,188.0,175.18,177.3,8968365785.0,189.0,173.88
2026-06-25T13:09:16,2026-06-25 13:09:12,600769,祥龙电业,21.85,8.8147,20.21,22.09,19.85,20.08,815490710.0,21.99,20.231
2026-06-25T13:10:16,2026-06-25 13:10:14,600488,津药药业,4.71,-5.4217,4.84,4.88,4.5,4.98,407124815.0,4.98,4.57
2026-06-25T13:10:16,2026-06-25 13:10:15,002522,浙江众成,7.85,4.3883,7.47,8.01,7.42,7.52,712428929.49,7.52,6.92
2026-06-25T13:10:16,2026-06-25 13:10:15,002374,中锐股份,3.48,-1.9718,3.52,3.58,3.42,3.55,134501841.0,3.55,3.24
2026-06-25T13:10:16,2026-06-25 13:10:12,002728,特一药业,8.58,-2.6107,8.73,8.92,8.34,8.81,221197807.23,8.81,8.02
2026-06-25T13:10:16,2026-06-25 13:10:13,603669,灵康药业,5.5,-4.1812,5.43,6.02,5.43,5.74,323191682.0,5.74,5.05
2026-06-25T13:10:16,2026-06-25 13:10:14,600881,亚泰集团,1.63,1.2422,1.6,1.63,1.53,1.61,103003713.0,1.61,1.51
2026-06-25T13:10:16,2026-06-25 13:10:13,600183,生益科技,184.86,4.264,179.9,188.0,175.18,177.3,8987461968.0,189.0,173.88
2026-06-25T13:10:16,2026-06-25 13:10:15,600769,祥龙电业,21.84,8.7649,20.21,22.09,19.85,20.08,817972404.0,21.99,20.231
2026-06-25T13:11:18,2026-06-25 13:11:17,600488,津药药业,4.7,-5.6225,4.84,4.88,4.5,4.98,409897341.0,4.98,4.57
2026-06-25T13:11:18,2026-06-25 13:11:15,002522,浙江众成,7.86,4.5213,7.47,8.01,7.42,7.52,714754056.49,7.52,6.92
2026-06-25T13:11:18,2026-06-25 13:11:15,002374,中锐股份,3.49,-1.6901,3.52,3.58,3.42,3.55,135150131.0,3.55,3.24
2026-06-25T13:11:18,2026-06-25 13:11:15,002728,特一药业,8.6,-2.3837,8.73,8.92,8.34,8.81,221717934.23,8.81,8.02
2026-06-25T13:11:18,2026-06-25 13:11:16,603669,灵康药业,5.49,-4.3554,5.43,6.02,5.43,5.74,323829112.0,5.74,5.05
2026-06-25T13:11:18,2026-06-25 13:11:17,600881,亚泰集团,1.62,0.6211,1.6,1.63,1.53,1.61,104227361.0,1.61,1.51
2026-06-25T13:11:18,2026-06-25 13:11:16,600183,生益科技,184.35,3.9763,179.9,188.0,175.18,177.3,9022568688.0,189.0,173.88
2026-06-25T13:11:18,2026-06-25 13:11:15,600769,祥龙电业,21.81,8.6155,20.21,22.09,19.85,20.08,818910888.0,21.99,20.231
2026-06-25T13:12:18,2026-06-25 13:12:17,600488,津药药业,4.7,-5.6225,4.84,4.88,4.5,4.98,411326397.0,4.98,4.57
2026-06-25T13:12:18,2026-06-25 13:12:15,002522,浙江众成,7.85,4.3883,7.47,8.01,7.42,7.52,716386155.49,7.52,6.92
2026-06-25T13:12:18,2026-06-25 13:12:15,002374,中锐股份,3.49,-1.6901,3.52,3.58,3.42,3.55,135447848.0,3.55,3.24
2026-06-25T13:12:18,2026-06-25 13:12:15,002728,特一药业,8.59,-2.4972,8.73,8.92,8.34,8.81,221895070.23,8.81,8.02
2026-06-25T13:12:18,2026-06-25 13:12:16,603669,灵康药业,5.51,-4.007,5.43,6.02,5.43,5.74,324325897.0,5.74,5.05
2026-06-25T13:12:18,2026-06-25 13:12:17,600881,亚泰集团,1.62,0.6211,1.6,1.63,1.53,1.61,104366986.0,1.61,1.51
2026-06-25T13:12:18,2026-06-25 13:12:16,600183,生益科技,183.88,3.7112,179.9,188.0,175.18,177.3,9063709708.0,189.0,173.88
2026-06-25T13:12:18,2026-06-25 13:12:15,600769,祥龙电业,21.91,9.1135,20.21,22.09,19.85,20.08,821070366.0,21.99,20.231
2026-06-25T13:13:19,2026-06-25 13:13:17,600488,津药药业,4.73,-5.0201,4.84,4.88,4.5,4.98,413453561.0,4.98,4.57
2026-06-25T13:13:19,2026-06-25 13:13:15,002522,浙江众成,7.86,4.5213,7.47,8.01,7.42,7.52,717412933.49,7.52,6.92
2026-06-25T13:13:19,2026-06-25 13:13:15,002374,中锐股份,3.49,-1.6901,3.52,3.58,3.42,3.55,135558095.0,3.55,3.24
2026-06-25T13:13:19,2026-06-25 13:13:15,002728,特一药业,8.64,-1.9296,8.73,8.92,8.34,8.81,222920298.23,8.81,8.02
2026-06-25T13:13:19,2026-06-25 13:13:13,603669,灵康药业,5.51,-4.007,5.43,6.02,5.43,5.74,324910578.0,5.74,5.05
2026-06-25T13:13:19,2026-06-25 13:13:17,600881,亚泰集团,1.63,1.2422,1.6,1.63,1.53,1.61,105297619.0,1.61,1.51
2026-06-25T13:13:19,2026-06-25 13:13:16,600183,生益科技,183.96,3.7563,179.9,188.0,175.18,177.3,9101204278.0,189.0,173.88
2026-06-25T13:13:19,2026-06-25 13:13:18,600769,祥龙电业,21.78,8.4661,20.21,22.09,19.85,20.08,822654282.0,21.99,20.231
2026-06-25T13:14:19,2026-06-25 13:14:17,600488,津药药业,4.74,-4.8193,4.84,4.88,4.5,4.98,415464466.0,4.98,4.57
2026-06-25T13:14:19,2026-06-25 13:14:18,002522,浙江众成,7.88,4.7872,7.47,8.01,7.42,7.52,719585262.49,7.52,6.92
2026-06-25T13:14:19,2026-06-25 13:14:18,002374,中锐股份,3.5,-1.4085,3.52,3.58,3.42,3.55,136226665.0,3.55,3.24
2026-06-25T13:14:19,2026-06-25 13:14:18,002728,特一药业,8.65,-1.8161,8.73,8.92,8.34,8.81,223647055.23,8.81,8.02
2026-06-25T13:14:19,2026-06-25 13:14:16,603669,灵康药业,5.55,-3.3101,5.43,6.02,5.43,5.74,326179606.0,5.74,5.05
2026-06-25T13:14:19,2026-06-25 13:14:17,600881,亚泰集团,1.63,1.2422,1.6,1.63,1.53,1.61,105707756.0,1.61,1.51
2026-06-25T13:14:19,2026-06-25 13:14:16,600183,生益科技,183.35,3.4123,179.9,188.0,175.18,177.3,9155254150.0,189.0,173.88
2026-06-25T13:14:19,2026-06-25 13:14:18,600769,祥龙电业,21.74,8.2669,20.21,22.09,19.85,20.08,823359451.0,21.99,20.231
2026-06-25T13:15:20,2026-06-25 13:15:17,600488,津药药业,4.75,-4.6185,4.84,4.88,4.5,4.98,417051730.0,4.98,4.57
2026-06-25T13:15:20,2026-06-25 13:15:18,002522,浙江众成,7.87,4.6543,7.47,8.01,7.42,7.52,722397191.49,7.52,6.92
2026-06-25T13:15:20,2026-06-25 13:15:18,002374,中锐股份,3.5,-1.4085,3.52,3.58,3.42,3.55,136300730.0,3.55,3.24
2026-06-25T13:15:20,2026-06-25 13:15:18,002728,特一药业,8.64,-1.9296,8.73,8.92,8.34,8.81,223970273.23,8.81,8.02
2026-06-25T13:15:20,2026-06-25 13:15:16,603669,灵康药业,5.53,-3.6585,5.43,6.02,5.43,5.74,326773303.0,5.74,5.05
2026-06-25T13:15:20,2026-06-25 13:15:17,600881,亚泰集团,1.62,0.6211,1.6,1.63,1.53,1.61,106724886.0,1.61,1.51
2026-06-25T13:15:20,2026-06-25 13:15:16,600183,生益科技,183.37,3.4236,179.9,188.0,175.18,177.3,9190232549.0,189.0,173.88
2026-06-25T13:15:20,2026-06-25 13:15:18,600769,祥龙电业,21.72,8.1673,20.21,22.09,19.85,20.08,824024356.0,21.99,20.231
2026-06-25T13:16:21,2026-06-25 13:16:20,600488,津药药业,4.76,-4.4177,4.84,4.88,4.5,4.98,417700459.0,4.98,4.57
2026-06-25T13:16:21,2026-06-25 13:16:18,002522,浙江众成,7.86,4.5213,7.47,8.01,7.42,7.52,726391708.49,7.52,6.92
2026-06-25T13:16:21,2026-06-25 13:16:18,002374,中锐股份,3.5,-1.4085,3.52,3.58,3.42,3.55,136324177.0,3.55,3.24
2026-06-25T13:16:21,2026-06-25 13:16:18,002728,特一药业,8.64,-1.9296,8.73,8.92,8.34,8.81,224513220.23,8.81,8.02
2026-06-25T13:16:21,2026-06-25 13:16:19,603669,灵康药业,5.6,-2.439,5.43,6.02,5.43,5.74,327731994.0,5.74,5.05
2026-06-25T13:16:21,2026-06-25 13:16:20,600881,亚泰集团,1.61,0.0,1.6,1.63,1.53,1.61,107297717.0,1.61,1.51
2026-06-25T13:16:21,2026-06-25 13:16:19,600183,生益科技,183.65,3.5815,179.9,188.0,175.18,177.3,9226093503.0,189.0,173.88
2026-06-25T13:16:21,2026-06-25 13:16:18,600769,祥龙电业,21.71,8.1175,20.21,22.09,19.85,20.08,824408729.0,21.99,20.231
2026-06-25T13:17:21,2026-06-25 13:17:20,600488,津药药业,4.74,-4.8193,4.84,4.88,4.5,4.98,419891909.0,4.98,4.57
2026-06-25T13:17:21,2026-06-25 13:17:18,002522,浙江众成,7.86,4.5213,7.47,8.01,7.42,7.52,728093838.49,7.52,6.92
2026-06-25T13:17:21,2026-06-25 13:17:18,002374,中锐股份,3.49,-1.6901,3.52,3.58,3.42,3.55,136568063.0,3.55,3.24
2026-06-25T13:17:21,2026-06-25 13:17:18,002728,特一药业,8.64,-1.9296,8.73,8.92,8.34,8.81,224744772.23,8.81,8.02
2026-06-25T13:17:21,2026-06-25 13:17:19,603669,灵康药业,5.55,-3.3101,5.43,6.02,5.43,5.74,329637318.0,5.74,5.05
2026-06-25T13:17:21,2026-06-25 13:17:20,600881,亚泰集团,1.61,0.0,1.6,1.63,1.53,1.61,107406762.0,1.61,1.51
2026-06-25T13:17:21,2026-06-25 13:17:19,600183,生益科技,184.0,3.7789,179.9,188.0,175.18,177.3,9246484155.0,189.0,173.88
2026-06-25T13:17:21,2026-06-25 13:17:18,600769,祥龙电业,21.72,8.1673,20.21,22.09,19.85,20.08,824949585.0,21.99,20.231
2026-06-25T13:18:22,2026-06-25 13:18:20,600488,津药药业,4.73,-5.0201,4.84,4.88,4.5,4.98,422051817.0,4.98,4.57
2026-06-25T13:18:22,2026-06-25 13:18:21,002522,浙江众成,7.84,4.2553,7.47,8.01,7.42,7.52,729361120.49,7.52,6.92
2026-06-25T13:18:22,2026-06-25 13:18:21,002374,中锐股份,3.49,-1.6901,3.52,3.58,3.42,3.55,136647996.0,3.55,3.24
2026-06-25T13:18:22,2026-06-25 13:18:21,002728,特一药业,8.63,-2.0431,8.73,8.92,8.34,8.81,226140653.23,8.81,8.02
2026-06-25T13:18:22,2026-06-25 13:18:19,603669,灵康药业,5.54,-3.4843,5.43,6.02,5.43,5.74,329825119.0,5.74,5.05
2026-06-25T13:18:22,2026-06-25 13:18:20,600881,亚泰集团,1.61,0.0,1.6,1.63,1.53,1.61,107570012.0,1.61,1.51
2026-06-25T13:18:22,2026-06-25 13:18:19,600183,生益科技,183.98,3.7676,179.9,188.0,175.18,177.3,9267356249.0,189.0,173.88
2026-06-25T13:18:22,2026-06-25 13:18:21,600769,祥龙电业,21.72,8.1673,20.21,22.09,19.85,20.08,825905024.0,21.99,20.231
2026-06-25T13:19:22,2026-06-25 13:19:20,600488,津药药业,4.71,-5.4217,4.84,4.88,4.5,4.98,423818108.0,4.98,4.57
2026-06-25T13:19:22,2026-06-25 13:19:21,002522,浙江众成,7.83,4.1223,7.47,8.01,7.42,7.52,730141696.49,7.52,6.92
2026-06-25T13:19:22,2026-06-25 13:19:21,002374,中锐股份,3.48,-1.9718,3.52,3.58,3.42,3.55,137275253.0,3.55,3.24
2026-06-25T13:19:22,2026-06-25 13:19:21,002728,特一药业,8.61,-2.2701,8.73,8.92,8.34,8.81,226387231.23,8.81,8.02
2026-06-25T13:19:22,2026-06-25 13:19:19,603669,灵康药业,5.52,-3.8328,5.43,6.02,5.43,5.74,330478661.0,5.74,5.05
2026-06-25T13:19:22,2026-06-25 13:19:20,600881,亚泰集团,1.62,0.6211,1.6,1.63,1.53,1.61,107597078.0,1.61,1.51
2026-06-25T13:19:22,2026-06-25 13:19:19,600183,生益科技,183.81,3.6717,179.9,188.0,175.18,177.3,9289389902.0,189.0,173.88
2026-06-25T13:19:22,2026-06-25 13:19:21,600769,祥龙电业,21.66,7.8685,20.21,22.09,19.85,20.08,826399564.0,21.99,20.231
2026-06-25T13:20:23,2026-06-25 13:20:20,600488,津药药业,4.7,-5.6225,4.84,4.88,4.5,4.98,425128469.0,4.98,4.57
2026-06-25T13:20:23,2026-06-25 13:20:21,002522,浙江众成,7.84,4.2553,7.47,8.01,7.42,7.52,731078495.49,7.52,6.92
2026-06-25T13:20:23,2026-06-25 13:20:21,002374,中锐股份,3.48,-1.9718,3.52,3.58,3.42,3.55,137486107.0,3.55,3.24
2026-06-25T13:20:23,2026-06-25 13:20:21,002728,特一药业,8.61,-2.2701,8.73,8.92,8.34,8.81,226784198.23,8.81,8.02
2026-06-25T13:20:23,2026-06-25 13:20:22,603669,灵康药业,5.51,-4.007,5.43,6.02,5.43,5.74,331145957.0,5.74,5.05
2026-06-25T13:20:23,2026-06-25 13:20:20,600881,亚泰集团,1.6,-0.6211,1.6,1.63,1.53,1.61,108571368.0,1.61,1.51
2026-06-25T13:20:23,2026-06-25 13:20:19,600183,生益科技,184.2,3.8917,179.9,188.0,175.18,177.3,9336874402.0,189.0,173.88
2026-06-25T13:20:23,2026-06-25 13:20:21,600769,祥龙电业,21.64,7.7689,20.21,22.09,19.85,20.08,826715631.0,21.99,20.231
2026-06-25T13:21:24,2026-06-25 13:21:23,600488,津药药业,4.71,-5.4217,4.84,4.88,4.5,4.98,425621211.0,4.98,4.57
2026-06-25T13:21:24,2026-06-25 13:21:21,002522,浙江众成,7.84,4.2553,7.47,8.01,7.42,7.52,732095370.49,7.52,6.92
2026-06-25T13:21:24,2026-06-25 13:21:18,002374,中锐股份,3.48,-1.9718,3.52,3.58,3.42,3.55,137577789.0,3.55,3.24
2026-06-25T13:21:24,2026-06-25 13:21:21,002728,特一药业,8.6,-2.3837,8.73,8.92,8.34,8.81,227075922.23,8.81,8.02
2026-06-25T13:21:24,2026-06-25 13:21:22,603669,灵康药业,5.52,-3.8328,5.43,6.02,5.43,5.74,331282788.0,5.74,5.05
2026-06-25T13:21:24,2026-06-25 13:21:23,600881,亚泰集团,1.6,-0.6211,1.6,1.63,1.53,1.61,108650738.0,1.61,1.51
2026-06-25T13:21:24,2026-06-25 13:21:22,600183,生益科技,184.23,3.9086,179.9,188.0,175.18,177.3,9349957571.0,189.0,173.88
2026-06-25T13:21:24,2026-06-25 13:21:21,600769,祥龙电业,21.59,7.5199,20.21,22.09,19.85,20.08,827675362.0,21.99,20.231
2026-06-25T13:22:25,2026-06-25 13:22:23,600488,津药药业,4.7,-5.6225,4.84,4.88,4.5,4.98,426492706.0,4.98,4.57
2026-06-25T13:22:25,2026-06-25 13:22:21,002522,浙江众成,7.84,4.2553,7.47,8.01,7.42,7.52,732912553.49,7.52,6.92
2026-06-25T13:22:25,2026-06-25 13:22:21,002374,中锐股份,3.48,-1.9718,3.52,3.58,3.42,3.55,137884858.0,3.55,3.24
2026-06-25T13:22:25,2026-06-25 13:22:21,002728,特一药业,8.62,-2.1566,8.73,8.92,8.34,8.81,227640979.23,8.81,8.02
2026-06-25T13:22:25,2026-06-25 13:22:19,603669,灵康药业,5.54,-3.4843,5.43,6.02,5.43,5.74,331715778.0,5.74,5.05
2026-06-25T13:22:25,2026-06-25 13:22:23,600881,亚泰集团,1.6,-0.6211,1.6,1.63,1.53,1.61,108770997.0,1.61,1.51
2026-06-25T13:22:25,2026-06-25 13:22:22,600183,生益科技,184.67,4.1568,179.9,188.0,175.18,177.3,9388092031.0,189.0,173.88
2026-06-25T13:22:25,2026-06-25 13:22:21,600769,祥龙电业,21.49,7.0219,20.21,22.09,19.85,20.08,830033301.0,21.99,20.231
2026-06-25T13:23:25,2026-06-25 13:23:23,600488,津药药业,4.69,-5.8233,4.84,4.88,4.5,4.98,426884176.0,4.98,4.57
2026-06-25T13:23:25,2026-06-25 13:23:24,002522,浙江众成,7.83,4.1223,7.47,8.01,7.42,7.52,734491765.49,7.52,6.92
2026-06-25T13:23:25,2026-06-25 13:23:21,002374,中锐股份,3.48,-1.9718,3.52,3.58,3.42,3.55,137898054.0,3.55,3.24
2026-06-25T13:23:25,2026-06-25 13:23:24,002728,特一药业,8.6,-2.3837,8.73,8.92,8.34,8.81,227836077.23,8.81,8.02
2026-06-25T13:23:25,2026-06-25 13:23:22,603669,灵康药业,5.52,-3.8328,5.43,6.02,5.43,5.74,332123737.0,5.74,5.05
2026-06-25T13:23:25,2026-06-25 13:23:23,600881,亚泰集团,1.61,0.0,1.6,1.63,1.53,1.61,108788704.0,1.61,1.51
2026-06-25T13:23:25,2026-06-25 13:23:22,600183,生益科技,184.58,4.106,179.9,188.0,175.18,177.3,9409602013.0,189.0,173.88
2026-06-25T13:23:25,2026-06-25 13:23:21,600769,祥龙电业,21.51,7.1215,20.21,22.09,19.85,20.08,832120729.0,21.99,20.231
2026-06-25T13:24:25,2026-06-25 13:24:23,600488,津药药业,4.7,-5.6225,4.84,4.88,4.5,4.98,427076160.0,4.98,4.57
2026-06-25T13:24:25,2026-06-25 13:24:24,002522,浙江众成,7.82,3.9894,7.47,8.01,7.42,7.52,735980708.49,7.52,6.92
2026-06-25T13:24:25,2026-06-25 13:24:24,002374,中锐股份,3.48,-1.9718,3.52,3.58,3.42,3.55,137963720.0,3.55,3.24
2026-06-25T13:24:25,2026-06-25 13:24:24,002728,特一药业,8.6,-2.3837,8.73,8.92,8.34,8.81,228276137.23,8.81,8.02
2026-06-25T13:24:25,2026-06-25 13:24:22,603669,灵康药业,5.52,-3.8328,5.43,6.02,5.43,5.74,332218715.0,5.74,5.05
2026-06-25T13:24:25,2026-06-25 13:24:23,600881,亚泰集团,1.61,0.0,1.6,1.63,1.53,1.61,108999705.0,1.61,1.51
2026-06-25T13:24:25,2026-06-25 13:24:22,600183,生益科技,184.21,3.8973,179.9,188.0,175.18,177.3,9426173709.0,189.0,173.88
2026-06-25T13:24:25,2026-06-25 13:24:24,600769,祥龙电业,21.49,7.0219,20.21,22.09,19.85,20.08,833449262.0,21.99,20.231
2026-06-25T13:25:26,2026-06-25 13:25:23,600488,津药药业,4.69,-5.8233,4.84,4.88,4.5,4.98,427663081.0,4.98,4.57
2026-06-25T13:25:26,2026-06-25 13:25:24,002522,浙江众成,7.85,4.3883,7.47,8.01,7.42,7.52,737700486.49,7.52,6.92
2026-06-25T13:25:26,2026-06-25 13:25:24,002374,中锐股份,3.47,-2.2535,3.52,3.58,3.42,3.55,138291275.0,3.55,3.24
2026-06-25T13:25:26,2026-06-25 13:25:24,002728,特一药业,8.59,-2.4972,8.73,8.92,8.34,8.81,228476287.23,8.81,8.02
2026-06-25T13:25:26,2026-06-25 13:25:16,603669,灵康药业,5.51,-4.007,5.43,6.02,5.43,5.74,332463426.0,5.74,5.05
2026-06-25T13:25:26,2026-06-25 13:25:23,600881,亚泰集团,1.6,-0.6211,1.6,1.63,1.53,1.61,109200896.0,1.61,1.51
2026-06-25T13:25:26,2026-06-25 13:25:22,600183,生益科技,185.67,4.7208,179.9,188.0,175.18,177.3,9486141147.0,189.0,173.88
2026-06-25T13:25:26,2026-06-25 13:25:24,600769,祥龙电业,21.48,6.9721,20.21,22.09,19.85,20.08,836730362.0,21.99,20.231
2026-06-25T13:26:26,2026-06-25 13:26:23,600488,津药药业,4.69,-5.8233,4.84,4.88,4.5,4.98,428245730.0,4.98,4.57
2026-06-25T13:26:26,2026-06-25 13:26:24,002522,浙江众成,7.85,4.3883,7.47,8.01,7.42,7.52,738418465.49,7.52,6.92
2026-06-25T13:26:26,2026-06-25 13:26:18,002374,中锐股份,3.46,-2.5352,3.52,3.58,3.42,3.55,138477096.0,3.55,3.24
2026-06-25T13:26:26,2026-06-25 13:26:24,002728,特一药业,8.57,-2.7242,8.73,8.92,8.34,8.81,229001239.23,8.81,8.02
2026-06-25T13:26:26,2026-06-25 13:26:25,603669,灵康药业,5.52,-3.8328,5.43,6.02,5.43,5.74,332567605.0,5.74,5.05
2026-06-25T13:26:26,2026-06-25 13:26:23,600881,亚泰集团,1.59,-1.2422,1.6,1.63,1.53,1.61,110347148.0,1.61,1.51
2026-06-25T13:26:26,2026-06-25 13:26:22,600183,生益科技,185.49,4.6193,179.9,188.0,175.18,177.3,9514954452.0,189.0,173.88
2026-06-25T13:26:26,2026-06-25 13:26:24,600769,祥龙电业,21.47,6.9223,20.21,22.09,19.85,20.08,838038897.0,21.99,20.231
2026-06-25T13:27:27,2026-06-25 13:27:23,600488,津药药业,4.7,-5.6225,4.84,4.88,4.5,4.98,428798806.0,4.98,4.57
2026-06-25T13:27:27,2026-06-25 13:27:24,002522,浙江众成,7.84,4.2553,7.47,8.01,7.42,7.52,740156342.49,7.52,6.92
2026-06-25T13:27:27,2026-06-25 13:27:24,002374,中锐股份,3.47,-2.2535,3.52,3.58,3.42,3.55,138840674.0,3.55,3.24
2026-06-25T13:27:27,2026-06-25 13:27:24,002728,特一药业,8.57,-2.7242,8.73,8.92,8.34,8.81,229344801.23,8.81,8.02
2026-06-25T13:27:27,2026-06-25 13:27:25,603669,灵康药业,5.51,-4.007,5.43,6.02,5.43,5.74,333491058.0,5.74,5.05
2026-06-25T13:27:27,2026-06-25 13:27:23,600881,亚泰集团,1.59,-1.2422,1.6,1.63,1.53,1.61,110368408.0,1.61,1.51
2026-06-25T13:27:27,2026-06-25 13:27:25,600183,生益科技,185.99,4.9013,179.9,188.0,175.18,177.3,9642941682.0,189.0,173.88
2026-06-25T13:27:27,2026-06-25 13:27:24,600769,祥龙电业,21.48,6.9721,20.21,22.09,19.85,20.08,839526042.0,21.99,20.231
2026-06-25T13:28:27,2026-06-25 13:28:26,600488,津药药业,4.69,-5.8233,4.84,4.88,4.5,4.98,429078664.0,4.98,4.57
2026-06-25T13:28:27,2026-06-25 13:28:24,002522,浙江众成,7.84,4.2553,7.47,8.01,7.42,7.52,740953543.49,7.52,6.92
2026-06-25T13:28:27,2026-06-25 13:28:24,002374,中锐股份,3.47,-2.2535,3.52,3.58,3.42,3.55,138870945.0,3.55,3.24
2026-06-25T13:28:27,2026-06-25 13:28:24,002728,特一药业,8.57,-2.7242,8.73,8.92,8.34,8.81,229620112.23,8.81,8.02
2026-06-25T13:28:27,2026-06-25 13:28:25,603669,灵康药业,5.55,-3.3101,5.43,6.02,5.43,5.74,334446084.0,5.74,5.05
2026-06-25T13:28:27,2026-06-25 13:28:26,600881,亚泰集团,1.59,-1.2422,1.6,1.63,1.53,1.61,110448924.0,1.61,1.51
2026-06-25T13:28:27,2026-06-25 13:28:25,600183,生益科技,186.18,5.0085,179.9,188.0,175.18,177.3,9680917404.0,189.0,173.88
2026-06-25T13:28:27,2026-06-25 13:28:24,600769,祥龙电业,21.5,7.0717,20.21,22.09,19.85,20.08,840569884.0,21.99,20.231
2026-06-25T13:29:28,2026-06-25 13:29:26,600488,津药药业,4.69,-5.8233,4.84,4.88,4.5,4.98,430398859.0,4.98,4.57
2026-06-25T13:29:28,2026-06-25 13:29:24,002522,浙江众成,7.84,4.2553,7.47,8.01,7.42,7.52,741787420.49,7.52,6.92
2026-06-25T13:29:28,2026-06-25 13:29:21,002374,中锐股份,3.47,-2.2535,3.52,3.58,3.42,3.55,139059713.0,3.55,3.24
2026-06-25T13:29:28,2026-06-25 13:29:24,002728,特一药业,8.58,-2.6107,8.73,8.92,8.34,8.81,229763288.23,8.81,8.02
2026-06-25T13:29:28,2026-06-25 13:29:25,603669,灵康药业,5.53,-3.6585,5.43,6.02,5.43,5.74,334587002.0,5.74,5.05
2026-06-25T13:29:28,2026-06-25 13:29:26,600881,亚泰集团,1.6,-0.6211,1.6,1.63,1.53,1.61,110512041.0,1.61,1.51
2026-06-25T13:29:28,2026-06-25 13:29:25,600183,生益科技,186.03,4.9239,179.9,188.0,175.18,177.3,9718550232.0,189.0,173.88
2026-06-25T13:29:28,2026-06-25 13:29:24,600769,祥龙电业,21.5,7.0717,20.21,22.09,19.85,20.08,841520566.0,21.99,20.231
2026-06-25T13:30:28,2026-06-25 13:30:26,600488,津药药业,4.69,-5.8233,4.84,4.88,4.5,4.98,431078655.0,4.98,4.57
2026-06-25T13:30:28,2026-06-25 13:30:27,002522,浙江众成,7.83,4.1223,7.47,8.01,7.42,7.52,744125389.49,7.52,6.92
2026-06-25T13:30:28,2026-06-25 13:30:27,002374,中锐股份,3.47,-2.2535,3.52,3.58,3.42,3.55,139243783.0,3.55,3.24
2026-06-25T13:30:28,2026-06-25 13:30:27,002728,特一药业,8.57,-2.7242,8.73,8.92,8.34,8.81,230066755.23,8.81,8.02
2026-06-25T13:30:28,2026-06-25 13:30:25,603669,灵康药业,5.54,-3.4843,5.43,6.02,5.43,5.74,334986812.0,5.74,5.05
2026-06-25T13:30:28,2026-06-25 13:30:26,600881,亚泰集团,1.59,-1.2422,1.6,1.63,1.53,1.61,110793980.0,1.61,1.51
2026-06-25T13:30:28,2026-06-25 13:30:25,600183,生益科技,186.19,5.0141,179.9,188.0,175.18,177.3,9757955008.0,189.0,173.88
2026-06-25T13:30:28,2026-06-25 13:30:27,600769,祥龙电业,21.36,6.3745,20.21,22.09,19.85,20.08,851622564.0,21.99,20.231
2026-06-25T13:31:32,2026-06-25 13:31:29,600488,津药药业,4.67,-6.2249,4.84,4.88,4.5,4.98,431819472.0,4.98,4.57
2026-06-25T13:31:32,2026-06-25 13:31:30,002522,浙江众成,7.83,4.1223,7.47,8.01,7.42,7.52,745040427.49,7.52,6.92
2026-06-25T13:31:32,2026-06-25 13:31:30,002374,中锐股份,3.46,-2.5352,3.52,3.58,3.42,3.55,139262153.0,3.55,3.24
2026-06-25T13:31:32,2026-06-25 13:31:30,002728,特一药业,8.56,-2.8377,8.73,8.92,8.34,8.81,230328875.23,8.81,8.02
2026-06-25T13:31:32,2026-06-25 13:31:28,603669,灵康药业,5.55,-3.3101,5.43,6.02,5.43,5.74,335274078.0,5.74,5.05
2026-06-25T13:31:32,2026-06-25 13:31:29,600881,亚泰集团,1.59,-1.2422,1.6,1.63,1.53,1.61,111227316.0,1.61,1.51
2026-06-25T13:31:32,2026-06-25 13:31:28,600183,生益科技,187.41,5.7022,179.9,188.0,175.18,177.3,9898176460.0,189.0,173.88
2026-06-25T13:31:32,2026-06-25 13:31:30,600769,祥龙电业,21.32,6.1753,20.21,22.09,19.85,20.08,853702341.0,21.99,20.231
2026-06-25T13:32:33,2026-06-25 13:32:32,600488,津药药业,4.66,-6.4257,4.84,4.88,4.5,4.98,432263417.0,4.98,4.57
2026-06-25T13:32:33,2026-06-25 13:32:30,002522,浙江众成,7.82,3.9894,7.47,8.01,7.42,7.52,745932814.49,7.52,6.92
2026-06-25T13:32:33,2026-06-25 13:32:30,002374,中锐股份,3.47,-2.2535,3.52,3.58,3.42,3.55,139616069.0,3.55,3.24
2026-06-25T13:32:33,2026-06-25 13:32:30,002728,特一药业,8.55,-2.9512,8.73,8.92,8.34,8.81,230476085.23,8.81,8.02
2026-06-25T13:32:33,2026-06-25 13:32:31,603669,灵康药业,5.55,-3.3101,5.43,6.02,5.43,5.74,335387830.0,5.74,5.05
2026-06-25T13:32:33,2026-06-25 13:32:32,600881,亚泰集团,1.59,-1.2422,1.6,1.63,1.53,1.61,111277665.0,1.61,1.51
2026-06-25T13:32:33,2026-06-25 13:32:31,600183,生益科技,187.12,5.5386,179.9,188.0,175.18,177.3,9962982806.0,189.0,173.88
2026-06-25T13:32:33,2026-06-25 13:32:30,600769,祥龙电业,21.24,5.7769,20.21,22.09,19.85,20.08,856136125.0,21.99,20.231
2026-06-25T13:33:34,2026-06-25 13:33:32,600488,津药药业,4.66,-6.4257,4.84,4.88,4.5,4.98,432870782.0,4.98,4.57
2026-06-25T13:33:34,2026-06-25 13:33:33,002522,浙江众成,7.82,3.9894,7.47,8.01,7.42,7.52,747166459.49,7.52,6.92
2026-06-25T13:33:34,2026-06-25 13:33:33,002374,中锐股份,3.46,-2.5352,3.52,3.58,3.42,3.55,139678389.0,3.55,3.24
2026-06-25T13:33:34,2026-06-25 13:33:33,002728,特一药业,8.56,-2.8377,8.73,8.92,8.34,8.81,230582203.23,8.81,8.02
2026-06-25T13:33:34,2026-06-25 13:33:31,603669,灵康药业,5.53,-3.6585,5.43,6.02,5.43,5.74,335676511.0,5.74,5.05
2026-06-25T13:33:34,2026-06-25 13:33:32,600881,亚泰集团,1.6,-0.6211,1.6,1.63,1.53,1.61,111347689.0,1.61,1.51
2026-06-25T13:33:34,2026-06-25 13:33:31,600183,生益科技,187.25,5.612,179.9,188.0,175.18,177.3,10001695308.0,189.0,173.88
2026-06-25T13:33:34,2026-06-25 13:33:33,600769,祥龙电业,21.26,5.8765,20.21,22.09,19.85,20.08,859381531.0,21.99,20.231
2026-06-25T13:34:36,2026-06-25 13:34:35,600488,津药药业,4.67,-6.2249,4.84,4.88,4.5,4.98,433322024.0,4.98,4.57
2026-06-25T13:34:36,2026-06-25 13:34:33,002522,浙江众成,7.82,3.9894,7.47,8.01,7.42,7.52,748377168.49,7.52,6.92
2026-06-25T13:34:36,2026-06-25 13:34:33,002374,中锐股份,3.47,-2.2535,3.52,3.58,3.42,3.55,139873867.0,3.55,3.24
2026-06-25T13:34:36,2026-06-25 13:34:33,002728,特一药业,8.55,-2.9512,8.73,8.92,8.34,8.81,230846423.23,8.81,8.02
2026-06-25T13:34:36,2026-06-25 13:34:34,603669,灵康药业,5.53,-3.6585,5.43,6.02,5.43,5.74,335725181.0,5.74,5.05
2026-06-25T13:34:36,2026-06-25 13:34:35,600881,亚泰集团,1.6,-0.6211,1.6,1.63,1.53,1.61,111405467.0,1.61,1.51
2026-06-25T13:34:36,2026-06-25 13:34:34,600183,生益科技,187.0,5.471,179.9,188.0,175.18,177.3,10038469958.0,189.0,173.88
2026-06-25T13:34:36,2026-06-25 13:34:33,600769,祥龙电业,21.28,5.9761,20.21,22.09,19.85,20.08,860602004.0,21.99,20.231
2026-06-25T13:35:37,2026-06-25 13:35:35,600488,津药药业,4.66,-6.4257,4.84,4.88,4.5,4.98,433658708.0,4.98,4.57
2026-06-25T13:35:37,2026-06-25 13:35:36,002522,浙江众成,7.82,3.9894,7.47,8.01,7.42,7.52,749201957.49,7.52,6.92
2026-06-25T13:35:37,2026-06-25 13:35:36,002374,中锐股份,3.47,-2.2535,3.52,3.58,3.42,3.55,140097470.0,3.55,3.24
2026-06-25T13:35:37,2026-06-25 13:35:36,002728,特一药业,8.54,-3.0647,8.73,8.92,8.34,8.81,230963518.23,8.81,8.02
2026-06-25T13:35:37,2026-06-25 13:35:34,603669,灵康药业,5.54,-3.4843,5.43,6.02,5.43,5.74,336323754.0,5.74,5.05
2026-06-25T13:35:37,2026-06-25 13:35:35,600881,亚泰集团,1.59,-1.2422,1.6,1.63,1.53,1.61,111442520.0,1.61,1.51
2026-06-25T13:35:37,2026-06-25 13:35:34,600183,生益科技,186.89,5.4089,179.9,188.0,175.18,177.3,10075143625.0,189.0,173.88
2026-06-25T13:35:37,2026-06-25 13:35:33,600769,祥龙电业,21.3,6.0757,20.21,22.09,19.85,20.08,861421511.0,21.99,20.231
2026-06-25T13:36:38,2026-06-25 13:36:38,600488,津药药业,4.66,-6.4257,4.84,4.88,4.5,4.98,434085738.0,4.98,4.57
2026-06-25T13:36:38,2026-06-25 13:36:36,002522,浙江众成,7.83,4.1223,7.47,8.01,7.42,7.52,750062246.49,7.52,6.92
2026-06-25T13:36:38,2026-06-25 13:36:33,002374,中锐股份,3.47,-2.2535,3.52,3.58,3.42,3.55,140144892.0,3.55,3.24
2026-06-25T13:36:38,2026-06-25 13:36:36,002728,特一药业,8.54,-3.0647,8.73,8.92,8.34,8.81,231098463.23,8.81,8.02
2026-06-25T13:36:38,2026-06-25 13:36:37,603669,灵康药业,5.55,-3.3101,5.43,6.02,5.43,5.74,336588276.0,5.74,5.05
2026-06-25T13:36:38,2026-06-25 13:36:38,600881,亚泰集团,1.59,-1.2422,1.6,1.63,1.53,1.61,111450629.0,1.61,1.51
2026-06-25T13:36:38,2026-06-25 13:36:37,600183,生益科技,186.14,4.9859,179.9,188.0,175.18,177.3,10107771227.0,189.0,173.88
2026-06-25T13:36:38,2026-06-25 13:36:36,600769,祥龙电业,21.29,6.0259,20.21,22.09,19.85,20.08,863205397.0,21.99,20.231
2026-06-25T13:37:40,2026-06-25 13:37:38,600488,津药药业,4.66,-6.4257,4.84,4.88,4.5,4.98,434408766.0,4.98,4.57
2026-06-25T13:37:40,2026-06-25 13:37:36,002522,浙江众成,7.83,4.1223,7.47,8.01,7.42,7.52,751822380.49,7.52,6.92
2026-06-25T13:37:40,2026-06-25 13:37:36,002374,中锐股份,3.47,-2.2535,3.52,3.58,3.42,3.55,140178544.0,3.55,3.24
2026-06-25T13:37:40,2026-06-25 13:37:36,002728,特一药业,8.54,-3.0647,8.73,8.92,8.34,8.81,231527177.23,8.81,8.02
2026-06-25T13:37:40,2026-06-25 13:37:37,603669,灵康药业,5.55,-3.3101,5.43,6.02,5.43,5.74,336789401.0,5.74,5.05
2026-06-25T13:37:40,2026-06-25 13:37:38,600881,亚泰集团,1.6,-0.6211,1.6,1.63,1.53,1.61,111519330.0,1.61,1.51
2026-06-25T13:37:40,2026-06-25 13:37:37,600183,生益科技,186.78,5.3469,179.9,188.0,175.18,177.3,10130437343.0,189.0,173.88
2026-06-25T13:37:40,2026-06-25 13:37:36,600769,祥龙电业,21.46,6.8725,20.21,22.09,19.85,20.08,875214101.0,21.99,20.231
2026-06-25T13:38:41,2026-06-25 13:38:38,600488,津药药业,4.65,-6.6265,4.84,4.88,4.5,4.98,435729867.0,4.98,4.57
2026-06-25T13:38:41,2026-06-25 13:38:39,002522,浙江众成,7.84,4.2553,7.47,8.01,7.42,7.52,753462441.49,7.52,6.92
2026-06-25T13:38:41,2026-06-25 13:38:39,002374,中锐股份,3.47,-2.2535,3.52,3.58,3.42,3.55,140352602.0,3.55,3.24
2026-06-25T13:38:41,2026-06-25 13:38:39,002728,特一药业,8.54,-3.0647,8.73,8.92,8.34,8.81,231684158.23,8.81,8.02
2026-06-25T13:38:41,2026-06-25 13:38:37,603669,灵康药业,5.54,-3.4843,5.43,6.02,5.43,5.74,337953862.0,5.74,5.05
2026-06-25T13:38:41,2026-06-25 13:38:38,600881,亚泰集团,1.59,-1.2422,1.6,1.63,1.53,1.61,111607079.0,1.61,1.51
2026-06-25T13:38:41,2026-06-25 13:38:37,600183,生益科技,186.78,5.3469,179.9,188.0,175.18,177.3,10153458535.0,189.0,173.88
2026-06-25T13:38:41,2026-06-25 13:38:39,600769,祥龙电业,21.55,7.3207,20.21,22.09,19.85,20.08,876945958.0,21.99,20.231
2026-06-25T13:39:42,2026-06-25 13:39:41,600488,津药药业,4.64,-6.8273,4.84,4.88,4.5,4.98,436554677.0,4.98,4.57
2026-06-25T13:39:42,2026-06-25 13:39:39,002522,浙江众成,7.84,4.2553,7.47,8.01,7.42,7.52,755003229.49,7.52,6.92
2026-06-25T13:39:42,2026-06-25 13:39:39,002374,中锐股份,3.47,-2.2535,3.52,3.58,3.42,3.55,140478221.0,3.55,3.24
2026-06-25T13:39:42,2026-06-25 13:39:39,002728,特一药业,8.53,-3.1782,8.73,8.92,8.34,8.81,231736212.23,8.81,8.02
2026-06-25T13:39:42,2026-06-25 13:39:40,603669,灵康药业,5.55,-3.3101,5.43,6.02,5.43,5.74,337990462.0,5.74,5.05
2026-06-25T13:39:42,2026-06-25 13:39:41,600881,亚泰集团,1.59,-1.2422,1.6,1.63,1.53,1.61,111619336.0,1.61,1.51
2026-06-25T13:39:42,2026-06-25 13:39:40,600183,生益科技,186.59,5.2397,179.9,188.0,175.18,177.3,10177868683.0,189.0,173.88
2026-06-25T13:39:42,2026-06-25 13:39:39,600769,祥龙电业,21.5,7.0717,20.21,22.09,19.85,20.08,877750206.0,21.99,20.231
2026-06-25T13:40:43,2026-06-25 13:40:41,600488,津药药业,4.64,-6.8273,4.84,4.88,4.5,4.98,437950932.0,4.98,4.57
2026-06-25T13:40:43,2026-06-25 13:40:42,002522,浙江众成,7.84,4.2553,7.47,8.01,7.42,7.52,756171069.49,7.52,6.92
2026-06-25T13:40:43,2026-06-25 13:40:42,002374,中锐股份,3.47,-2.2535,3.52,3.58,3.42,3.55,140508035.0,3.55,3.24
2026-06-25T13:40:43,2026-06-25 13:40:42,002728,特一药业,8.52,-3.2917,8.73,8.92,8.34,8.81,232138690.23,8.81,8.02
2026-06-25T13:40:43,2026-06-25 13:40:40,603669,灵康药业,5.56,-3.1359,5.43,6.02,5.43,5.74,338133108.0,5.74,5.05
2026-06-25T13:40:43,2026-06-25 13:40:41,600881,亚泰集团,1.6,-0.6211,1.6,1.63,1.53,1.61,111687284.0,1.61,1.51
2026-06-25T13:40:43,2026-06-25 13:40:40,600183,生益科技,186.95,5.4428,179.9,188.0,175.18,177.3,10200697572.0,189.0,173.88
2026-06-25T13:40:43,2026-06-25 13:40:42,600769,祥龙电业,21.4,6.5737,20.21,22.09,19.85,20.08,879240191.0,21.99,20.231
2026-06-25T13:41:46,2026-06-25 13:41:44,600488,津药药业,4.64,-6.8273,4.84,4.88,4.5,4.98,438259518.0,4.98,4.57
2026-06-25T13:41:46,2026-06-25 13:41:42,002522,浙江众成,7.84,4.2553,7.47,8.01,7.42,7.52,756929956.49,7.52,6.92
2026-06-25T13:41:46,2026-06-25 13:41:42,002374,中锐股份,3.46,-2.5352,3.52,3.58,3.42,3.55,140891776.0,3.55,3.24
2026-06-25T13:41:46,2026-06-25 13:41:42,002728,特一药业,8.54,-3.0647,8.73,8.92,8.34,8.81,233154778.23,8.81,8.02
2026-06-25T13:41:46,2026-06-25 13:41:43,603669,灵康药业,5.56,-3.1359,5.43,6.02,5.43,5.74,338258153.0,5.74,5.05
2026-06-25T13:41:46,2026-06-25 13:41:41,600881,亚泰集团,1.59,-1.2422,1.6,1.63,1.53,1.61,111846288.0,1.61,1.51
2026-06-25T13:41:46,2026-06-25 13:41:43,600183,生益科技,186.65,5.2735,179.9,188.0,175.18,177.3,10224527053.0,189.0,173.88
2026-06-25T13:41:46,2026-06-25 13:41:45,600769,祥龙电业,21.43,6.7231,20.21,22.09,19.85,20.08,879906801.0,21.99,20.231
2026-06-25T13:42:47,2026-06-25 13:42:44,600488,津药药业,4.66,-6.4257,4.84,4.88,4.5,4.98,438744496.0,4.98,4.57
2026-06-25T13:42:47,2026-06-25 13:42:45,002522,浙江众成,7.82,3.9894,7.47,8.01,7.42,7.52,759823355.49,7.52,6.92
2026-06-25T13:42:47,2026-06-25 13:42:45,002374,中锐股份,3.46,-2.5352,3.52,3.58,3.42,3.55,141006648.0,3.55,3.24
2026-06-25T13:42:47,2026-06-25 13:42:45,002728,特一药业,8.54,-3.0647,8.73,8.92,8.34,8.81,233213715.23,8.81,8.02
2026-06-25T13:42:47,2026-06-25 13:42:43,603669,灵康药业,5.56,-3.1359,5.43,6.02,5.43,5.74,338478928.0,5.74,5.05
2026-06-25T13:42:47,2026-06-25 13:42:44,600881,亚泰集团,1.58,-1.8634,1.6,1.63,1.53,1.61,112409644.0,1.61,1.51
2026-06-25T13:42:47,2026-06-25 13:42:46,600183,生益科技,186.0,4.9069,179.9,188.0,175.18,177.3,10257413138.0,189.0,173.88
2026-06-25T13:42:47,2026-06-25 13:42:42,600769,祥龙电业,21.4,6.5737,20.21,22.09,19.85,20.08,880667717.0,21.99,20.231
2026-06-25T13:43:48,2026-06-25 13:43:47,600488,津药药业,4.66,-6.4257,4.84,4.88,4.5,4.98,439279592.0,4.98,4.57
2026-06-25T13:43:48,2026-06-25 13:43:45,002522,浙江众成,7.83,4.1223,7.47,8.01,7.42,7.52,760163780.49,7.52,6.92
2026-06-25T13:43:48,2026-06-25 13:43:45,002374,中锐股份,3.46,-2.5352,3.52,3.58,3.42,3.55,141291948.0,3.55,3.24
2026-06-25T13:43:48,2026-06-25 13:43:45,002728,特一药业,8.55,-2.9512,8.73,8.92,8.34,8.81,233380440.23,8.81,8.02
2026-06-25T13:43:48,2026-06-25 13:43:46,603669,灵康药业,5.59,-2.6132,5.43,6.02,5.43,5.74,339258798.0,5.74,5.05
2026-06-25T13:43:48,2026-06-25 13:43:47,600881,亚泰集团,1.59,-1.2422,1.6,1.63,1.53,1.61,112461180.0,1.61,1.51
2026-06-25T13:43:48,2026-06-25 13:43:46,600183,生益科技,186.36,5.11,179.9,188.0,175.18,177.3,10287154850.0,189.0,173.88
2026-06-25T13:43:48,2026-06-25 13:43:45,600769,祥龙电业,21.45,6.8227,20.21,22.09,19.85,20.08,881334359.0,21.99,20.231
2026-06-25T13:44:49,2026-06-25 13:44:47,600488,津药药业,4.67,-6.2249,4.84,4.88,4.5,4.98,439668320.0,4.98,4.57
2026-06-25T13:44:49,2026-06-25 13:44:48,002522,浙江众成,7.84,4.2553,7.47,8.01,7.42,7.52,761896628.49,7.52,6.92
2026-06-25T13:44:49,2026-06-25 13:44:42,002374,中锐股份,3.47,-2.2535,3.52,3.58,3.42,3.55,141650080.0,3.55,3.24
2026-06-25T13:44:49,2026-06-25 13:44:45,002728,特一药业,8.55,-2.9512,8.73,8.92,8.34,8.81,233485605.23,8.81,8.02
2026-06-25T13:44:49,2026-06-25 13:44:46,603669,灵康药业,5.6,-2.439,5.43,6.02,5.43,5.74,339747408.0,5.74,5.05
2026-06-25T13:44:49,2026-06-25 13:44:47,600881,亚泰集团,1.58,-1.8634,1.6,1.63,1.53,1.61,112516357.0,1.61,1.51
2026-06-25T13:44:49,2026-06-25 13:44:46,600183,生益科技,186.01,4.9126,179.9,188.0,175.18,177.3,10307839578.0,189.0,173.88
2026-06-25T13:44:49,2026-06-25 13:44:48,600769,祥龙电业,21.41,6.6235,20.21,22.09,19.85,20.08,883116962.0,21.99,20.231
2026-06-25T13:45:51,2026-06-25 13:45:50,600488,津药药业,4.66,-6.4257,4.84,4.88,4.5,4.98,440205779.0,4.98,4.57
2026-06-25T13:45:51,2026-06-25 13:45:48,002522,浙江众成,7.83,4.1223,7.47,8.01,7.42,7.52,763373801.49,7.52,6.92
2026-06-25T13:45:51,2026-06-25 13:45:48,002374,中锐股份,3.47,-2.2535,3.52,3.58,3.42,3.55,142600136.0,3.55,3.24
2026-06-25T13:45:51,2026-06-25 13:45:48,002728,特一药业,8.55,-2.9512,8.73,8.92,8.34,8.81,233578814.23,8.81,8.02
2026-06-25T13:45:51,2026-06-25 13:45:49,603669,灵康药业,5.59,-2.6132,5.43,6.02,5.43,5.74,339965695.0,5.74,5.05
2026-06-25T13:45:51,2026-06-25 13:45:50,600881,亚泰集团,1.59,-1.2422,1.6,1.63,1.53,1.61,112523626.0,1.61,1.51
2026-06-25T13:45:51,2026-06-25 13:45:49,600183,生益科技,186.01,4.9126,179.9,188.0,175.18,177.3,10334651932.0,189.0,173.88
2026-06-25T13:45:51,2026-06-25 13:45:42,600769,祥龙电业,21.44,6.7729,20.21,22.09,19.85,20.08,883541063.0,21.99,20.231
2026-06-25T13:46:53,2026-06-25 13:46:47,600488,津药药业,4.65,-6.6265,4.84,4.88,4.5,4.98,440788420.0,4.98,4.57
2026-06-25T13:46:53,2026-06-25 13:46:51,002522,浙江众成,7.82,3.9894,7.47,8.01,7.42,7.52,765722503.49,7.52,6.92
2026-06-25T13:46:53,2026-06-25 13:46:51,002374,中锐股份,3.47,-2.2535,3.52,3.58,3.42,3.55,142661844.0,3.55,3.24
2026-06-25T13:46:53,2026-06-25 13:46:51,002728,特一药业,8.54,-3.0647,8.73,8.92,8.34,8.81,233959990.23,8.81,8.02
2026-06-25T13:46:53,2026-06-25 13:46:52,603669,灵康药业,5.57,-2.9617,5.43,6.02,5.43,5.74,340412526.0,5.74,5.05
2026-06-25T13:46:53,2026-06-25 13:46:50,600881,亚泰集团,1.58,-1.8634,1.6,1.63,1.53,1.61,112586902.0,1.61,1.51
2026-06-25T13:46:53,2026-06-25 13:46:49,600183,生益科技,185.91,4.8562,179.9,188.0,175.18,177.3,10357367852.0,189.0,173.88
2026-06-25T13:46:53,2026-06-25 13:46:51,600769,祥龙电业,21.42,6.6733,20.21,22.09,19.85,20.08,884751677.0,21.99,20.231
2026-06-25T13:47:54,2026-06-25 13:47:50,600488,津药药业,4.65,-6.6265,4.84,4.88,4.5,4.98,441301857.0,4.98,4.57
2026-06-25T13:47:54,2026-06-25 13:47:51,002522,浙江众成,7.81,3.8564,7.47,8.01,7.42,7.52,767932027.49,7.52,6.92
2026-06-25T13:47:54,2026-06-25 13:47:51,002374,中锐股份,3.46,-2.5352,3.52,3.58,3.42,3.55,143422358.0,3.55,3.24
2026-06-25T13:47:54,2026-06-25 13:47:51,002728,特一药业,8.54,-3.0647,8.73,8.92,8.34,8.81,234071865.23,8.81,8.02
2026-06-25T13:47:54,2026-06-25 13:47:52,603669,灵康药业,5.56,-3.1359,5.43,6.02,5.43,5.74,340586646.0,5.74,5.05
2026-06-25T13:47:54,2026-06-25 13:47:50,600881,亚泰集团,1.58,-1.8634,1.6,1.63,1.53,1.61,112990532.0,1.61,1.51
2026-06-25T13:47:54,2026-06-25 13:47:52,600183,生益科技,185.93,4.8675,179.9,188.0,175.18,177.3,10376728207.0,189.0,173.88
2026-06-25T13:47:54,2026-06-25 13:47:51,600769,祥龙电业,21.39,6.5239,20.21,22.09,19.85,20.08,886735017.0,21.99,20.231
2026-06-25T13:48:55,2026-06-25 13:48:53,600488,津药药业,4.64,-6.8273,4.84,4.88,4.5,4.98,441658001.0,4.98,4.57
2026-06-25T13:48:55,2026-06-25 13:48:54,002522,浙江众成,7.8,3.7234,7.47,8.01,7.42,7.52,768876944.49,7.52,6.92
2026-06-25T13:48:55,2026-06-25 13:48:54,002374,中锐股份,3.45,-2.8169,3.52,3.58,3.42,3.55,143455869.0,3.55,3.24
2026-06-25T13:48:55,2026-06-25 13:48:51,002728,特一药业,8.54,-3.0647,8.73,8.92,8.34,8.81,234154730.23,8.81,8.02
2026-06-25T13:48:55,2026-06-25 13:48:55,603669,灵康药业,5.57,-2.9617,5.43,6.02,5.43,5.74,340701956.0,5.74,5.05
2026-06-25T13:48:55,2026-06-25 13:48:53,600881,亚泰集团,1.58,-1.8634,1.6,1.63,1.53,1.61,113013574.0,1.61,1.51
2026-06-25T13:48:55,2026-06-25 13:48:52,600183,生益科技,186.3,5.0761,179.9,188.0,175.18,177.3,10396661917.0,189.0,173.88
2026-06-25T13:48:55,2026-06-25 13:48:54,600769,祥龙电业,21.38,6.4741,20.21,22.09,19.85,20.08,887124250.0,21.99,20.231
2026-06-25T13:49:57,2026-06-25 13:49:56,600488,津药药业,4.64,-6.8273,4.84,4.88,4.5,4.98,442266758.0,4.98,4.57
2026-06-25T13:49:57,2026-06-25 13:49:57,002522,浙江众成,7.81,3.8564,7.47,8.01,7.42,7.52,770432000.49,7.52,6.92
2026-06-25T13:49:57,2026-06-25 13:49:51,002374,中锐股份,3.46,-2.5352,3.52,3.58,3.42,3.55,143704065.0,3.55,3.24
2026-06-25T13:49:57,2026-06-25 13:49:57,002728,特一药业,8.54,-3.0647,8.73,8.92,8.34,8.81,234398944.07,8.81,8.02
2026-06-25T13:49:57,2026-06-25 13:49:55,603669,灵康药业,5.56,-3.1359,5.43,6.02,5.43,5.74,340895164.0,5.74,5.05
2026-06-25T13:49:57,2026-06-25 13:49:56,600881,亚泰集团,1.58,-1.8634,1.6,1.63,1.53,1.61,113132233.0,1.61,1.51
2026-06-25T13:49:57,2026-06-25 13:49:55,600183,生益科技,186.28,5.0649,179.9,188.0,175.18,177.3,10420281348.0,189.0,173.88
2026-06-25T13:49:57,2026-06-25 13:49:54,600769,祥龙电业,21.36,6.3745,20.21,22.09,19.85,20.08,887322862.0,21.99,20.231
2026-06-25T13:50:59,2026-06-25 13:50:56,600488,津药药业,4.65,-6.6265,4.84,4.88,4.5,4.98,443624006.0,4.98,4.57
2026-06-25T13:50:59,2026-06-25 13:50:57,002522,浙江众成,7.82,3.9894,7.47,8.01,7.42,7.52,771564890.49,7.52,6.92
2026-06-25T13:50:59,2026-06-25 13:50:51,002374,中锐股份,3.45,-2.8169,3.52,3.58,3.42,3.55,144099426.0,3.55,3.24
2026-06-25T13:50:59,2026-06-25 13:50:57,002728,特一药业,8.56,-2.8377,8.73,8.92,8.34,8.81,235298741.07,8.81,8.02
2026-06-25T13:50:59,2026-06-25 13:50:58,603669,灵康药业,5.57,-2.9617,5.43,6.02,5.43,5.74,341162445.0,5.74,5.05
2026-06-25T13:50:59,2026-06-25 13:50:56,600881,亚泰集团,1.59,-1.2422,1.6,1.63,1.53,1.61,113189438.0,1.61,1.51
2026-06-25T13:50:59,2026-06-25 13:50:55,600183,生益科技,186.49,5.1833,179.9,188.0,175.18,177.3,10435137343.0,189.0,173.88
2026-06-25T13:50:59,2026-06-25 13:50:57,600769,祥龙电业,21.38,6.4741,20.21,22.09,19.85,20.08,887675423.0,21.99,20.231
2026-06-25T13:52:01,2026-06-25 13:51:59,600488,津药药业,4.65,-6.6265,4.84,4.88,4.5,4.98,444191191.0,4.98,4.57
2026-06-25T13:52:01,2026-06-25 13:52:00,002522,浙江众成,7.81,3.8564,7.47,8.01,7.42,7.52,773989680.49,7.52,6.92
2026-06-25T13:52:01,2026-06-25 13:52:00,002374,中锐股份,3.46,-2.5352,3.52,3.58,3.42,3.55,144492482.0,3.55,3.24
2026-06-25T13:52:01,2026-06-25 13:52:00,002728,特一药业,8.57,-2.7242,8.73,8.92,8.34,8.81,235457208.79,8.81,8.02
2026-06-25T13:52:01,2026-06-25 13:51:58,603669,灵康药业,5.57,-2.9617,5.43,6.02,5.43,5.74,341219330.0,5.74,5.05
2026-06-25T13:52:01,2026-06-25 13:51:59,600881,亚泰集团,1.58,-1.8634,1.6,1.63,1.53,1.61,113202082.0,1.61,1.51
2026-06-25T13:52:01,2026-06-25 13:51:58,600183,生益科技,186.18,5.0085,179.9,188.0,175.18,177.3,10459014422.0,189.0,173.88
2026-06-25T13:52:01,2026-06-25 13:51:57,600769,祥龙电业,21.47,6.9223,20.21,22.09,19.85,20.08,892663006.0,21.99,20.231
2026-06-25T13:53:02,2026-06-25 13:52:59,600488,津药药业,4.64,-6.8273,4.84,4.88,4.5,4.98,444434246.0,4.98,4.57
2026-06-25T13:53:02,2026-06-25 13:53:00,002522,浙江众成,7.82,3.9894,7.47,8.01,7.42,7.52,775162561.49,7.52,6.92
2026-06-25T13:53:02,2026-06-25 13:53:00,002374,中锐股份,3.45,-2.8169,3.52,3.58,3.42,3.55,144765818.0,3.55,3.24
2026-06-25T13:53:02,2026-06-25 13:53:00,002728,特一药业,8.58,-2.6107,8.73,8.92,8.34,8.81,235644985.79,8.81,8.02
2026-06-25T13:53:02,2026-06-25 13:53:01,603669,灵康药业,5.57,-2.9617,5.43,6.02,5.43,5.74,341361917.0,5.74,5.05
2026-06-25T13:53:02,2026-06-25 13:52:59,600881,亚泰集团,1.59,-1.2422,1.6,1.63,1.53,1.61,113231057.0,1.61,1.51
2026-06-25T13:53:02,2026-06-25 13:53:01,600183,生益科技,186.3,5.0761,179.9,188.0,175.18,177.3,10476800285.0,189.0,173.88
2026-06-25T13:53:02,2026-06-25 13:53:00,600769,祥龙电业,21.5,7.0717,20.21,22.09,19.85,20.08,894578422.0,21.99,20.231
2026-06-25T13:54:04,2026-06-25 13:54:02,600488,津药药业,4.66,-6.4257,4.84,4.88,4.5,4.98,445166002.0,4.98,4.57
2026-06-25T13:54:04,2026-06-25 13:54:03,002522,浙江众成,7.82,3.9894,7.47,8.01,7.42,7.52,776194021.49,7.52,6.92
2026-06-25T13:54:04,2026-06-25 13:54:00,002374,中锐股份,3.45,-2.8169,3.52,3.58,3.42,3.55,144997474.0,3.55,3.24
2026-06-25T13:54:04,2026-06-25 13:54:03,002728,特一药业,8.56,-2.8377,8.73,8.92,8.34,8.81,235908949.07,8.81,8.02
2026-06-25T13:54:04,2026-06-25 13:54:01,603669,灵康药业,5.56,-3.1359,5.43,6.02,5.43,5.74,341455984.0,5.74,5.05
2026-06-25T13:54:04,2026-06-25 13:54:02,600881,亚泰集团,1.59,-1.2422,1.6,1.63,1.53,1.61,113239282.0,1.61,1.51
2026-06-25T13:54:04,2026-06-25 13:54:01,600183,生益科技,186.17,5.0028,179.9,188.0,175.18,177.3,10495002960.0,189.0,173.88
2026-06-25T13:54:04,2026-06-25 13:54:03,600769,祥龙电业,21.47,6.9223,20.21,22.09,19.85,20.08,894988618.0,21.99,20.231
2026-06-25T13:55:05,2026-06-25 13:55:02,600488,津药药业,4.66,-6.4257,4.84,4.88,4.5,4.98,445447374.0,4.98,4.57
2026-06-25T13:55:05,2026-06-25 13:55:03,002522,浙江众成,7.83,4.1223,7.47,8.01,7.42,7.52,777081145.49,7.52,6.92
2026-06-25T13:55:05,2026-06-25 13:55:03,002374,中锐股份,3.46,-2.5352,3.52,3.58,3.42,3.55,145220928.0,3.55,3.24
2026-06-25T13:55:05,2026-06-25 13:55:03,002728,特一药业,8.57,-2.7242,8.73,8.92,8.34,8.81,236211286.07,8.81,8.02
2026-06-25T13:55:05,2026-06-25 13:55:04,603669,灵康药业,5.56,-3.1359,5.43,6.02,5.43,5.74,341537726.0,5.74,5.05
2026-06-25T13:55:05,2026-06-25 13:55:02,600881,亚泰集团,1.58,-1.8634,1.6,1.63,1.53,1.61,113296681.0,1.61,1.51
2026-06-25T13:55:05,2026-06-25 13:55:04,600183,生益科技,185.89,4.8449,179.9,188.0,175.18,177.3,10527125320.0,189.0,173.88
2026-06-25T13:55:05,2026-06-25 13:55:03,600769,祥龙电业,21.44,6.7729,20.21,22.09,19.85,20.08,896438699.0,21.99,20.231
2026-06-25T13:56:07,2026-06-25 13:56:05,600488,津药药业,4.65,-6.6265,4.84,4.88,4.5,4.98,445652225.0,4.98,4.57
2026-06-25T13:56:07,2026-06-25 13:56:06,002522,浙江众成,7.82,3.9894,7.47,8.01,7.42,7.52,779094122.49,7.52,6.92
2026-06-25T13:56:07,2026-06-25 13:56:06,002374,中锐股份,3.46,-2.5352,3.52,3.58,3.42,3.55,145311926.0,3.55,3.24
2026-06-25T13:56:07,2026-06-25 13:56:06,002728,特一药业,8.56,-2.8377,8.73,8.92,8.34,8.81,236335414.07,8.81,8.02
2026-06-25T13:56:07,2026-06-25 13:56:07,603669,灵康药业,5.56,-3.1359,5.43,6.02,5.43,5.74,341579988.0,5.74,5.05
2026-06-25T13:56:07,2026-06-25 13:56:05,600881,亚泰集团,1.58,-1.8634,1.6,1.63,1.53,1.61,113318398.0,1.61,1.51
2026-06-25T13:56:07,2026-06-25 13:56:04,600183,生益科技,185.54,4.6475,179.9,188.0,175.18,177.3,10547830110.0,189.0,173.88
2026-06-25T13:56:07,2026-06-25 13:56:06,600769,祥龙电业,21.38,6.4741,20.21,22.09,19.85,20.08,896905855.0,21.99,20.231
2026-06-25T13:57:08,2026-06-25 13:57:05,600488,津药药业,4.65,-6.6265,4.84,4.88,4.5,4.98,446203771.0,4.98,4.57
2026-06-25T13:57:08,2026-06-25 13:57:06,002522,浙江众成,7.82,3.9894,7.47,8.01,7.42,7.52,780596657.49,7.52,6.92
2026-06-25T13:57:08,2026-06-25 13:57:06,002374,中锐股份,3.47,-2.2535,3.52,3.58,3.42,3.55,145469706.0,3.55,3.24
2026-06-25T13:57:08,2026-06-25 13:57:06,002728,特一药业,8.55,-2.9512,8.73,8.92,8.34,8.81,236438878.07,8.81,8.02
2026-06-25T13:57:08,2026-06-25 13:57:07,603669,灵康药业,5.55,-3.3101,5.43,6.02,5.43,5.74,341838464.0,5.74,5.05
2026-06-25T13:57:08,2026-06-25 13:57:05,600881,亚泰集团,1.58,-1.8634,1.6,1.63,1.53,1.61,113490160.0,1.61,1.51
2026-06-25T13:57:08,2026-06-25 13:57:07,600183,生益科技,185.0,4.3429,179.9,188.0,175.18,177.3,10584185772.0,189.0,173.88
2026-06-25T13:57:08,2026-06-25 13:57:06,600769,祥龙电业,21.38,6.4741,20.21,22.09,19.85,20.08,897269288.0,21.99,20.231
2026-06-25T13:58:10,2026-06-25 13:58:08,600488,津药药业,4.65,-6.6265,4.84,4.88,4.5,4.98,447018465.0,4.98,4.57
2026-06-25T13:58:10,2026-06-25 13:58:09,002522,浙江众成,7.88,4.7872,7.47,8.01,7.42,7.52,786835537.49,7.52,6.92
2026-06-25T13:58:10,2026-06-25 13:58:09,002374,中锐股份,3.47,-2.2535,3.52,3.58,3.42,3.55,145645476.0,3.55,3.24
2026-06-25T13:58:10,2026-06-25 13:58:06,002728,特一药业,8.55,-2.9512,8.73,8.92,8.34,8.81,236489347.07,8.81,8.02
2026-06-25T13:58:10,2026-06-25 13:58:07,603669,灵康药业,5.55,-3.3101,5.43,6.02,5.43,5.74,341923944.0,5.74,5.05
2026-06-25T13:58:10,2026-06-25 13:58:08,600881,亚泰集团,1.58,-1.8634,1.6,1.63,1.53,1.61,113612610.0,1.61,1.51
2026-06-25T13:58:10,2026-06-25 13:58:07,600183,生益科技,185.1,4.3993,179.9,188.0,175.18,177.3,10612446056.0,189.0,173.88
2026-06-25T13:58:10,2026-06-25 13:58:06,600769,祥龙电业,21.38,6.4741,20.21,22.09,19.85,20.08,897549408.0,21.99,20.231
2026-06-25T13:59:11,2026-06-25 13:59:08,600488,津药药业,4.64,-6.8273,4.84,4.88,4.5,4.98,447939958.0,4.98,4.57
2026-06-25T13:59:11,2026-06-25 13:59:09,002522,浙江众成,7.88,4.7872,7.47,8.01,7.42,7.52,793496819.49,7.52,6.92
2026-06-25T13:59:11,2026-06-25 13:59:09,002374,中锐股份,3.47,-2.2535,3.52,3.58,3.42,3.55,145708516.0,3.55,3.24
2026-06-25T13:59:11,2026-06-25 13:59:09,002728,特一药业,8.55,-2.9512,8.73,8.92,8.34,8.81,236827102.07,8.81,8.02
2026-06-25T13:59:11,2026-06-25 13:59:10,603669,灵康药业,5.55,-3.3101,5.43,6.02,5.43,5.74,342102123.0,5.74,5.05
2026-06-25T13:59:11,2026-06-25 13:59:08,600881,亚泰集团,1.57,-2.4845,1.6,1.63,1.53,1.61,115272084.0,1.61,1.51
2026-06-25T13:59:11,2026-06-25 13:59:10,600183,生益科技,184.84,4.2527,179.9,188.0,175.18,177.3,10643487962.0,189.0,173.88
2026-06-25T13:59:11,2026-06-25 13:59:09,600769,祥龙电业,21.35,6.3247,20.21,22.09,19.85,20.08,898393462.0,21.99,20.231
2026-06-25T14:00:13,2026-06-25 14:00:11,600488,津药药业,4.64,-6.8273,4.84,4.88,4.5,4.98,448784650.0,4.98,4.57
2026-06-25T14:00:13,2026-06-25 14:00:12,002522,浙江众成,7.93,5.4521,7.47,8.01,7.42,7.52,800768124.49,7.52,6.92
2026-06-25T14:00:13,2026-06-25 14:00:12,002374,中锐股份,3.47,-2.2535,3.52,3.58,3.42,3.55,145965944.0,3.55,3.24
2026-06-25T14:00:13,2026-06-25 14:00:12,002728,特一药业,8.54,-3.0647,8.73,8.92,8.34,8.81,236927883.07,8.81,8.02
2026-06-25T14:00:13,2026-06-25 14:00:10,603669,灵康药业,5.55,-3.3101,5.43,6.02,5.43,5.74,342543595.0,5.74,5.05
2026-06-25T14:00:13,2026-06-25 14:00:11,600881,亚泰集团,1.57,-2.4845,1.6,1.63,1.53,1.61,115843973.0,1.61,1.51
2026-06-25T14:00:13,2026-06-25 14:00:10,600183,生益科技,184.85,4.2583,179.9,188.0,175.18,177.3,10668588514.0,189.0,173.88
2026-06-25T14:00:13,2026-06-25 14:00:09,600769,祥龙电业,21.42,6.6733,20.21,22.09,19.85,20.08,899073411.0,21.99,20.231
2026-06-25T14:01:16,2026-06-25 14:01:14,600488,津药药业,4.67,-6.2249,4.84,4.88,4.5,4.98,450649692.0,4.98,4.57
2026-06-25T14:01:16,2026-06-25 14:01:15,002522,浙江众成,7.95,5.7181,7.47,8.01,7.42,7.52,813053427.49,7.52,6.92
2026-06-25T14:01:16,2026-06-25 14:01:06,002374,中锐股份,3.46,-2.5352,3.52,3.58,3.42,3.55,146761573.0,3.55,3.24
2026-06-25T14:01:16,2026-06-25 14:01:15,002728,特一药业,8.53,-3.1782,8.73,8.92,8.34,8.81,237335119.07,8.81,8.02
2026-06-25T14:01:16,2026-06-25 14:01:13,603669,灵康药业,5.54,-3.4843,5.43,6.02,5.43,5.74,342639033.0,5.74,5.05
2026-06-25T14:01:16,2026-06-25 14:01:14,600881,亚泰集团,1.58,-1.8634,1.6,1.63,1.53,1.61,115903581.0,1.61,1.51
2026-06-25T14:01:16,2026-06-25 14:01:13,600183,生益科技,185.27,4.4952,179.9,188.0,175.18,177.3,10692929457.0,189.0,173.88
2026-06-25T14:01:16,2026-06-25 14:01:15,600769,祥龙电业,21.41,6.6235,20.21,22.09,19.85,20.08,899553453.0,21.99,20.231
2026-06-25T14:02:17,2026-06-25 14:02:14,600488,津药药业,4.68,-6.0241,4.84,4.88,4.5,4.98,451104018.0,4.98,4.57
2026-06-25T14:02:17,2026-06-25 14:02:15,002522,浙江众成,7.94,5.5851,7.47,8.01,7.42,7.52,818919099.49,7.52,6.92
2026-06-25T14:02:17,2026-06-25 14:02:09,002374,中锐股份,3.46,-2.5352,3.52,3.58,3.42,3.55,146801736.0,3.55,3.24
2026-06-25T14:02:17,2026-06-25 14:02:15,002728,特一药业,8.54,-3.0647,8.73,8.92,8.34,8.81,237461488.07,8.81,8.02
2026-06-25T14:02:17,2026-06-25 14:02:16,603669,灵康药业,5.56,-3.1359,5.43,6.02,5.43,5.74,342887733.0,5.74,5.05
2026-06-25T14:02:17,2026-06-25 14:02:14,600881,亚泰集团,1.58,-1.8634,1.6,1.63,1.53,1.61,115964597.0,1.61,1.51
2026-06-25T14:02:17,2026-06-25 14:02:16,600183,生益科技,185.33,4.529,179.9,188.0,175.18,177.3,10704345371.0,189.0,173.88
2026-06-25T14:02:17,2026-06-25 14:02:15,600769,祥龙电业,21.42,6.6733,20.21,22.09,19.85,20.08,899784721.0,21.99,20.231
2026-06-25T14:03:19,2026-06-25 14:03:17,600488,津药药业,4.67,-6.2249,4.84,4.88,4.5,4.98,451485246.0,4.98,4.57
2026-06-25T14:03:19,2026-06-25 14:03:18,002522,浙江众成,8.06,7.1809,7.47,8.06,7.42,7.52,838345594.49,7.52,6.92
2026-06-25T14:03:19,2026-06-25 14:03:15,002374,中锐股份,3.46,-2.5352,3.52,3.58,3.42,3.55,146908996.0,3.55,3.24
2026-06-25T14:03:19,2026-06-25 14:03:18,002728,特一药业,8.54,-3.0647,8.73,8.92,8.34,8.81,237840649.07,8.81,8.02
2026-06-25T14:03:19,2026-06-25 14:03:16,603669,灵康药业,5.57,-2.9617,5.43,6.02,5.43,5.74,343172625.0,5.74,5.05
2026-06-25T14:03:19,2026-06-25 14:03:17,600881,亚泰集团,1.57,-2.4845,1.6,1.63,1.53,1.61,116017671.0,1.61,1.51
2026-06-25T14:03:19,2026-06-25 14:03:16,600183,生益科技,185.47,4.608,179.9,188.0,175.18,177.3,10714280803.0,189.0,173.88
2026-06-25T14:03:19,2026-06-25 14:03:18,600769,祥龙电业,21.41,6.6235,20.21,22.09,19.85,20.08,900307443.0,21.99,20.231
2026-06-25T14:04:20,2026-06-25 14:04:17,600488,津药药业,4.67,-6.2249,4.84,4.88,4.5,4.98,451735767.0,4.98,4.57
2026-06-25T14:04:20,2026-06-25 14:04:18,002522,浙江众成,8.07,7.3138,7.47,8.08,7.42,7.52,860566612.85,7.52,6.92
2026-06-25T14:04:20,2026-06-25 14:04:18,002374,中锐股份,3.46,-2.5352,3.52,3.58,3.42,3.55,146922836.0,3.55,3.24
2026-06-25T14:04:20,2026-06-25 14:04:12,002728,特一药业,8.55,-2.9512,8.73,8.92,8.34,8.81,238155899.07,8.81,8.02
2026-06-25T14:04:20,2026-06-25 14:04:16,603669,灵康药业,5.58,-2.7875,5.43,6.02,5.43,5.74,343452856.0,5.74,5.05
2026-06-25T14:04:20,2026-06-25 14:04:17,600881,亚泰集团,1.57,-2.4845,1.6,1.63,1.53,1.61,116032623.0,1.61,1.51
2026-06-25T14:04:20,2026-06-25 14:04:16,600183,生益科技,185.64,4.7039,179.9,188.0,175.18,177.3,10736843110.0,189.0,173.88
2026-06-25T14:04:20,2026-06-25 14:04:18,600769,祥龙电业,21.46,6.8725,20.21,22.09,19.85,20.08,901736865.0,21.99,20.231
2026-06-25T14:05:21,2026-06-25 14:05:20,600488,津药药业,4.67,-6.2249,4.84,4.88,4.5,4.98,452082450.0,4.98,4.57
2026-06-25T14:05:21,2026-06-25 14:05:18,002522,浙江众成,8.05,7.0479,7.47,8.1,7.42,7.52,878163596.85,7.52,6.92
2026-06-25T14:05:21,2026-06-25 14:05:18,002374,中锐股份,3.48,-1.9718,3.52,3.58,3.42,3.55,147183417.0,3.55,3.24
2026-06-25T14:05:21,2026-06-25 14:05:18,002728,特一药业,8.55,-2.9512,8.73,8.92,8.34,8.81,238401955.07,8.81,8.02
2026-06-25T14:05:21,2026-06-25 14:05:19,603669,灵康药业,5.58,-2.7875,5.43,6.02,5.43,5.74,343809915.0,5.74,5.05
2026-06-25T14:05:21,2026-06-25 14:05:20,600881,亚泰集团,1.57,-2.4845,1.6,1.63,1.53,1.61,116124844.0,1.61,1.51
2026-06-25T14:05:21,2026-06-25 14:05:19,600183,生益科技,186.1,4.9633,179.9,188.0,175.18,177.3,10767591927.0,189.0,173.88
2026-06-25T14:05:21,2026-06-25 14:05:18,600769,祥龙电业,21.5,7.0717,20.21,22.09,19.85,20.08,903530007.0,21.99,20.231
2026-06-25T14:06:23,2026-06-25 14:06:20,600488,津药药业,4.69,-5.8233,4.84,4.88,4.5,4.98,452732283.0,4.98,4.57
2026-06-25T14:06:23,2026-06-25 14:06:21,002522,浙江众成,8.04,6.9149,7.47,8.1,7.42,7.52,885664573.09,7.52,6.92
2026-06-25T14:06:23,2026-06-25 14:06:21,002374,中锐股份,3.47,-2.2535,3.52,3.58,3.42,3.55,147528470.0,3.55,3.24
2026-06-25T14:06:23,2026-06-25 14:06:21,002728,特一药业,8.55,-2.9512,8.73,8.92,8.34,8.81,238500297.07,8.81,8.02
2026-06-25T14:06:23,2026-06-25 14:06:22,603669,灵康药业,5.59,-2.6132,5.43,6.02,5.43,5.74,344133078.0,5.74,5.05
2026-06-25T14:06:23,2026-06-25 14:06:20,600881,亚泰集团,1.57,-2.4845,1.6,1.63,1.53,1.61,116337059.0,1.61,1.51
2026-06-25T14:06:23,2026-06-25 14:06:22,600183,生益科技,186.25,5.0479,179.9,188.0,175.18,177.3,10791055996.0,189.0,173.88
2026-06-25T14:06:23,2026-06-25 14:06:21,600769,祥龙电业,21.49,7.0219,20.21,22.09,19.85,20.08,903882692.0,21.99,20.231
2026-06-25T14:07:25,2026-06-25 14:07:23,600488,津药药业,4.68,-6.0241,4.84,4.88,4.5,4.98,452929134.0,4.98,4.57
2026-06-25T14:07:25,2026-06-25 14:07:24,002522,浙江众成,8.04,6.9149,7.47,8.1,7.42,7.52,895734843.09,7.52,6.92
2026-06-25T14:07:25,2026-06-25 14:07:21,002374,中锐股份,3.48,-1.9718,3.52,3.58,3.42,3.55,147742805.0,3.55,3.24
2026-06-25T14:07:25,2026-06-25 14:07:24,002728,特一药业,8.56,-2.8377,8.73,8.92,8.34,8.81,238765642.07,8.81,8.02
2026-06-25T14:07:25,2026-06-25 14:07:22,603669,灵康药业,5.56,-3.1359,5.43,6.02,5.43,5.74,344351596.0,5.74,5.05
2026-06-25T14:07:25,2026-06-25 14:07:23,600881,亚泰集团,1.58,-1.8634,1.6,1.63,1.53,1.61,116777136.0,1.61,1.51
2026-06-25T14:07:25,2026-06-25 14:07:22,600183,生益科技,186.04,4.9295,179.9,188.0,175.18,177.3,10811333614.0,189.0,173.88
2026-06-25T14:07:25,2026-06-25 14:07:21,600769,祥龙电业,21.48,6.9721,20.21,22.09,19.85,20.08,904443716.0,21.99,20.231
2026-06-25T14:08:26,2026-06-25 14:08:23,600488,津药药业,4.67,-6.2249,4.84,4.88,4.5,4.98,453750797.0,4.98,4.57
2026-06-25T14:08:26,2026-06-25 14:08:24,002522,浙江众成,8.05,7.0479,7.47,8.1,7.42,7.52,898678828.25,7.52,6.92
2026-06-25T14:08:26,2026-06-25 14:08:24,002374,中锐股份,3.47,-2.2535,3.52,3.58,3.42,3.55,147750457.0,3.55,3.24
2026-06-25T14:08:26,2026-06-25 14:08:24,002728,特一药业,8.56,-2.8377,8.73,8.92,8.34,8.81,239050618.07,8.81,8.02
2026-06-25T14:08:26,2026-06-25 14:08:25,603669,灵康药业,5.57,-2.9617,5.43,6.02,5.43,5.74,344670707.0,5.74,5.05
2026-06-25T14:08:26,2026-06-25 14:08:23,600881,亚泰集团,1.59,-1.2422,1.6,1.63,1.53,1.61,118285984.0,1.61,1.51
2026-06-25T14:08:26,2026-06-25 14:08:25,600183,生益科技,186.02,4.9182,179.9,188.0,175.18,177.3,10828032573.0,189.0,173.88
2026-06-25T14:08:26,2026-06-25 14:08:24,600769,祥龙电业,21.53,7.2211,20.21,22.09,19.85,20.08,905400816.0,21.99,20.231
2026-06-25T14:09:27,2026-06-25 14:09:26,600488,津药药业,4.67,-6.2249,4.84,4.88,4.5,4.98,454014243.0,4.98,4.57
2026-06-25T14:09:27,2026-06-25 14:09:24,002522,浙江众成,8.06,7.1809,7.47,8.1,7.42,7.52,903584896.25,7.52,6.92
2026-06-25T14:09:27,2026-06-25 14:09:21,002374,中锐股份,3.47,-2.2535,3.52,3.58,3.42,3.55,148072275.0,3.55,3.24
2026-06-25T14:09:27,2026-06-25 14:09:24,002728,特一药业,8.55,-2.9512,8.73,8.92,8.34,8.81,239115603.07,8.81,8.02
2026-06-25T14:09:27,2026-06-25 14:09:25,603669,灵康药业,5.57,-2.9617,5.43,6.02,5.43,5.74,344878470.0,5.74,5.05
2026-06-25T14:09:27,2026-06-25 14:09:26,600881,亚泰集团,1.6,-0.6211,1.6,1.63,1.53,1.61,118290438.0,1.61,1.51
2026-06-25T14:09:27,2026-06-25 14:09:25,600183,生益科技,185.98,4.8957,179.9,188.0,175.18,177.3,10846245511.0,189.0,173.88
2026-06-25T14:09:27,2026-06-25 14:09:24,600769,祥龙电业,21.54,7.2709,20.21,22.09,19.85,20.08,906285702.0,21.99,20.231
2026-06-25T14:10:29,2026-06-25 14:10:26,600488,津药药业,4.67,-6.2249,4.84,4.88,4.5,4.98,454382974.0,4.98,4.57
2026-06-25T14:10:29,2026-06-25 14:10:27,002522,浙江众成,8.03,6.7819,7.47,8.1,7.42,7.52,911558541.09,7.52,6.92
2026-06-25T14:10:29,2026-06-25 14:10:27,002374,中锐股份,3.48,-1.9718,3.52,3.58,3.42,3.55,148127817.0,3.55,3.24
2026-06-25T14:10:29,2026-06-25 14:10:27,002728,特一药业,8.55,-2.9512,8.73,8.92,8.34,8.81,239396252.07,8.81,8.02
2026-06-25T14:10:29,2026-06-25 14:10:28,603669,灵康药业,5.57,-2.9617,5.43,6.02,5.43,5.74,344981860.0,5.74,5.05
2026-06-25T14:10:29,2026-06-25 14:10:26,600881,亚泰集团,1.59,-1.2422,1.6,1.63,1.53,1.61,118413025.0,1.61,1.51
2026-06-25T14:10:29,2026-06-25 14:10:28,600183,生益科技,185.98,4.8957,179.9,188.0,175.18,177.3,10863029395.0,189.0,173.88
2026-06-25T14:10:29,2026-06-25 14:10:27,600769,祥龙电业,21.56,7.3705,20.21,22.09,19.85,20.08,907914892.0,21.99,20.231
2026-06-25T14:11:31,2026-06-25 14:11:29,600488,津药药业,4.68,-6.0241,4.84,4.88,4.5,4.98,454978427.0,4.98,4.57
2026-06-25T14:11:31,2026-06-25 14:11:30,002522,浙江众成,8.02,6.6489,7.47,8.1,7.42,7.52,917420048.09,7.52,6.92
2026-06-25T14:11:31,2026-06-25 14:11:30,002374,中锐股份,3.48,-1.9718,3.52,3.58,3.42,3.55,148304757.0,3.55,3.24
2026-06-25T14:11:31,2026-06-25 14:11:27,002728,特一药业,8.56,-2.8377,8.73,8.92,8.34,8.81,239506664.07,8.81,8.02
2026-06-25T14:11:31,2026-06-25 14:11:28,603669,灵康药业,5.57,-2.9617,5.43,6.02,5.43,5.74,345208104.0,5.74,5.05
2026-06-25T14:11:31,2026-06-25 14:11:29,600881,亚泰集团,1.59,-1.2422,1.6,1.63,1.53,1.61,118449753.0,1.61,1.51
2026-06-25T14:11:31,2026-06-25 14:11:28,600183,生益科技,186.04,4.9295,179.9,188.0,175.18,177.3,10886853646.0,189.0,173.88
2026-06-25T14:11:31,2026-06-25 14:11:30,600769,祥龙电业,21.52,7.1713,20.21,22.09,19.85,20.08,908502919.0,21.99,20.231
2026-06-25T14:12:32,2026-06-25 14:12:32,600488,津药药业,4.67,-6.2249,4.84,4.88,4.5,4.98,455296954.0,4.98,4.57
2026-06-25T14:12:32,2026-06-25 14:12:30,002522,浙江众成,8.01,6.516,7.47,8.1,7.42,7.52,922054047.09,7.52,6.92
2026-06-25T14:12:32,2026-06-25 14:12:30,002374,中锐股份,3.48,-1.9718,3.52,3.58,3.42,3.55,148357653.0,3.55,3.24
2026-06-25T14:12:32,2026-06-25 14:12:30,002728,特一药业,8.55,-2.9512,8.73,8.92,8.34,8.81,239752851.07,8.81,8.02
2026-06-25T14:12:32,2026-06-25 14:12:31,603669,灵康药业,5.56,-3.1359,5.43,6.02,5.43,5.74,345694954.0,5.74,5.05
2026-06-25T14:12:32,2026-06-25 14:12:32,600881,亚泰集团,1.59,-1.2422,1.6,1.63,1.53,1.61,118497769.0,1.61,1.51
2026-06-25T14:12:32,2026-06-25 14:12:31,600183,生益科技,186.24,5.0423,179.9,188.0,175.18,177.3,10904520239.0,189.0,173.88
2026-06-25T14:12:32,2026-06-25 14:12:30,600769,祥龙电业,21.57,7.4203,20.21,22.09,19.85,20.08,909551739.0,21.99,20.231
2026-06-25T14:13:34,2026-06-25 14:13:32,600488,津药药业,4.67,-6.2249,4.84,4.88,4.5,4.98,455489478.0,4.98,4.57
2026-06-25T14:13:34,2026-06-25 14:13:33,002522,浙江众成,8.01,6.516,7.47,8.1,7.42,7.52,926446543.29,7.52,6.92
2026-06-25T14:13:34,2026-06-25 14:13:30,002374,中锐股份,3.48,-1.9718,3.52,3.58,3.42,3.55,148489565.0,3.55,3.24
2026-06-25T14:13:34,2026-06-25 14:13:33,002728,特一药业,8.54,-3.0647,8.73,8.92,8.34,8.81,239785331.07,8.81,8.02
2026-06-25T14:13:34,2026-06-25 14:13:31,603669,灵康药业,5.57,-2.9617,5.43,6.02,5.43,5.74,346110889.0,5.74,5.05
2026-06-25T14:13:34,2026-06-25 14:13:29,600881,亚泰集团,1.58,-1.8634,1.6,1.63,1.53,1.61,118501249.0,1.61,1.51
2026-06-25T14:13:34,2026-06-25 14:13:31,600183,生益科技,186.37,5.1156,179.9,188.0,175.18,177.3,10925122142.0,189.0,173.88
2026-06-25T14:13:34,2026-06-25 14:13:30,600769,祥龙电业,21.57,7.4203,20.21,22.09,19.85,20.08,910304667.0,21.99,20.231
2026-06-25T14:14:35,2026-06-25 14:14:32,600488,津药药业,4.68,-6.0241,4.84,4.88,4.5,4.98,456043549.0,4.98,4.57
2026-06-25T14:14:35,2026-06-25 14:14:33,002522,浙江众成,8.0,6.383,7.47,8.1,7.42,7.52,928726683.54,7.52,6.92
2026-06-25T14:14:35,2026-06-25 14:14:33,002374,中锐股份,3.47,-2.2535,3.52,3.58,3.42,3.55,148520469.0,3.55,3.24
2026-06-25T14:14:35,2026-06-25 14:14:33,002728,特一药业,8.54,-3.0647,8.73,8.92,8.34,8.81,239974475.67,8.81,8.02
2026-06-25T14:14:35,2026-06-25 14:14:34,603669,灵康药业,5.57,-2.9617,5.43,6.02,5.43,5.74,346202384.0,5.74,5.05
2026-06-25T14:14:35,2026-06-25 14:14:29,600881,亚泰集团,1.58,-1.8634,1.6,1.63,1.53,1.61,118520895.0,1.61,1.51
2026-06-25T14:14:35,2026-06-25 14:14:31,600183,生益科技,186.2,5.0197,179.9,188.0,175.18,177.3,10949209957.0,189.0,173.88
2026-06-25T14:14:35,2026-06-25 14:14:33,600769,祥龙电业,21.62,7.6693,20.21,22.09,19.85,20.08,911419543.0,21.99,20.231
2026-06-25T14:15:36,2026-06-25 14:15:35,600488,津药药业,4.68,-6.0241,4.84,4.88,4.5,4.98,456667842.0,4.98,4.57
2026-06-25T14:15:36,2026-06-25 14:15:33,002522,浙江众成,8.01,6.516,7.47,8.1,7.42,7.52,930557026.54,7.52,6.92
2026-06-25T14:15:36,2026-06-25 14:15:33,002374,中锐股份,3.47,-2.2535,3.52,3.58,3.42,3.55,148893870.0,3.55,3.24
2026-06-25T14:15:36,2026-06-25 14:15:33,002728,特一药业,8.54,-3.0647,8.73,8.92,8.34,8.81,240525065.07,8.81,8.02
2026-06-25T14:15:36,2026-06-25 14:15:34,603669,灵康药业,5.57,-2.9617,5.43,6.02,5.43,5.74,346281549.0,5.74,5.05
2026-06-25T14:15:36,2026-06-25 14:15:29,600881,亚泰集团,1.59,-1.2422,1.6,1.63,1.53,1.61,118614794.0,1.61,1.51
2026-06-25T14:15:36,2026-06-25 14:15:34,600183,生益科技,186.25,5.0479,179.9,188.0,175.18,177.3,10963699846.0,189.0,173.88
2026-06-25T14:15:36,2026-06-25 14:15:33,600769,祥龙电业,21.61,7.6195,20.21,22.09,19.85,20.08,912283830.0,21.99,20.231
2026-06-25T14:16:38,2026-06-25 14:16:38,600488,津药药业,4.67,-6.2249,4.84,4.88,4.5,4.98,457558721.0,4.98,4.57
2026-06-25T14:16:38,2026-06-25 14:16:36,002522,浙江众成,7.96,5.8511,7.47,8.1,7.42,7.52,936020670.29,7.52,6.92
2026-06-25T14:16:38,2026-06-25 14:16:36,002374,中锐股份,3.48,-1.9718,3.52,3.58,3.42,3.55,149291538.0,3.55,3.24
2026-06-25T14:16:38,2026-06-25 14:16:36,002728,特一药业,8.53,-3.1782,8.73,8.92,8.34,8.81,240702603.07,8.81,8.02
2026-06-25T14:16:38,2026-06-25 14:16:37,603669,灵康药业,5.58,-2.7875,5.43,6.02,5.43,5.74,346365220.0,5.74,5.05
2026-06-25T14:16:38,2026-06-25 14:16:35,600881,亚泰集团,1.59,-1.2422,1.6,1.63,1.53,1.61,118682305.0,1.61,1.51
2026-06-25T14:16:38,2026-06-25 14:16:37,600183,生益科技,186.07,4.9464,179.9,188.0,175.18,177.3,10980831193.0,189.0,173.88
2026-06-25T14:16:38,2026-06-25 14:16:36,600769,祥龙电业,21.62,7.6693,20.21,22.09,19.85,20.08,913621786.0,21.99,20.231
2026-06-25T14:17:39,2026-06-25 14:17:38,600488,津药药业,4.66,-6.4257,4.84,4.88,4.5,4.98,458145284.0,4.98,4.57
2026-06-25T14:17:39,2026-06-25 14:17:36,002522,浙江众成,7.96,5.8511,7.47,8.1,7.42,7.52,938933846.97,7.52,6.92
2026-06-25T14:17:39,2026-06-25 14:17:36,002374,中锐股份,3.47,-2.2535,3.52,3.58,3.42,3.55,149433115.0,3.55,3.24
2026-06-25T14:17:39,2026-06-25 14:17:36,002728,特一药业,8.53,-3.1782,8.73,8.92,8.34,8.81,241048072.07,8.81,8.02
2026-06-25T14:17:39,2026-06-25 14:17:37,603669,灵康药业,5.57,-2.9617,5.43,6.02,5.43,5.74,346413722.0,5.74,5.05
2026-06-25T14:17:39,2026-06-25 14:17:35,600881,亚泰集团,1.59,-1.2422,1.6,1.63,1.53,1.61,118713952.0,1.61,1.51
2026-06-25T14:17:39,2026-06-25 14:17:37,600183,生益科技,185.9,4.8505,179.9,188.0,175.18,177.3,11001073648.0,189.0,173.88
2026-06-25T14:17:39,2026-06-25 14:17:36,600769,祥龙电业,21.6,7.5697,20.21,22.09,19.85,20.08,915317978.0,21.99,20.231
2026-06-25T14:18:41,2026-06-25 14:18:38,600488,津药药业,4.67,-6.2249,4.84,4.88,4.5,4.98,458801966.0,4.98,4.57
2026-06-25T14:18:41,2026-06-25 14:18:39,002522,浙江众成,7.99,6.25,7.47,8.1,7.42,7.52,940746873.22,7.52,6.92
2026-06-25T14:18:41,2026-06-25 14:18:39,002374,中锐股份,3.47,-2.2535,3.52,3.58,3.42,3.55,149631919.0,3.55,3.24
2026-06-25T14:18:41,2026-06-25 14:18:39,002728,特一药业,8.54,-3.0647,8.73,8.92,8.34,8.81,241112056.07,8.81,8.02
2026-06-25T14:18:41,2026-06-25 14:18:37,603669,灵康药业,5.57,-2.9617,5.43,6.02,5.43,5.74,346699039.0,5.74,5.05
2026-06-25T14:18:41,2026-06-25 14:18:38,600881,亚泰集团,1.59,-1.2422,1.6,1.63,1.53,1.61,118733347.0,1.61,1.51
2026-06-25T14:18:41,2026-06-25 14:18:37,600183,生益科技,186.02,4.9182,179.9,188.0,175.18,177.3,11017790824.0,189.0,173.88
2026-06-25T14:18:41,2026-06-25 14:18:39,600769,祥龙电业,21.6,7.5697,20.21,22.09,19.85,20.08,915842837.0,21.99,20.231
2026-06-25T14:19:42,2026-06-25 14:19:41,600488,津药药业,4.68,-6.0241,4.84,4.88,4.5,4.98,459065565.0,4.98,4.57
2026-06-25T14:19:42,2026-06-25 14:19:39,002522,浙江众成,7.97,5.984,7.47,8.1,7.42,7.52,946067104.97,7.52,6.92
2026-06-25T14:19:42,2026-06-25 14:19:39,002374,中锐股份,3.47,-2.2535,3.52,3.58,3.42,3.55,149986209.0,3.55,3.24
2026-06-25T14:19:42,2026-06-25 14:19:39,002728,特一药业,8.53,-3.1782,8.73,8.92,8.34,8.81,241248538.07,8.81,8.02
2026-06-25T14:19:42,2026-06-25 14:19:40,603669,灵康药业,5.57,-2.9617,5.43,6.02,5.43,5.74,347056208.0,5.74,5.05
2026-06-25T14:19:42,2026-06-25 14:19:41,600881,亚泰集团,1.59,-1.2422,1.6,1.63,1.53,1.61,118901559.0,1.61,1.51
2026-06-25T14:19:42,2026-06-25 14:19:40,600183,生益科技,185.98,4.8957,179.9,188.0,175.18,177.3,11039055634.0,189.0,173.88
2026-06-25T14:19:42,2026-06-25 14:19:39,600769,祥龙电业,21.56,7.3705,20.21,22.09,19.85,20.08,916548801.0,21.99,20.231
2026-06-25T14:20:43,2026-06-25 14:20:41,600488,津药药业,4.68,-6.0241,4.84,4.88,4.5,4.98,459989016.0,4.98,4.57
2026-06-25T14:20:43,2026-06-25 14:20:42,002522,浙江众成,7.97,5.984,7.47,8.1,7.42,7.52,948461479.96,7.52,6.92
2026-06-25T14:20:43,2026-06-25 14:20:42,002374,中锐股份,3.48,-1.9718,3.52,3.58,3.42,3.55,151627032.0,3.55,3.24
2026-06-25T14:20:43,2026-06-25 14:20:42,002728,特一药业,8.53,-3.1782,8.73,8.92,8.34,8.81,241860985.07,8.81,8.02
2026-06-25T14:20:43,2026-06-25 14:20:40,603669,灵康药业,5.62,-2.0906,5.43,6.02,5.43,5.74,349672000.0,5.74,5.05
2026-06-25T14:20:43,2026-06-25 14:20:41,600881,亚泰集团,1.58,-1.8634,1.6,1.63,1.53,1.61,118934201.0,1.61,1.51
2026-06-25T14:20:43,2026-06-25 14:20:40,600183,生益科技,186.0,4.9069,179.9,188.0,175.18,177.3,11054549975.0,189.0,173.88
2026-06-25T14:20:43,2026-06-25 14:20:42,600769,祥龙电业,21.53,7.2211,20.21,22.09,19.85,20.08,916843788.0,21.99,20.231
2026-06-25T14:21:46,2026-06-25 14:21:44,600488,津药药业,4.69,-5.8233,4.84,4.88,4.5,4.98,463822156.0,4.98,4.57
2026-06-25T14:21:46,2026-06-25 14:21:42,002522,浙江众成,7.99,6.25,7.47,8.1,7.42,7.52,949679222.97,7.52,6.92
2026-06-25T14:21:46,2026-06-25 14:21:42,002374,中锐股份,3.49,-1.6901,3.52,3.58,3.42,3.55,151801774.0,3.55,3.24
2026-06-25T14:21:46,2026-06-25 14:21:42,002728,特一药业,8.52,-3.2917,8.73,8.92,8.34,8.81,243418825.07,8.81,8.02
2026-06-25T14:21:46,2026-06-25 14:21:43,603669,灵康药业,5.61,-2.2648,5.43,6.02,5.43,5.74,350297739.0,5.74,5.05
2026-06-25T14:21:46,2026-06-25 14:21:44,600881,亚泰集团,1.58,-1.8634,1.6,1.63,1.53,1.61,118978551.0,1.61,1.51
2026-06-25T14:21:46,2026-06-25 14:21:43,600183,生益科技,185.99,4.9013,179.9,188.0,175.18,177.3,11070638491.0,189.0,173.88
2026-06-25T14:21:46,2026-06-25 14:21:42,600769,祥龙电业,21.52,7.1713,20.21,22.09,19.85,20.08,917209535.0,21.99,20.231
2026-06-25T14:22:47,2026-06-25 14:22:44,600488,津药药业,4.69,-5.8233,4.84,4.88,4.5,4.98,464316509.0,4.98,4.57
2026-06-25T14:22:47,2026-06-25 14:22:45,002522,浙江众成,7.98,6.117,7.47,8.1,7.42,7.52,952682542.97,7.52,6.92
2026-06-25T14:22:47,2026-06-25 14:22:45,002374,中锐股份,3.49,-1.6901,3.52,3.58,3.42,3.55,152675658.0,3.55,3.24
2026-06-25T14:22:47,2026-06-25 14:22:45,002728,特一药业,8.54,-3.0647,8.73,8.92,8.34,8.81,244076068.07,8.81,8.02
2026-06-25T14:22:47,2026-06-25 14:22:43,603669,灵康药业,5.6,-2.439,5.43,6.02,5.43,5.74,350475911.0,5.74,5.05
2026-06-25T14:22:47,2026-06-25 14:22:44,600881,亚泰集团,1.58,-1.8634,1.6,1.63,1.53,1.61,119308682.0,1.61,1.51
2026-06-25T14:22:47,2026-06-25 14:22:43,600183,生益科技,185.7,4.7377,179.9,188.0,175.18,177.3,11095915058.0,189.0,173.88
2026-06-25T14:22:47,2026-06-25 14:22:45,600769,祥龙电业,21.53,7.2211,20.21,22.09,19.85,20.08,920342205.0,21.99,20.231
2026-06-25T14:23:48,2026-06-25 14:23:47,600488,津药药业,4.69,-5.8233,4.84,4.88,4.5,4.98,464569896.0,4.98,4.57
2026-06-25T14:23:48,2026-06-25 14:23:45,002522,浙江众成,7.99,6.25,7.47,8.1,7.42,7.52,954137409.97,7.52,6.92
2026-06-25T14:23:48,2026-06-25 14:23:45,002374,中锐股份,3.49,-1.6901,3.52,3.58,3.42,3.55,152803999.0,3.55,3.24
2026-06-25T14:23:48,2026-06-25 14:23:45,002728,特一药业,8.54,-3.0647,8.73,8.92,8.34,8.81,244382661.07,8.81,8.02
2026-06-25T14:23:48,2026-06-25 14:23:46,603669,灵康药业,5.62,-2.0906,5.43,6.02,5.43,5.74,350738054.0,5.74,5.05
2026-06-25T14:23:48,2026-06-25 14:23:44,600881,亚泰集团,1.58,-1.8634,1.6,1.63,1.53,1.61,119396004.0,1.61,1.51
2026-06-25T14:23:48,2026-06-25 14:23:46,600183,生益科技,185.37,4.5516,179.9,188.0,175.18,177.3,11120033764.0,189.0,173.88
2026-06-25T14:23:48,2026-06-25 14:23:45,600769,祥龙电业,21.52,7.1713,20.21,22.09,19.85,20.08,920563819.0,21.99,20.231
2026-06-25T14:24:50,2026-06-25 14:24:47,600488,津药药业,4.7,-5.6225,4.84,4.88,4.5,4.98,465193547.0,4.98,4.57
2026-06-25T14:24:50,2026-06-25 14:24:48,002522,浙江众成,8.0,6.383,7.47,8.1,7.42,7.52,958471874.97,7.52,6.92
2026-06-25T14:24:50,2026-06-25 14:24:48,002374,中锐股份,3.49,-1.6901,3.52,3.58,3.42,3.55,152913601.0,3.55,3.24
2026-06-25T14:24:50,2026-06-25 14:24:48,002728,特一药业,8.55,-2.9512,8.73,8.92,8.34,8.81,244947932.07,8.81,8.02
2026-06-25T14:24:50,2026-06-25 14:24:49,603669,灵康药业,5.63,-1.9164,5.43,6.02,5.43,5.74,351286351.0,5.74,5.05
2026-06-25T14:24:50,2026-06-25 14:24:47,600881,亚泰集团,1.58,-1.8634,1.6,1.63,1.53,1.61,119403139.0,1.61,1.51
2026-06-25T14:24:50,2026-06-25 14:24:49,600183,生益科技,185.32,4.5234,179.9,188.0,175.18,177.3,11136509760.0,189.0,173.88
2026-06-25T14:24:50,2026-06-25 14:24:48,600769,祥龙电业,21.51,7.1215,20.21,22.09,19.85,20.08,921368774.0,21.99,20.231
2026-06-25T14:25:51,2026-06-25 14:25:50,600488,津药药业,4.7,-5.6225,4.84,4.88,4.5,4.98,466285599.0,4.98,4.57
2026-06-25T14:25:51,2026-06-25 14:25:48,002522,浙江众成,7.99,6.25,7.47,8.1,7.42,7.52,962538528.97,7.52,6.92
2026-06-25T14:25:51,2026-06-25 14:25:45,002374,中锐股份,3.5,-1.4085,3.52,3.58,3.42,3.55,153022031.0,3.55,3.24
2026-06-25T14:25:51,2026-06-25 14:25:48,002728,特一药业,8.56,-2.8377,8.73,8.92,8.34,8.81,245046291.07,8.81,8.02
2026-06-25T14:25:51,2026-06-25 14:25:49,603669,灵康药业,5.62,-2.0906,5.43,6.02,5.43,5.74,351852425.0,5.74,5.05
2026-06-25T14:25:51,2026-06-25 14:25:50,600881,亚泰集团,1.58,-1.8634,1.6,1.63,1.53,1.61,119467131.0,1.61,1.51
2026-06-25T14:25:51,2026-06-25 14:25:49,600183,生益科技,185.46,4.6024,179.9,188.0,175.18,177.3,11158685418.0,189.0,173.88
2026-06-25T14:25:51,2026-06-25 14:25:48,600769,祥龙电业,21.5,7.0717,20.21,22.09,19.85,20.08,921982008.0,21.99,20.231
2026-06-25T14:26:54,2026-06-25 14:26:53,600488,津药药业,4.69,-5.8233,4.84,4.88,4.5,4.98,466793022.0,4.98,4.57
2026-06-25T14:26:54,2026-06-25 14:26:51,002522,浙江众成,7.98,6.117,7.47,8.1,7.42,7.52,968188098.64,7.52,6.92
2026-06-25T14:26:54,2026-06-25 14:26:51,002374,中锐股份,3.49,-1.6901,3.52,3.58,3.42,3.55,153916338.0,3.55,3.24
2026-06-25T14:26:54,2026-06-25 14:26:51,002728,特一药业,8.55,-2.9512,8.73,8.92,8.34,8.81,245250715.07,8.81,8.02
2026-06-25T14:26:54,2026-06-25 14:26:52,603669,灵康药业,5.62,-2.0906,5.43,6.02,5.43,5.74,352505886.0,5.74,5.05
2026-06-25T14:26:54,2026-06-25 14:26:53,600881,亚泰集团,1.58,-1.8634,1.6,1.63,1.53,1.61,119489988.0,1.61,1.51
2026-06-25T14:26:54,2026-06-25 14:26:52,600183,生益科技,185.66,4.7152,179.9,188.0,175.18,177.3,11169950287.0,189.0,173.88
2026-06-25T14:26:54,2026-06-25 14:26:51,600769,祥龙电业,21.5,7.0717,20.21,22.09,19.85,20.08,922388465.0,21.99,20.231
2026-06-25T14:27:56,2026-06-25 14:27:53,600488,津药药业,4.7,-5.6225,4.84,4.88,4.5,4.98,467203096.0,4.98,4.57
2026-06-25T14:27:56,2026-06-25 14:27:54,002522,浙江众成,8.0,6.383,7.47,8.1,7.42,7.52,970485026.64,7.52,6.92
2026-06-25T14:27:56,2026-06-25 14:27:51,002374,中锐股份,3.5,-1.4085,3.52,3.58,3.42,3.55,154584364.0,3.55,3.24
2026-06-25T14:27:56,2026-06-25 14:27:54,002728,特一药业,8.54,-3.0647,8.73,8.92,8.34,8.81,245453299.07,8.81,8.02
2026-06-25T14:27:56,2026-06-25 14:27:52,603669,灵康药业,5.61,-2.2648,5.43,6.02,5.43,5.74,352772351.0,5.74,5.05
2026-06-25T14:27:56,2026-06-25 14:27:53,600881,亚泰集团,1.59,-1.2422,1.6,1.63,1.53,1.61,119521725.0,1.61,1.51
2026-06-25T14:27:56,2026-06-25 14:27:52,600183,生益科技,185.8,4.7941,179.9,188.0,175.18,177.3,11186795162.0,189.0,173.88
2026-06-25T14:27:56,2026-06-25 14:27:54,600769,祥龙电业,21.5,7.0717,20.21,22.09,19.85,20.08,922523902.0,21.99,20.231
2026-06-25T14:28:57,2026-06-25 14:28:56,600488,津药药业,4.69,-5.8233,4.84,4.88,4.5,4.98,467381928.0,4.98,4.57
2026-06-25T14:28:57,2026-06-25 14:28:54,002522,浙江众成,8.0,6.383,7.47,8.1,7.42,7.52,973033651.64,7.52,6.92
2026-06-25T14:28:57,2026-06-25 14:28:54,002374,中锐股份,3.49,-1.6901,3.52,3.58,3.42,3.55,154796715.0,3.55,3.24
2026-06-25T14:28:57,2026-06-25 14:28:54,002728,特一药业,8.53,-3.1782,8.73,8.92,8.34,8.81,245694928.07,8.81,8.02
2026-06-25T14:28:57,2026-06-25 14:28:55,603669,灵康药业,5.63,-1.9164,5.43,6.02,5.43,5.74,353132869.0,5.74,5.05
2026-06-25T14:28:57,2026-06-25 14:28:56,600881,亚泰集团,1.58,-1.8634,1.6,1.63,1.53,1.61,119664333.0,1.61,1.51
2026-06-25T14:28:57,2026-06-25 14:28:55,600183,生益科技,185.88,4.8393,179.9,188.0,175.18,177.3,11203671861.0,189.0,173.88
2026-06-25T14:28:57,2026-06-25 14:28:54,600769,祥龙电业,21.46,6.8725,20.21,22.09,19.85,20.08,922934201.0,21.99,20.231
2026-06-25T14:29:59,2026-06-25 14:29:56,600488,津药药业,4.68,-6.0241,4.84,4.88,4.5,4.98,467801686.0,4.98,4.57
2026-06-25T14:29:59,2026-06-25 14:29:57,002522,浙江众成,7.99,6.25,7.47,8.1,7.42,7.52,975319435.64,7.52,6.92
2026-06-25T14:29:59,2026-06-25 14:29:57,002374,中锐股份,3.48,-1.9718,3.52,3.58,3.42,3.55,155219196.0,3.55,3.24
2026-06-25T14:29:59,2026-06-25 14:29:57,002728,特一药业,8.52,-3.2917,8.73,8.92,8.34,8.81,246326387.07,8.81,8.02
2026-06-25T14:29:59,2026-06-25 14:29:58,603669,灵康药业,5.63,-1.9164,5.43,6.02,5.43,5.74,353373246.0,5.74,5.05
2026-06-25T14:29:59,2026-06-25 14:29:56,600881,亚泰集团,1.59,-1.2422,1.6,1.63,1.53,1.61,120077998.0,1.61,1.51
2026-06-25T14:29:59,2026-06-25 14:29:58,600183,生益科技,185.87,4.8336,179.9,188.0,175.18,177.3,11218152806.0,189.0,173.88
2026-06-25T14:29:59,2026-06-25 14:29:57,600769,祥龙电业,21.48,6.9721,20.21,22.09,19.85,20.08,923410933.0,21.99,20.231
2026-06-25T14:31:00,2026-06-25 14:30:59,600488,津药药业,4.69,-5.8233,4.84,4.88,4.5,4.98,468128719.0,4.98,4.57
2026-06-25T14:31:00,2026-06-25 14:30:57,002522,浙江众成,7.99,6.25,7.47,8.1,7.42,7.52,976844421.64,7.52,6.92
2026-06-25T14:31:00,2026-06-25 14:30:57,002374,中锐股份,3.48,-1.9718,3.52,3.58,3.42,3.55,155768693.0,3.55,3.24
2026-06-25T14:31:00,2026-06-25 14:30:57,002728,特一药业,8.53,-3.1782,8.73,8.92,8.34,8.81,246620162.27,8.81,8.02
2026-06-25T14:31:00,2026-06-25 14:30:58,603669,灵康药业,5.6,-2.439,5.43,6.02,5.43,5.74,356253896.0,5.74,5.05
2026-06-25T14:31:00,2026-06-25 14:30:59,600881,亚泰集团,1.58,-1.8634,1.6,1.63,1.53,1.61,120105409.0,1.61,1.51
2026-06-25T14:31:00,2026-06-25 14:30:58,600183,生益科技,185.93,4.8675,179.9,188.0,175.18,177.3,11237227172.0,189.0,173.88
2026-06-25T14:31:00,2026-06-25 14:30:57,600769,祥龙电业,21.52,7.1713,20.21,22.09,19.85,20.08,924160877.0,21.99,20.231
2026-06-25T14:32:01,2026-06-25 14:31:59,600488,津药药业,4.68,-6.0241,4.84,4.88,4.5,4.98,468649406.0,4.98,4.57
2026-06-25T14:32:01,2026-06-25 14:32:00,002522,浙江众成,8.0,6.383,7.47,8.1,7.42,7.52,979369207.64,7.52,6.92
2026-06-25T14:32:01,2026-06-25 14:31:57,002374,中锐股份,3.48,-1.9718,3.52,3.58,3.42,3.55,155819950.0,3.55,3.24
2026-06-25T14:32:01,2026-06-25 14:32:00,002728,特一药业,8.54,-3.0647,8.73,8.92,8.34,8.81,247019493.27,8.81,8.02
2026-06-25T14:32:01,2026-06-25 14:31:58,603669,灵康药业,5.61,-2.2648,5.43,6.02,5.43,5.74,356470081.0,5.74,5.05
2026-06-25T14:32:01,2026-06-25 14:31:59,600881,亚泰集团,1.58,-1.8634,1.6,1.63,1.53,1.61,120507607.0,1.61,1.51
2026-06-25T14:32:01,2026-06-25 14:31:58,600183,生益科技,185.7,4.7377,179.9,188.0,175.18,177.3,11274643507.0,189.0,173.88
2026-06-25T14:32:01,2026-06-25 14:32:00,600769,祥龙电业,21.51,7.1215,20.21,22.09,19.85,20.08,926089451.0,21.99,20.231
2026-06-25T14:33:03,2026-06-25 14:33:02,600488,津药药业,4.7,-5.6225,4.84,4.88,4.5,4.98,470259656.0,4.98,4.57
2026-06-25T14:33:03,2026-06-25 14:33:00,002522,浙江众成,7.97,5.984,7.47,8.1,7.42,7.52,985411693.64,7.52,6.92
2026-06-25T14:33:03,2026-06-25 14:33:00,002374,中锐股份,3.49,-1.6901,3.52,3.58,3.42,3.55,155849562.0,3.55,3.24
2026-06-25T14:33:03,2026-06-25 14:33:00,002728,特一药业,8.54,-3.0647,8.73,8.92,8.34,8.81,247373880.27,8.81,8.02
2026-06-25T14:33:03,2026-06-25 14:33:01,603669,灵康药业,5.62,-2.0906,5.43,6.02,5.43,5.74,357359368.0,5.74,5.05
2026-06-25T14:33:03,2026-06-25 14:33:02,600881,亚泰集团,1.58,-1.8634,1.6,1.63,1.53,1.61,120635069.0,1.61,1.51
2026-06-25T14:33:03,2026-06-25 14:33:01,600183,生益科技,185.8,4.7941,179.9,188.0,175.18,177.3,11354393336.0,189.0,173.88
2026-06-25T14:33:03,2026-06-25 14:33:00,600769,祥龙电业,21.53,7.2211,20.21,22.09,19.85,20.08,927818443.0,21.99,20.231
2026-06-25T14:34:04,2026-06-25 14:34:02,600488,津药药业,4.69,-5.8233,4.84,4.88,4.5,4.98,470809880.0,4.98,4.57
2026-06-25T14:34:04,2026-06-25 14:34:00,002522,浙江众成,7.97,5.984,7.47,8.1,7.42,7.52,988794227.3,7.52,6.92
2026-06-25T14:34:04,2026-06-25 14:34:00,002374,中锐股份,3.49,-1.6901,3.52,3.58,3.42,3.55,155902227.0,3.55,3.24
2026-06-25T14:34:04,2026-06-25 14:34:00,002728,特一药业,8.55,-2.9512,8.73,8.92,8.34,8.81,247691712.27,8.81,8.02
2026-06-25T14:34:04,2026-06-25 14:34:01,603669,灵康药业,5.64,-1.7422,5.43,6.02,5.43,5.74,357868787.0,5.74,5.05
2026-06-25T14:34:04,2026-06-25 14:34:02,600881,亚泰集团,1.59,-1.2422,1.6,1.63,1.53,1.61,120662806.0,1.61,1.51
2026-06-25T14:34:04,2026-06-25 14:34:01,600183,生益科技,185.43,4.5854,179.9,188.0,175.18,177.3,11374444419.0,189.0,173.88
2026-06-25T14:34:04,2026-06-25 14:34:00,600769,祥龙电业,21.51,7.1215,20.21,22.09,19.85,20.08,928709641.0,21.99,20.231
2026-06-25T14:35:05,2026-06-25 14:35:05,600488,津药药业,4.69,-5.8233,4.84,4.88,4.5,4.98,471122406.0,4.98,4.57
2026-06-25T14:35:05,2026-06-25 14:35:03,002522,浙江众成,7.97,5.984,7.47,8.1,7.42,7.52,991591486.3,7.52,6.92
2026-06-25T14:35:05,2026-06-25 14:35:03,002374,中锐股份,3.5,-1.4085,3.52,3.58,3.42,3.55,157617930.0,3.55,3.24
2026-06-25T14:35:05,2026-06-25 14:35:03,002728,特一药业,8.56,-2.8377,8.73,8.92,8.34,8.81,248185851.27,8.81,8.02
2026-06-25T14:35:05,2026-06-25 14:35:04,603669,灵康药业,5.63,-1.9164,5.43,6.02,5.43,5.74,358173305.0,5.74,5.05
2026-06-25T14:35:05,2026-06-25 14:35:05,600881,亚泰集团,1.58,-1.8634,1.6,1.63,1.53,1.61,120923333.0,1.61,1.51
2026-06-25T14:35:05,2026-06-25 14:35:04,600183,生益科技,185.58,4.6701,179.9,188.0,175.18,177.3,11410985914.0,189.0,173.88
2026-06-25T14:35:05,2026-06-25 14:35:03,600769,祥龙电业,21.58,7.4701,20.21,22.09,19.85,20.08,931183930.0,21.99,20.231
2026-06-25T14:36:07,2026-06-25 14:36:05,600488,津药药业,4.69,-5.8233,4.84,4.88,4.5,4.98,471967198.0,4.98,4.57
2026-06-25T14:36:07,2026-06-25 14:36:06,002522,浙江众成,7.97,5.984,7.47,8.1,7.42,7.52,993729760.3,7.52,6.92
2026-06-25T14:36:07,2026-06-25 14:36:06,002374,中锐股份,3.5,-1.4085,3.52,3.58,3.42,3.55,157807546.0,3.55,3.24
2026-06-25T14:36:07,2026-06-25 14:36:06,002728,特一药业,8.55,-2.9512,8.73,8.92,8.34,8.81,248764299.27,8.81,8.02
2026-06-25T14:36:07,2026-06-25 14:36:04,603669,灵康药业,5.64,-1.7422,5.43,6.02,5.43,5.74,358557337.0,5.74,5.05
2026-06-25T14:36:07,2026-06-25 14:36:05,600881,亚泰集团,1.59,-1.2422,1.6,1.63,1.53,1.61,120970321.0,1.61,1.51
2026-06-25T14:36:07,2026-06-25 14:36:04,600183,生益科技,185.59,4.6757,179.9,188.0,175.18,177.3,11439457053.0,189.0,173.88
2026-06-25T14:36:07,2026-06-25 14:36:06,600769,祥龙电业,21.57,7.4203,20.21,22.09,19.85,20.08,933534694.0,21.99,20.231
2026-06-25T14:37:09,2026-06-25 14:37:08,600488,津药药业,4.68,-6.0241,4.84,4.88,4.5,4.98,472690769.0,4.98,4.57
2026-06-25T14:37:09,2026-06-25 14:37:06,002522,浙江众成,7.96,5.8511,7.47,8.1,7.42,7.52,996724758.3,7.52,6.92
2026-06-25T14:37:09,2026-06-25 14:37:06,002374,中锐股份,3.5,-1.4085,3.52,3.58,3.42,3.55,157816644.0,3.55,3.24
2026-06-25T14:37:09,2026-06-25 14:37:06,002728,特一药业,8.56,-2.8377,8.73,8.92,8.34,8.81,248864424.27,8.81,8.02
2026-06-25T14:37:09,2026-06-25 14:37:07,603669,灵康药业,5.64,-1.7422,5.43,6.02,5.43,5.74,359009803.0,5.74,5.05
2026-06-25T14:37:09,2026-06-25 14:37:08,600881,亚泰集团,1.59,-1.2422,1.6,1.63,1.53,1.61,120981437.0,1.61,1.51
2026-06-25T14:37:09,2026-06-25 14:37:07,600183,生益科技,185.59,4.6757,179.9,188.0,175.18,177.3,11473638159.0,189.0,173.88
2026-06-25T14:37:09,2026-06-25 14:37:06,600769,祥龙电业,21.54,7.2709,20.21,22.09,19.85,20.08,936323958.0,21.99,20.231
2026-06-25T14:38:10,2026-06-25 14:38:08,600488,津药药业,4.68,-6.0241,4.84,4.88,4.5,4.98,473595201.0,4.98,4.57
2026-06-25T14:38:10,2026-06-25 14:38:06,002522,浙江众成,7.97,5.984,7.47,8.1,7.42,7.52,999327082.3,7.52,6.92
2026-06-25T14:38:10,2026-06-25 14:38:06,002374,中锐股份,3.49,-1.6901,3.52,3.58,3.42,3.55,158439934.0,3.55,3.24
2026-06-25T14:38:10,2026-06-25 14:38:06,002728,特一药业,8.55,-2.9512,8.73,8.92,8.34,8.81,249214029.27,8.81,8.02
2026-06-25T14:38:10,2026-06-25 14:38:07,603669,灵康药业,5.63,-1.9164,5.43,6.02,5.43,5.74,359444852.0,5.74,5.05
2026-06-25T14:38:10,2026-06-25 14:38:08,600881,亚泰集团,1.58,-1.8634,1.6,1.63,1.53,1.61,121347977.0,1.61,1.51
2026-06-25T14:38:10,2026-06-25 14:38:07,600183,生益科技,185.58,4.6701,179.9,188.0,175.18,177.3,11494015224.0,189.0,173.88
2026-06-25T14:38:10,2026-06-25 14:38:09,600769,祥龙电业,21.53,7.2211,20.21,22.09,19.85,20.08,937539088.0,21.99,20.231
2026-06-25T14:39:11,2026-06-25 14:39:08,600488,津药药业,4.69,-5.8233,4.84,4.88,4.5,4.98,474311206.0,4.98,4.57
2026-06-25T14:39:11,2026-06-25 14:39:09,002522,浙江众成,7.98,6.117,7.47,8.1,7.42,7.52,1001125142.0,7.52,6.92
2026-06-25T14:39:11,2026-06-25 14:39:06,002374,中锐股份,3.49,-1.6901,3.52,3.58,3.42,3.55,158636256.0,3.55,3.24
2026-06-25T14:39:11,2026-06-25 14:39:09,002728,特一药业,8.55,-2.9512,8.73,8.92,8.34,8.81,249356025.27,8.81,8.02
2026-06-25T14:39:11,2026-06-25 14:39:10,603669,灵康药业,5.64,-1.7422,5.43,6.02,5.43,5.74,360218536.0,5.74,5.05
2026-06-25T14:39:11,2026-06-25 14:39:08,600881,亚泰集团,1.58,-1.8634,1.6,1.63,1.53,1.61,122960687.0,1.61,1.51
2026-06-25T14:39:11,2026-06-25 14:39:07,600183,生益科技,185.53,4.6418,179.9,188.0,175.18,177.3,11519605789.0,189.0,173.88
2026-06-25T14:39:11,2026-06-25 14:39:09,600769,祥龙电业,21.48,6.9721,20.21,22.09,19.85,20.08,940444367.0,21.99,20.231
2026-06-25T14:40:12,2026-06-25 14:40:11,600488,津药药业,4.68,-6.0241,4.84,4.88,4.5,4.98,475242742.0,4.98,4.57
2026-06-25T14:40:12,2026-06-25 14:40:09,002522,浙江众成,7.97,5.984,7.47,8.1,7.42,7.52,1007748379.3,7.52,6.92
2026-06-25T14:40:12,2026-06-25 14:40:06,002374,中锐股份,3.5,-1.4085,3.52,3.58,3.42,3.55,159413595.0,3.55,3.24
2026-06-25T14:40:12,2026-06-25 14:40:09,002728,特一药业,8.55,-2.9512,8.73,8.92,8.34,8.81,249680171.27,8.81,8.02
2026-06-25T14:40:12,2026-06-25 14:40:10,603669,灵康药业,5.64,-1.7422,5.43,6.02,5.43,5.74,360560914.0,5.74,5.05
2026-06-25T14:40:12,2026-06-25 14:40:11,600881,亚泰集团,1.58,-1.8634,1.6,1.63,1.53,1.61,123180832.0,1.61,1.51
2026-06-25T14:40:12,2026-06-25 14:40:10,600183,生益科技,185.25,4.4839,179.9,188.0,175.18,177.3,11553800892.0,189.0,173.88
2026-06-25T14:40:12,2026-06-25 14:40:09,600769,祥龙电业,21.5,7.0717,20.21,22.09,19.85,20.08,941112608.0,21.99,20.231
2026-06-25T14:41:14,2026-06-25 14:41:11,600488,津药药业,4.68,-6.0241,4.84,4.88,4.5,4.98,476105486.0,4.98,4.57
2026-06-25T14:41:14,2026-06-25 14:41:12,002522,浙江众成,7.96,5.8511,7.47,8.1,7.42,7.52,1012360099.3,7.52,6.92
2026-06-25T14:41:14,2026-06-25 14:41:12,002374,中锐股份,3.5,-1.4085,3.52,3.58,3.42,3.55,160292337.0,3.55,3.24
2026-06-25T14:41:14,2026-06-25 14:41:12,002728,特一药业,8.55,-2.9512,8.73,8.92,8.34,8.81,250276119.27,8.81,8.02
2026-06-25T14:41:14,2026-06-25 14:41:13,603669,灵康药业,5.65,-1.5679,5.43,6.02,5.43,5.74,361369359.0,5.74,5.05
2026-06-25T14:41:14,2026-06-25 14:41:11,600881,亚泰集团,1.59,-1.2422,1.6,1.63,1.53,1.61,123852121.0,1.61,1.51
2026-06-25T14:41:14,2026-06-25 14:41:10,600183,生益科技,185.44,4.5911,179.9,188.0,175.18,177.3,11593938285.0,189.0,173.88
2026-06-25T14:41:14,2026-06-25 14:41:12,600769,祥龙电业,21.5,7.0717,20.21,22.09,19.85,20.08,942688029.0,21.99,20.231
2026-06-25T14:42:16,2026-06-25 14:42:14,600488,津药药业,4.68,-6.0241,4.84,4.88,4.5,4.98,476983959.0,4.98,4.57
2026-06-25T14:42:16,2026-06-25 14:42:15,002522,浙江众成,7.97,5.984,7.47,8.1,7.42,7.52,1014342184.3,7.52,6.92
2026-06-25T14:42:16,2026-06-25 14:42:15,002374,中锐股份,3.5,-1.4085,3.52,3.58,3.42,3.55,162634859.0,3.55,3.24
2026-06-25T14:42:16,2026-06-25 14:42:15,002728,特一药业,8.54,-3.0647,8.73,8.92,8.34,8.81,250580460.27,8.81,8.02
2026-06-25T14:42:16,2026-06-25 14:42:13,603669,灵康药业,5.66,-1.3937,5.43,6.02,5.43,5.74,362254496.0,5.74,5.05
2026-06-25T14:42:16,2026-06-25 14:42:14,600881,亚泰集团,1.59,-1.2422,1.6,1.63,1.53,1.61,123877313.0,1.61,1.51
2026-06-25T14:42:16,2026-06-25 14:42:13,600183,生益科技,185.88,4.8393,179.9,188.0,175.18,177.3,11627509426.0,189.0,173.88
2026-06-25T14:42:16,2026-06-25 14:42:15,600769,祥龙电业,21.53,7.2211,20.21,22.09,19.85,20.08,943514277.0,21.99,20.231
2026-06-25T14:43:18,2026-06-25 14:43:17,600488,津药药业,4.68,-6.0241,4.84,4.88,4.5,4.98,477958213.0,4.98,4.57
2026-06-25T14:43:18,2026-06-25 14:43:15,002522,浙江众成,7.98,6.117,7.47,8.1,7.42,7.52,1017242137.3,7.52,6.92
2026-06-25T14:43:18,2026-06-25 14:43:15,002374,中锐股份,3.5,-1.4085,3.52,3.58,3.42,3.55,162826451.0,3.55,3.24
2026-06-25T14:43:18,2026-06-25 14:43:15,002728,特一药业,8.55,-2.9512,8.73,8.92,8.34,8.81,251712031.27,8.81,8.02
2026-06-25T14:43:18,2026-06-25 14:43:16,603669,灵康药业,5.67,-1.2195,5.43,6.02,5.43,5.74,363036311.0,5.74,5.05
2026-06-25T14:43:18,2026-06-25 14:43:17,600881,亚泰集团,1.59,-1.2422,1.6,1.63,1.53,1.61,123894434.0,1.61,1.51
2026-06-25T14:43:18,2026-06-25 14:43:16,600183,生益科技,186.52,5.2002,179.9,188.0,175.18,177.3,11740118634.0,189.0,173.88
2026-06-25T14:43:18,2026-06-25 14:43:15,600769,祥龙电业,21.55,7.3207,20.21,22.09,19.85,20.08,946329576.0,21.99,20.231
2026-06-25T14:44:20,2026-06-25 14:44:17,600488,津药药业,4.7,-5.6225,4.84,4.88,4.5,4.98,480432234.0,4.98,4.57
2026-06-25T14:44:20,2026-06-25 14:44:18,002522,浙江众成,7.98,6.117,7.47,8.1,7.42,7.52,1020210489.3,7.52,6.92
2026-06-25T14:44:20,2026-06-25 14:44:18,002374,中锐股份,3.51,-1.1268,3.52,3.58,3.42,3.55,163095213.0,3.55,3.24
2026-06-25T14:44:20,2026-06-25 14:44:18,002728,特一药业,8.56,-2.8377,8.73,8.92,8.34,8.81,252527247.27,8.81,8.02
2026-06-25T14:44:20,2026-06-25 14:44:16,603669,灵康药业,5.64,-1.7422,5.43,6.02,5.43,5.74,364372694.0,5.74,5.05
2026-06-25T14:44:20,2026-06-25 14:44:17,600881,亚泰集团,1.59,-1.2422,1.6,1.63,1.53,1.61,125755721.0,1.61,1.51
2026-06-25T14:44:20,2026-06-25 14:44:16,600183,生益科技,187.2,5.5838,179.9,188.0,175.18,177.3,11838357364.0,189.0,173.88
2026-06-25T14:44:20,2026-06-25 14:44:15,600769,祥龙电业,21.56,7.3705,20.21,22.09,19.85,20.08,946940136.0,21.99,20.231
2026-06-25T14:45:21,2026-06-25 14:45:20,600488,津药药业,4.69,-5.8233,4.84,4.88,4.5,4.98,483724648.0,4.98,4.57
2026-06-25T14:45:21,2026-06-25 14:45:18,002522,浙江众成,7.98,6.117,7.47,8.1,7.42,7.52,1024743790.97,7.52,6.92
2026-06-25T14:45:21,2026-06-25 14:45:18,002374,中锐股份,3.5,-1.4085,3.52,3.58,3.42,3.55,163433644.0,3.55,3.24
2026-06-25T14:45:21,2026-06-25 14:45:18,002728,特一药业,8.57,-2.7242,8.73,8.92,8.34,8.81,252961611.27,8.81,8.02
2026-06-25T14:45:21,2026-06-25 14:45:19,603669,灵康药业,5.63,-1.9164,5.43,6.02,5.43,5.74,365058464.0,5.74,5.05
2026-06-25T14:45:21,2026-06-25 14:45:20,600881,亚泰集团,1.59,-1.2422,1.6,1.63,1.53,1.61,125930347.0,1.61,1.51
2026-06-25T14:45:21,2026-06-25 14:45:19,600183,生益科技,187.14,5.5499,179.9,188.0,175.18,177.3,11926028136.0,189.0,173.88
2026-06-25T14:45:21,2026-06-25 14:45:18,600769,祥龙电业,21.56,7.3705,20.21,22.09,19.85,20.08,947858426.0,21.99,20.231
2026-06-25T14:46:23,2026-06-25 14:46:20,600488,津药药业,4.7,-5.6225,4.84,4.88,4.5,4.98,484954817.0,4.98,4.57
2026-06-25T14:46:23,2026-06-25 14:46:21,002522,浙江众成,7.98,6.117,7.47,8.1,7.42,7.52,1026464625.97,7.52,6.92
2026-06-25T14:46:23,2026-06-25 14:46:21,002374,中锐股份,3.51,-1.1268,3.52,3.58,3.42,3.55,164214586.0,3.55,3.24
2026-06-25T14:46:23,2026-06-25 14:46:21,002728,特一药业,8.55,-2.9512,8.73,8.92,8.34,8.81,253624198.27,8.81,8.02
2026-06-25T14:46:23,2026-06-25 14:46:22,603669,灵康药业,5.63,-1.9164,5.43,6.02,5.43,5.74,365537397.0,5.74,5.05
2026-06-25T14:46:23,2026-06-25 14:46:20,600881,亚泰集团,1.59,-1.2422,1.6,1.63,1.53,1.61,126013350.0,1.61,1.51
2026-06-25T14:46:23,2026-06-25 14:46:22,600183,生益科技,186.79,5.3525,179.9,188.0,175.18,177.3,11978614073.0,189.0,173.88
2026-06-25T14:46:23,2026-06-25 14:46:21,600769,祥龙电业,21.56,7.3705,20.21,22.09,19.85,20.08,948817765.0,21.99,20.231
2026-06-25T14:47:24,2026-06-25 14:47:23,600488,津药药业,4.69,-5.8233,4.84,4.88,4.5,4.98,485433986.0,4.98,4.57
2026-06-25T14:47:24,2026-06-25 14:47:21,002522,浙江众成,7.98,6.117,7.47,8.1,7.42,7.52,1028838704.97,7.52,6.92
2026-06-25T14:47:24,2026-06-25 14:47:24,002374,中锐股份,3.5,-1.4085,3.52,3.58,3.42,3.55,164244403.0,3.55,3.24
2026-06-25T14:47:24,2026-06-25 14:47:21,002728,特一药业,8.55,-2.9512,8.73,8.92,8.34,8.81,253967344.27,8.81,8.02
2026-06-25T14:47:24,2026-06-25 14:47:22,603669,灵康药业,5.62,-2.0906,5.43,6.02,5.43,5.74,366207176.0,5.74,5.05
2026-06-25T14:47:24,2026-06-25 14:47:23,600881,亚泰集团,1.59,-1.2422,1.6,1.63,1.53,1.61,126265764.0,1.61,1.51
2026-06-25T14:47:24,2026-06-25 14:47:22,600183,生益科技,186.53,5.2059,179.9,188.0,175.18,177.3,12016840083.0,189.0,173.88
2026-06-25T14:47:24,2026-06-25 14:47:24,600769,祥龙电业,21.52,7.1713,20.21,22.09,19.85,20.08,950812175.0,21.99,20.231
2026-06-25T14:48:26,2026-06-25 14:48:23,600488,津药药业,4.69,-5.8233,4.84,4.88,4.5,4.98,486346476.0,4.98,4.57
2026-06-25T14:48:26,2026-06-25 14:48:24,002522,浙江众成,7.98,6.117,7.47,8.1,7.42,7.52,1031707922.97,7.52,6.92
2026-06-25T14:48:26,2026-06-25 14:48:24,002374,中锐股份,3.5,-1.4085,3.52,3.58,3.42,3.55,164549709.0,3.55,3.24
2026-06-25T14:48:26,2026-06-25 14:48:24,002728,特一药业,8.55,-2.9512,8.73,8.92,8.34,8.81,254226697.12,8.81,8.02
2026-06-25T14:48:26,2026-06-25 14:48:25,603669,灵康药业,5.62,-2.0906,5.43,6.02,5.43,5.74,367117834.0,5.74,5.05
2026-06-25T14:48:26,2026-06-25 14:48:23,600881,亚泰集团,1.59,-1.2422,1.6,1.63,1.53,1.61,126468259.0,1.61,1.51
2026-06-25T14:48:26,2026-06-25 14:48:25,600183,生益科技,186.78,5.3469,179.9,188.0,175.18,177.3,12059128295.0,189.0,173.88
2026-06-25T14:48:26,2026-06-25 14:48:24,600769,祥龙电业,21.55,7.3207,20.21,22.09,19.85,20.08,952429417.0,21.99,20.231
2026-06-25T14:49:27,2026-06-25 14:49:26,600488,津药药业,4.69,-5.8233,4.84,4.88,4.5,4.98,488503807.0,4.98,4.57
2026-06-25T14:49:27,2026-06-25 14:49:24,002522,浙江众成,7.99,6.25,7.47,8.1,7.42,7.52,1036943185.35,7.52,6.92
2026-06-25T14:49:27,2026-06-25 14:49:21,002374,中锐股份,3.5,-1.4085,3.52,3.58,3.42,3.55,164703751.0,3.55,3.24
2026-06-25T14:49:27,2026-06-25 14:49:24,002728,特一药业,8.56,-2.8377,8.73,8.92,8.34,8.81,254492806.12,8.81,8.02
2026-06-25T14:49:27,2026-06-25 14:49:25,603669,灵康药业,5.61,-2.2648,5.43,6.02,5.43,5.74,368481896.0,5.74,5.05
2026-06-25T14:49:27,2026-06-25 14:49:26,600881,亚泰集团,1.6,-0.6211,1.6,1.63,1.53,1.61,126640434.0,1.61,1.51
2026-06-25T14:49:27,2026-06-25 14:49:25,600183,生益科技,186.91,5.4202,179.9,188.0,175.18,177.3,12118099959.0,189.0,173.88
2026-06-25T14:49:27,2026-06-25 14:49:24,600769,祥龙电业,21.59,7.5199,20.21,22.09,19.85,20.08,953840739.0,21.99,20.231
2026-06-25T14:50:28,2026-06-25 14:50:26,600488,津药药业,4.68,-6.0241,4.84,4.88,4.5,4.98,489950130.0,4.98,4.57
2026-06-25T14:50:28,2026-06-25 14:50:27,002522,浙江众成,8.0,6.383,7.47,8.1,7.42,7.52,1044300589.35,7.52,6.92
2026-06-25T14:50:28,2026-06-25 14:50:27,002374,中锐股份,3.51,-1.1268,3.52,3.58,3.42,3.55,165845837.0,3.55,3.24
2026-06-25T14:50:28,2026-06-25 14:50:27,002728,特一药业,8.55,-2.9512,8.73,8.92,8.34,8.81,255550632.12,8.81,8.02
2026-06-25T14:50:28,2026-06-25 14:50:25,603669,灵康药业,5.61,-2.2648,5.43,6.02,5.43,5.74,370281014.0,5.74,5.05
2026-06-25T14:50:28,2026-06-25 14:50:26,600881,亚泰集团,1.6,-0.6211,1.6,1.63,1.53,1.61,126795310.0,1.61,1.51
2026-06-25T14:50:28,2026-06-25 14:50:25,600183,生益科技,186.91,5.4202,179.9,188.0,175.18,177.3,12206093172.0,189.0,173.88
2026-06-25T14:50:28,2026-06-25 14:50:27,600769,祥龙电业,21.55,7.3207,20.21,22.09,19.85,20.08,956700139.0,21.99,20.231
2026-06-25T14:51:30,2026-06-25 14:51:26,600488,津药药业,4.68,-6.0241,4.84,4.88,4.5,4.98,492487797.0,4.98,4.57
2026-06-25T14:51:30,2026-06-25 14:51:27,002522,浙江众成,7.99,6.25,7.47,8.1,7.42,7.52,1050125851.35,7.52,6.92
2026-06-25T14:51:30,2026-06-25 14:51:27,002374,中锐股份,3.5,-1.4085,3.52,3.58,3.42,3.55,166968593.0,3.55,3.24
2026-06-25T14:51:30,2026-06-25 14:51:27,002728,特一药业,8.56,-2.8377,8.73,8.92,8.34,8.81,256462916.12,8.81,8.02
2026-06-25T14:51:30,2026-06-25 14:51:28,603669,灵康药业,5.61,-2.2648,5.43,6.02,5.43,5.74,371407839.0,5.74,5.05
2026-06-25T14:51:30,2026-06-25 14:51:26,600881,亚泰集团,1.6,-0.6211,1.6,1.63,1.53,1.61,126936135.0,1.61,1.51
2026-06-25T14:51:30,2026-06-25 14:51:28,600183,生益科技,186.85,5.3864,179.9,188.0,175.18,177.3,12268664323.0,189.0,173.88
2026-06-25T14:51:30,2026-06-25 14:51:27,600769,祥龙电业,21.56,7.3705,20.21,22.09,19.85,20.08,958234670.0,21.99,20.231
2026-06-25T14:52:31,2026-06-25 14:52:29,600488,津药药业,4.68,-6.0241,4.84,4.88,4.5,4.98,494407359.0,4.98,4.57
2026-06-25T14:52:31,2026-06-25 14:52:27,002522,浙江众成,7.98,6.117,7.47,8.1,7.42,7.52,1058195983.35,7.52,6.92
2026-06-25T14:52:31,2026-06-25 14:52:30,002374,中锐股份,3.51,-1.1268,3.52,3.58,3.42,3.55,168425762.0,3.55,3.24
2026-06-25T14:52:31,2026-06-25 14:52:27,002728,特一药业,8.55,-2.9512,8.73,8.92,8.34,8.81,256913834.12,8.81,8.02
2026-06-25T14:52:31,2026-06-25 14:52:28,603669,灵康药业,5.62,-2.0906,5.43,6.02,5.43,5.74,373437372.0,5.74,5.05
2026-06-25T14:52:31,2026-06-25 14:52:29,600881,亚泰集团,1.59,-1.2422,1.6,1.63,1.53,1.61,128893862.0,1.61,1.51
2026-06-25T14:52:31,2026-06-25 14:52:28,600183,生益科技,186.92,5.4258,179.9,188.0,175.18,177.3,12333793763.0,189.0,173.88
2026-06-25T14:52:31,2026-06-25 14:52:30,600769,祥龙电业,21.51,7.1215,20.21,22.09,19.85,20.08,961160360.0,21.99,20.231
2026-06-25T14:53:32,2026-06-25 14:53:29,600488,津药药业,4.68,-6.0241,4.84,4.88,4.5,4.98,496306591.0,4.98,4.57
2026-06-25T14:53:32,2026-06-25 14:53:30,002522,浙江众成,7.99,6.25,7.47,8.1,7.42,7.52,1062833382.35,7.52,6.92
2026-06-25T14:53:32,2026-06-25 14:53:30,002374,中锐股份,3.51,-1.1268,3.52,3.58,3.42,3.55,169319216.0,3.55,3.24
2026-06-25T14:53:32,2026-06-25 14:53:30,002728,特一药业,8.55,-2.9512,8.73,8.92,8.34,8.81,257791595.12,8.81,8.02
2026-06-25T14:53:32,2026-06-25 14:53:31,603669,灵康药业,5.63,-1.9164,5.43,6.02,5.43,5.74,374521568.0,5.74,5.05
2026-06-25T14:53:32,2026-06-25 14:53:29,600881,亚泰集团,1.59,-1.2422,1.6,1.63,1.53,1.61,129610062.0,1.61,1.51
2026-06-25T14:53:32,2026-06-25 14:53:31,600183,生益科技,186.99,5.4653,179.9,188.0,175.18,177.3,12443426486.0,189.0,173.88
2026-06-25T14:53:32,2026-06-25 14:53:30,600769,祥龙电业,21.52,7.1713,20.21,22.09,19.85,20.08,963630762.0,21.99,20.231
2026-06-25T14:54:34,2026-06-25 14:54:32,600488,津药药业,4.68,-6.0241,4.84,4.88,4.5,4.98,498578496.0,4.98,4.57
2026-06-25T14:54:34,2026-06-25 14:54:33,002522,浙江众成,8.0,6.383,7.47,8.1,7.42,7.52,1069427369.35,7.52,6.92
2026-06-25T14:54:34,2026-06-25 14:54:33,002374,中锐股份,3.52,-0.8451,3.52,3.58,3.42,3.55,170291525.0,3.55,3.24
2026-06-25T14:54:34,2026-06-25 14:54:33,002728,特一药业,8.55,-2.9512,8.73,8.92,8.34,8.81,258465584.12,8.81,8.02
2026-06-25T14:54:34,2026-06-25 14:54:31,603669,灵康药业,5.64,-1.7422,5.43,6.02,5.43,5.74,375529250.0,5.74,5.05
2026-06-25T14:54:34,2026-06-25 14:54:32,600881,亚泰集团,1.59,-1.2422,1.6,1.63,1.53,1.61,129932719.0,1.61,1.51
2026-06-25T14:54:34,2026-06-25 14:54:31,600183,生益科技,186.91,5.4202,179.9,188.0,175.18,177.3,12531711733.0,189.0,173.88
2026-06-25T14:54:34,2026-06-25 14:54:33,600769,祥龙电业,21.53,7.2211,20.21,22.09,19.85,20.08,965236814.0,21.99,20.231
2026-06-25T14:55:35,2026-06-25 14:55:35,600488,津药药业,4.7,-5.6225,4.84,4.88,4.5,4.98,507294360.0,4.98,4.57
2026-06-25T14:55:35,2026-06-25 14:55:33,002522,浙江众成,7.99,6.25,7.47,8.1,7.42,7.52,1077791966.35,7.52,6.92
2026-06-25T14:55:35,2026-06-25 14:55:33,002374,中锐股份,3.51,-1.1268,3.52,3.58,3.42,3.55,171016516.0,3.55,3.24
2026-06-25T14:55:35,2026-06-25 14:55:33,002728,特一药业,8.55,-2.9512,8.73,8.92,8.34,8.81,259522395.12,8.81,8.02
2026-06-25T14:55:35,2026-06-25 14:55:34,603669,灵康药业,5.63,-1.9164,5.43,6.02,5.43,5.74,377589836.0,5.74,5.05
2026-06-25T14:55:35,2026-06-25 14:55:35,600881,亚泰集团,1.59,-1.2422,1.6,1.63,1.53,1.61,130386033.0,1.61,1.51
2026-06-25T14:55:35,2026-06-25 14:55:34,600183,生益科技,186.97,5.454,179.9,188.0,175.18,177.3,12656324266.0,189.0,173.88
2026-06-25T14:55:35,2026-06-25 14:55:33,600769,祥龙电业,21.51,7.1215,20.21,22.09,19.85,20.08,968772791.0,21.99,20.231
2026-06-25T14:56:38,2026-06-25 14:56:35,600488,津药药业,4.69,-5.8233,4.84,4.88,4.5,4.98,509520442.0,4.98,4.57
2026-06-25T14:56:38,2026-06-25 14:56:36,002522,浙江众成,8.0,6.383,7.47,8.1,7.42,7.52,1085138720.36,7.52,6.92
2026-06-25T14:56:38,2026-06-25 14:56:36,002374,中锐股份,3.51,-1.1268,3.52,3.58,3.42,3.55,171649479.0,3.55,3.24
2026-06-25T14:56:38,2026-06-25 14:56:36,002728,特一药业,8.55,-2.9512,8.73,8.92,8.34,8.81,260748054.12,8.81,8.02
2026-06-25T14:56:38,2026-06-25 14:56:37,603669,灵康药业,5.62,-2.0906,5.43,6.02,5.43,5.74,379456400.0,5.74,5.05
2026-06-25T14:56:38,2026-06-25 14:56:35,600881,亚泰集团,1.59,-1.2422,1.6,1.63,1.53,1.61,130723543.0,1.61,1.51
2026-06-25T14:56:38,2026-06-25 14:56:37,600183,生益科技,187.1,5.5274,179.9,188.0,175.18,177.3,12801662852.0,189.0,173.88
2026-06-25T14:56:38,2026-06-25 14:56:36,600769,祥龙电业,21.5,7.0717,20.21,22.09,19.85,20.08,973178048.0,21.99,20.231
2026-06-25T14:57:40,2026-06-25 14:57:37,600488,津药药业,4.69,-5.8233,4.84,4.88,4.5,4.98,511167105.0,4.98,4.57
2026-06-25T14:57:40,2026-06-25 14:57:36,002522,浙江众成,8.01,6.516,7.47,8.1,7.42,7.52,1090161100.36,7.52,6.92
2026-06-25T14:57:40,2026-06-25 14:57:36,002374,中锐股份,3.51,-1.1268,3.52,3.58,3.42,3.55,172150817.0,3.55,3.24
2026-06-25T14:57:40,2026-06-25 14:57:36,002728,特一药业,8.55,-2.9512,8.73,8.92,8.34,8.81,261622658.12,8.81,8.02
2026-06-25T14:57:40,2026-06-25 14:57:37,603669,灵康药业,5.61,-2.2648,5.43,6.02,5.43,5.74,380144209.0,5.74,5.05
2026-06-25T14:57:40,2026-06-25 14:57:37,600881,亚泰集团,1.6,-0.6211,1.6,1.63,1.53,1.61,131159535.0,1.61,1.51
2026-06-25T14:57:40,2026-06-25 14:57:37,600183,生益科技,187.2,5.5838,179.9,188.0,175.18,177.3,12830128819.0,189.0,173.88
2026-06-25T14:57:40,2026-06-25 14:57:36,600769,祥龙电业,21.51,7.1215,20.21,22.09,19.85,20.08,973769288.0,21.99,20.231
2026-06-25T14:58:41,2026-06-25 14:58:41,600488,津药药业,4.69,-5.8233,4.84,4.88,4.5,4.98,511167105.0,4.98,4.57
2026-06-25T14:58:41,2026-06-25 14:58:39,002522,浙江众成,8.01,6.516,7.47,8.1,7.42,7.52,1090161100.36,7.52,6.92
2026-06-25T14:58:41,2026-06-25 14:58:39,002374,中锐股份,3.51,-1.1268,3.52,3.58,3.42,3.55,172150817.0,3.55,3.24
2026-06-25T14:58:41,2026-06-25 14:58:39,002728,特一药业,8.55,-2.9512,8.73,8.92,8.34,8.81,261622658.12,8.81,8.02
2026-06-25T14:58:41,2026-06-25 14:58:40,603669,灵康药业,5.61,-2.2648,5.43,6.02,5.43,5.74,380144209.0,5.74,5.05
2026-06-25T14:58:41,2026-06-25 14:58:41,600881,亚泰集团,1.6,-0.6211,1.6,1.63,1.53,1.61,131159535.0,1.61,1.51
2026-06-25T14:58:41,2026-06-25 14:58:40,600183,生益科技,187.2,5.5838,179.9,188.0,175.18,177.3,12830128819.0,189.0,173.88
2026-06-25T14:58:41,2026-06-25 14:58:39,600769,祥龙电业,21.51,7.1215,20.21,22.09,19.85,20.08,973769288.0,21.99,20.231
2026-06-25T14:59:43,2026-06-25 14:59:41,600488,津药药业,4.69,-5.8233,4.84,4.88,4.5,4.98,511167105.0,4.98,4.57
2026-06-25T14:59:43,2026-06-25 14:59:42,002522,浙江众成,8.01,6.516,7.47,8.1,7.42,7.52,1090161100.36,7.52,6.92
2026-06-25T14:59:43,2026-06-25 14:59:42,002374,中锐股份,3.51,-1.1268,3.52,3.58,3.42,3.55,172150817.0,3.55,3.24
2026-06-25T14:59:43,2026-06-25 14:59:42,002728,特一药业,8.55,-2.9512,8.73,8.92,8.34,8.81,261622658.12,8.81,8.02
2026-06-25T14:59:43,2026-06-25 14:59:43,603669,灵康药业,5.61,-2.2648,5.43,6.02,5.43,5.74,380144209.0,5.74,5.05
2026-06-25T14:59:43,2026-06-25 14:59:41,600881,亚泰集团,1.6,-0.6211,1.6,1.63,1.53,1.61,131159535.0,1.61,1.51
2026-06-25T14:59:43,2026-06-25 14:59:40,600183,生益科技,187.2,5.5838,179.9,188.0,175.18,177.3,12830128819.0,189.0,173.88
2026-06-25T14:59:43,2026-06-25 14:59:42,600769,祥龙电业,21.51,7.1215,20.21,22.09,19.85,20.08,973769288.0,21.99,20.231
