local_time,quote_time,code,name,price,pct,open,high,low,prev_close,amount,trigger_price,invalid_price
2026-06-18T09:25:58,2026-06-18 09:25:32,603861,白云电器,15.9,0.0629,15.9,15.9,15.9,15.89,2068590.0,15.89,14.98
2026-06-18T09:25:58,2026-06-18 09:25:00,000048,京基智农,19.05,-0.4182,19.05,19.05,19.05,19.13,2303145.0,19.13,17.37
2026-06-18T09:25:58,2026-06-18 09:25:49,605588,冠石科技,62.42,-0.9992,62.42,62.42,62.42,63.05,1641646.0,63.05,56.5
2026-06-18T09:25:58,2026-06-18 09:25:00,001266,宏英智能,51.67,1.6726,51.67,51.67,51.67,50.82,3523894.0,50.82,45.6
2026-06-18T09:25:58,2026-06-18 09:25:00,000791,甘肃能源,9.0,-2.3861,9.0,9.0,9.0,9.22,19483200.0,9.22,8.83
2026-06-18T09:25:58,2026-06-18 09:25:00,002346,柘中股份,18.75,2.2913,18.75,18.75,18.75,18.33,2161875.0,18.33,16.48
2026-06-18T09:25:58,2026-06-18 09:25:00,002240,盛新锂能,47.0,-2.6915,47.0,47.0,47.0,48.3,31647638.0,49.75,45.77
2026-06-18T09:25:58,2026-06-18 09:25:00,002364,中恒电气,51.7,-0.5578,51.7,51.7,51.7,51.99,11203390.0,53.41,49.137
2026-06-18T09:25:58,2026-06-18 09:25:00,002745,木林森,11.49,0.5249,11.49,11.49,11.49,11.43,14561277.0,10.87,10.0
2026-06-18T09:25:58,2026-06-18 09:25:53,600183,生益科技,178.5,-0.9159,178.5,178.5,178.5,180.15,245380559.0,183.755,169.055
2026-06-18T09:26:59,2026-06-18 09:26:32,603861,白云电器,15.9,0.0629,15.9,15.9,15.9,15.89,2068590.0,15.89,14.98
2026-06-18T09:26:59,2026-06-18 09:25:00,000048,京基智农,19.05,-0.4182,19.05,19.05,19.05,19.13,2303145.0,19.13,17.37
2026-06-18T09:26:59,2026-06-18 09:26:49,605588,冠石科技,62.42,-0.9992,62.42,62.42,62.42,63.05,1641646.0,63.05,56.5
2026-06-18T09:26:59,2026-06-18 09:25:00,001266,宏英智能,51.67,1.6726,51.67,51.67,51.67,50.82,3523894.0,50.82,45.6
2026-06-18T09:26:59,2026-06-18 09:25:00,000791,甘肃能源,9.0,-2.3861,9.0,9.0,9.0,9.22,19483200.0,9.22,8.83
2026-06-18T09:26:59,2026-06-18 09:25:00,002346,柘中股份,18.75,2.2913,18.75,18.75,18.75,18.33,2161875.0,18.33,16.48
2026-06-18T09:26:59,2026-06-18 09:25:00,002240,盛新锂能,47.0,-2.6915,47.0,47.0,47.0,48.3,31647638.0,49.75,45.77
2026-06-18T09:26:59,2026-06-18 09:25:00,002364,中恒电气,51.7,-0.5578,51.7,51.7,51.7,51.99,11203390.0,53.41,49.137
2026-06-18T09:26:59,2026-06-18 09:25:00,002745,木林森,11.49,0.5249,11.49,11.49,11.49,11.43,14561277.0,10.87,10.0
2026-06-18T09:26:59,2026-06-18 09:26:53,600183,生益科技,178.5,-0.9159,178.5,178.5,178.5,180.15,245380559.0,183.755,169.055
2026-06-18T09:28:00,2026-06-18 09:27:32,603861,白云电器,15.9,0.0629,15.9,15.9,15.9,15.89,2068590.0,15.89,14.98
2026-06-18T09:28:00,2026-06-18 09:25:00,000048,京基智农,19.05,-0.4182,19.05,19.05,19.05,19.13,2303145.0,19.13,17.37
2026-06-18T09:28:00,2026-06-18 09:27:49,605588,冠石科技,62.42,-0.9992,62.42,62.42,62.42,63.05,1641646.0,63.05,56.5
2026-06-18T09:28:00,2026-06-18 09:25:00,001266,宏英智能,51.67,1.6726,51.67,51.67,51.67,50.82,3523894.0,50.82,45.6
2026-06-18T09:28:00,2026-06-18 09:25:00,000791,甘肃能源,9.0,-2.3861,9.0,9.0,9.0,9.22,19483200.0,9.22,8.83
2026-06-18T09:28:00,2026-06-18 09:25:00,002346,柘中股份,18.75,2.2913,18.75,18.75,18.75,18.33,2161875.0,18.33,16.48
2026-06-18T09:28:00,2026-06-18 09:25:00,002240,盛新锂能,47.0,-2.6915,47.0,47.0,47.0,48.3,31647638.0,49.75,45.77
2026-06-18T09:28:00,2026-06-18 09:25:00,002364,中恒电气,51.7,-0.5578,51.7,51.7,51.7,51.99,11203390.0,53.41,49.137
2026-06-18T09:28:00,2026-06-18 09:25:00,002745,木林森,11.49,0.5249,11.49,11.49,11.49,11.43,14561277.0,10.87,10.0
2026-06-18T09:28:00,2026-06-18 09:27:53,600183,生益科技,178.5,-0.9159,178.5,178.5,178.5,180.15,245380559.0,183.755,169.055
2026-06-18T09:29:00,2026-06-18 09:28:32,603861,白云电器,15.9,0.0629,15.9,15.9,15.9,15.89,2068590.0,15.89,14.98
2026-06-18T09:29:00,2026-06-18 09:25:00,000048,京基智农,19.05,-0.4182,19.05,19.05,19.05,19.13,2303145.0,19.13,17.37
2026-06-18T09:29:00,2026-06-18 09:28:49,605588,冠石科技,62.42,-0.9992,62.42,62.42,62.42,63.05,1641646.0,63.05,56.5
2026-06-18T09:29:00,2026-06-18 09:25:00,001266,宏英智能,51.67,1.6726,51.67,51.67,51.67,50.82,3523894.0,50.82,45.6
2026-06-18T09:29:00,2026-06-18 09:25:00,000791,甘肃能源,9.0,-2.3861,9.0,9.0,9.0,9.22,19483200.0,9.22,8.83
2026-06-18T09:29:00,2026-06-18 09:25:00,002346,柘中股份,18.75,2.2913,18.75,18.75,18.75,18.33,2161875.0,18.33,16.48
2026-06-18T09:29:00,2026-06-18 09:25:00,002240,盛新锂能,47.0,-2.6915,47.0,47.0,47.0,48.3,31647638.0,49.75,45.77
2026-06-18T09:29:00,2026-06-18 09:25:00,002364,中恒电气,51.7,-0.5578,51.7,51.7,51.7,51.99,11203390.0,53.41,49.137
2026-06-18T09:29:00,2026-06-18 09:25:00,002745,木林森,11.49,0.5249,11.49,11.49,11.49,11.43,14561277.0,10.87,10.0
2026-06-18T09:29:00,2026-06-18 09:28:53,600183,生益科技,178.5,-0.9159,178.5,178.5,178.5,180.15,245380559.0,183.755,169.055
2026-06-18T09:30:00,2026-06-18 09:29:32,603861,白云电器,15.9,0.0629,15.9,15.9,15.9,15.89,2068590.0,15.89,14.98
2026-06-18T09:30:00,2026-06-18 09:30:00,000048,京基智农,19.04,-0.4705,19.05,19.13,19.04,19.13,2800492.0,19.13,17.37
2026-06-18T09:30:00,2026-06-18 09:29:49,605588,冠石科技,62.42,-0.9992,62.42,62.42,62.42,63.05,1641646.0,63.05,56.5
2026-06-18T09:30:00,2026-06-18 09:30:00,001266,宏英智能,51.68,1.6922,51.67,51.77,51.33,50.82,4669916.0,50.82,45.6
2026-06-18T09:30:00,2026-06-18 09:30:00,000791,甘肃能源,9.0,-2.3861,9.0,9.04,8.93,9.22,45161384.6,9.22,8.83
2026-06-18T09:30:00,2026-06-18 09:25:00,002346,柘中股份,18.75,2.2913,18.75,18.75,18.75,18.33,2161875.0,18.33,16.48
2026-06-18T09:30:00,2026-06-18 09:25:00,002240,盛新锂能,47.0,-2.6915,47.0,47.0,47.0,48.3,31647638.0,49.75,45.77
2026-06-18T09:30:00,2026-06-18 09:25:00,002364,中恒电气,51.7,-0.5578,51.7,51.7,51.7,51.99,11203390.0,53.41,49.137
2026-06-18T09:30:00,2026-06-18 09:25:00,002745,木林森,11.49,0.5249,11.49,11.49,11.49,11.43,14561277.0,10.87,10.0
2026-06-18T09:30:00,2026-06-18 09:29:53,600183,生益科技,178.5,-0.9159,178.5,178.5,178.5,180.15,245380559.0,183.755,169.055
2026-06-18T09:31:01,2026-06-18 09:30:58,603861,白云电器,15.76,-0.8181,15.9,15.9,15.73,15.89,5167951.0,15.89,14.98
2026-06-18T09:31:01,2026-06-18 09:31:00,000048,京基智农,19.12,-0.0523,19.05,19.49,18.97,19.13,24286791.0,19.13,17.37
2026-06-18T09:31:01,2026-06-18 09:30:57,605588,冠石科技,63.1,0.0793,62.42,63.1,62.36,63.05,7785435.0,63.05,56.5
2026-06-18T09:31:01,2026-06-18 09:31:00,001266,宏英智能,51.64,1.6135,51.67,51.77,51.07,50.82,19809445.0,50.82,45.6
2026-06-18T09:31:01,2026-06-18 09:31:00,000791,甘肃能源,8.89,-3.5792,9.0,9.04,8.88,9.22,84739064.38,9.22,8.83
2026-06-18T09:31:01,2026-06-18 09:31:00,002346,柘中股份,18.54,1.1457,18.75,18.95,18.48,18.33,9898875.0,18.33,16.48
2026-06-18T09:31:01,2026-06-18 09:31:00,002240,盛新锂能,46.68,-3.354,47.0,47.21,46.56,48.3,167468845.05,49.75,45.77
2026-06-18T09:31:01,2026-06-18 09:31:00,002364,中恒电气,51.97,-0.0385,51.7,52.35,51.53,51.99,48258185.0,53.41,49.137
2026-06-18T09:31:01,2026-06-18 09:30:57,002745,木林森,11.71,2.4497,11.49,11.83,11.44,11.43,103086822.0,10.87,10.0
2026-06-18T09:31:01,2026-06-18 09:30:58,600183,生益科技,181.6,0.8049,178.5,182.15,178.5,180.15,662818982.0,183.755,169.055
2026-06-18T09:32:01,2026-06-18 09:31:58,603861,白云电器,15.71,-1.1328,15.9,15.9,15.71,15.89,12297183.0,15.89,14.98
2026-06-18T09:32:01,2026-06-18 09:32:00,000048,京基智农,19.04,-0.4705,19.05,19.49,18.93,19.13,33302266.53,19.13,17.37
2026-06-18T09:32:01,2026-06-18 09:31:57,605588,冠石科技,64.31,1.9984,62.42,64.79,62.36,63.05,18476287.0,63.05,56.5
2026-06-18T09:32:01,2026-06-18 09:32:00,001266,宏英智能,51.69,1.7119,51.67,52.14,51.07,50.82,26287402.01,50.82,45.6
2026-06-18T09:32:01,2026-06-18 09:32:00,000791,甘肃能源,9.08,-1.5184,9.0,9.09,8.88,9.22,99965137.38,9.22,8.83
2026-06-18T09:32:01,2026-06-18 09:32:00,002346,柘中股份,18.69,1.964,18.75,18.95,18.4,18.33,13110487.0,18.33,16.48
2026-06-18T09:32:01,2026-06-18 09:32:00,002240,盛新锂能,47.56,-1.5321,47.0,47.6,46.56,48.3,227326441.12,49.75,45.77
2026-06-18T09:32:01,2026-06-18 09:32:00,002364,中恒电气,51.92,-0.1346,51.7,52.35,51.53,51.99,72803552.0,53.41,49.137
2026-06-18T09:32:01,2026-06-18 09:31:57,002745,木林森,11.43,0.0,11.49,11.83,11.41,11.43,155415414.0,10.87,10.0
2026-06-18T09:32:01,2026-06-18 09:31:58,600183,生益科技,178.88,-0.705,178.5,182.15,178.5,180.15,990944405.0,183.755,169.055
2026-06-18T09:33:01,2026-06-18 09:33:01,603861,白云电器,15.71,-1.1328,15.9,15.9,15.7,15.89,16053451.0,15.89,14.98
2026-06-18T09:33:01,2026-06-18 09:33:00,000048,京基智农,18.93,-1.0455,19.05,19.49,18.9,19.13,41767845.53,19.13,17.37
2026-06-18T09:33:01,2026-06-18 09:33:00,605588,冠石科技,63.2,0.2379,62.42,64.79,62.36,63.05,31999171.0,63.05,56.5
2026-06-18T09:33:01,2026-06-18 09:33:00,001266,宏英智能,51.8,1.9284,51.67,52.14,51.07,50.82,29765128.01,50.82,45.6
2026-06-18T09:33:01,2026-06-18 09:33:00,000791,甘肃能源,9.04,-1.9523,9.0,9.11,8.88,9.22,113123612.38,9.22,8.83
2026-06-18T09:33:01,2026-06-18 09:32:57,002346,柘中股份,18.63,1.6367,18.75,18.95,18.4,18.33,15547764.0,18.33,16.48
2026-06-18T09:33:01,2026-06-18 09:33:00,002240,盛新锂能,47.34,-1.9876,47.0,47.6,46.56,48.3,258004065.73,49.75,45.77
2026-06-18T09:33:01,2026-06-18 09:32:57,002364,中恒电气,52.3,0.5963,51.7,52.35,51.53,51.99,92823365.0,53.41,49.137
2026-06-18T09:33:01,2026-06-18 09:32:57,002745,木林森,11.31,-1.0499,11.49,11.83,11.28,11.43,194099022.0,10.87,10.0
2026-06-18T09:33:01,2026-06-18 09:32:58,600183,生益科技,177.56,-1.4377,178.5,182.15,177.5,180.15,1300996387.0,183.755,169.055
2026-06-18T09:34:02,2026-06-18 09:33:58,603861,白云电器,15.81,-0.5035,15.9,15.9,15.7,15.89,18047089.0,15.89,14.98
2026-06-18T09:34:02,2026-06-18 09:34:00,000048,京基智农,18.84,-1.5159,19.05,19.49,18.6,19.13,53756544.93,19.13,17.37
2026-06-18T09:34:02,2026-06-18 09:34:00,605588,冠石科技,62.92,-0.2062,62.42,64.79,62.36,63.05,37844512.0,63.05,56.5
2026-06-18T09:34:02,2026-06-18 09:34:00,001266,宏英智能,51.27,0.8855,51.67,52.14,51.07,50.82,34679859.01,50.82,45.6
2026-06-18T09:34:02,2026-06-18 09:34:00,000791,甘肃能源,9.02,-2.1692,9.0,9.11,8.88,9.22,124334379.38,9.22,8.83
2026-06-18T09:34:02,2026-06-18 09:34:00,002346,柘中股份,18.78,2.455,18.75,18.95,18.4,18.33,21030304.0,18.33,16.48
2026-06-18T09:34:02,2026-06-18 09:34:00,002240,盛新锂能,47.47,-1.7184,47.0,47.6,46.56,48.3,287196814.73,49.75,45.77
2026-06-18T09:34:02,2026-06-18 09:34:00,002364,中恒电气,52.21,0.4232,51.7,52.39,51.53,51.99,105159057.0,53.41,49.137
2026-06-18T09:34:02,2026-06-18 09:34:00,002745,木林森,11.34,-0.7874,11.49,11.83,11.28,11.43,219548163.0,10.87,10.0
2026-06-18T09:34:02,2026-06-18 09:33:58,600183,生益科技,177.0,-1.7485,178.5,182.15,176.73,180.15,1720263298.0,183.755,169.055
2026-06-18T09:35:02,2026-06-18 09:35:01,603861,白云电器,15.73,-1.0069,15.9,15.9,15.7,15.89,20631739.0,15.89,14.98
2026-06-18T09:35:02,2026-06-18 09:35:00,000048,京基智农,18.81,-1.6728,19.05,19.49,18.6,19.13,65740290.93,19.13,17.37
2026-06-18T09:35:02,2026-06-18 09:35:00,605588,冠石科技,63.05,0.0,62.42,64.79,62.36,63.05,41689710.0,63.05,56.5
2026-06-18T09:35:02,2026-06-18 09:35:00,001266,宏英智能,51.25,0.8461,51.67,52.14,51.01,50.82,38662395.01,50.82,45.6
2026-06-18T09:35:02,2026-06-18 09:35:00,000791,甘肃能源,9.0,-2.3861,9.0,9.11,8.88,9.22,129125108.38,9.22,8.83
2026-06-18T09:35:02,2026-06-18 09:35:00,002346,柘中股份,18.94,3.3279,18.75,19.0,18.4,18.33,26344713.0,18.33,16.48
2026-06-18T09:35:02,2026-06-18 09:35:00,002240,盛新锂能,47.55,-1.5528,47.0,47.6,46.56,48.3,308715490.73,49.75,45.77
2026-06-18T09:35:02,2026-06-18 09:35:00,002364,中恒电气,51.69,-0.577,51.7,52.39,51.53,51.99,119737865.0,53.41,49.137
2026-06-18T09:35:02,2026-06-18 09:35:00,002745,木林森,11.27,-1.3998,11.49,11.83,11.23,11.43,252712504.0,10.87,10.0
2026-06-18T09:35:02,2026-06-18 09:35:01,600183,生益科技,178.3,-1.0269,178.5,182.15,176.73,180.15,2008280007.0,183.755,169.055
2026-06-18T09:36:03,2026-06-18 09:36:01,603861,白云电器,15.68,-1.3216,15.9,15.9,15.6,15.89,27203957.0,15.89,14.98
2026-06-18T09:36:03,2026-06-18 09:36:00,000048,京基智农,18.71,-2.1955,19.05,19.49,18.6,19.13,69163919.93,19.13,17.37
2026-06-18T09:36:03,2026-06-18 09:36:00,605588,冠石科技,63.14,0.1427,62.42,64.79,62.36,63.05,44860313.0,63.05,56.5
2026-06-18T09:36:03,2026-06-18 09:36:00,001266,宏英智能,51.15,0.6494,51.67,52.14,51.0,50.82,41250699.01,50.82,45.6
2026-06-18T09:36:03,2026-06-18 09:36:00,000791,甘肃能源,9.03,-2.0607,9.0,9.11,8.88,9.22,136973104.38,9.22,8.83
2026-06-18T09:36:03,2026-06-18 09:36:00,002346,柘中股份,18.76,2.3459,18.75,19.0,18.4,18.33,28940782.0,18.33,16.48
2026-06-18T09:36:03,2026-06-18 09:36:00,002240,盛新锂能,47.92,-0.7867,47.0,47.96,46.56,48.3,353573703.73,49.75,45.77
2026-06-18T09:36:03,2026-06-18 09:36:00,002364,中恒电气,51.71,-0.5386,51.7,52.39,51.5,51.99,142452759.0,53.41,49.137
2026-06-18T09:36:03,2026-06-18 09:36:00,002745,木林森,11.48,0.4374,11.49,11.83,11.23,11.43,271907321.65,10.87,10.0
2026-06-18T09:36:03,2026-06-18 09:36:01,600183,生益科技,177.9,-1.249,178.5,182.15,176.73,180.15,2242269440.0,183.755,169.055
2026-06-18T09:37:03,2026-06-18 09:37:01,603861,白云电器,15.73,-1.0069,15.9,15.9,15.6,15.89,29560221.0,15.89,14.98
2026-06-18T09:37:03,2026-06-18 09:37:03,000048,京基智农,18.73,-2.091,19.05,19.49,18.6,19.13,74643266.93,19.13,17.37
2026-06-18T09:37:03,2026-06-18 09:37:00,605588,冠石科技,63.34,0.46,62.42,64.79,62.36,63.05,48036027.0,63.05,56.5
2026-06-18T09:37:03,2026-06-18 09:37:03,001266,宏英智能,51.34,1.0232,51.67,52.14,51.0,50.82,45478493.01,50.82,45.6
2026-06-18T09:37:03,2026-06-18 09:37:03,000791,甘肃能源,8.98,-2.603,9.0,9.11,8.88,9.22,147856906.38,9.22,8.83
2026-06-18T09:37:03,2026-06-18 09:37:03,002346,柘中股份,18.74,2.2368,18.75,19.0,18.4,18.33,31501623.0,18.33,16.48
2026-06-18T09:37:03,2026-06-18 09:37:03,002240,盛新锂能,48.41,0.2277,47.0,48.46,46.56,48.3,390097469.73,49.75,45.77
2026-06-18T09:37:03,2026-06-18 09:37:03,002364,中恒电气,52.03,0.0769,51.7,52.39,51.5,51.99,154623380.0,53.41,49.137
2026-06-18T09:37:03,2026-06-18 09:37:03,002745,木林森,11.45,0.175,11.49,11.83,11.23,11.43,299740581.65,10.87,10.0
2026-06-18T09:37:03,2026-06-18 09:37:01,600183,生益科技,178.55,-0.8881,178.5,182.15,176.73,180.15,2478828754.0,183.755,169.055
2026-06-18T09:38:04,2026-06-18 09:38:01,603861,白云电器,15.58,-1.9509,15.9,15.9,15.58,15.89,33098130.0,15.89,14.98
2026-06-18T09:38:04,2026-06-18 09:38:03,000048,京基智农,18.78,-1.8296,19.05,19.49,18.6,19.13,79605035.93,19.13,17.37
2026-06-18T09:38:04,2026-06-18 09:38:00,605588,冠石科技,62.88,-0.2696,62.42,64.79,62.36,63.05,52366421.0,63.05,56.5
2026-06-18T09:38:04,2026-06-18 09:38:03,001266,宏英智能,51.15,0.6494,51.67,52.14,51.0,50.82,46838007.01,50.82,45.6
2026-06-18T09:38:04,2026-06-18 09:38:03,000791,甘肃能源,8.94,-3.0369,9.0,9.11,8.88,9.22,161739071.38,9.22,8.83
2026-06-18T09:38:04,2026-06-18 09:38:03,002346,柘中股份,18.72,2.1277,18.75,19.0,18.4,18.33,34922890.0,18.33,16.48
2026-06-18T09:38:04,2026-06-18 09:38:03,002240,盛新锂能,48.1,-0.4141,47.0,48.47,46.56,48.3,410633038.03,49.75,45.77
2026-06-18T09:38:04,2026-06-18 09:38:03,002364,中恒电气,52.08,0.1731,51.7,52.39,51.5,51.99,166019408.0,53.41,49.137
2026-06-18T09:38:04,2026-06-18 09:38:03,002745,木林森,11.42,-0.0875,11.49,11.83,11.23,11.43,311865305.65,10.87,10.0
2026-06-18T09:38:04,2026-06-18 09:38:01,600183,生益科技,179.74,-0.2276,178.5,182.15,176.73,180.15,2726925899.0,183.755,169.055
2026-06-18T09:39:04,2026-06-18 09:39:01,603861,白云电器,15.63,-1.6362,15.9,15.9,15.55,15.89,37062416.0,15.89,14.98
2026-06-18T09:39:04,2026-06-18 09:39:03,000048,京基智农,18.71,-2.1955,19.05,19.49,18.6,19.13,86116225.93,19.13,17.37
2026-06-18T09:39:04,2026-06-18 09:39:00,605588,冠石科技,62.91,-0.222,62.42,64.79,62.36,63.05,55622997.0,63.05,56.5
2026-06-18T09:39:04,2026-06-18 09:39:03,001266,宏英智能,51.21,0.7674,51.67,52.14,51.0,50.82,49023875.01,50.82,45.6
2026-06-18T09:39:04,2026-06-18 09:39:03,000791,甘肃能源,8.93,-3.1453,9.0,9.11,8.88,9.22,172746863.38,9.22,8.83
2026-06-18T09:39:04,2026-06-18 09:39:03,002346,柘中股份,18.82,2.6732,18.75,19.0,18.4,18.33,37109532.0,18.33,16.48
2026-06-18T09:39:04,2026-06-18 09:39:03,002240,盛新锂能,48.12,-0.3727,47.0,48.47,46.56,48.3,426503550.03,49.75,45.77
2026-06-18T09:39:04,2026-06-18 09:39:03,002364,中恒电气,52.06,0.1346,51.7,52.39,51.5,51.99,178443204.0,53.41,49.137
2026-06-18T09:39:04,2026-06-18 09:39:03,002745,木林森,11.44,0.0875,11.49,11.83,11.23,11.43,323748627.65,10.87,10.0
2026-06-18T09:39:04,2026-06-18 09:39:01,600183,生益科技,178.68,-0.816,178.5,182.15,176.73,180.15,2868112326.0,183.755,169.055
2026-06-18T09:40:04,2026-06-18 09:40:01,603861,白云电器,15.73,-1.0069,15.9,15.9,15.55,15.89,39268501.0,15.89,14.98
2026-06-18T09:40:04,2026-06-18 09:40:03,000048,京基智农,18.75,-1.9864,19.05,19.49,18.6,19.13,89096343.93,19.13,17.37
2026-06-18T09:40:04,2026-06-18 09:40:00,605588,冠石科技,63.14,0.1427,62.42,64.79,62.36,63.05,58387047.0,63.05,56.5
2026-06-18T09:40:04,2026-06-18 09:40:03,001266,宏英智能,51.25,0.8461,51.67,52.14,51.0,50.82,51047882.01,50.82,45.6
2026-06-18T09:40:04,2026-06-18 09:40:03,000791,甘肃能源,8.98,-2.603,9.0,9.11,8.88,9.22,180069347.38,9.22,8.83
2026-06-18T09:40:04,2026-06-18 09:40:03,002346,柘中股份,18.78,2.455,18.75,19.0,18.4,18.33,40100069.0,18.33,16.48
2026-06-18T09:40:04,2026-06-18 09:40:03,002240,盛新锂能,48.45,0.3106,47.0,48.47,46.56,48.3,455603451.24,49.75,45.77
2026-06-18T09:40:04,2026-06-18 09:40:03,002364,中恒电气,52.25,0.5001,51.7,52.39,51.5,51.99,191857972.0,53.41,49.137
2026-06-18T09:40:04,2026-06-18 09:40:03,002745,木林森,11.45,0.175,11.49,11.83,11.23,11.43,334027601.05,10.87,10.0
2026-06-18T09:40:04,2026-06-18 09:40:01,600183,生益科技,178.89,-0.6994,178.5,182.15,176.73,180.15,2975086682.0,183.755,169.055
2026-06-18T09:41:05,2026-06-18 09:41:04,603861,白云电器,15.66,-1.4475,15.9,15.9,15.55,15.89,40968130.0,15.89,14.98
2026-06-18T09:41:05,2026-06-18 09:41:03,000048,京基智农,18.82,-1.6205,19.05,19.49,18.6,19.13,95359811.93,19.13,17.37
2026-06-18T09:41:05,2026-06-18 09:41:03,605588,冠石科技,62.86,-0.3013,62.42,64.79,62.36,63.05,60218027.0,63.05,56.5
2026-06-18T09:41:05,2026-06-18 09:41:03,001266,宏英智能,51.08,0.5116,51.67,52.14,51.0,50.82,53413122.01,50.82,45.6
2026-06-18T09:41:05,2026-06-18 09:41:03,000791,甘肃能源,9.04,-1.9523,9.0,9.11,8.88,9.22,186159211.38,9.22,8.83
2026-06-18T09:41:05,2026-06-18 09:41:03,002346,柘中股份,18.71,2.0731,18.75,19.0,18.4,18.33,41506920.0,18.33,16.48
2026-06-18T09:41:05,2026-06-18 09:41:03,002240,盛新锂能,48.2,-0.207,47.0,48.55,46.56,48.3,479506083.24,49.75,45.77
2026-06-18T09:41:05,2026-06-18 09:41:03,002364,中恒电气,52.42,0.8271,51.7,52.44,51.5,51.99,204321620.0,53.41,49.137
2026-06-18T09:41:05,2026-06-18 09:41:03,002745,木林森,11.45,0.175,11.49,11.83,11.23,11.43,348499601.05,10.87,10.0
2026-06-18T09:41:05,2026-06-18 09:41:04,600183,生益科技,179.3,-0.4718,178.5,182.15,176.73,180.15,3079536151.0,183.755,169.055
2026-06-18T09:42:06,2026-06-18 09:42:04,603861,白云电器,15.7,-1.1957,15.9,15.9,15.55,15.89,42869214.0,15.89,14.98
2026-06-18T09:42:06,2026-06-18 09:42:03,000048,京基智农,18.79,-1.7773,19.05,19.49,18.6,19.13,99010738.93,19.13,17.37
2026-06-18T09:42:06,2026-06-18 09:42:03,605588,冠石科技,62.54,-0.8089,62.42,64.79,62.36,63.05,62829462.0,63.05,56.5
2026-06-18T09:42:06,2026-06-18 09:42:03,001266,宏英智能,50.94,0.2361,51.67,52.14,50.94,50.82,56524839.01,50.82,45.6
2026-06-18T09:42:06,2026-06-18 09:42:03,000791,甘肃能源,9.09,-1.41,9.0,9.11,8.88,9.22,197009514.38,9.22,8.83
2026-06-18T09:42:06,2026-06-18 09:42:03,002346,柘中股份,18.66,1.8003,18.75,19.0,18.4,18.33,42702522.0,18.33,16.48
2026-06-18T09:42:06,2026-06-18 09:42:03,002240,盛新锂能,48.38,0.1656,47.0,48.55,46.56,48.3,501989937.24,49.75,45.77
2026-06-18T09:42:06,2026-06-18 09:42:03,002364,中恒电气,52.4,0.7886,51.7,52.5,51.5,51.99,214802276.0,53.41,49.137
2026-06-18T09:42:06,2026-06-18 09:42:03,002745,木林森,11.44,0.0875,11.49,11.83,11.23,11.43,358611211.05,10.87,10.0
2026-06-18T09:42:06,2026-06-18 09:42:04,600183,生益科技,179.6,-0.3053,178.5,182.15,176.73,180.15,3165538546.0,183.755,169.055
2026-06-18T09:43:06,2026-06-18 09:43:04,603861,白云电器,15.69,-1.2587,15.9,15.9,15.55,15.89,44877696.0,15.89,14.98
2026-06-18T09:43:06,2026-06-18 09:43:03,000048,京基智农,18.75,-1.9864,19.05,19.49,18.6,19.13,101423164.93,19.13,17.37
2026-06-18T09:43:06,2026-06-18 09:43:03,605588,冠石科技,62.61,-0.6979,62.42,64.79,62.36,63.05,64782173.0,63.05,56.5
2026-06-18T09:43:06,2026-06-18 09:43:03,001266,宏英智能,51.07,0.4919,51.67,52.14,50.92,50.82,58732454.01,50.82,45.6
2026-06-18T09:43:06,2026-06-18 09:43:03,000791,甘肃能源,9.02,-2.1692,9.0,9.11,8.88,9.22,201310093.38,9.22,8.83
2026-06-18T09:43:06,2026-06-18 09:43:03,002346,柘中股份,18.61,1.5276,18.75,19.0,18.4,18.33,43704980.0,18.33,16.48
2026-06-18T09:43:06,2026-06-18 09:43:03,002240,盛新锂能,48.05,-0.5176,47.0,48.55,46.56,48.3,519744137.24,49.75,45.77
2026-06-18T09:43:06,2026-06-18 09:43:03,002364,中恒电气,52.68,1.3272,51.7,52.7,51.5,51.99,229158528.0,53.41,49.137
2026-06-18T09:43:06,2026-06-18 09:43:03,002745,木林森,11.46,0.2625,11.49,11.83,11.23,11.43,366778667.05,10.87,10.0
2026-06-18T09:43:06,2026-06-18 09:43:04,600183,生益科技,180.19,0.0222,178.5,182.15,176.73,180.15,3303135100.0,183.755,169.055
2026-06-18T09:44:06,2026-06-18 09:44:04,603861,白云电器,15.75,-0.8811,15.9,15.9,15.55,15.89,46799147.0,15.89,14.98
2026-06-18T09:44:06,2026-06-18 09:44:06,000048,京基智农,18.67,-2.4046,19.05,19.49,18.6,19.13,108761105.93,19.13,17.37
2026-06-18T09:44:06,2026-06-18 09:44:03,605588,冠石科技,62.63,-0.6661,62.42,64.79,62.36,63.05,69631319.0,63.05,56.5
2026-06-18T09:44:06,2026-06-18 09:44:06,001266,宏英智能,51.02,0.3935,51.67,52.14,50.92,50.82,60760821.01,50.82,45.6
2026-06-18T09:44:06,2026-06-18 09:44:06,000791,甘肃能源,9.06,-1.7354,9.0,9.11,8.88,9.22,205152513.38,9.22,8.83
2026-06-18T09:44:06,2026-06-18 09:44:06,002346,柘中股份,18.6,1.473,18.75,19.0,18.4,18.33,45073794.0,18.33,16.48
2026-06-18T09:44:06,2026-06-18 09:44:06,002240,盛新锂能,48.12,-0.3727,47.0,48.55,46.56,48.3,535863397.45,49.75,45.77
2026-06-18T09:44:06,2026-06-18 09:44:06,002364,中恒电气,52.65,1.2695,51.7,52.88,51.5,51.99,252908109.0,53.41,49.137
2026-06-18T09:44:06,2026-06-18 09:44:06,002745,木林森,11.42,-0.0875,11.49,11.83,11.23,11.43,376866035.05,10.87,10.0
2026-06-18T09:44:06,2026-06-18 09:44:04,600183,生益科技,179.02,-0.6273,178.5,182.15,176.73,180.15,3406127215.0,183.755,169.055
2026-06-18T09:45:07,2026-06-18 09:45:04,603861,白云电器,15.83,-0.3776,15.9,15.9,15.55,15.89,48630408.0,15.89,14.98
2026-06-18T09:45:07,2026-06-18 09:45:06,000048,京基智农,18.63,-2.6137,19.05,19.49,18.53,19.13,118071596.33,19.13,17.37
2026-06-18T09:45:07,2026-06-18 09:45:03,605588,冠石科技,63.0,-0.0793,62.42,64.79,62.36,63.05,72462908.0,63.05,56.5
2026-06-18T09:45:07,2026-06-18 09:45:06,001266,宏英智能,51.5,1.3381,51.67,52.14,50.92,50.82,64661804.01,50.82,45.6
2026-06-18T09:45:07,2026-06-18 09:45:06,000791,甘肃能源,9.13,-0.9761,9.0,9.15,8.88,9.22,209514704.28,9.22,8.83
2026-06-18T09:45:07,2026-06-18 09:45:06,002346,柘中股份,18.6,1.473,18.75,19.0,18.4,18.33,46645698.0,18.33,16.48
2026-06-18T09:45:07,2026-06-18 09:45:06,002240,盛新锂能,48.66,0.7453,47.0,48.66,46.56,48.3,568172912.45,49.75,45.77
2026-06-18T09:45:07,2026-06-18 09:45:06,002364,中恒电气,52.66,1.2887,51.7,52.88,51.5,51.99,280382793.0,53.41,49.137
2026-06-18T09:45:07,2026-06-18 09:45:06,002745,木林森,11.4,-0.2625,11.49,11.83,11.23,11.43,390150048.05,10.87,10.0
2026-06-18T09:45:07,2026-06-18 09:45:04,600183,生益科技,177.85,-1.2767,178.5,182.15,176.73,180.15,3534706796.0,183.755,169.055
2026-06-18T09:46:08,2026-06-18 09:46:04,603861,白云电器,15.84,-0.3147,15.9,15.9,15.55,15.89,51500585.0,15.89,14.98
2026-06-18T09:46:08,2026-06-18 09:46:06,000048,京基智农,18.56,-2.9796,19.05,19.49,18.53,19.13,122237253.33,19.13,17.37
2026-06-18T09:46:08,2026-06-18 09:46:06,605588,冠石科技,62.77,-0.4441,62.42,64.79,62.36,63.05,73933114.0,63.05,56.5
2026-06-18T09:46:08,2026-06-18 09:46:06,001266,宏英智能,51.71,1.7513,51.67,52.14,50.92,50.82,67960005.01,50.82,45.6
2026-06-18T09:46:08,2026-06-18 09:46:06,000791,甘肃能源,9.08,-1.5184,9.0,9.15,8.88,9.22,213946444.28,9.22,8.83
2026-06-18T09:46:08,2026-06-18 09:46:06,002346,柘中股份,18.52,1.0366,18.75,19.0,18.4,18.33,48494154.0,18.33,16.48
2026-06-18T09:46:08,2026-06-18 09:46:06,002240,盛新锂能,48.42,0.2484,47.0,48.68,46.56,48.3,585311475.93,49.75,45.77
2026-06-18T09:46:08,2026-06-18 09:46:06,002364,中恒电气,52.66,1.2887,51.7,52.88,51.5,51.99,297198459.0,53.41,49.137
2026-06-18T09:46:08,2026-06-18 09:46:06,002745,木林森,11.35,-0.6999,11.49,11.83,11.23,11.43,399304271.05,10.87,10.0
2026-06-18T09:46:08,2026-06-18 09:46:04,600183,生益科技,177.08,-1.7041,178.5,182.15,176.73,180.15,3762326164.0,183.755,169.055
2026-06-18T09:47:08,2026-06-18 09:47:07,603861,白云电器,15.87,-0.1259,15.9,15.9,15.55,15.89,54814268.0,15.89,14.98
2026-06-18T09:47:08,2026-06-18 09:47:06,000048,京基智农,18.51,-3.241,19.05,19.49,18.51,19.13,125423948.33,19.13,17.37
2026-06-18T09:47:08,2026-06-18 09:47:06,605588,冠石科技,62.6,-0.7137,62.42,64.79,62.36,63.05,74974334.0,63.05,56.5
2026-06-18T09:47:08,2026-06-18 09:47:06,001266,宏英智能,52.22,2.7548,51.67,52.29,50.92,50.82,73820364.01,50.82,45.6
2026-06-18T09:47:08,2026-06-18 09:47:06,000791,甘肃能源,9.09,-1.41,9.0,9.15,8.88,9.22,217184693.28,9.22,8.83
2026-06-18T09:47:08,2026-06-18 09:47:06,002346,柘中股份,18.41,0.4364,18.75,19.0,18.4,18.33,51392029.0,18.33,16.48
2026-06-18T09:47:08,2026-06-18 09:47:06,002240,盛新锂能,48.51,0.4348,47.0,48.68,46.56,48.3,603562464.13,49.75,45.77
2026-06-18T09:47:08,2026-06-18 09:47:06,002364,中恒电气,52.43,0.8463,51.7,52.88,51.5,51.99,311509071.0,53.41,49.137
2026-06-18T09:47:08,2026-06-18 09:47:06,002745,木林森,11.31,-1.0499,11.49,11.83,11.23,11.43,407191366.05,10.87,10.0
2026-06-18T09:47:08,2026-06-18 09:47:07,600183,生益科技,179.2,-0.5273,178.5,182.15,176.73,180.15,3899628843.0,183.755,169.055
2026-06-18T09:48:09,2026-06-18 09:48:07,603861,白云电器,15.86,-0.1888,15.9,15.9,15.55,15.89,56776171.0,15.89,14.98
2026-06-18T09:48:09,2026-06-18 09:48:06,000048,京基智农,18.51,-3.241,19.05,19.49,18.5,19.13,128822814.33,19.13,17.37
2026-06-18T09:48:09,2026-06-18 09:48:06,605588,冠石科技,62.6,-0.7137,62.42,64.79,62.36,63.05,75613041.0,63.05,56.5
2026-06-18T09:48:09,2026-06-18 09:48:06,001266,宏英智能,52.12,2.558,51.67,52.31,50.92,50.82,80224177.01,50.82,45.6
2026-06-18T09:48:09,2026-06-18 09:48:06,000791,甘肃能源,9.1,-1.3015,9.0,9.15,8.88,9.22,220789407.28,9.22,8.83
2026-06-18T09:48:09,2026-06-18 09:48:06,002346,柘中股份,18.43,0.5456,18.75,19.0,18.4,18.33,52320109.0,18.33,16.48
2026-06-18T09:48:09,2026-06-18 09:48:06,002240,盛新锂能,48.3,0.0,47.0,48.68,46.56,48.3,614433940.61,49.75,45.77
2026-06-18T09:48:09,2026-06-18 09:48:06,002364,中恒电气,52.51,1.0002,51.7,52.88,51.5,51.99,324894504.0,53.41,49.137
2026-06-18T09:48:09,2026-06-18 09:48:06,002745,木林森,11.34,-0.7874,11.49,11.83,11.23,11.43,421380447.05,10.87,10.0
2026-06-18T09:48:09,2026-06-18 09:48:07,600183,生益科技,180.49,0.1887,178.5,182.15,176.73,180.15,4009551039.0,183.755,169.055
2026-06-18T09:49:09,2026-06-18 09:49:07,603861,白云电器,15.94,0.3147,15.9,15.94,15.55,15.89,58773404.0,15.89,14.98
2026-06-18T09:49:09,2026-06-18 09:49:06,000048,京基智农,18.52,-3.1887,19.05,19.49,18.5,19.13,131419696.33,19.13,17.37
2026-06-18T09:49:09,2026-06-18 09:49:06,605588,冠石科技,62.55,-0.793,62.42,64.79,62.36,63.05,76338693.0,63.05,56.5
2026-06-18T09:49:09,2026-06-18 09:49:06,001266,宏英智能,52.08,2.4793,51.67,52.31,50.92,50.82,81119905.01,50.82,45.6
2026-06-18T09:49:09,2026-06-18 09:49:06,000791,甘肃能源,9.11,-1.1931,9.0,9.15,8.88,9.22,225576184.28,9.22,8.83
2026-06-18T09:49:09,2026-06-18 09:49:06,002346,柘中股份,18.5,0.9274,18.75,19.0,18.4,18.33,53441900.0,18.33,16.48
2026-06-18T09:49:09,2026-06-18 09:49:06,002240,盛新锂能,48.35,0.1035,47.0,48.68,46.56,48.3,624671066.61,49.75,45.77
2026-06-18T09:49:09,2026-06-18 09:49:06,002364,中恒电气,52.58,1.1348,51.7,52.88,51.5,51.99,334802784.0,53.41,49.137
2026-06-18T09:49:09,2026-06-18 09:49:06,002745,木林森,11.36,-0.6124,11.49,11.83,11.23,11.43,429841536.05,10.87,10.0
2026-06-18T09:49:09,2026-06-18 09:49:07,600183,生益科技,180.88,0.4052,178.5,182.15,176.73,180.15,4201523756.0,183.755,169.055
2026-06-18T09:50:09,2026-06-18 09:50:07,603861,白云电器,15.88,-0.0629,15.9,15.98,15.55,15.89,63692340.0,15.89,14.98
2026-06-18T09:50:09,2026-06-18 09:50:06,000048,京基智农,18.51,-3.241,19.05,19.49,18.47,19.13,136590372.33,19.13,17.37
2026-06-18T09:50:09,2026-06-18 09:50:06,605588,冠石科技,62.65,-0.6344,62.42,64.79,62.36,63.05,77503002.0,63.05,56.5
2026-06-18T09:50:09,2026-06-18 09:50:06,001266,宏英智能,52.16,2.6368,51.67,52.32,50.92,50.82,84832919.01,50.82,45.6
2026-06-18T09:50:09,2026-06-18 09:50:06,000791,甘肃能源,9.1,-1.3015,9.0,9.15,8.88,9.22,229776110.28,9.22,8.83
2026-06-18T09:50:09,2026-06-18 09:50:06,002346,柘中股份,18.41,0.4364,18.75,19.0,18.4,18.33,54288785.0,18.33,16.48
2026-06-18T09:50:09,2026-06-18 09:50:06,002240,盛新锂能,48.49,0.3934,47.0,48.68,46.56,48.3,640447014.85,49.75,45.77
2026-06-18T09:50:09,2026-06-18 09:50:06,002364,中恒电气,52.55,1.0771,51.7,52.88,51.5,51.99,346772451.0,53.41,49.137
2026-06-18T09:50:09,2026-06-18 09:50:06,002745,木林森,11.36,-0.6124,11.49,11.83,11.23,11.43,436967120.05,10.87,10.0
2026-06-18T09:50:09,2026-06-18 09:50:07,600183,生益科技,181.89,0.9659,178.5,182.15,176.73,180.15,4326378547.0,183.755,169.055
2026-06-18T09:51:10,2026-06-18 09:51:10,603861,白云电器,15.83,-0.3776,15.9,15.98,15.55,15.89,65321568.0,15.89,14.98
2026-06-18T09:51:10,2026-06-18 09:51:09,000048,京基智农,18.56,-2.9796,19.05,19.49,18.47,19.13,141421204.33,19.13,17.37
2026-06-18T09:51:10,2026-06-18 09:51:09,605588,冠石科技,62.5,-0.8723,62.42,64.79,62.36,63.05,78811057.0,63.05,56.5
2026-06-18T09:51:10,2026-06-18 09:51:09,001266,宏英智能,52.06,2.44,51.67,52.32,50.92,50.82,85942426.01,50.82,45.6
2026-06-18T09:51:10,2026-06-18 09:51:09,000791,甘肃能源,9.09,-1.41,9.0,9.15,8.88,9.22,234314010.28,9.22,8.83
2026-06-18T09:51:10,2026-06-18 09:51:09,002346,柘中股份,18.42,0.491,18.75,19.0,18.4,18.33,55347764.0,18.33,16.48
2026-06-18T09:51:10,2026-06-18 09:51:09,002240,盛新锂能,48.52,0.4555,47.0,48.68,46.56,48.3,663742331.85,49.75,45.77
2026-06-18T09:51:10,2026-06-18 09:51:09,002364,中恒电气,52.61,1.1925,51.7,52.88,51.5,51.99,353039246.0,53.41,49.137
2026-06-18T09:51:10,2026-06-18 09:51:09,002745,木林森,11.36,-0.6124,11.49,11.83,11.23,11.43,445695225.05,10.87,10.0
2026-06-18T09:51:10,2026-06-18 09:51:10,600183,生益科技,183.06,1.6153,178.5,183.08,176.73,180.15,4518662205.0,183.755,169.055
2026-06-18T09:52:11,2026-06-18 09:52:10,603861,白云电器,15.85,-0.2517,15.9,15.98,15.55,15.89,67012056.0,15.89,14.98
2026-06-18T09:52:11,2026-06-18 09:52:09,000048,京基智农,18.56,-2.9796,19.05,19.49,18.47,19.13,143065731.33,19.13,17.37
2026-06-18T09:52:11,2026-06-18 09:52:09,605588,冠石科技,62.79,-0.4124,62.42,64.79,62.36,63.05,80783326.0,63.05,56.5
2026-06-18T09:52:11,2026-06-18 09:52:06,001266,宏英智能,51.89,2.1055,51.67,52.32,50.92,50.82,87123144.01,50.82,45.6
2026-06-18T09:52:11,2026-06-18 09:52:09,000791,甘肃能源,9.06,-1.7354,9.0,9.15,8.88,9.22,238037490.28,9.22,8.83
2026-06-18T09:52:11,2026-06-18 09:52:09,002346,柘中股份,18.4,0.3819,18.75,19.0,18.38,18.33,56676068.0,18.33,16.48
2026-06-18T09:52:11,2026-06-18 09:52:09,002240,盛新锂能,48.35,0.1035,47.0,48.68,46.56,48.3,677633821.85,49.75,45.77
2026-06-18T09:52:11,2026-06-18 09:52:09,002364,中恒电气,52.63,1.231,51.7,52.88,51.5,51.99,361983555.0,53.41,49.137
2026-06-18T09:52:11,2026-06-18 09:52:09,002745,木林森,11.35,-0.6999,11.49,11.83,11.23,11.43,452822677.05,10.87,10.0
2026-06-18T09:52:11,2026-06-18 09:52:07,600183,生益科技,183.8,2.0261,178.5,183.8,176.73,180.15,4711836369.0,183.755,169.055
2026-06-18T09:53:11,2026-06-18 09:53:10,603861,白云电器,15.87,-0.1259,15.9,15.98,15.55,15.89,68017707.0,15.89,14.98
2026-06-18T09:53:11,2026-06-18 09:53:09,000048,京基智农,18.61,-2.7182,19.05,19.49,18.47,19.13,146131331.33,19.13,17.37
2026-06-18T09:53:11,2026-06-18 09:53:09,605588,冠石科技,62.59,-0.7296,62.42,64.79,62.36,63.05,81917221.0,63.05,56.5
2026-06-18T09:53:11,2026-06-18 09:53:09,001266,宏英智能,51.9,2.1251,51.67,52.32,50.92,50.82,88446291.01,50.82,45.6
2026-06-18T09:53:11,2026-06-18 09:53:09,000791,甘肃能源,9.06,-1.7354,9.0,9.15,8.88,9.22,242111918.28,9.22,8.83
2026-06-18T09:53:11,2026-06-18 09:53:09,002346,柘中股份,18.41,0.4364,18.75,19.0,18.38,18.33,57148698.0,18.33,16.48
2026-06-18T09:53:11,2026-06-18 09:53:09,002240,盛新锂能,48.54,0.4969,47.0,48.68,46.56,48.3,693414632.85,49.75,45.77
2026-06-18T09:53:11,2026-06-18 09:53:09,002364,中恒电气,52.68,1.3272,51.7,52.88,51.5,51.99,381555946.0,53.41,49.137
2026-06-18T09:53:11,2026-06-18 09:53:09,002745,木林森,11.32,-0.9624,11.49,11.83,11.23,11.43,460942172.05,10.87,10.0
2026-06-18T09:53:11,2026-06-18 09:53:10,600183,生益科技,183.37,1.7874,178.5,184.09,176.73,180.15,4925286094.0,183.755,169.055
2026-06-18T09:54:12,2026-06-18 09:54:10,603861,白云电器,15.8,-0.5664,15.9,15.98,15.55,15.89,69761492.0,15.89,14.98
2026-06-18T09:54:12,2026-06-18 09:54:09,000048,京基智农,18.65,-2.5091,19.05,19.49,18.47,19.13,147506842.33,19.13,17.37
2026-06-18T09:54:12,2026-06-18 09:54:09,605588,冠石科技,62.61,-0.6979,62.42,64.79,62.36,63.05,83331308.0,63.05,56.5
2026-06-18T09:54:12,2026-06-18 09:54:09,001266,宏英智能,51.92,2.1645,51.67,52.32,50.92,50.82,89561848.01,50.82,45.6
2026-06-18T09:54:12,2026-06-18 09:54:09,000791,甘肃能源,9.06,-1.7354,9.0,9.15,8.88,9.22,244763939.28,9.22,8.83
2026-06-18T09:54:12,2026-06-18 09:54:09,002346,柘中股份,18.38,0.2728,18.75,19.0,18.35,18.33,57869270.0,18.33,16.48
2026-06-18T09:54:12,2026-06-18 09:54:09,002240,盛新锂能,48.89,1.2215,47.0,48.95,46.56,48.3,734331380.85,49.75,45.77
2026-06-18T09:54:12,2026-06-18 09:54:09,002364,中恒电气,52.76,1.4811,51.7,52.88,51.5,51.99,393792466.0,53.41,49.137
2026-06-18T09:54:12,2026-06-18 09:54:09,002745,木林森,11.31,-1.0499,11.49,11.83,11.23,11.43,475441347.05,10.87,10.0
2026-06-18T09:54:12,2026-06-18 09:54:10,600183,生益科技,184.34,2.3258,178.5,184.7,176.73,180.15,5103326294.0,183.755,169.055
2026-06-18T09:55:12,2026-06-18 09:55:10,603861,白云电器,15.79,-0.6293,15.9,15.98,15.55,15.89,70721804.0,15.89,14.98
2026-06-18T09:55:12,2026-06-18 09:55:09,000048,京基智农,18.69,-2.3001,19.05,19.49,18.47,19.13,149845857.33,19.13,17.37
2026-06-18T09:55:12,2026-06-18 09:55:09,605588,冠石科技,62.74,-0.4917,62.42,64.79,62.36,63.05,83839505.0,63.05,56.5
2026-06-18T09:55:12,2026-06-18 09:55:09,001266,宏英智能,51.81,1.9481,51.67,52.32,50.92,50.82,91439347.01,50.82,45.6
2026-06-18T09:55:12,2026-06-18 09:55:09,000791,甘肃能源,9.03,-2.0607,9.0,9.15,8.88,9.22,249353756.12,9.22,8.83
2026-06-18T09:55:12,2026-06-18 09:55:09,002346,柘中股份,18.38,0.2728,18.75,19.0,18.35,18.33,58301177.0,18.33,16.48
2026-06-18T09:55:12,2026-06-18 09:55:09,002240,盛新锂能,49.01,1.47,47.0,49.08,46.56,48.3,778862507.22,49.75,45.77
2026-06-18T09:55:12,2026-06-18 09:55:09,002364,中恒电气,52.79,1.5388,51.7,52.88,51.5,51.99,401893848.0,53.41,49.137
2026-06-18T09:55:12,2026-06-18 09:55:09,002745,木林森,11.3,-1.1374,11.49,11.83,11.23,11.43,480866982.05,10.87,10.0
2026-06-18T09:55:12,2026-06-18 09:55:10,600183,生益科技,184.97,2.6755,178.5,185.0,176.73,180.15,5265048532.0,183.755,169.055
2026-06-18T09:56:13,2026-06-18 09:56:10,603861,白云电器,15.75,-0.8811,15.9,15.98,15.55,15.89,72392342.0,15.89,14.98
2026-06-18T09:56:13,2026-06-18 09:56:12,000048,京基智农,18.56,-2.9796,19.05,19.49,18.47,19.13,152259423.33,19.13,17.37
2026-06-18T09:56:13,2026-06-18 09:56:09,605588,冠石科技,63.18,0.2062,62.42,64.79,62.36,63.05,86970966.0,63.05,56.5
2026-06-18T09:56:13,2026-06-18 09:56:12,001266,宏英智能,51.84,2.0071,51.67,52.32,50.92,50.82,92217300.01,50.82,45.6
2026-06-18T09:56:13,2026-06-18 09:56:12,000791,甘肃能源,9.05,-1.8438,9.0,9.15,8.88,9.22,251930411.12,9.22,8.83
2026-06-18T09:56:13,2026-06-18 09:56:12,002346,柘中股份,18.34,0.0546,18.75,19.0,18.34,18.33,59546768.0,18.33,16.48
2026-06-18T09:56:13,2026-06-18 09:56:12,002240,盛新锂能,48.8,1.0352,47.0,49.08,46.56,48.3,800418031.71,49.75,45.77
2026-06-18T09:56:13,2026-06-18 09:56:12,002364,中恒电气,52.69,1.3464,51.7,52.88,51.5,51.99,412488874.0,53.41,49.137
2026-06-18T09:56:13,2026-06-18 09:56:12,002745,木林森,11.32,-0.9624,11.49,11.83,11.23,11.43,489780021.05,10.87,10.0
2026-06-18T09:56:13,2026-06-18 09:56:10,600183,生益科技,183.88,2.0705,178.5,185.0,176.73,180.15,5375015998.0,183.755,169.055
2026-06-18T09:57:13,2026-06-18 09:57:10,603861,白云电器,15.74,-0.944,15.9,15.98,15.55,15.89,73694656.0,15.89,14.98
2026-06-18T09:57:13,2026-06-18 09:57:12,000048,京基智农,18.55,-3.0319,19.05,19.49,18.47,19.13,154157888.33,19.13,17.37
2026-06-18T09:57:13,2026-06-18 09:57:12,605588,冠石科技,63.15,0.1586,62.42,64.79,62.36,63.05,88192037.0,63.05,56.5
2026-06-18T09:57:13,2026-06-18 09:57:12,001266,宏英智能,51.88,2.0858,51.67,52.32,50.92,50.82,95192457.01,50.82,45.6
2026-06-18T09:57:13,2026-06-18 09:57:12,000791,甘肃能源,9.06,-1.7354,9.0,9.15,8.88,9.22,255304402.12,9.22,8.83
2026-06-18T09:57:13,2026-06-18 09:57:12,002346,柘中股份,18.31,-0.1091,18.75,19.0,18.3,18.33,60341510.0,18.33,16.48
2026-06-18T09:57:13,2026-06-18 09:57:12,002240,盛新锂能,48.45,0.3106,47.0,49.08,46.56,48.3,818930955.71,49.75,45.77
2026-06-18T09:57:13,2026-06-18 09:57:12,002364,中恒电气,52.8,1.558,51.7,52.97,51.5,51.99,426286536.0,53.41,49.137
2026-06-18T09:57:13,2026-06-18 09:57:12,002745,木林森,11.31,-1.0499,11.49,11.83,11.23,11.43,495982170.05,10.87,10.0
2026-06-18T09:57:13,2026-06-18 09:57:10,600183,生益科技,183.96,2.1149,178.5,185.0,176.73,180.15,5463853268.0,183.755,169.055
2026-06-18T09:58:14,2026-06-18 09:58:13,603861,白云电器,15.72,-1.0699,15.9,15.98,15.55,15.89,74823942.0,15.89,14.98
2026-06-18T09:58:14,2026-06-18 09:58:12,000048,京基智农,18.47,-3.4501,19.05,19.49,18.47,19.13,157296571.33,19.13,17.37
2026-06-18T09:58:14,2026-06-18 09:58:12,605588,冠石科技,62.97,-0.1269,62.42,64.79,62.36,63.05,88892503.0,63.05,56.5
2026-06-18T09:58:14,2026-06-18 09:58:12,001266,宏英智能,51.81,1.9481,51.67,52.32,50.92,50.82,95928480.01,50.82,45.6
2026-06-18T09:58:14,2026-06-18 09:58:12,000791,甘肃能源,9.06,-1.7354,9.0,9.15,8.88,9.22,258003678.12,9.22,8.83
2026-06-18T09:58:14,2026-06-18 09:58:12,002346,柘中股份,18.4,0.3819,18.75,19.0,18.29,18.33,61391150.0,18.33,16.48
2026-06-18T09:58:14,2026-06-18 09:58:12,002240,盛新锂能,48.3,0.0,47.0,49.08,46.56,48.3,841001532.71,49.75,45.77
2026-06-18T09:58:14,2026-06-18 09:58:12,002364,中恒电气,52.82,1.5965,51.7,52.97,51.5,51.99,431327090.0,53.41,49.137
2026-06-18T09:58:14,2026-06-18 09:58:12,002745,木林森,11.32,-0.9624,11.49,11.83,11.23,11.43,503515322.05,10.87,10.0
2026-06-18T09:58:14,2026-06-18 09:58:13,600183,生益科技,184.33,2.3203,178.5,185.0,176.73,180.15,5553848364.0,183.755,169.055
2026-06-18T09:59:14,2026-06-18 09:59:13,603861,白云电器,15.7,-1.1957,15.9,15.98,15.55,15.89,77074105.0,15.89,14.98
2026-06-18T09:59:14,2026-06-18 09:59:12,000048,京基智农,18.42,-3.7114,19.05,19.49,18.33,19.13,161890957.33,19.13,17.37
2026-06-18T09:59:14,2026-06-18 09:59:12,605588,冠石科技,63.15,0.1586,62.42,64.79,62.36,63.05,90961764.0,63.05,56.5
2026-06-18T09:59:14,2026-06-18 09:59:12,001266,宏英智能,51.75,1.83,51.67,52.32,50.92,50.82,97646568.01,50.82,45.6
2026-06-18T09:59:14,2026-06-18 09:59:12,000791,甘肃能源,9.05,-1.8438,9.0,9.15,8.88,9.22,261127628.12,9.22,8.83
2026-06-18T09:59:14,2026-06-18 09:59:12,002346,柘中股份,18.35,0.1091,18.75,19.0,18.29,18.33,61956584.0,18.33,16.48
2026-06-18T09:59:14,2026-06-18 09:59:12,002240,盛新锂能,48.2,-0.207,47.0,49.08,46.56,48.3,859165761.71,49.75,45.77
2026-06-18T09:59:14,2026-06-18 09:59:12,002364,中恒电气,52.57,1.1156,51.7,52.97,51.5,51.99,441210108.0,53.41,49.137
2026-06-18T09:59:14,2026-06-18 09:59:12,002745,木林森,11.33,-0.8749,11.49,11.83,11.23,11.43,510258213.05,10.87,10.0
2026-06-18T09:59:14,2026-06-18 09:59:10,600183,生益科技,184.58,2.4591,178.5,185.0,176.73,180.15,5650400430.0,183.755,169.055
2026-06-18T10:00:15,2026-06-18 10:00:13,603861,白云电器,15.65,-1.5104,15.9,15.98,15.55,15.89,78852148.0,15.89,14.98
2026-06-18T10:00:15,2026-06-18 10:00:12,000048,京基智农,18.34,-4.1296,19.05,19.49,18.33,19.13,167386693.05,19.13,17.37
2026-06-18T10:00:15,2026-06-18 10:00:12,605588,冠石科技,63.08,0.0476,62.42,64.79,62.36,63.05,91712941.0,63.05,56.5
2026-06-18T10:00:15,2026-06-18 10:00:12,001266,宏英智能,51.79,1.9087,51.67,52.32,50.92,50.82,98847999.01,50.82,45.6
2026-06-18T10:00:15,2026-06-18 10:00:12,000791,甘肃能源,9.0,-2.3861,9.0,9.15,8.88,9.22,273479980.12,9.22,8.83
2026-06-18T10:00:15,2026-06-18 10:00:12,002346,柘中股份,18.26,-0.3819,18.75,19.0,18.26,18.33,63373472.0,18.33,16.48
2026-06-18T10:00:15,2026-06-18 10:00:12,002240,盛新锂能,47.95,-0.7246,47.0,49.08,46.56,48.3,890117261.71,49.75,45.77
2026-06-18T10:00:15,2026-06-18 10:00:12,002364,中恒电气,52.59,1.1541,51.7,52.97,51.5,51.99,449070769.0,53.41,49.137
2026-06-18T10:00:15,2026-06-18 10:00:12,002745,木林森,11.3,-1.1374,11.49,11.83,11.23,11.43,514302103.05,10.87,10.0
2026-06-18T10:00:15,2026-06-18 10:00:13,600183,生益科技,184.59,2.4646,178.5,185.0,176.73,180.15,5721310602.0,183.755,169.055
2026-06-18T10:01:16,2026-06-18 10:01:13,603861,白云电器,15.63,-1.6362,15.9,15.98,15.55,15.89,80704391.0,15.89,14.98
2026-06-18T10:01:16,2026-06-18 10:01:15,000048,京基智农,18.21,-4.8092,19.05,19.49,18.16,19.13,178127774.05,19.13,17.37
2026-06-18T10:01:16,2026-06-18 10:01:12,605588,冠石科技,63.26,0.3331,62.42,64.79,62.36,63.05,94502777.0,63.05,56.5
2026-06-18T10:01:16,2026-06-18 10:01:15,001266,宏英智能,51.81,1.9481,51.67,52.32,50.92,50.82,99376394.01,50.82,45.6
2026-06-18T10:01:16,2026-06-18 10:01:15,000791,甘肃能源,8.98,-2.603,9.0,9.15,8.88,9.22,279291389.12,9.22,8.83
2026-06-18T10:01:16,2026-06-18 10:01:15,002346,柘中股份,18.23,-0.5456,18.75,19.0,18.23,18.33,64452174.0,18.33,16.48
2026-06-18T10:01:16,2026-06-18 10:01:15,002240,盛新锂能,47.9,-0.8282,47.0,49.08,46.56,48.3,913982263.71,49.75,45.77
2026-06-18T10:01:16,2026-06-18 10:01:15,002364,中恒电气,52.46,0.904,51.7,52.97,51.5,51.99,462409817.0,53.41,49.137
2026-06-18T10:01:16,2026-06-18 10:01:15,002745,木林森,11.3,-1.1374,11.49,11.83,11.23,11.43,520142342.05,10.87,10.0
2026-06-18T10:01:16,2026-06-18 10:01:13,600183,生益科技,186.31,3.4194,178.5,186.44,176.73,180.15,5949713435.0,183.755,169.055
2026-06-18T10:02:16,2026-06-18 10:02:16,603861,白云电器,15.65,-1.5104,15.9,15.98,15.55,15.89,82404256.0,15.89,14.98
2026-06-18T10:02:16,2026-06-18 10:02:15,000048,京基智农,18.36,-4.0251,19.05,19.49,18.16,19.13,188771651.65,19.13,17.37
2026-06-18T10:02:16,2026-06-18 10:02:15,605588,冠石科技,63.12,0.111,62.42,64.79,62.36,63.05,94957722.0,63.05,56.5
2026-06-18T10:02:16,2026-06-18 10:02:15,001266,宏英智能,51.65,1.6332,51.67,52.32,50.92,50.82,100814695.01,50.82,45.6
2026-06-18T10:02:16,2026-06-18 10:02:15,000791,甘肃能源,8.98,-2.603,9.0,9.15,8.88,9.22,286194144.12,9.22,8.83
2026-06-18T10:02:16,2026-06-18 10:02:15,002346,柘中股份,18.21,-0.6547,18.75,19.0,18.18,18.33,66040156.0,18.33,16.48
2026-06-18T10:02:16,2026-06-18 10:02:15,002240,盛新锂能,47.72,-1.2008,47.0,49.08,46.56,48.3,939372458.71,49.75,45.77
2026-06-18T10:02:16,2026-06-18 10:02:15,002364,中恒电气,52.46,0.904,51.7,52.97,51.5,51.99,472337164.0,53.41,49.137
2026-06-18T10:02:16,2026-06-18 10:02:15,002745,木林森,11.27,-1.3998,11.49,11.83,11.23,11.43,527366589.05,10.87,10.0
2026-06-18T10:02:16,2026-06-18 10:02:13,600183,生益科技,185.76,3.1141,178.5,186.44,176.73,180.15,6042196653.0,183.755,169.055
2026-06-18T10:03:17,2026-06-18 10:03:13,603861,白云电器,15.7,-1.1957,15.9,15.98,15.55,15.89,83330661.0,15.89,14.98
2026-06-18T10:03:17,2026-06-18 10:03:15,000048,京基智农,18.33,-4.1819,19.05,19.49,18.16,19.13,193118357.65,19.13,17.37
2026-06-18T10:03:17,2026-06-18 10:03:15,605588,冠石科技,63.16,0.1745,62.42,64.79,62.36,63.05,95431350.0,63.05,56.5
2026-06-18T10:03:17,2026-06-18 10:03:15,001266,宏英智能,51.73,1.7906,51.67,52.32,50.92,50.82,102221542.01,50.82,45.6
2026-06-18T10:03:17,2026-06-18 10:03:15,000791,甘肃能源,9.03,-2.0607,9.0,9.15,8.88,9.22,292048560.12,9.22,8.83
2026-06-18T10:03:17,2026-06-18 10:03:15,002346,柘中股份,18.3,-0.1637,18.75,19.0,18.18,18.33,66779052.0,18.33,16.48
2026-06-18T10:03:17,2026-06-18 10:03:15,002240,盛新锂能,47.97,-0.6832,47.0,49.08,46.56,48.3,949752484.61,49.75,45.77
2026-06-18T10:03:17,2026-06-18 10:03:15,002364,中恒电气,52.69,1.3464,51.7,52.97,51.5,51.99,482554850.0,53.41,49.137
2026-06-18T10:03:17,2026-06-18 10:03:15,002745,木林森,11.29,-1.2248,11.49,11.83,11.23,11.43,537450359.05,10.87,10.0
2026-06-18T10:03:17,2026-06-18 10:03:13,600183,生益科技,184.92,2.6478,178.5,186.44,176.73,180.15,6092432815.0,183.755,169.055
2026-06-18T10:04:17,2026-06-18 10:04:16,603861,白云电器,15.72,-1.0699,15.9,15.98,15.55,15.89,84375507.0,15.89,14.98
2026-06-18T10:04:17,2026-06-18 10:04:15,000048,京基智农,18.47,-3.4501,19.05,19.49,18.16,19.13,201370393.13,19.13,17.37
2026-06-18T10:04:17,2026-06-18 10:04:15,605588,冠石科技,63.14,0.1427,62.42,64.79,62.36,63.05,96509495.0,63.05,56.5
2026-06-18T10:04:17,2026-06-18 10:04:15,001266,宏英智能,52.0,2.3219,51.67,52.32,50.92,50.82,104694223.01,50.82,45.6
2026-06-18T10:04:17,2026-06-18 10:04:15,000791,甘肃能源,9.01,-2.2777,9.0,9.15,8.88,9.22,295611803.12,9.22,8.83
2026-06-18T10:04:17,2026-06-18 10:04:15,002346,柘中股份,18.3,-0.1637,18.75,19.0,18.18,18.33,67197600.0,18.33,16.48
2026-06-18T10:04:17,2026-06-18 10:04:15,002240,盛新锂能,48.19,-0.2277,47.0,49.08,46.56,48.3,958051293.61,49.75,45.77
2026-06-18T10:04:17,2026-06-18 10:04:15,002364,中恒电气,52.8,1.558,51.7,52.97,51.5,51.99,493198520.0,53.41,49.137
2026-06-18T10:04:17,2026-06-18 10:04:15,002745,木林森,11.32,-0.9624,11.49,11.83,11.23,11.43,543668740.05,10.87,10.0
2026-06-18T10:04:17,2026-06-18 10:04:16,600183,生益科技,185.27,2.8421,178.5,186.44,176.73,180.15,6173602212.0,183.755,169.055
2026-06-18T10:05:17,2026-06-18 10:05:16,603861,白云电器,15.67,-1.3845,15.9,15.98,15.55,15.89,86972216.0,15.89,14.98
2026-06-18T10:05:17,2026-06-18 10:05:15,000048,京基智农,18.42,-3.7114,19.05,19.49,18.16,19.13,203868395.13,19.13,17.37
2026-06-18T10:05:17,2026-06-18 10:05:15,605588,冠石科技,62.99,-0.0952,62.42,64.79,62.36,63.05,97480431.0,63.05,56.5
2026-06-18T10:05:17,2026-06-18 10:05:15,001266,宏英智能,52.19,2.6958,51.67,52.32,50.92,50.82,106127410.01,50.82,45.6
2026-06-18T10:05:17,2026-06-18 10:05:15,000791,甘肃能源,9.0,-2.3861,9.0,9.15,8.88,9.22,298892463.12,9.22,8.83
2026-06-18T10:05:17,2026-06-18 10:05:15,002346,柘中股份,18.24,-0.491,18.75,19.0,18.18,18.33,68076334.0,18.33,16.48
2026-06-18T10:05:17,2026-06-18 10:05:15,002240,盛新锂能,47.87,-0.8903,47.0,49.08,46.56,48.3,973061868.61,49.75,45.77
2026-06-18T10:05:17,2026-06-18 10:05:15,002364,中恒电气,52.61,1.1925,51.7,52.97,51.5,51.99,498005224.0,53.41,49.137
2026-06-18T10:05:17,2026-06-18 10:05:15,002745,木林森,11.3,-1.1374,11.49,11.83,11.23,11.43,549630599.05,10.87,10.0
2026-06-18T10:05:17,2026-06-18 10:05:16,600183,生益科技,185.18,2.7921,178.5,186.44,176.73,180.15,6236147075.0,183.755,169.055
2026-06-18T10:06:19,2026-06-18 10:06:16,603861,白云电器,15.75,-0.8811,15.9,15.98,15.55,15.89,87983476.0,15.89,14.98
2026-06-18T10:06:19,2026-06-18 10:06:18,000048,京基智农,18.38,-3.9205,19.05,19.49,18.16,19.13,205934297.13,19.13,17.37
2026-06-18T10:06:19,2026-06-18 10:06:15,605588,冠石科技,63.24,0.3013,62.42,64.79,62.36,63.05,99172055.0,63.05,56.5
2026-06-18T10:06:19,2026-06-18 10:06:18,001266,宏英智能,52.12,2.558,51.67,52.32,50.92,50.82,107383988.01,50.82,45.6
2026-06-18T10:06:19,2026-06-18 10:06:18,000791,甘肃能源,9.02,-2.1692,9.0,9.15,8.88,9.22,304246843.12,9.22,8.83
2026-06-18T10:06:19,2026-06-18 10:06:18,002346,柘中股份,18.24,-0.491,18.75,19.0,18.18,18.33,68672947.0,18.33,16.48
2026-06-18T10:06:19,2026-06-18 10:06:18,002240,盛新锂能,47.86,-0.911,47.0,49.08,46.56,48.3,989030801.61,49.75,45.77
2026-06-18T10:06:19,2026-06-18 10:06:18,002364,中恒电气,52.56,1.0964,51.7,52.97,51.5,51.99,503445464.0,53.41,49.137
2026-06-18T10:06:19,2026-06-18 10:06:18,002745,木林森,11.34,-0.7874,11.49,11.83,11.23,11.43,553804822.05,10.87,10.0
2026-06-18T10:06:19,2026-06-18 10:06:16,600183,生益科技,185.1,2.7477,178.5,186.44,176.73,180.15,6306953375.0,183.755,169.055
2026-06-18T10:07:19,2026-06-18 10:07:16,603861,白云电器,15.76,-0.8181,15.9,15.98,15.55,15.89,89542792.0,15.89,14.98
2026-06-18T10:07:19,2026-06-18 10:07:18,000048,京基智农,18.41,-3.7637,19.05,19.49,18.16,19.13,208426845.13,19.13,17.37
2026-06-18T10:07:19,2026-06-18 10:07:18,605588,冠石科技,63.09,0.0634,62.42,64.79,62.36,63.05,100062664.0,63.05,56.5
2026-06-18T10:07:19,2026-06-18 10:07:18,001266,宏英智能,52.24,2.7942,51.67,52.32,50.92,50.82,109388516.01,50.82,45.6
2026-06-18T10:07:19,2026-06-18 10:07:18,000791,甘肃能源,9.02,-2.1692,9.0,9.15,8.88,9.22,307885028.12,9.22,8.83
2026-06-18T10:07:19,2026-06-18 10:07:18,002346,柘中股份,18.26,-0.3819,18.75,19.0,18.18,18.33,68934114.0,18.33,16.48
2026-06-18T10:07:19,2026-06-18 10:07:18,002240,盛新锂能,47.55,-1.5528,47.0,49.08,46.56,48.3,1012828426.61,49.75,45.77
2026-06-18T10:07:19,2026-06-18 10:07:18,002364,中恒电气,52.57,1.1156,51.7,52.97,51.5,51.99,507946348.0,53.41,49.137
2026-06-18T10:07:19,2026-06-18 10:07:18,002745,木林森,11.37,-0.5249,11.49,11.83,11.23,11.43,559415176.05,10.87,10.0
2026-06-18T10:07:19,2026-06-18 10:07:16,600183,生益科技,185.48,2.9586,178.5,186.44,176.73,180.15,6391096479.0,183.755,169.055
2026-06-18T10:08:19,2026-06-18 10:08:19,603861,白云电器,15.79,-0.6293,15.9,15.98,15.55,15.89,90280970.0,15.89,14.98
2026-06-18T10:08:19,2026-06-18 10:08:18,000048,京基智农,18.43,-3.6592,19.05,19.49,18.16,19.13,209991382.13,19.13,17.37
2026-06-18T10:08:19,2026-06-18 10:08:18,605588,冠石科技,63.02,-0.0476,62.42,64.79,62.36,63.05,100673484.0,63.05,56.5
2026-06-18T10:08:19,2026-06-18 10:08:18,001266,宏英智能,52.5,3.3058,51.67,52.5,50.92,50.82,112606837.01,50.82,45.6
2026-06-18T10:08:19,2026-06-18 10:08:18,000791,甘肃能源,9.02,-2.1692,9.0,9.15,8.88,9.22,309946165.12,9.22,8.83
2026-06-18T10:08:19,2026-06-18 10:08:18,002346,柘中股份,18.27,-0.3273,18.75,19.0,18.18,18.33,69209884.0,18.33,16.48
2026-06-18T10:08:19,2026-06-18 10:08:18,002240,盛新锂能,47.5,-1.6563,47.0,49.08,46.56,48.3,1043788971.61,49.75,45.77
2026-06-18T10:08:19,2026-06-18 10:08:18,002364,中恒电气,52.67,1.3079,51.7,52.97,51.5,51.99,511454170.0,53.41,49.137
2026-06-18T10:08:19,2026-06-18 10:08:18,002745,木林森,11.37,-0.5249,11.49,11.83,11.23,11.43,564037959.05,10.87,10.0
2026-06-18T10:08:19,2026-06-18 10:08:19,600183,生益科技,185.1,2.7477,178.5,186.44,176.73,180.15,6454322757.0,183.755,169.055
2026-06-18T10:09:20,2026-06-18 10:09:19,603861,白云电器,15.76,-0.8181,15.9,15.98,15.55,15.89,91079632.0,15.89,14.98
2026-06-18T10:09:20,2026-06-18 10:09:18,000048,京基智农,18.39,-3.8683,19.05,19.49,18.16,19.13,212062896.13,19.13,17.37
2026-06-18T10:09:20,2026-06-18 10:09:18,605588,冠石科技,62.94,-0.1745,62.42,64.79,62.36,63.05,102891664.0,63.05,56.5
2026-06-18T10:09:20,2026-06-18 10:09:18,001266,宏英智能,52.58,3.4632,51.67,52.72,50.92,50.82,116728406.01,50.82,45.6
2026-06-18T10:09:20,2026-06-18 10:09:18,000791,甘肃能源,9.01,-2.2777,9.0,9.15,8.88,9.22,312629319.12,9.22,8.83
2026-06-18T10:09:20,2026-06-18 10:09:18,002346,柘中股份,18.3,-0.1637,18.75,19.0,18.18,18.33,69562641.0,18.33,16.48
2026-06-18T10:09:20,2026-06-18 10:09:18,002240,盛新锂能,47.57,-1.5114,47.0,49.08,46.56,48.3,1059939889.61,49.75,45.77
2026-06-18T10:09:20,2026-06-18 10:09:18,002364,中恒电气,52.57,1.1156,51.7,52.97,51.5,51.99,516406401.0,53.41,49.137
2026-06-18T10:09:20,2026-06-18 10:09:18,002745,木林森,11.38,-0.4374,11.49,11.83,11.23,11.43,569679583.05,10.87,10.0
2026-06-18T10:09:20,2026-06-18 10:09:16,600183,生益科技,185.36,2.892,178.5,186.44,176.73,180.15,6510880704.0,183.755,169.055
2026-06-18T10:10:20,2026-06-18 10:10:16,603861,白云电器,15.72,-1.0699,15.9,15.98,15.55,15.89,92319058.0,15.89,14.98
2026-06-18T10:10:20,2026-06-18 10:10:18,000048,京基智农,18.39,-3.8683,19.05,19.49,18.16,19.13,213605362.13,19.13,17.37
2026-06-18T10:10:20,2026-06-18 10:10:18,605588,冠石科技,63.0,-0.0793,62.42,64.79,62.36,63.05,105698165.0,63.05,56.5
2026-06-18T10:10:20,2026-06-18 10:10:18,001266,宏英智能,52.71,3.719,51.67,52.73,50.92,50.82,118933753.01,50.82,45.6
2026-06-18T10:10:20,2026-06-18 10:10:18,000791,甘肃能源,8.97,-2.7115,9.0,9.15,8.88,9.22,318161984.5,9.22,8.83
2026-06-18T10:10:20,2026-06-18 10:10:18,002346,柘中股份,18.26,-0.3819,18.75,19.0,18.18,18.33,70643102.0,18.33,16.48
2026-06-18T10:10:20,2026-06-18 10:10:18,002240,盛新锂能,47.4,-1.8634,47.0,49.08,46.56,48.3,1082762940.61,49.75,45.77
2026-06-18T10:10:20,2026-06-18 10:10:18,002364,中恒电气,52.3,0.5963,51.7,52.97,51.5,51.99,527536886.0,53.41,49.137
2026-06-18T10:10:20,2026-06-18 10:10:18,002745,木林森,11.33,-0.8749,11.49,11.83,11.23,11.43,574582552.05,10.87,10.0
2026-06-18T10:10:20,2026-06-18 10:10:16,600183,生益科技,184.34,2.3258,178.5,186.44,176.73,180.15,6568823962.0,183.755,169.055
2026-06-18T10:11:21,2026-06-18 10:11:19,603861,白云电器,15.79,-0.6293,15.9,15.98,15.55,15.89,93834191.0,15.89,14.98
2026-06-18T10:11:21,2026-06-18 10:11:18,000048,京基智农,18.4,-3.816,19.05,19.49,18.16,19.13,217985776.13,19.13,17.37
2026-06-18T10:11:21,2026-06-18 10:11:18,605588,冠石科技,62.89,-0.2538,62.42,64.79,62.36,63.05,108356292.0,63.05,56.5
2026-06-18T10:11:21,2026-06-18 10:11:18,001266,宏英智能,52.46,3.2271,51.67,52.73,50.92,50.82,122939140.01,50.82,45.6
2026-06-18T10:11:21,2026-06-18 10:11:18,000791,甘肃能源,8.96,-2.82,9.0,9.15,8.88,9.22,323939906.5,9.22,8.83
2026-06-18T10:11:21,2026-06-18 10:11:18,002346,柘中股份,18.49,0.8729,18.75,19.0,18.18,18.33,72458120.0,18.33,16.48
2026-06-18T10:11:21,2026-06-18 10:11:18,002240,盛新锂能,47.25,-2.1739,47.0,49.08,46.56,48.3,1113383100.61,49.75,45.77
2026-06-18T10:11:21,2026-06-18 10:11:18,002364,中恒电气,52.35,0.6924,51.7,52.97,51.5,51.99,553067933.0,53.41,49.137
2026-06-18T10:11:21,2026-06-18 10:11:18,002745,木林森,11.35,-0.6999,11.49,11.83,11.23,11.43,579820579.05,10.87,10.0
2026-06-18T10:11:21,2026-06-18 10:11:19,600183,生益科技,184.89,2.6311,178.5,186.44,176.73,180.15,6672371672.0,183.755,169.055
2026-06-18T10:12:22,2026-06-18 10:12:19,603861,白云电器,15.77,-0.7552,15.9,15.98,15.55,15.89,94483204.0,15.89,14.98
2026-06-18T10:12:22,2026-06-18 10:12:18,000048,京基智农,18.47,-3.4501,19.05,19.49,18.16,19.13,219899152.13,19.13,17.37
2026-06-18T10:12:22,2026-06-18 10:12:18,605588,冠石科技,62.82,-0.3648,62.42,64.79,62.36,63.05,109543216.0,63.05,56.5
2026-06-18T10:12:22,2026-06-18 10:12:18,001266,宏英智能,52.29,2.8926,51.67,52.73,50.92,50.82,124770075.01,50.82,45.6
2026-06-18T10:12:22,2026-06-18 10:12:18,000791,甘肃能源,8.99,-2.4946,9.0,9.15,8.88,9.22,328255359.15,9.22,8.83
2026-06-18T10:12:22,2026-06-18 10:12:18,002346,柘中股份,18.42,0.491,18.75,19.0,18.18,18.33,72924894.0,18.33,16.48
2026-06-18T10:12:22,2026-06-18 10:12:18,002240,盛新锂能,47.37,-1.9255,47.0,49.08,46.56,48.3,1131451012.61,49.75,45.77
2026-06-18T10:12:22,2026-06-18 10:12:18,002364,中恒电气,52.47,0.9233,51.7,52.97,51.5,51.99,561796417.0,53.41,49.137
2026-06-18T10:12:22,2026-06-18 10:12:18,002745,木林森,11.38,-0.4374,11.49,11.83,11.23,11.43,584197996.05,10.87,10.0
2026-06-18T10:12:22,2026-06-18 10:12:19,600183,生益科技,183.84,2.0483,178.5,186.44,176.73,180.15,6710002350.0,183.755,169.055
2026-06-18T10:13:22,2026-06-18 10:13:19,603861,白云电器,15.81,-0.5035,15.9,15.98,15.55,15.89,95325895.0,15.89,14.98
2026-06-18T10:13:22,2026-06-18 10:13:21,000048,京基智农,18.5,-3.2933,19.05,19.49,18.16,19.13,222112929.13,19.13,17.37
2026-06-18T10:13:22,2026-06-18 10:13:21,605588,冠石科技,63.0,-0.0793,62.42,64.79,62.36,63.05,110448977.0,63.05,56.5
2026-06-18T10:13:22,2026-06-18 10:13:21,001266,宏英智能,52.36,3.0303,51.67,52.73,50.92,50.82,126135641.01,50.82,45.6
2026-06-18T10:13:22,2026-06-18 10:13:21,000791,甘肃能源,9.03,-2.0607,9.0,9.15,8.88,9.22,331146832.23,9.22,8.83
2026-06-18T10:13:22,2026-06-18 10:13:21,002346,柘中股份,18.46,0.7092,18.75,19.0,18.18,18.33,73535408.0,18.33,16.48
2026-06-18T10:13:22,2026-06-18 10:13:21,002240,盛新锂能,47.41,-1.8427,47.0,49.08,46.56,48.3,1142925897.61,49.75,45.77
2026-06-18T10:13:22,2026-06-18 10:13:21,002364,中恒电气,52.47,0.9233,51.7,52.97,51.5,51.99,568849702.0,53.41,49.137
2026-06-18T10:13:22,2026-06-18 10:13:21,002745,木林森,11.42,-0.0875,11.49,11.83,11.23,11.43,593565822.51,10.87,10.0
2026-06-18T10:13:22,2026-06-18 10:13:19,600183,生益科技,184.0,2.1371,178.5,186.44,176.73,180.15,6787330181.0,183.755,169.055
2026-06-18T10:14:22,2026-06-18 10:14:19,603861,白云电器,15.83,-0.3776,15.9,15.98,15.55,15.89,96876925.0,15.89,14.98
2026-06-18T10:14:22,2026-06-18 10:14:21,000048,京基智农,18.45,-3.5546,19.05,19.49,18.16,19.13,223406660.13,19.13,17.37
2026-06-18T10:14:22,2026-06-18 10:14:21,605588,冠石科技,62.9,-0.2379,62.42,64.79,62.36,63.05,111040725.0,63.05,56.5
2026-06-18T10:14:22,2026-06-18 10:14:21,001266,宏英智能,52.31,2.9319,51.67,52.73,50.92,50.82,126989092.01,50.82,45.6
2026-06-18T10:14:22,2026-06-18 10:14:21,000791,甘肃能源,9.01,-2.2777,9.0,9.15,8.88,9.22,333691880.23,9.22,8.83
2026-06-18T10:14:22,2026-06-18 10:14:21,002346,柘中股份,18.46,0.7092,18.75,19.0,18.18,18.33,74096553.0,18.33,16.48
2026-06-18T10:14:22,2026-06-18 10:14:21,002240,盛新锂能,47.58,-1.4907,47.0,49.08,46.56,48.3,1153132379.61,49.75,45.77
2026-06-18T10:14:22,2026-06-18 10:14:21,002364,中恒电气,52.47,0.9233,51.7,52.97,51.5,51.99,573369266.0,53.41,49.137
2026-06-18T10:14:22,2026-06-18 10:14:21,002745,木林森,11.37,-0.5249,11.49,11.83,11.23,11.43,598343576.51,10.87,10.0
2026-06-18T10:14:22,2026-06-18 10:14:19,600183,生益科技,183.89,2.076,178.5,186.44,176.73,180.15,6827554488.0,183.755,169.055
2026-06-18T10:15:23,2026-06-18 10:15:22,603861,白云电器,15.85,-0.2517,15.9,15.98,15.55,15.89,97596862.0,15.89,14.98
2026-06-18T10:15:23,2026-06-18 10:15:21,000048,京基智农,18.4,-3.816,19.05,19.49,18.16,19.13,224322098.13,19.13,17.37
2026-06-18T10:15:23,2026-06-18 10:15:21,605588,冠石科技,63.0,-0.0793,62.42,64.79,62.36,63.05,111814830.0,63.05,56.5
2026-06-18T10:15:23,2026-06-18 10:15:21,001266,宏英智能,52.25,2.8139,51.67,52.73,50.92,50.82,128602555.01,50.82,45.6
2026-06-18T10:15:23,2026-06-18 10:15:21,000791,甘肃能源,9.0,-2.3861,9.0,9.15,8.88,9.22,335094153.23,9.22,8.83
2026-06-18T10:15:23,2026-06-18 10:15:21,002346,柘中股份,18.45,0.6547,18.75,19.0,18.18,18.33,74360370.0,18.33,16.48
2026-06-18T10:15:23,2026-06-18 10:15:21,002240,盛新锂能,47.6,-1.4493,47.0,49.08,46.56,48.3,1161483320.61,49.75,45.77
2026-06-18T10:15:23,2026-06-18 10:15:21,002364,中恒电气,52.46,0.904,51.7,52.97,51.5,51.99,578918660.0,53.41,49.137
2026-06-18T10:15:23,2026-06-18 10:15:21,002745,木林森,11.38,-0.4374,11.49,11.83,11.23,11.43,601267329.51,10.87,10.0
2026-06-18T10:15:23,2026-06-18 10:15:22,600183,生益科技,183.31,1.7541,178.5,186.44,176.73,180.15,6878947253.0,183.755,169.055
2026-06-18T10:16:24,2026-06-18 10:16:22,603861,白云电器,15.83,-0.3776,15.9,15.98,15.55,15.89,98599395.0,15.89,14.98
2026-06-18T10:16:24,2026-06-18 10:16:21,000048,京基智农,18.42,-3.7114,19.05,19.49,18.16,19.13,225349422.13,19.13,17.37
2026-06-18T10:16:24,2026-06-18 10:16:21,605588,冠石科技,63.04,-0.0159,62.42,64.79,62.36,63.05,113010869.0,63.05,56.5
2026-06-18T10:16:24,2026-06-18 10:16:21,001266,宏英智能,52.24,2.7942,51.67,52.73,50.92,50.82,129020482.01,50.82,45.6
2026-06-18T10:16:24,2026-06-18 10:16:21,000791,甘肃能源,8.99,-2.4946,9.0,9.15,8.88,9.22,336758454.23,9.22,8.83
2026-06-18T10:16:24,2026-06-18 10:16:21,002346,柘中股份,18.44,0.6001,18.75,19.0,18.18,18.33,74903927.0,18.33,16.48
2026-06-18T10:16:24,2026-06-18 10:16:21,002240,盛新锂能,47.58,-1.4907,47.0,49.08,46.56,48.3,1169620540.61,49.75,45.77
2026-06-18T10:16:24,2026-06-18 10:16:21,002364,中恒电气,52.48,0.9425,51.7,52.97,51.5,51.99,584760689.0,53.41,49.137
2026-06-18T10:16:24,2026-06-18 10:16:21,002745,木林森,11.37,-0.5249,11.49,11.83,11.23,11.43,604592710.51,10.87,10.0
2026-06-18T10:16:24,2026-06-18 10:16:22,600183,生益科技,183.0,1.582,178.5,186.44,176.73,180.15,6946784702.0,183.755,169.055
2026-06-18T10:17:24,2026-06-18 10:17:22,603861,白云电器,15.83,-0.3776,15.9,15.98,15.55,15.89,100201667.0,15.89,14.98
2026-06-18T10:17:24,2026-06-18 10:17:24,000048,京基智农,18.48,-3.3978,19.05,19.49,18.16,19.13,226896828.13,19.13,17.37
2026-06-18T10:17:24,2026-06-18 10:17:21,605588,冠石科技,62.81,-0.3807,62.42,64.79,62.36,63.05,114930652.0,63.05,56.5
2026-06-18T10:17:24,2026-06-18 10:17:21,001266,宏英智能,52.16,2.6368,51.67,52.73,50.92,50.82,129469464.01,50.82,45.6
2026-06-18T10:17:24,2026-06-18 10:17:21,000791,甘肃能源,8.99,-2.4946,9.0,9.15,8.88,9.22,337585847.23,9.22,8.83
2026-06-18T10:17:24,2026-06-18 10:17:21,002346,柘中股份,18.43,0.5456,18.75,19.0,18.18,18.33,75268991.0,18.33,16.48
2026-06-18T10:17:24,2026-06-18 10:17:21,002240,盛新锂能,47.46,-1.7391,47.0,49.08,46.56,48.3,1177048888.61,49.75,45.77
2026-06-18T10:17:24,2026-06-18 10:17:21,002364,中恒电气,52.51,1.0002,51.7,52.97,51.5,51.99,591717047.0,53.41,49.137
2026-06-18T10:17:24,2026-06-18 10:17:21,002745,木林森,11.37,-0.5249,11.49,11.83,11.23,11.43,608731453.51,10.87,10.0
2026-06-18T10:17:24,2026-06-18 10:17:22,600183,生益科技,183.08,1.6264,178.5,186.44,176.73,180.15,7005433458.0,183.755,169.055
2026-06-18T10:18:25,2026-06-18 10:18:22,603861,白云电器,15.83,-0.3776,15.9,15.98,15.55,15.89,100748788.0,15.89,14.98
2026-06-18T10:18:25,2026-06-18 10:18:21,000048,京基智农,18.45,-3.5546,19.05,19.49,18.16,19.13,227369540.13,19.13,17.37
2026-06-18T10:18:25,2026-06-18 10:18:21,605588,冠石科技,62.75,-0.4758,62.42,64.79,62.36,63.05,117223197.0,63.05,56.5
2026-06-18T10:18:25,2026-06-18 10:18:21,001266,宏英智能,52.28,2.8729,51.67,52.73,50.92,50.82,130372684.01,50.82,45.6
2026-06-18T10:18:25,2026-06-18 10:18:21,000791,甘肃能源,8.98,-2.603,9.0,9.15,8.88,9.22,340172533.23,9.22,8.83
2026-06-18T10:18:25,2026-06-18 10:18:21,002346,柘中股份,18.41,0.4364,18.75,19.0,18.18,18.33,75513913.0,18.33,16.48
2026-06-18T10:18:25,2026-06-18 10:18:21,002240,盛新锂能,47.38,-1.9048,47.0,49.08,46.56,48.3,1184975023.61,49.75,45.77
2026-06-18T10:18:25,2026-06-18 10:18:21,002364,中恒电气,52.41,0.8078,51.7,52.97,51.5,51.99,598930677.0,53.41,49.137
2026-06-18T10:18:25,2026-06-18 10:18:21,002745,木林森,11.36,-0.6124,11.49,11.83,11.23,11.43,613043997.51,10.87,10.0
2026-06-18T10:18:25,2026-06-18 10:18:22,600183,生益科技,182.6,1.36,178.5,186.44,176.73,180.15,7047191550.0,183.755,169.055
2026-06-18T10:19:25,2026-06-18 10:19:22,603861,白云电器,15.85,-0.2517,15.9,15.98,15.55,15.89,101320994.0,15.89,14.98
2026-06-18T10:19:25,2026-06-18 10:19:24,000048,京基智农,18.42,-3.7114,19.05,19.49,18.16,19.13,228326796.13,19.13,17.37
2026-06-18T10:19:25,2026-06-18 10:19:21,605588,冠石科技,62.92,-0.2062,62.42,64.79,62.36,63.05,118737428.0,63.05,56.5
2026-06-18T10:19:25,2026-06-18 10:19:24,001266,宏英智能,52.3,2.9122,51.67,52.73,50.92,50.82,131199331.01,50.82,45.6
2026-06-18T10:19:25,2026-06-18 10:19:24,000791,甘肃能源,9.0,-2.3861,9.0,9.15,8.88,9.22,343638116.23,9.22,8.83
2026-06-18T10:19:25,2026-06-18 10:19:24,002346,柘中股份,18.43,0.5456,18.75,19.0,18.18,18.33,75576528.0,18.33,16.48
2026-06-18T10:19:25,2026-06-18 10:19:24,002240,盛新锂能,47.38,-1.9048,47.0,49.08,46.56,48.3,1197011928.31,49.75,45.77
2026-06-18T10:19:25,2026-06-18 10:19:24,002364,中恒电气,52.38,0.7501,51.7,52.97,51.5,51.99,602320980.0,53.41,49.137
2026-06-18T10:19:25,2026-06-18 10:19:24,002745,木林森,11.34,-0.7874,11.49,11.83,11.23,11.43,616253121.51,10.87,10.0
2026-06-18T10:19:25,2026-06-18 10:19:22,600183,生益科技,182.59,1.3544,178.5,186.44,176.73,180.15,7098755913.0,183.755,169.055
2026-06-18T10:20:25,2026-06-18 10:20:22,603861,白云电器,15.82,-0.4405,15.9,15.98,15.55,15.89,102998543.0,15.89,14.98
2026-06-18T10:20:25,2026-06-18 10:20:24,000048,京基智农,18.32,-4.2342,19.05,19.49,18.16,19.13,232375947.13,19.13,17.37
2026-06-18T10:20:25,2026-06-18 10:20:24,605588,冠石科技,62.97,-0.1269,62.42,64.79,62.36,63.05,119178346.0,63.05,56.5
2026-06-18T10:20:25,2026-06-18 10:20:24,001266,宏英智能,52.47,3.2468,51.67,52.73,50.92,50.82,132515176.01,50.82,45.6
2026-06-18T10:20:25,2026-06-18 10:20:24,000791,甘肃能源,9.0,-2.3861,9.0,9.15,8.88,9.22,344914313.23,9.22,8.83
2026-06-18T10:20:25,2026-06-18 10:20:24,002346,柘中股份,18.42,0.491,18.75,19.0,18.18,18.33,75998892.0,18.33,16.48
2026-06-18T10:20:25,2026-06-18 10:20:24,002240,盛新锂能,47.43,-1.8012,47.0,49.08,46.56,48.3,1208746331.31,49.75,45.77
2026-06-18T10:20:25,2026-06-18 10:20:24,002364,中恒电气,52.45,0.8848,51.7,52.97,51.5,51.99,606056954.0,53.41,49.137
2026-06-18T10:20:25,2026-06-18 10:20:24,002745,木林森,11.35,-0.6999,11.49,11.83,11.23,11.43,620379004.51,10.87,10.0
2026-06-18T10:20:25,2026-06-18 10:20:22,600183,生益科技,183.21,1.6986,178.5,186.44,176.73,180.15,7134762666.0,183.755,169.055
2026-06-18T10:21:26,2026-06-18 10:21:22,603861,白云电器,15.76,-0.8181,15.9,15.98,15.55,15.89,103601324.0,15.89,14.98
2026-06-18T10:21:26,2026-06-18 10:21:24,000048,京基智农,18.13,-5.2274,19.05,19.49,18.13,19.13,238428097.13,19.13,17.37
2026-06-18T10:21:26,2026-06-18 10:21:21,605588,冠石科技,62.97,-0.1269,62.42,64.79,62.36,63.05,119575067.0,63.05,56.5
2026-06-18T10:21:26,2026-06-18 10:21:24,001266,宏英智能,52.5,3.3058,51.67,52.73,50.92,50.82,133632236.01,50.82,45.6
2026-06-18T10:21:26,2026-06-18 10:21:24,000791,甘肃能源,8.99,-2.4946,9.0,9.15,8.88,9.22,346523795.23,9.22,8.83
2026-06-18T10:21:26,2026-06-18 10:21:24,002346,柘中股份,18.43,0.5456,18.75,19.0,18.18,18.33,76070800.0,18.33,16.48
2026-06-18T10:21:26,2026-06-18 10:21:24,002240,盛新锂能,47.27,-2.1325,47.0,49.08,46.56,48.3,1231169859.73,49.75,45.77
2026-06-18T10:21:26,2026-06-18 10:21:24,002364,中恒电气,52.44,0.8656,51.7,52.97,51.5,51.99,608380380.0,53.41,49.137
2026-06-18T10:21:26,2026-06-18 10:21:24,002745,木林森,11.35,-0.6999,11.49,11.83,11.23,11.43,623554123.51,10.87,10.0
2026-06-18T10:21:26,2026-06-18 10:21:22,600183,生益科技,185.0,2.6922,178.5,186.44,176.73,180.15,7188019150.0,183.755,169.055
2026-06-18T10:22:26,2026-06-18 10:22:25,603861,白云电器,15.74,-0.944,15.9,15.98,15.55,15.89,104078430.0,15.89,14.98
2026-06-18T10:22:26,2026-06-18 10:22:24,000048,京基智农,18.18,-4.966,19.05,19.49,18.13,19.13,243379332.13,19.13,17.37
2026-06-18T10:22:26,2026-06-18 10:22:24,605588,冠石科技,62.77,-0.4441,62.42,64.79,62.36,63.05,120404899.0,63.05,56.5
2026-06-18T10:22:26,2026-06-18 10:22:24,001266,宏英智能,52.26,2.8335,51.67,52.73,50.92,50.82,134894783.01,50.82,45.6
2026-06-18T10:22:26,2026-06-18 10:22:24,000791,甘肃能源,8.99,-2.4946,9.0,9.15,8.88,9.22,348827426.23,9.22,8.83
2026-06-18T10:22:26,2026-06-18 10:22:24,002346,柘中股份,18.42,0.491,18.75,19.0,18.18,18.33,76280774.0,18.33,16.48
2026-06-18T10:22:26,2026-06-18 10:22:24,002240,盛新锂能,47.15,-2.381,47.0,49.08,46.56,48.3,1251741429.73,49.75,45.77
2026-06-18T10:22:26,2026-06-18 10:22:24,002364,中恒电气,52.28,0.5578,51.7,52.97,51.5,51.99,613384963.72,53.41,49.137
2026-06-18T10:22:26,2026-06-18 10:22:24,002745,木林森,11.32,-0.9624,11.49,11.83,11.23,11.43,627490777.51,10.87,10.0
2026-06-18T10:22:26,2026-06-18 10:22:25,600183,生益科技,185.0,2.6922,178.5,186.44,176.73,180.15,7270306482.0,183.755,169.055
2026-06-18T10:23:26,2026-06-18 10:23:25,603861,白云电器,15.72,-1.0699,15.9,15.98,15.55,15.89,104545493.0,15.89,14.98
2026-06-18T10:23:26,2026-06-18 10:23:24,000048,京基智农,18.11,-5.3319,19.05,19.49,18.03,19.13,248185766.01,19.13,17.37
2026-06-18T10:23:26,2026-06-18 10:23:24,605588,冠石科技,62.78,-0.4282,62.42,64.79,62.36,63.05,120988797.0,63.05,56.5
2026-06-18T10:23:26,2026-06-18 10:23:24,001266,宏英智能,52.24,2.7942,51.67,52.73,50.92,50.82,135307708.01,50.82,45.6
2026-06-18T10:23:26,2026-06-18 10:23:24,000791,甘肃能源,8.96,-2.82,9.0,9.15,8.88,9.22,357453805.23,9.22,8.83
2026-06-18T10:23:26,2026-06-18 10:23:24,002346,柘中股份,18.38,0.2728,18.75,19.0,18.18,18.33,77092457.0,18.33,16.48
2026-06-18T10:23:26,2026-06-18 10:23:24,002240,盛新锂能,47.15,-2.381,47.0,49.08,46.56,48.3,1267626798.73,49.75,45.77
2026-06-18T10:23:26,2026-06-18 10:23:24,002364,中恒电气,52.13,0.2693,51.7,52.97,51.5,51.99,619159840.72,53.41,49.137
2026-06-18T10:23:26,2026-06-18 10:23:24,002745,木林森,11.31,-1.0499,11.49,11.83,11.23,11.43,633592931.51,10.87,10.0
2026-06-18T10:23:26,2026-06-18 10:23:25,600183,生益科技,184.6,2.4702,178.5,186.44,176.73,180.15,7372141177.0,183.755,169.055
2026-06-18T10:24:27,2026-06-18 10:24:22,603861,白云电器,15.7,-1.1957,15.9,15.98,15.55,15.89,105781878.0,15.89,14.98
2026-06-18T10:24:27,2026-06-18 10:24:24,000048,京基智农,18.18,-4.966,19.05,19.49,18.01,19.13,251356090.01,19.13,17.37
2026-06-18T10:24:27,2026-06-18 10:24:24,605588,冠石科技,62.79,-0.4124,62.42,64.79,62.36,63.05,121566501.0,63.05,56.5
2026-06-18T10:24:27,2026-06-18 10:24:24,001266,宏英智能,52.16,2.6368,51.67,52.73,50.92,50.82,135981404.01,50.82,45.6
2026-06-18T10:24:27,2026-06-18 10:24:24,000791,甘肃能源,8.94,-3.0369,9.0,9.15,8.88,9.22,361334855.23,9.22,8.83
2026-06-18T10:24:27,2026-06-18 10:24:24,002346,柘中股份,18.33,0.0,18.75,19.0,18.18,18.33,77367617.0,18.33,16.48
2026-06-18T10:24:27,2026-06-18 10:24:24,002240,盛新锂能,47.08,-2.5259,47.0,49.08,46.56,48.3,1291023647.73,49.75,45.77
2026-06-18T10:24:27,2026-06-18 10:24:24,002364,中恒电气,52.23,0.4616,51.7,52.97,51.5,51.99,627812024.72,53.41,49.137
2026-06-18T10:24:27,2026-06-18 10:24:24,002745,木林森,11.3,-1.1374,11.49,11.83,11.23,11.43,639781811.51,10.87,10.0
2026-06-18T10:24:27,2026-06-18 10:24:22,600183,生益科技,184.59,2.4646,178.5,186.44,176.73,180.15,7405272266.0,183.755,169.055
2026-06-18T10:25:27,2026-06-18 10:25:25,603861,白云电器,15.72,-1.0699,15.9,15.98,15.55,15.89,107423470.0,15.89,14.98
2026-06-18T10:25:27,2026-06-18 10:25:24,000048,京基智农,18.2,-4.8615,19.05,19.49,18.01,19.13,254147045.01,19.13,17.37
2026-06-18T10:25:27,2026-06-18 10:25:24,605588,冠石科技,62.9,-0.2379,62.42,64.79,62.36,63.05,122018849.0,63.05,56.5
2026-06-18T10:25:27,2026-06-18 10:25:24,001266,宏英智能,52.36,3.0303,51.67,52.73,50.92,50.82,136613709.01,50.82,45.6
2026-06-18T10:25:27,2026-06-18 10:25:24,000791,甘肃能源,8.93,-3.1453,9.0,9.15,8.88,9.22,365254176.23,9.22,8.83
2026-06-18T10:25:27,2026-06-18 10:25:24,002346,柘中股份,18.36,0.1637,18.75,19.0,18.18,18.33,77986863.0,18.33,16.48
2026-06-18T10:25:27,2026-06-18 10:25:24,002240,盛新锂能,47.08,-2.5259,47.0,49.08,46.56,48.3,1330489571.73,49.75,45.77
2026-06-18T10:25:27,2026-06-18 10:25:24,002364,中恒电气,52.36,0.7117,51.7,52.97,51.5,51.99,630692465.72,53.41,49.137
2026-06-18T10:25:27,2026-06-18 10:25:24,002745,木林森,11.31,-1.0499,11.49,11.83,11.23,11.43,644071743.52,10.87,10.0
2026-06-18T10:25:27,2026-06-18 10:25:25,600183,生益科技,185.74,3.103,178.5,186.44,176.73,180.15,7454000503.0,183.755,169.055
2026-06-18T10:26:28,2026-06-18 10:26:25,603861,白云电器,15.74,-0.944,15.9,15.98,15.55,15.89,107966425.0,15.89,14.98
2026-06-18T10:26:28,2026-06-18 10:26:27,000048,京基智农,18.18,-4.966,19.05,19.49,18.01,19.13,256521076.01,19.13,17.37
2026-06-18T10:26:28,2026-06-18 10:26:27,605588,冠石科技,62.95,-0.1586,62.42,64.79,62.36,63.05,122541178.0,63.05,56.5
2026-06-18T10:26:28,2026-06-18 10:26:27,001266,宏英智能,52.27,2.8532,51.67,52.73,50.92,50.82,137251811.01,50.82,45.6
2026-06-18T10:26:28,2026-06-18 10:26:27,000791,甘肃能源,8.98,-2.603,9.0,9.15,8.88,9.22,368457051.23,9.22,8.83
2026-06-18T10:26:28,2026-06-18 10:26:24,002346,柘中股份,18.36,0.1637,18.75,19.0,18.18,18.33,78130110.0,18.33,16.48
2026-06-18T10:26:28,2026-06-18 10:26:27,002240,盛新锂能,47.37,-1.9255,47.0,49.08,46.56,48.3,1342772077.73,49.75,45.77
2026-06-18T10:26:28,2026-06-18 10:26:24,002364,中恒电气,52.48,0.9425,51.7,52.97,51.5,51.99,636481658.72,53.41,49.137
2026-06-18T10:26:28,2026-06-18 10:26:24,002745,木林森,11.32,-0.9624,11.49,11.83,11.23,11.43,647773552.2,10.87,10.0
2026-06-18T10:26:28,2026-06-18 10:26:25,600183,生益科技,185.86,3.1696,178.5,186.44,176.73,180.15,7621707137.0,183.755,169.055
2026-06-18T10:27:28,2026-06-18 10:27:25,603861,白云电器,15.73,-1.0069,15.9,15.98,15.55,15.89,108282547.0,15.89,14.98
2026-06-18T10:27:28,2026-06-18 10:27:27,000048,京基智农,18.09,-5.4365,19.05,19.49,18.01,19.13,259371612.01,19.13,17.37
2026-06-18T10:27:28,2026-06-18 10:27:27,605588,冠石科技,62.77,-0.4441,62.42,64.79,62.36,63.05,123559384.0,63.05,56.5
2026-06-18T10:27:28,2026-06-18 10:27:27,001266,宏英智能,52.26,2.8335,51.67,52.73,50.92,50.82,137695736.01,50.82,45.6
2026-06-18T10:27:28,2026-06-18 10:27:27,000791,甘肃能源,8.96,-2.82,9.0,9.15,8.88,9.22,371259150.23,9.22,8.83
2026-06-18T10:27:28,2026-06-18 10:27:24,002346,柘中股份,18.35,0.1091,18.75,19.0,18.18,18.33,78755435.0,18.33,16.48
2026-06-18T10:27:28,2026-06-18 10:27:27,002240,盛新锂能,47.35,-1.9669,47.0,49.08,46.56,48.3,1351752350.23,49.75,45.77
2026-06-18T10:27:28,2026-06-18 10:27:27,002364,中恒电气,52.55,1.0771,51.7,52.97,51.5,51.99,640449441.72,53.41,49.137
2026-06-18T10:27:28,2026-06-18 10:27:27,002745,木林森,11.33,-0.8749,11.49,11.83,11.23,11.43,650679151.2,10.87,10.0
2026-06-18T10:27:28,2026-06-18 10:27:25,600183,生益科技,186.34,3.436,178.5,186.5,176.73,180.15,7730054514.0,183.755,169.055
2026-06-18T10:28:29,2026-06-18 10:28:28,603861,白云电器,15.71,-1.1328,15.9,15.98,15.55,15.89,109236950.0,15.89,14.98
2026-06-18T10:28:29,2026-06-18 10:28:27,000048,京基智农,18.1,-5.3842,19.05,19.49,18.01,19.13,262830250.01,19.13,17.37
2026-06-18T10:28:29,2026-06-18 10:28:27,605588,冠石科技,62.79,-0.4124,62.42,64.79,62.36,63.05,124281134.0,63.05,56.5
2026-06-18T10:28:29,2026-06-18 10:28:27,001266,宏英智能,52.14,2.5974,51.67,52.73,50.92,50.82,138160005.01,50.82,45.6
2026-06-18T10:28:29,2026-06-18 10:28:27,000791,甘肃能源,8.93,-3.1453,9.0,9.15,8.88,9.22,374920468.23,9.22,8.83
2026-06-18T10:28:29,2026-06-18 10:28:21,002346,柘中股份,18.34,0.0546,18.75,19.0,18.18,18.33,78902100.0,18.33,16.48
2026-06-18T10:28:29,2026-06-18 10:28:27,002240,盛新锂能,47.21,-2.2567,47.0,49.08,46.56,48.3,1359704800.23,49.75,45.77
2026-06-18T10:28:29,2026-06-18 10:28:27,002364,中恒电气,52.53,1.0387,51.7,52.97,51.5,51.99,644851748.72,53.41,49.137
2026-06-18T10:28:29,2026-06-18 10:28:27,002745,木林森,11.32,-0.9624,11.49,11.83,11.23,11.43,653561297.2,10.87,10.0
2026-06-18T10:28:29,2026-06-18 10:28:28,600183,生益科技,185.56,3.0031,178.5,186.51,176.73,180.15,7799085899.0,183.755,169.055
2026-06-18T10:29:29,2026-06-18 10:29:28,603861,白云电器,15.69,-1.2587,15.9,15.98,15.55,15.89,109632606.0,15.89,14.98
2026-06-18T10:29:29,2026-06-18 10:29:27,000048,京基智农,18.0,-5.907,19.05,19.49,17.99,19.13,271449606.01,19.13,17.37
2026-06-18T10:29:29,2026-06-18 10:29:27,605588,冠石科技,63.0,-0.0793,62.42,64.79,62.36,63.05,125086310.0,63.05,56.5
2026-06-18T10:29:29,2026-06-18 10:29:27,001266,宏英智能,52.17,2.6564,51.67,52.73,50.92,50.82,138561507.01,50.82,45.6
2026-06-18T10:29:29,2026-06-18 10:29:27,000791,甘肃能源,8.94,-3.0369,9.0,9.15,8.88,9.22,380024337.15,9.22,8.83
2026-06-18T10:29:29,2026-06-18 10:29:27,002346,柘中股份,18.35,0.1091,18.75,19.0,18.18,18.33,79094577.0,18.33,16.48
2026-06-18T10:29:29,2026-06-18 10:29:27,002240,盛新锂能,47.16,-2.3602,47.0,49.08,46.56,48.3,1370286249.23,49.75,45.77
2026-06-18T10:29:29,2026-06-18 10:29:27,002364,中恒电气,52.55,1.0771,51.7,52.97,51.5,51.99,648214684.72,53.41,49.137
2026-06-18T10:29:29,2026-06-18 10:29:27,002745,木林森,11.35,-0.6999,11.49,11.83,11.23,11.43,656138157.2,10.87,10.0
2026-06-18T10:29:29,2026-06-18 10:29:25,600183,生益科技,185.3,2.8587,178.5,186.51,176.73,180.15,7826274902.0,183.755,169.055
2026-06-18T10:30:29,2026-06-18 10:30:28,603861,白云电器,15.7,-1.1957,15.9,15.98,15.55,15.89,110161570.0,15.89,14.98
2026-06-18T10:30:29,2026-06-18 10:30:27,000048,京基智农,17.97,-6.0638,19.05,19.49,17.97,19.13,275774164.01,19.13,17.37
2026-06-18T10:30:29,2026-06-18 10:30:27,605588,冠石科技,62.93,-0.1903,62.42,64.79,62.36,63.05,125413728.0,63.05,56.5
2026-06-18T10:30:29,2026-06-18 10:30:27,001266,宏英智能,52.17,2.6564,51.67,52.73,50.92,50.82,139412155.01,50.82,45.6
2026-06-18T10:30:29,2026-06-18 10:30:27,000791,甘肃能源,8.94,-3.0369,9.0,9.15,8.88,9.22,381387448.15,9.22,8.83
2026-06-18T10:30:29,2026-06-18 10:30:27,002346,柘中股份,18.33,0.0,18.75,19.0,18.18,18.33,79347569.0,18.33,16.48
2026-06-18T10:30:29,2026-06-18 10:30:27,002240,盛新锂能,47.36,-1.9462,47.0,49.08,46.56,48.3,1381297412.23,49.75,45.77
2026-06-18T10:30:29,2026-06-18 10:30:27,002364,中恒电气,52.69,1.3464,51.7,52.97,51.5,51.99,652862057.43,53.41,49.137
2026-06-18T10:30:29,2026-06-18 10:30:27,002745,木林森,11.34,-0.7874,11.49,11.83,11.23,11.43,658522721.2,10.87,10.0
2026-06-18T10:30:29,2026-06-18 10:30:28,600183,生益科技,185.62,3.0364,178.5,186.51,176.73,180.15,7867759958.0,183.755,169.055
2026-06-18T10:31:31,2026-06-18 10:31:28,603861,白云电器,15.67,-1.3845,15.9,15.98,15.55,15.89,111146405.0,15.89,14.98
2026-06-18T10:31:31,2026-06-18 10:31:30,000048,京基智农,17.97,-6.0638,19.05,19.49,17.97,19.13,278626334.01,19.13,17.37
2026-06-18T10:31:31,2026-06-18 10:31:27,605588,冠石科技,63.0,-0.0793,62.42,64.79,62.36,63.05,126648873.0,63.05,56.5
2026-06-18T10:31:31,2026-06-18 10:31:30,001266,宏英智能,52.18,2.6761,51.67,52.73,50.92,50.82,140299287.01,50.82,45.6
2026-06-18T10:31:31,2026-06-18 10:31:30,000791,甘肃能源,8.92,-3.2538,9.0,9.15,8.88,9.22,383837895.15,9.22,8.83
2026-06-18T10:31:31,2026-06-18 10:31:24,002346,柘中股份,18.35,0.1091,18.75,19.0,18.18,18.33,79529141.0,18.33,16.48
2026-06-18T10:31:31,2026-06-18 10:31:27,002240,盛新锂能,47.33,-2.0083,47.0,49.08,46.56,48.3,1390022310.23,49.75,45.77
2026-06-18T10:31:31,2026-06-18 10:31:27,002364,中恒电气,52.7,1.3656,51.7,52.97,51.5,51.99,662278829.43,53.41,49.137
2026-06-18T10:31:31,2026-06-18 10:31:27,002745,木林森,11.34,-0.7874,11.49,11.83,11.23,11.43,660272374.2,10.87,10.0
2026-06-18T10:31:31,2026-06-18 10:31:28,600183,生益科技,185.42,2.9253,178.5,186.51,176.73,180.15,7903964465.0,183.755,169.055
2026-06-18T10:32:31,2026-06-18 10:32:28,603861,白云电器,15.68,-1.3216,15.9,15.98,15.55,15.89,111950054.0,15.89,14.98
2026-06-18T10:32:31,2026-06-18 10:32:30,000048,京基智农,18.07,-5.541,19.05,19.49,17.97,19.13,280481670.01,19.13,17.37
2026-06-18T10:32:31,2026-06-18 10:32:24,605588,冠石科技,62.99,-0.0952,62.42,64.79,62.36,63.05,127455166.0,63.05,56.5
2026-06-18T10:32:31,2026-06-18 10:32:30,001266,宏英智能,52.18,2.6761,51.67,52.73,50.92,50.82,140570628.01,50.82,45.6
2026-06-18T10:32:31,2026-06-18 10:32:30,000791,甘肃能源,8.92,-3.2538,9.0,9.15,8.88,9.22,388154696.23,9.22,8.83
2026-06-18T10:32:31,2026-06-18 10:32:27,002346,柘中股份,18.34,0.0546,18.75,19.0,18.18,18.33,79754865.0,18.33,16.48
2026-06-18T10:32:31,2026-06-18 10:32:27,002240,盛新锂能,47.27,-2.1325,47.0,49.08,46.56,48.3,1395966073.23,49.75,45.77
2026-06-18T10:32:31,2026-06-18 10:32:27,002364,中恒电气,52.67,1.3079,51.7,52.97,51.5,51.99,667325264.43,53.41,49.137
2026-06-18T10:32:31,2026-06-18 10:32:27,002745,木林森,11.33,-0.8749,11.49,11.83,11.23,11.43,663166493.2,10.87,10.0
2026-06-18T10:32:31,2026-06-18 10:32:28,600183,生益科技,185.3,2.8587,178.5,186.51,176.73,180.15,7939491161.0,183.755,169.055
2026-06-18T10:33:31,2026-06-18 10:33:28,603861,白云电器,15.66,-1.4475,15.9,15.98,15.55,15.89,113472156.0,15.89,14.98
2026-06-18T10:33:31,2026-06-18 10:33:30,000048,京基智农,17.99,-5.9592,19.05,19.49,17.97,19.13,282577842.01,19.13,17.37
2026-06-18T10:33:31,2026-06-18 10:33:30,605588,冠石科技,62.9,-0.2379,62.42,64.79,62.36,63.05,127788713.0,63.05,56.5
2026-06-18T10:33:31,2026-06-18 10:33:30,001266,宏英智能,52.1,2.5187,51.67,52.73,50.92,50.82,141212045.01,50.82,45.6
2026-06-18T10:33:31,2026-06-18 10:33:30,000791,甘肃能源,8.91,-3.3623,9.0,9.15,8.88,9.22,397953324.23,9.22,8.83
2026-06-18T10:33:31,2026-06-18 10:33:30,002346,柘中股份,18.33,0.0,18.75,19.0,18.18,18.33,80497226.0,18.33,16.48
2026-06-18T10:33:31,2026-06-18 10:33:30,002240,盛新锂能,47.32,-2.029,47.0,49.08,46.56,48.3,1404008371.2,49.75,45.77
2026-06-18T10:33:31,2026-06-18 10:33:30,002364,中恒电气,52.66,1.2887,51.7,52.97,51.5,51.99,672939485.43,53.41,49.137
2026-06-18T10:33:31,2026-06-18 10:33:30,002745,木林森,11.33,-0.8749,11.49,11.83,11.23,11.43,667891088.2,10.87,10.0
2026-06-18T10:33:31,2026-06-18 10:33:28,600183,生益科技,184.45,2.3869,178.5,186.51,176.73,180.15,7967614901.0,183.755,169.055
2026-06-18T10:34:32,2026-06-18 10:34:31,603861,白云电器,15.66,-1.4475,15.9,15.98,15.55,15.89,115148103.0,15.89,14.98
2026-06-18T10:34:32,2026-06-18 10:34:30,000048,京基智农,18.0,-5.907,19.05,19.49,17.95,19.13,289083651.01,19.13,17.37
2026-06-18T10:34:32,2026-06-18 10:34:30,605588,冠石科技,63.02,-0.0476,62.42,64.79,62.36,63.05,128631611.0,63.05,56.5
2026-06-18T10:34:32,2026-06-18 10:34:30,001266,宏英智能,52.14,2.5974,51.67,52.73,50.92,50.82,142149965.01,50.82,45.6
2026-06-18T10:34:32,2026-06-18 10:34:30,000791,甘肃能源,8.9,-3.4707,9.0,9.15,8.88,9.22,401277777.23,9.22,8.83
2026-06-18T10:34:32,2026-06-18 10:34:30,002346,柘中股份,18.35,0.1091,18.75,19.0,18.18,18.33,80561410.0,18.33,16.48
2026-06-18T10:34:32,2026-06-18 10:34:30,002240,盛新锂能,47.21,-2.2567,47.0,49.08,46.56,48.3,1411948618.2,49.75,45.77
2026-06-18T10:34:32,2026-06-18 10:34:30,002364,中恒电气,52.67,1.3079,51.7,52.97,51.5,51.99,677320612.43,53.41,49.137
2026-06-18T10:34:32,2026-06-18 10:34:30,002745,木林森,11.32,-0.9624,11.49,11.83,11.23,11.43,670774336.2,10.87,10.0
2026-06-18T10:34:32,2026-06-18 10:34:31,600183,生益科技,184.67,2.509,178.5,186.51,176.73,180.15,8003565681.0,183.755,169.055
2026-06-18T10:35:32,2026-06-18 10:35:31,603861,白云电器,15.65,-1.5104,15.9,15.98,15.55,15.89,116692860.0,15.89,14.98
2026-06-18T10:35:32,2026-06-18 10:35:30,000048,京基智农,18.0,-5.907,19.05,19.49,17.94,19.13,291463106.01,19.13,17.37
2026-06-18T10:35:32,2026-06-18 10:35:30,605588,冠石科技,63.2,0.2379,62.42,64.79,62.36,63.05,129749253.0,63.05,56.5
2026-06-18T10:35:32,2026-06-18 10:35:30,001266,宏英智能,52.26,2.8335,51.67,52.73,50.92,50.82,142969380.01,50.82,45.6
2026-06-18T10:35:32,2026-06-18 10:35:30,000791,甘肃能源,8.89,-3.5792,9.0,9.15,8.88,9.22,404555679.23,9.22,8.83
2026-06-18T10:35:32,2026-06-18 10:35:30,002346,柘中股份,18.3,-0.1637,18.75,19.0,18.18,18.33,81257724.0,18.33,16.48
2026-06-18T10:35:32,2026-06-18 10:35:30,002240,盛新锂能,47.12,-2.4431,47.0,49.08,46.56,48.3,1421871904.2,49.75,45.77
2026-06-18T10:35:32,2026-06-18 10:35:30,002364,中恒电气,52.63,1.231,51.7,52.97,51.5,51.99,679521752.43,53.41,49.137
2026-06-18T10:35:32,2026-06-18 10:35:30,002745,木林森,11.33,-0.8749,11.49,11.83,11.23,11.43,675847100.2,10.87,10.0
2026-06-18T10:35:32,2026-06-18 10:35:31,600183,生益科技,184.79,2.5756,178.5,186.51,176.73,180.15,8046895608.0,183.755,169.055
2026-06-18T10:36:33,2026-06-18 10:36:31,603861,白云电器,15.64,-1.5733,15.9,15.98,15.55,15.89,117751642.0,15.89,14.98
2026-06-18T10:36:33,2026-06-18 10:36:33,000048,京基智农,18.1,-5.3842,19.05,19.49,17.94,19.13,294597140.01,19.13,17.37
2026-06-18T10:36:33,2026-06-18 10:36:30,605588,冠石科技,63.03,-0.0317,62.42,64.79,62.36,63.05,130298435.0,63.05,56.5
2026-06-18T10:36:33,2026-06-18 10:36:30,001266,宏英智能,52.22,2.7548,51.67,52.73,50.92,50.82,143272237.01,50.82,45.6
2026-06-18T10:36:33,2026-06-18 10:36:33,000791,甘肃能源,8.88,-3.6876,9.0,9.15,8.87,9.22,422150458.23,9.22,8.83
2026-06-18T10:36:33,2026-06-18 10:36:30,002346,柘中股份,18.3,-0.1637,18.75,19.0,18.18,18.33,81585082.0,18.33,16.48
2026-06-18T10:36:33,2026-06-18 10:36:30,002240,盛新锂能,47.04,-2.6087,47.0,49.08,46.56,48.3,1433015189.2,49.75,45.77
2026-06-18T10:36:33,2026-06-18 10:36:30,002364,中恒电气,52.56,1.0964,51.7,52.97,51.5,51.99,681509605.43,53.41,49.137
2026-06-18T10:36:33,2026-06-18 10:36:30,002745,木林森,11.31,-1.0499,11.49,11.83,11.23,11.43,678031293.2,10.87,10.0
2026-06-18T10:36:33,2026-06-18 10:36:31,600183,生益科技,184.49,2.4091,178.5,186.51,176.73,180.15,8068028917.0,183.755,169.055
2026-06-18T10:37:34,2026-06-18 10:37:31,603861,白云电器,15.65,-1.5104,15.9,15.98,15.55,15.89,118064649.0,15.89,14.98
2026-06-18T10:37:34,2026-06-18 10:37:33,000048,京基智农,18.14,-5.1751,19.05,19.49,17.94,19.13,295820720.01,19.13,17.37
2026-06-18T10:37:34,2026-06-18 10:37:30,605588,冠石科技,63.12,0.111,62.42,64.79,62.36,63.05,130695625.0,63.05,56.5
2026-06-18T10:37:34,2026-06-18 10:37:33,001266,宏英智能,52.25,2.8139,51.67,52.73,50.92,50.82,144290069.01,50.82,45.6
2026-06-18T10:37:34,2026-06-18 10:37:33,000791,甘肃能源,8.87,-3.7961,9.0,9.15,8.86,9.22,427018951.23,9.22,8.83
2026-06-18T10:37:34,2026-06-18 10:37:33,002346,柘中股份,18.3,-0.1637,18.75,19.0,18.18,18.33,81859741.0,18.33,16.48
2026-06-18T10:37:34,2026-06-18 10:37:33,002240,盛新锂能,47.03,-2.6294,47.0,49.08,46.56,48.3,1451872230.2,49.75,45.77
2026-06-18T10:37:34,2026-06-18 10:37:33,002364,中恒电气,52.57,1.1156,51.7,52.97,51.5,51.99,686734868.43,53.41,49.137
2026-06-18T10:37:34,2026-06-18 10:37:30,002745,木林森,11.34,-0.7874,11.49,11.83,11.23,11.43,680681519.2,10.87,10.0
2026-06-18T10:37:34,2026-06-18 10:37:31,600183,生益科技,184.08,2.1815,178.5,186.51,176.73,180.15,8093666338.0,183.755,169.055
2026-06-18T10:38:34,2026-06-18 10:38:31,603861,白云电器,15.65,-1.5104,15.9,15.98,15.55,15.89,118776740.0,15.89,14.98
2026-06-18T10:38:34,2026-06-18 10:38:33,000048,京基智农,18.2,-4.8615,19.05,19.49,17.94,19.13,296703108.01,19.13,17.37
2026-06-18T10:38:34,2026-06-18 10:38:33,605588,冠石科技,63.06,0.0159,62.42,64.79,62.36,63.05,131131078.0,63.05,56.5
2026-06-18T10:38:34,2026-06-18 10:38:33,001266,宏英智能,52.61,3.5222,51.67,52.73,50.92,50.82,146801656.01,50.82,45.6
2026-06-18T10:38:34,2026-06-18 10:38:33,000791,甘肃能源,8.84,-4.1215,9.0,9.15,8.84,9.22,433488508.07,9.22,8.83
2026-06-18T10:38:34,2026-06-18 10:38:30,002346,柘中股份,18.32,-0.0546,18.75,19.0,18.18,18.33,82296192.0,18.33,16.48
2026-06-18T10:38:34,2026-06-18 10:38:30,002240,盛新锂能,47.08,-2.5259,47.0,49.08,46.56,48.3,1463240835.5,49.75,45.77
2026-06-18T10:38:34,2026-06-18 10:38:30,002364,中恒电气,52.66,1.2887,51.7,52.97,51.5,51.99,692308345.43,53.41,49.137
2026-06-18T10:38:34,2026-06-18 10:38:30,002745,木林森,11.32,-0.9624,11.49,11.83,11.23,11.43,684608429.2,10.87,10.0
2026-06-18T10:38:34,2026-06-18 10:38:31,600183,生益科技,183.86,2.0594,178.5,186.51,176.73,180.15,8125455387.0,183.755,169.055
2026-06-18T10:39:34,2026-06-18 10:39:34,603861,白云电器,15.67,-1.3845,15.9,15.98,15.55,15.89,119762943.0,15.89,14.98
2026-06-18T10:39:34,2026-06-18 10:39:33,000048,京基智农,18.16,-5.0706,19.05,19.49,17.94,19.13,300541574.01,19.13,17.37
2026-06-18T10:39:34,2026-06-18 10:39:33,605588,冠石科技,63.05,0.0,62.42,64.79,62.36,63.05,131427288.0,63.05,56.5
2026-06-18T10:39:34,2026-06-18 10:39:33,001266,宏英智能,52.58,3.4632,51.67,52.73,50.92,50.82,148151576.01,50.82,45.6
2026-06-18T10:39:34,2026-06-18 10:39:33,000791,甘肃能源,8.86,-3.9046,9.0,9.15,8.84,9.22,437809376.07,9.22,8.83
2026-06-18T10:39:34,2026-06-18 10:39:33,002346,柘中股份,18.37,0.2182,18.75,19.0,18.18,18.33,82908694.0,18.33,16.48
2026-06-18T10:39:34,2026-06-18 10:39:33,002240,盛新锂能,47.02,-2.6501,47.0,49.08,46.56,48.3,1476410253.82,49.75,45.77
2026-06-18T10:39:34,2026-06-18 10:39:33,002364,中恒电气,52.6,1.1733,51.7,52.97,51.5,51.99,694660972.43,53.41,49.137
2026-06-18T10:39:34,2026-06-18 10:39:33,002745,木林森,11.32,-0.9624,11.49,11.83,11.23,11.43,685942055.92,10.87,10.0
2026-06-18T10:39:34,2026-06-18 10:39:34,600183,生益科技,183.79,2.0205,178.5,186.51,176.73,180.15,8164164881.0,183.755,169.055
2026-06-18T10:40:35,2026-06-18 10:40:34,603861,白云电器,15.68,-1.3216,15.9,15.98,15.55,15.89,120121820.0,15.89,14.98
2026-06-18T10:40:35,2026-06-18 10:40:33,000048,京基智农,18.15,-5.1228,19.05,19.49,17.94,19.13,304505596.41,19.13,17.37
2026-06-18T10:40:35,2026-06-18 10:40:33,605588,冠石科技,63.09,0.0634,62.42,64.79,62.36,63.05,131673198.0,63.05,56.5
2026-06-18T10:40:35,2026-06-18 10:40:33,001266,宏英智能,52.59,3.4829,51.67,52.73,50.92,50.82,149302368.01,50.82,45.6
2026-06-18T10:40:35,2026-06-18 10:40:33,000791,甘肃能源,8.85,-4.013,9.0,9.15,8.84,9.22,442789701.07,9.22,8.83
2026-06-18T10:40:35,2026-06-18 10:40:33,002346,柘中股份,18.43,0.5456,18.75,19.0,18.18,18.33,83105624.0,18.33,16.48
2026-06-18T10:40:35,2026-06-18 10:40:33,002240,盛新锂能,46.98,-2.7329,47.0,49.08,46.56,48.3,1505424062.82,49.75,45.77
2026-06-18T10:40:35,2026-06-18 10:40:33,002364,中恒电气,52.67,1.3079,51.7,52.97,51.5,51.99,699920957.43,53.41,49.137
2026-06-18T10:40:35,2026-06-18 10:40:33,002745,木林森,11.35,-0.6999,11.49,11.83,11.23,11.43,689264492.82,10.87,10.0
2026-06-18T10:40:35,2026-06-18 10:40:31,600183,生益科技,184.51,2.4202,178.5,186.51,176.73,180.15,8214829004.0,183.755,169.055
2026-06-18T10:41:36,2026-06-18 10:41:34,603861,白云电器,15.66,-1.4475,15.9,15.98,15.55,15.89,120671948.0,15.89,14.98
2026-06-18T10:41:36,2026-06-18 10:41:33,000048,京基智农,18.21,-4.8092,19.05,19.49,17.94,19.13,307926135.41,19.13,17.37
2026-06-18T10:41:36,2026-06-18 10:41:33,605588,冠石科技,63.09,0.0634,62.42,64.79,62.36,63.05,132822257.0,63.05,56.5
2026-06-18T10:41:36,2026-06-18 10:41:30,001266,宏英智能,52.45,3.2074,51.67,52.73,50.92,50.82,150243144.01,50.82,45.6
2026-06-18T10:41:36,2026-06-18 10:41:33,000791,甘肃能源,8.85,-4.013,9.0,9.15,8.84,9.22,446228377.19,9.22,8.83
2026-06-18T10:41:36,2026-06-18 10:41:33,002346,柘中股份,18.53,1.0911,18.75,19.0,18.18,18.33,85146509.0,18.33,16.48
2026-06-18T10:41:36,2026-06-18 10:41:33,002240,盛新锂能,46.8,-3.1056,47.0,49.08,46.56,48.3,1526717574.82,49.75,45.77
2026-06-18T10:41:36,2026-06-18 10:41:33,002364,中恒电气,52.73,1.4234,51.7,52.97,51.5,51.99,708077339.43,53.41,49.137
2026-06-18T10:41:36,2026-06-18 10:41:33,002745,木林森,11.35,-0.6999,11.49,11.83,11.23,11.43,693641343.82,10.87,10.0
2026-06-18T10:41:36,2026-06-18 10:41:34,600183,生益科技,183.91,2.0871,178.5,186.51,176.73,180.15,8227993988.0,183.755,169.055
2026-06-18T10:42:36,2026-06-18 10:42:34,603861,白云电器,15.66,-1.4475,15.9,15.98,15.55,15.89,121268479.0,15.89,14.98
2026-06-18T10:42:36,2026-06-18 10:42:36,000048,京基智农,18.23,-4.7047,19.05,19.49,17.94,19.13,309215316.41,19.13,17.37
2026-06-18T10:42:36,2026-06-18 10:42:33,605588,冠石科技,63.05,0.0,62.42,64.79,62.36,63.05,133068298.0,63.05,56.5
2026-06-18T10:42:36,2026-06-18 10:42:36,001266,宏英智能,52.41,3.1287,51.67,52.73,50.92,50.82,150410946.01,50.82,45.6
2026-06-18T10:42:36,2026-06-18 10:42:36,000791,甘肃能源,8.85,-4.013,9.0,9.15,8.83,9.22,449539362.19,9.22,8.83
2026-06-18T10:42:36,2026-06-18 10:42:30,002346,柘中股份,18.53,1.0911,18.75,19.0,18.18,18.33,85296541.0,18.33,16.48
2026-06-18T10:42:36,2026-06-18 10:42:36,002240,盛新锂能,46.76,-3.1884,47.0,49.08,46.56,48.3,1563880692.82,49.75,45.77
2026-06-18T10:42:36,2026-06-18 10:42:33,002364,中恒电气,52.92,1.7888,51.7,52.97,51.5,51.99,720811532.43,53.41,49.137
2026-06-18T10:42:36,2026-06-18 10:42:33,002745,木林森,11.34,-0.7874,11.49,11.83,11.23,11.43,696032312.82,10.87,10.0
2026-06-18T10:42:36,2026-06-18 10:42:34,600183,生益科技,184.31,2.3092,178.5,186.51,176.73,180.15,8248722602.0,183.755,169.055
2026-06-18T10:43:37,2026-06-18 10:43:34,603861,白云电器,15.62,-1.6992,15.9,15.98,15.55,15.89,122765598.0,15.89,14.98
2026-06-18T10:43:37,2026-06-18 10:43:36,000048,京基智农,18.24,-4.6524,19.05,19.49,17.94,19.13,309477920.41,19.13,17.37
2026-06-18T10:43:37,2026-06-18 10:43:33,605588,冠石科技,63.09,0.0634,62.42,64.79,62.36,63.05,133780759.0,63.05,56.5
2026-06-18T10:43:37,2026-06-18 10:43:36,001266,宏英智能,52.39,3.0893,51.67,52.73,50.92,50.82,151348547.01,50.82,45.6
2026-06-18T10:43:37,2026-06-18 10:43:36,000791,甘肃能源,8.85,-4.013,9.0,9.15,8.83,9.22,450778949.19,9.22,8.83
2026-06-18T10:43:37,2026-06-18 10:43:36,002346,柘中股份,18.52,1.0366,18.75,19.0,18.18,18.33,85481893.0,18.33,16.48
2026-06-18T10:43:37,2026-06-18 10:43:36,002240,盛新锂能,46.88,-2.94,47.0,49.08,46.56,48.3,1588819302.08,49.75,45.77
2026-06-18T10:43:37,2026-06-18 10:43:36,002364,中恒电气,53.21,2.3466,51.7,53.27,51.5,51.99,755202171.43,53.41,49.137
2026-06-18T10:43:37,2026-06-18 10:43:33,002745,木林森,11.35,-0.6999,11.49,11.83,11.23,11.43,699977255.82,10.87,10.0
2026-06-18T10:43:37,2026-06-18 10:43:34,600183,生益科技,184.37,2.3425,178.5,186.51,176.73,180.15,8279099533.0,183.755,169.055
2026-06-18T10:44:37,2026-06-18 10:44:34,603861,白云电器,15.65,-1.5104,15.9,15.98,15.55,15.89,123660569.0,15.89,14.98
2026-06-18T10:44:37,2026-06-18 10:44:36,000048,京基智农,18.3,-4.3387,19.05,19.49,17.94,19.13,311140104.41,19.13,17.37
2026-06-18T10:44:37,2026-06-18 10:44:36,605588,冠石科技,63.03,-0.0317,62.42,64.79,62.36,63.05,134140085.0,63.05,56.5
2026-06-18T10:44:37,2026-06-18 10:44:36,001266,宏英智能,52.3,2.9122,51.67,52.73,50.92,50.82,151861679.01,50.82,45.6
2026-06-18T10:44:37,2026-06-18 10:44:36,000791,甘肃能源,8.84,-4.1215,9.0,9.15,8.83,9.22,454901898.12,9.22,8.83
2026-06-18T10:44:37,2026-06-18 10:44:36,002346,柘中股份,18.48,0.8183,18.75,19.0,18.18,18.33,85837129.0,18.33,16.48
2026-06-18T10:44:37,2026-06-18 10:44:36,002240,盛新锂能,46.89,-2.9193,47.0,49.08,46.56,48.3,1604158041.08,49.75,45.77
2026-06-18T10:44:37,2026-06-18 10:44:36,002364,中恒电气,53.09,2.1158,51.7,53.27,51.5,51.99,765063221.43,53.41,49.137
2026-06-18T10:44:37,2026-06-18 10:44:36,002745,木林森,11.35,-0.6999,11.49,11.83,11.23,11.43,701538811.82,10.87,10.0
2026-06-18T10:44:37,2026-06-18 10:44:34,600183,生益科技,184.3,2.3036,178.5,186.51,176.73,180.15,8321713993.0,183.755,169.055
2026-06-18T10:45:37,2026-06-18 10:45:34,603861,白云电器,15.63,-1.6362,15.9,15.98,15.55,15.89,123995141.0,15.89,14.98
2026-06-18T10:45:37,2026-06-18 10:45:36,000048,京基智农,18.35,-4.0774,19.05,19.49,17.94,19.13,311931631.41,19.13,17.37
2026-06-18T10:45:37,2026-06-18 10:45:33,605588,冠石科技,62.97,-0.1269,62.42,64.79,62.36,63.05,134505448.0,63.05,56.5
2026-06-18T10:45:37,2026-06-18 10:45:36,001266,宏英智能,52.38,3.0697,51.67,52.73,50.92,50.82,152400164.01,50.82,45.6
2026-06-18T10:45:37,2026-06-18 10:45:36,000791,甘肃能源,8.84,-4.1215,9.0,9.15,8.83,9.22,457615796.12,9.22,8.83
2026-06-18T10:45:37,2026-06-18 10:45:36,002346,柘中股份,18.48,0.8183,18.75,19.0,18.18,18.33,85990299.0,18.33,16.48
2026-06-18T10:45:37,2026-06-18 10:45:36,002240,盛新锂能,46.8,-3.1056,47.0,49.08,46.56,48.3,1612744818.72,49.75,45.77
2026-06-18T10:45:37,2026-06-18 10:45:36,002364,中恒电气,53.03,2.0004,51.7,53.27,51.5,51.99,771542920.79,53.41,49.137
2026-06-18T10:45:37,2026-06-18 10:45:36,002745,木林森,11.33,-0.8749,11.49,11.83,11.23,11.43,706262552.82,10.87,10.0
2026-06-18T10:45:37,2026-06-18 10:45:34,600183,生益科技,183.89,2.076,178.5,186.51,176.73,180.15,8338246796.0,183.755,169.055
2026-06-18T10:46:38,2026-06-18 10:46:37,603861,白云电器,15.65,-1.5104,15.9,15.98,15.55,15.89,124593721.0,15.89,14.98
2026-06-18T10:46:38,2026-06-18 10:46:36,000048,京基智农,18.35,-4.0774,19.05,19.49,17.94,19.13,312864593.41,19.13,17.37
2026-06-18T10:46:38,2026-06-18 10:46:36,605588,冠石科技,62.99,-0.0952,62.42,64.79,62.36,63.05,135034759.0,63.05,56.5
2026-06-18T10:46:38,2026-06-18 10:46:36,001266,宏英智能,52.35,3.0106,51.67,52.73,50.92,50.82,152724731.01,50.82,45.6
2026-06-18T10:46:38,2026-06-18 10:46:36,000791,甘肃能源,8.87,-3.7961,9.0,9.15,8.83,9.22,460614758.12,9.22,8.83
2026-06-18T10:46:38,2026-06-18 10:46:36,002346,柘中股份,18.51,0.982,18.75,19.0,18.18,18.33,86267845.0,18.33,16.48
2026-06-18T10:46:38,2026-06-18 10:46:36,002240,盛新锂能,46.8,-3.1056,47.0,49.08,46.56,48.3,1629155538.72,49.75,45.77
2026-06-18T10:46:38,2026-06-18 10:46:36,002364,中恒电气,53.02,1.9812,51.7,53.27,51.5,51.99,778112368.79,53.41,49.137
2026-06-18T10:46:38,2026-06-18 10:46:36,002745,木林森,11.35,-0.6999,11.49,11.83,11.23,11.43,708601775.82,10.87,10.0
2026-06-18T10:46:38,2026-06-18 10:46:37,600183,生益科技,183.86,2.0594,178.5,186.51,176.73,180.15,8372799008.0,183.755,169.055
2026-06-18T10:47:39,2026-06-18 10:47:37,603861,白云电器,15.62,-1.6992,15.9,15.98,15.55,15.89,125384547.0,15.89,14.98
2026-06-18T10:47:39,2026-06-18 10:47:33,000048,京基智农,18.25,-4.6001,19.05,19.49,17.94,19.13,316278157.41,19.13,17.37
2026-06-18T10:47:39,2026-06-18 10:47:36,605588,冠石科技,62.78,-0.4282,62.42,64.79,62.36,63.05,135242304.0,63.05,56.5
2026-06-18T10:47:39,2026-06-18 10:47:36,001266,宏英智能,52.28,2.8729,51.67,52.73,50.92,50.82,152897282.01,50.82,45.6
2026-06-18T10:47:39,2026-06-18 10:47:36,000791,甘肃能源,8.88,-3.6876,9.0,9.15,8.83,9.22,462886763.12,9.22,8.83
2026-06-18T10:47:39,2026-06-18 10:47:36,002346,柘中股份,18.5,0.9274,18.75,19.0,18.18,18.33,86362237.0,18.33,16.48
2026-06-18T10:47:39,2026-06-18 10:47:36,002240,盛新锂能,46.85,-3.0021,47.0,49.08,46.56,48.3,1641957446.72,49.75,45.77
2026-06-18T10:47:39,2026-06-18 10:47:36,002364,中恒电气,52.84,1.6349,51.7,53.27,51.5,51.99,788842941.79,53.41,49.137
2026-06-18T10:47:39,2026-06-18 10:47:36,002745,木林森,11.4,-0.2625,11.49,11.83,11.23,11.43,716443730.69,10.87,10.0
2026-06-18T10:47:39,2026-06-18 10:47:37,600183,生益科技,183.99,2.1316,178.5,186.51,176.73,180.15,8403160486.0,183.755,169.055
2026-06-18T10:48:39,2026-06-18 10:48:37,603861,白云电器,15.62,-1.6992,15.9,15.98,15.55,15.89,125448603.0,15.89,14.98
2026-06-18T10:48:39,2026-06-18 10:48:36,000048,京基智农,18.24,-4.6524,19.05,19.49,17.94,19.13,316810864.41,19.13,17.37
2026-06-18T10:48:39,2026-06-18 10:48:36,605588,冠石科技,62.92,-0.2062,62.42,64.79,62.36,63.05,135733069.0,63.05,56.5
2026-06-18T10:48:39,2026-06-18 10:48:36,001266,宏英智能,52.51,3.3255,51.67,52.73,50.92,50.82,153987713.01,50.82,45.6
2026-06-18T10:48:39,2026-06-18 10:48:36,000791,甘肃能源,8.87,-3.7961,9.0,9.15,8.83,9.22,464544560.12,9.22,8.83
2026-06-18T10:48:39,2026-06-18 10:48:36,002346,柘中股份,18.51,0.982,18.75,19.0,18.18,18.33,86425148.0,18.33,16.48
2026-06-18T10:48:39,2026-06-18 10:48:36,002240,盛新锂能,46.87,-2.9607,47.0,49.08,46.56,48.3,1650443433.16,49.75,45.77
2026-06-18T10:48:39,2026-06-18 10:48:36,002364,中恒电气,52.94,1.8273,51.7,53.27,51.5,51.99,790687474.79,53.41,49.137
2026-06-18T10:48:39,2026-06-18 10:48:36,002745,木林森,11.41,-0.175,11.49,11.83,11.23,11.43,720624819.69,10.87,10.0
2026-06-18T10:48:39,2026-06-18 10:48:37,600183,生益科技,184.39,2.3536,178.5,186.51,176.73,180.15,8429049595.0,183.755,169.055
2026-06-18T10:49:39,2026-06-18 10:49:37,603861,白云电器,15.59,-1.888,15.9,15.98,15.55,15.89,128958458.0,15.89,14.98
2026-06-18T10:49:39,2026-06-18 10:49:36,000048,京基智农,18.18,-4.966,19.05,19.49,17.94,19.13,319319225.41,19.13,17.37
2026-06-18T10:49:39,2026-06-18 10:49:36,605588,冠石科技,62.88,-0.2696,62.42,64.79,62.36,63.05,135997210.0,63.05,56.5
2026-06-18T10:49:39,2026-06-18 10:49:36,001266,宏英智能,52.53,3.3648,51.67,52.73,50.92,50.82,155644002.01,50.82,45.6
2026-06-18T10:49:39,2026-06-18 10:49:36,000791,甘肃能源,8.87,-3.7961,9.0,9.15,8.83,9.22,465550509.12,9.22,8.83
2026-06-18T10:49:39,2026-06-18 10:49:36,002346,柘中股份,18.5,0.9274,18.75,19.0,18.18,18.33,86482483.0,18.33,16.48
2026-06-18T10:49:39,2026-06-18 10:49:36,002240,盛新锂能,46.86,-2.9814,47.0,49.08,46.56,48.3,1657843570.41,49.75,45.77
2026-06-18T10:49:39,2026-06-18 10:49:36,002364,中恒电气,52.9,1.7503,51.7,53.27,51.5,51.99,796219381.79,53.41,49.137
2026-06-18T10:49:39,2026-06-18 10:49:36,002745,木林森,11.38,-0.4374,11.49,11.83,11.23,11.43,723108818.69,10.87,10.0
2026-06-18T10:49:39,2026-06-18 10:49:37,600183,生益科技,183.83,2.0427,178.5,186.51,176.73,180.15,8451613083.0,183.755,169.055
2026-06-18T10:50:40,2026-06-18 10:50:37,603861,白云电器,15.58,-1.9509,15.9,15.98,15.55,15.89,129500867.0,15.89,14.98
2026-06-18T10:50:40,2026-06-18 10:50:36,000048,京基智农,18.17,-5.0183,19.05,19.49,17.94,19.13,319775245.41,19.13,17.37
2026-06-18T10:50:40,2026-06-18 10:50:36,605588,冠石科技,62.78,-0.4282,62.42,64.79,62.36,63.05,136173042.0,63.05,56.5
2026-06-18T10:50:40,2026-06-18 10:50:36,001266,宏英智能,52.39,3.0893,51.67,52.73,50.92,50.82,155963669.01,50.82,45.6
2026-06-18T10:50:40,2026-06-18 10:50:36,000791,甘肃能源,8.87,-3.7961,9.0,9.15,8.83,9.22,466806205.12,9.22,8.83
2026-06-18T10:50:40,2026-06-18 10:50:36,002346,柘中股份,18.44,0.6001,18.75,19.0,18.18,18.33,86896057.0,18.33,16.48
2026-06-18T10:50:40,2026-06-18 10:50:36,002240,盛新锂能,46.83,-3.0435,47.0,49.08,46.56,48.3,1668080926.41,49.75,45.77
2026-06-18T10:50:40,2026-06-18 10:50:36,002364,中恒电气,52.82,1.5965,51.7,53.27,51.5,51.99,799756383.79,53.41,49.137
2026-06-18T10:50:40,2026-06-18 10:50:36,002745,木林森,11.36,-0.6124,11.49,11.83,11.23,11.43,725048817.69,10.87,10.0
2026-06-18T10:50:40,2026-06-18 10:50:37,600183,生益科技,183.69,1.965,178.5,186.51,176.73,180.15,8481693295.0,183.755,169.055
2026-06-18T10:51:41,2026-06-18 10:51:40,603861,白云电器,15.58,-1.9509,15.9,15.98,15.55,15.89,130843206.0,15.89,14.98
2026-06-18T10:51:41,2026-06-18 10:51:39,000048,京基智农,18.18,-4.966,19.05,19.49,17.94,19.13,320604353.41,19.13,17.37
2026-06-18T10:51:41,2026-06-18 10:51:33,605588,冠石科技,62.81,-0.3807,62.42,64.79,62.36,63.05,136663231.0,63.05,56.5
2026-06-18T10:51:41,2026-06-18 10:51:39,001266,宏英智能,52.57,3.4435,51.67,52.73,50.92,50.82,156782897.01,50.82,45.6
2026-06-18T10:51:41,2026-06-18 10:51:39,000791,甘肃能源,8.86,-3.9046,9.0,9.15,8.83,9.22,468546521.12,9.22,8.83
2026-06-18T10:51:41,2026-06-18 10:51:36,002346,柘中股份,18.42,0.491,18.75,19.0,18.18,18.33,86991886.0,18.33,16.48
2026-06-18T10:51:41,2026-06-18 10:51:39,002240,盛新锂能,46.73,-3.2505,47.0,49.08,46.56,48.3,1681318994.64,49.75,45.77
2026-06-18T10:51:41,2026-06-18 10:51:39,002364,中恒电气,52.96,1.8657,51.7,53.27,51.5,51.99,802121599.79,53.41,49.137
2026-06-18T10:51:41,2026-06-18 10:51:39,002745,木林森,11.37,-0.5249,11.49,11.83,11.23,11.43,726953070.69,10.87,10.0
2026-06-18T10:51:41,2026-06-18 10:51:37,600183,生益科技,184.03,2.1538,178.5,186.51,176.73,180.15,8510745577.0,183.755,169.055
2026-06-18T10:52:41,2026-06-18 10:52:40,603861,白云电器,15.57,-2.0138,15.9,15.98,15.55,15.89,131304144.0,15.89,14.98
2026-06-18T10:52:41,2026-06-18 10:52:39,000048,京基智农,18.15,-5.1228,19.05,19.49,17.94,19.13,321437964.41,19.13,17.37
2026-06-18T10:52:41,2026-06-18 10:52:39,605588,冠石科技,62.81,-0.3807,62.42,64.79,62.36,63.05,137197066.0,63.05,56.5
2026-06-18T10:52:41,2026-06-18 10:52:39,001266,宏英智能,52.75,3.7977,51.67,52.76,50.92,50.82,160845608.01,50.82,45.6
2026-06-18T10:52:41,2026-06-18 10:52:39,000791,甘肃能源,8.87,-3.7961,9.0,9.15,8.83,9.22,470510816.12,9.22,8.83
2026-06-18T10:52:41,2026-06-18 10:52:39,002346,柘中股份,18.43,0.5456,18.75,19.0,18.18,18.33,87019532.0,18.33,16.48
2026-06-18T10:52:41,2026-06-18 10:52:39,002240,盛新锂能,46.72,-3.2712,47.0,49.08,46.56,48.3,1701707229.54,49.75,45.77
2026-06-18T10:52:41,2026-06-18 10:52:39,002364,中恒电气,53.08,2.0966,51.7,53.27,51.5,51.99,809106452.79,53.41,49.137
2026-06-18T10:52:41,2026-06-18 10:52:39,002745,木林森,11.33,-0.8749,11.49,11.83,11.23,11.43,730179833.69,10.87,10.0
2026-06-18T10:52:41,2026-06-18 10:52:40,600183,生益科技,184.2,2.2481,178.5,186.51,176.73,180.15,8531703312.0,183.755,169.055
2026-06-18T10:53:41,2026-06-18 10:53:40,603861,白云电器,15.59,-1.888,15.9,15.98,15.55,15.89,131937710.0,15.89,14.98
2026-06-18T10:53:41,2026-06-18 10:53:39,000048,京基智农,18.15,-5.1228,19.05,19.49,17.94,19.13,322655755.41,19.13,17.37
2026-06-18T10:53:41,2026-06-18 10:53:39,605588,冠石科技,62.66,-0.6186,62.42,64.79,62.36,63.05,138678498.0,63.05,56.5
2026-06-18T10:53:41,2026-06-18 10:53:39,001266,宏英智能,52.75,3.7977,51.67,52.8,50.92,50.82,162264570.01,50.82,45.6
2026-06-18T10:53:41,2026-06-18 10:53:39,000791,甘肃能源,8.86,-3.9046,9.0,9.15,8.83,9.22,474309979.12,9.22,8.83
2026-06-18T10:53:41,2026-06-18 10:53:39,002346,柘中股份,18.52,1.0366,18.75,19.0,18.18,18.33,87346779.0,18.33,16.48
2026-06-18T10:53:41,2026-06-18 10:53:39,002240,盛新锂能,46.79,-3.1263,47.0,49.08,46.56,48.3,1712807467.39,49.75,45.77
2026-06-18T10:53:41,2026-06-18 10:53:39,002364,中恒电气,53.15,2.2312,51.7,53.27,51.5,51.99,820439264.79,53.41,49.137
2026-06-18T10:53:41,2026-06-18 10:53:39,002745,木林森,11.32,-0.9624,11.49,11.83,11.23,11.43,731950352.69,10.87,10.0
2026-06-18T10:53:41,2026-06-18 10:53:40,600183,生益科技,183.99,2.1316,178.5,186.51,176.73,180.15,8562008956.0,183.755,169.055
2026-06-18T10:54:42,2026-06-18 10:54:40,603861,白云电器,15.58,-1.9509,15.9,15.98,15.55,15.89,132765559.0,15.89,14.98
2026-06-18T10:54:42,2026-06-18 10:54:39,000048,京基智农,18.09,-5.4365,19.05,19.49,17.94,19.13,324293218.41,19.13,17.37
2026-06-18T10:54:42,2026-06-18 10:54:39,605588,冠石科技,62.75,-0.4758,62.42,64.79,62.36,63.05,139211286.0,63.05,56.5
2026-06-18T10:54:42,2026-06-18 10:54:39,001266,宏英智能,52.57,3.4435,51.67,52.8,50.92,50.82,163117807.01,50.82,45.6
2026-06-18T10:54:42,2026-06-18 10:54:39,000791,甘肃能源,8.87,-3.7961,9.0,9.15,8.83,9.22,474842710.12,9.22,8.83
2026-06-18T10:54:42,2026-06-18 10:54:30,002346,柘中股份,18.51,0.982,18.75,19.0,18.18,18.33,87743557.0,18.33,16.48
2026-06-18T10:54:42,2026-06-18 10:54:39,002240,盛新锂能,46.87,-2.9607,47.0,49.08,46.56,48.3,1720599568.39,49.75,45.77
2026-06-18T10:54:42,2026-06-18 10:54:39,002364,中恒电气,53.1,2.135,51.7,53.27,51.5,51.99,825384904.79,53.41,49.137
2026-06-18T10:54:42,2026-06-18 10:54:39,002745,木林森,11.33,-0.8749,11.49,11.83,11.23,11.43,734437212.23,10.87,10.0
2026-06-18T10:54:42,2026-06-18 10:54:40,600183,生益科技,183.87,2.0649,178.5,186.51,176.73,180.15,8589686518.0,183.755,169.055
2026-06-18T10:55:42,2026-06-18 10:55:40,603861,白云电器,15.57,-2.0138,15.9,15.98,15.55,15.89,133703084.0,15.89,14.98
2026-06-18T10:55:42,2026-06-18 10:55:39,000048,京基智农,17.94,-6.2206,19.05,19.49,17.9,19.13,360998222.41,19.13,17.37
2026-06-18T10:55:42,2026-06-18 10:55:39,605588,冠石科技,62.73,-0.5075,62.42,64.79,62.36,63.05,139851356.0,63.05,56.5
2026-06-18T10:55:42,2026-06-18 10:55:39,001266,宏英智能,52.55,3.4042,51.67,52.8,50.92,50.82,163448989.01,50.82,45.6
2026-06-18T10:55:42,2026-06-18 10:55:39,000791,甘肃能源,8.86,-3.9046,9.0,9.15,8.83,9.22,475480741.12,9.22,8.83
2026-06-18T10:55:42,2026-06-18 10:55:39,002346,柘中股份,18.48,0.8183,18.75,19.0,18.18,18.33,87776862.0,18.33,16.48
2026-06-18T10:55:42,2026-06-18 10:55:39,002240,盛新锂能,46.85,-3.0021,47.0,49.08,46.56,48.3,1731854294.19,49.75,45.77
2026-06-18T10:55:42,2026-06-18 10:55:39,002364,中恒电气,53.07,2.0773,51.7,53.27,51.5,51.99,832397616.79,53.41,49.137
2026-06-18T10:55:42,2026-06-18 10:55:39,002745,木林森,11.32,-0.9624,11.49,11.83,11.23,11.43,736377985.23,10.87,10.0
2026-06-18T10:55:42,2026-06-18 10:55:40,600183,生益科技,184.21,2.2537,178.5,186.51,176.73,180.15,8641298670.0,183.755,169.055
2026-06-18T10:56:43,2026-06-18 10:56:43,603861,白云电器,15.56,-2.0768,15.9,15.98,15.55,15.89,134966696.0,15.89,14.98
2026-06-18T10:56:43,2026-06-18 10:56:42,000048,京基智农,17.99,-5.9592,19.05,19.49,17.9,19.13,364432188.41,19.13,17.37
2026-06-18T10:56:43,2026-06-18 10:56:42,605588,冠石科技,62.74,-0.4917,62.42,64.79,62.36,63.05,140196393.0,63.05,56.5
2026-06-18T10:56:43,2026-06-18 10:56:42,001266,宏英智能,52.55,3.4042,51.67,52.8,50.92,50.82,163959320.01,50.82,45.6
2026-06-18T10:56:43,2026-06-18 10:56:42,000791,甘肃能源,8.85,-4.013,9.0,9.15,8.83,9.22,476224458.12,9.22,8.83
2026-06-18T10:56:43,2026-06-18 10:56:42,002346,柘中股份,18.48,0.8183,18.75,19.0,18.18,18.33,88930872.0,18.33,16.48
2026-06-18T10:56:43,2026-06-18 10:56:42,002240,盛新锂能,46.82,-3.0642,47.0,49.08,46.56,48.3,1739454783.19,49.75,45.77
2026-06-18T10:56:43,2026-06-18 10:56:42,002364,中恒电气,52.97,1.885,51.7,53.27,51.5,51.99,837221503.79,53.41,49.137
2026-06-18T10:56:43,2026-06-18 10:56:42,002745,木林森,11.32,-0.9624,11.49,11.83,11.23,11.43,742727368.77,10.87,10.0
2026-06-18T10:56:43,2026-06-18 10:56:40,600183,生益科技,185.38,2.9031,178.5,186.51,176.73,180.15,8718429289.0,183.755,169.055
2026-06-18T10:57:44,2026-06-18 10:57:43,603861,白云电器,15.53,-2.2656,15.9,15.98,15.51,15.89,137105004.0,15.89,14.98
2026-06-18T10:57:44,2026-06-18 10:57:42,000048,京基智农,17.91,-6.3774,19.05,19.49,17.9,19.13,367219854.41,19.13,17.37
2026-06-18T10:57:44,2026-06-18 10:57:39,605588,冠石科技,62.65,-0.6344,62.42,64.79,62.36,63.05,140860644.0,63.05,56.5
2026-06-18T10:57:44,2026-06-18 10:57:42,001266,宏英智能,52.73,3.7584,51.67,52.8,50.92,50.82,164549274.01,50.82,45.6
2026-06-18T10:57:44,2026-06-18 10:57:42,000791,甘肃能源,8.84,-4.1215,9.0,9.15,8.83,9.22,479098798.12,9.22,8.83
2026-06-18T10:57:44,2026-06-18 10:57:42,002346,柘中股份,18.64,1.6912,18.75,19.0,18.18,18.33,90877049.0,18.33,16.48
2026-06-18T10:57:44,2026-06-18 10:57:42,002240,盛新锂能,46.81,-3.0849,47.0,49.08,46.56,48.3,1749367963.19,49.75,45.77
2026-06-18T10:57:44,2026-06-18 10:57:42,002364,中恒电气,52.91,1.7696,51.7,53.27,51.5,51.99,841377646.79,53.41,49.137
2026-06-18T10:57:44,2026-06-18 10:57:42,002745,木林森,11.31,-1.0499,11.49,11.83,11.23,11.43,744686867.77,10.87,10.0
2026-06-18T10:57:44,2026-06-18 10:57:43,600183,生益科技,185.53,2.9864,178.5,186.51,176.73,180.15,8765496543.0,183.755,169.055
2026-06-18T10:58:44,2026-06-18 10:58:43,603861,白云电器,15.53,-2.2656,15.9,15.98,15.5,15.89,138409135.0,15.89,14.98
2026-06-18T10:58:44,2026-06-18 10:58:42,000048,京基智农,17.87,-6.5865,19.05,19.49,17.84,19.13,369016781.41,19.13,17.37
2026-06-18T10:58:44,2026-06-18 10:58:42,605588,冠石科技,62.5,-0.8723,62.42,64.79,62.36,63.05,142480952.0,63.05,56.5
2026-06-18T10:58:44,2026-06-18 10:58:42,001266,宏英智能,52.57,3.4435,51.67,52.8,50.92,50.82,165007548.01,50.82,45.6
2026-06-18T10:58:44,2026-06-18 10:58:42,000791,甘肃能源,8.83,-4.2299,9.0,9.15,8.83,9.22,483227154.12,9.22,8.83
2026-06-18T10:58:44,2026-06-18 10:58:42,002346,柘中股份,18.64,1.6912,18.75,19.0,18.18,18.33,91340557.0,18.33,16.48
2026-06-18T10:58:44,2026-06-18 10:58:42,002240,盛新锂能,46.72,-3.2712,47.0,49.08,46.56,48.3,1757927568.19,49.75,45.77
2026-06-18T10:58:44,2026-06-18 10:58:42,002364,中恒电气,52.83,1.6157,51.7,53.27,51.5,51.99,847071407.79,53.41,49.137
2026-06-18T10:58:44,2026-06-18 10:58:42,002745,木林森,11.3,-1.1374,11.49,11.83,11.23,11.43,746103357.77,10.87,10.0
2026-06-18T10:58:44,2026-06-18 10:58:43,600183,生益科技,184.9,2.6367,178.5,186.51,176.73,180.15,8815914128.0,183.755,169.055
2026-06-18T10:59:44,2026-06-18 10:59:43,603861,白云电器,15.49,-2.5173,15.9,15.98,15.49,15.89,141022959.0,15.89,14.98
2026-06-18T10:59:44,2026-06-18 10:59:42,000048,京基智农,17.87,-6.5865,19.05,19.49,17.84,19.13,371235605.41,19.13,17.37
2026-06-18T10:59:44,2026-06-18 10:59:42,605588,冠石科技,62.55,-0.793,62.42,64.79,62.36,63.05,143137134.0,63.05,56.5
2026-06-18T10:59:44,2026-06-18 10:59:39,001266,宏英智能,52.36,3.0303,51.67,52.8,50.92,50.82,165695556.01,50.82,45.6
2026-06-18T10:59:44,2026-06-18 10:59:42,000791,甘肃能源,8.8,-4.5553,9.0,9.15,8.8,9.22,490155316.23,9.22,8.83
2026-06-18T10:59:44,2026-06-18 10:59:42,002346,柘中股份,18.49,0.8729,18.75,19.0,18.18,18.33,91483606.0,18.33,16.48
2026-06-18T10:59:44,2026-06-18 10:59:42,002240,盛新锂能,46.62,-3.4783,47.0,49.08,46.56,48.3,1778773691.59,49.75,45.77
2026-06-18T10:59:44,2026-06-18 10:59:42,002364,中恒电气,52.73,1.4234,51.7,53.27,51.5,51.99,850484958.79,53.41,49.137
2026-06-18T10:59:44,2026-06-18 10:59:42,002745,木林森,11.27,-1.3998,11.49,11.83,11.23,11.43,749702481.77,10.87,10.0
2026-06-18T10:59:44,2026-06-18 10:59:43,600183,生益科技,185.0,2.6922,178.5,186.51,176.73,180.15,8852798576.0,183.755,169.055
2026-06-18T11:00:45,2026-06-18 11:00:40,603861,白云电器,15.5,-2.4544,15.9,15.98,15.47,15.89,142068547.0,15.89,14.98
2026-06-18T11:00:45,2026-06-18 11:00:42,000048,京基智农,17.96,-6.116,19.05,19.49,17.84,19.13,374725774.41,19.13,17.37
2026-06-18T11:00:45,2026-06-18 11:00:42,605588,冠石科技,62.48,-0.904,62.42,64.79,62.36,63.05,144074928.0,63.05,56.5
2026-06-18T11:00:45,2026-06-18 11:00:42,001266,宏英智能,52.26,2.8335,51.67,52.8,50.92,50.82,166119351.01,50.82,45.6
2026-06-18T11:00:45,2026-06-18 11:00:42,000791,甘肃能源,8.8,-4.5553,9.0,9.15,8.8,9.22,493292329.23,9.22,8.83
2026-06-18T11:00:45,2026-06-18 11:00:42,002346,柘中股份,18.47,0.7638,18.75,19.0,18.18,18.33,91611266.0,18.33,16.48
2026-06-18T11:00:45,2026-06-18 11:00:42,002240,盛新锂能,46.51,-3.706,47.0,49.08,46.51,48.3,1816760895.24,49.75,45.77
2026-06-18T11:00:45,2026-06-18 11:00:42,002364,中恒电气,52.66,1.2887,51.7,53.27,51.5,51.99,852570524.79,53.41,49.137
2026-06-18T11:00:45,2026-06-18 11:00:42,002745,木林森,11.29,-1.2248,11.49,11.83,11.23,11.43,755004594.77,10.87,10.0
2026-06-18T11:00:45,2026-06-18 11:00:43,600183,生益科技,184.73,2.5423,178.5,186.51,176.73,180.15,8879145222.0,183.755,169.055
2026-06-18T11:01:46,2026-06-18 11:01:43,603861,白云电器,15.52,-2.3285,15.9,15.98,15.47,15.89,142703675.0,15.89,14.98
2026-06-18T11:01:46,2026-06-18 11:01:45,000048,京基智农,17.95,-6.1683,19.05,19.49,17.84,19.13,376842100.41,19.13,17.37
2026-06-18T11:01:46,2026-06-18 11:01:42,605588,冠石科技,62.47,-0.9199,62.42,64.79,62.36,63.05,145455733.0,63.05,56.5
2026-06-18T11:01:46,2026-06-18 11:01:45,001266,宏英智能,52.23,2.7745,51.67,52.8,50.92,50.82,166699246.01,50.82,45.6
2026-06-18T11:01:46,2026-06-18 11:01:45,000791,甘肃能源,8.8,-4.5553,9.0,9.15,8.8,9.22,498378402.23,9.22,8.83
2026-06-18T11:01:46,2026-06-18 11:01:45,002346,柘中股份,18.5,0.9274,18.75,19.0,18.18,18.33,91722080.0,18.33,16.48
2026-06-18T11:01:46,2026-06-18 11:01:45,002240,盛新锂能,46.46,-3.8095,47.0,49.08,46.38,48.3,1855041780.24,49.75,45.77
2026-06-18T11:01:46,2026-06-18 11:01:45,002364,中恒电气,52.78,1.5195,51.7,53.27,51.5,51.99,855084011.79,53.41,49.137
2026-06-18T11:01:46,2026-06-18 11:01:45,002745,木林森,11.29,-1.2248,11.49,11.83,11.23,11.43,757400987.77,10.87,10.0
2026-06-18T11:01:46,2026-06-18 11:01:43,600183,生益科技,185.98,3.2362,178.5,186.51,176.73,180.15,8951993883.0,183.755,169.055
2026-06-18T11:02:46,2026-06-18 11:02:43,603861,白云电器,15.5,-2.4544,15.9,15.98,15.47,15.89,143287137.0,15.89,14.98
2026-06-18T11:02:46,2026-06-18 11:02:45,000048,京基智农,17.89,-6.482,19.05,19.49,17.84,19.13,377914129.41,19.13,17.37
2026-06-18T11:02:46,2026-06-18 11:02:45,605588,冠石科技,62.42,-0.9992,62.42,64.79,62.36,63.05,146361513.0,63.05,56.5
2026-06-18T11:02:46,2026-06-18 11:02:45,001266,宏英智能,52.15,2.6171,51.67,52.8,50.92,50.82,167718022.01,50.82,45.6
2026-06-18T11:02:46,2026-06-18 11:02:45,000791,甘肃能源,8.81,-4.4469,9.0,9.15,8.79,9.22,501185949.23,9.22,8.83
2026-06-18T11:02:46,2026-06-18 11:02:45,002346,柘中股份,18.52,1.0366,18.75,19.0,18.18,18.33,92295785.0,18.33,16.48
2026-06-18T11:02:46,2026-06-18 11:02:45,002240,盛新锂能,46.4,-3.9337,47.0,49.08,46.38,48.3,1879111949.24,49.75,45.77
2026-06-18T11:02:46,2026-06-18 11:02:45,002364,中恒电气,52.7,1.3656,51.7,53.27,51.5,51.99,860026396.79,53.41,49.137
2026-06-18T11:02:46,2026-06-18 11:02:45,002745,木林森,11.27,-1.3998,11.49,11.83,11.23,11.43,760377465.77,10.87,10.0
2026-06-18T11:02:46,2026-06-18 11:02:43,600183,生益科技,185.5,2.9697,178.5,186.51,176.73,180.15,9020764611.0,183.755,169.055
2026-06-18T11:03:47,2026-06-18 11:03:46,603861,白云电器,15.48,-2.5802,15.9,15.98,15.47,15.89,144044583.0,15.89,14.98
2026-06-18T11:03:47,2026-06-18 11:03:45,000048,京基智农,17.91,-6.3774,19.05,19.49,17.84,19.13,378533481.41,19.13,17.37
2026-06-18T11:03:47,2026-06-18 11:03:45,605588,冠石科技,62.28,-1.2213,62.42,64.79,62.28,63.05,147483943.0,63.05,56.5
2026-06-18T11:03:47,2026-06-18 11:03:45,001266,宏英智能,52.26,2.8335,51.67,52.8,50.92,50.82,169173648.01,50.82,45.6
2026-06-18T11:03:47,2026-06-18 11:03:45,000791,甘肃能源,8.8,-4.5553,9.0,9.15,8.79,9.22,502763932.23,9.22,8.83
2026-06-18T11:03:47,2026-06-18 11:03:45,002346,柘中股份,18.5,0.9274,18.75,19.0,18.18,18.33,92410584.0,18.33,16.48
2026-06-18T11:03:47,2026-06-18 11:03:45,002240,盛新锂能,46.14,-4.472,47.0,49.08,46.12,48.3,1907976348.08,49.75,45.77
2026-06-18T11:03:47,2026-06-18 11:03:45,002364,中恒电气,52.63,1.231,51.7,53.27,51.5,51.99,864527263.79,53.41,49.137
2026-06-18T11:03:47,2026-06-18 11:03:45,002745,木林森,11.26,-1.4873,11.49,11.83,11.23,11.43,768033284.77,10.87,10.0
2026-06-18T11:03:47,2026-06-18 11:03:46,600183,生益科技,184.6,2.4702,178.5,186.51,176.73,180.15,9041733719.0,183.755,169.055
2026-06-18T11:04:47,2026-06-18 11:04:46,603861,白云电器,15.51,-2.3914,15.9,15.98,15.47,15.89,144957026.0,15.89,14.98
2026-06-18T11:04:47,2026-06-18 11:04:42,000048,京基智农,17.94,-6.2206,19.05,19.49,17.84,19.13,379344466.41,19.13,17.37
2026-06-18T11:04:47,2026-06-18 11:04:45,605588,冠石科技,62.58,-0.7454,62.42,64.79,62.26,63.05,149237110.0,63.05,56.5
2026-06-18T11:04:47,2026-06-18 11:04:45,001266,宏英智能,52.27,2.8532,51.67,52.8,50.92,50.82,169592153.01,50.82,45.6
2026-06-18T11:04:47,2026-06-18 11:04:45,000791,甘肃能源,8.79,-4.6638,9.0,9.15,8.78,9.22,505489900.23,9.22,8.83
2026-06-18T11:04:47,2026-06-18 11:04:45,002346,柘中股份,18.53,1.0911,18.75,19.0,18.18,18.33,92479082.0,18.33,16.48
2026-06-18T11:04:47,2026-06-18 11:04:45,002240,盛新锂能,46.4,-3.9337,47.0,49.08,46.11,48.3,1942965339.27,49.75,45.77
2026-06-18T11:04:47,2026-06-18 11:04:45,002364,中恒电气,52.73,1.4234,51.7,53.27,51.5,51.99,870688047.79,53.41,49.137
2026-06-18T11:04:47,2026-06-18 11:04:45,002745,木林森,11.27,-1.3998,11.49,11.83,11.23,11.43,775336153.77,10.87,10.0
2026-06-18T11:04:47,2026-06-18 11:04:46,600183,生益科技,185.36,2.892,178.5,186.51,176.73,180.15,9069157869.0,183.755,169.055
2026-06-18T11:05:47,2026-06-18 11:05:46,603861,白云电器,15.5,-2.4544,15.9,15.98,15.47,15.89,145622217.0,15.89,14.98
2026-06-18T11:05:47,2026-06-18 11:05:45,000048,京基智农,17.98,-6.0115,19.05,19.49,17.84,19.13,380192749.06,19.13,17.37
2026-06-18T11:05:47,2026-06-18 11:05:45,605588,冠石科技,62.66,-0.6186,62.42,64.79,62.26,63.05,149563051.0,63.05,56.5
2026-06-18T11:05:47,2026-06-18 11:05:45,001266,宏英智能,52.29,2.8926,51.67,52.8,50.92,50.82,170073469.01,50.82,45.6
2026-06-18T11:05:47,2026-06-18 11:05:45,000791,甘肃能源,8.79,-4.6638,9.0,9.15,8.78,9.22,507250787.23,9.22,8.83
2026-06-18T11:05:47,2026-06-18 11:05:45,002346,柘中股份,18.49,0.8729,18.75,19.0,18.18,18.33,92512369.0,18.33,16.48
2026-06-18T11:05:47,2026-06-18 11:05:45,002240,盛新锂能,46.3,-4.1408,47.0,49.08,46.11,48.3,1951721103.27,49.75,45.77
2026-06-18T11:05:47,2026-06-18 11:05:45,002364,中恒电气,52.81,1.5772,51.7,53.27,51.5,51.99,876231291.79,53.41,49.137
2026-06-18T11:05:47,2026-06-18 11:05:45,002745,木林森,11.27,-1.3998,11.49,11.83,11.23,11.43,776697933.77,10.87,10.0
2026-06-18T11:05:47,2026-06-18 11:05:46,600183,生益科技,185.85,3.164,178.5,186.51,176.73,180.15,9117247485.0,183.755,169.055
2026-06-18T11:06:48,2026-06-18 11:06:46,603861,白云电器,15.52,-2.3285,15.9,15.98,15.47,15.89,146398817.0,15.89,14.98
2026-06-18T11:06:48,2026-06-18 11:06:45,000048,京基智农,18.09,-5.4365,19.05,19.49,17.84,19.13,380861072.71,19.13,17.37
2026-06-18T11:06:48,2026-06-18 11:06:45,605588,冠石科技,62.68,-0.5868,62.42,64.79,62.26,63.05,150911088.0,63.05,56.5
2026-06-18T11:06:48,2026-06-18 11:06:39,001266,宏英智能,52.32,2.9516,51.67,52.8,50.92,50.82,170282762.01,50.82,45.6
2026-06-18T11:06:48,2026-06-18 11:06:45,000791,甘肃能源,8.79,-4.6638,9.0,9.15,8.78,9.22,509078601.23,9.22,8.83
2026-06-18T11:06:48,2026-06-18 11:06:45,002346,柘中股份,18.5,0.9274,18.75,19.0,18.18,18.33,92630667.0,18.33,16.48
2026-06-18T11:06:48,2026-06-18 11:06:45,002240,盛新锂能,46.22,-4.3064,47.0,49.08,46.11,48.3,1967494932.27,49.75,45.77
2026-06-18T11:06:48,2026-06-18 11:06:45,002364,中恒电气,52.97,1.885,51.7,53.27,51.5,51.99,879750839.79,53.41,49.137
2026-06-18T11:06:48,2026-06-18 11:06:45,002745,木林森,11.28,-1.3123,11.49,11.83,11.23,11.43,779294464.77,10.87,10.0
2026-06-18T11:06:48,2026-06-18 11:06:46,600183,生益科技,186.13,3.3195,178.5,186.51,176.73,180.15,9165034744.0,183.755,169.055
2026-06-18T11:07:48,2026-06-18 11:07:46,603861,白云电器,15.52,-2.3285,15.9,15.98,15.47,15.89,146746352.0,15.89,14.98
2026-06-18T11:07:48,2026-06-18 11:07:45,000048,京基智农,18.1,-5.3842,19.05,19.49,17.84,19.13,381893562.71,19.13,17.37
2026-06-18T11:07:48,2026-06-18 11:07:45,605588,冠石科技,62.75,-0.4758,62.42,64.79,62.26,63.05,151174618.0,63.05,56.5
2026-06-18T11:07:48,2026-06-18 11:07:42,001266,宏英智能,52.31,2.9319,51.67,52.8,50.92,50.82,170434426.01,50.82,45.6
2026-06-18T11:07:48,2026-06-18 11:07:45,000791,甘肃能源,8.79,-4.6638,9.0,9.15,8.78,9.22,510347921.23,9.22,8.83
2026-06-18T11:07:48,2026-06-18 11:07:42,002346,柘中股份,18.5,0.9274,18.75,19.0,18.18,18.33,92761887.0,18.33,16.48
2026-06-18T11:07:48,2026-06-18 11:07:45,002240,盛新锂能,46.12,-4.5135,47.0,49.08,46.11,48.3,1984240694.27,49.75,45.77
2026-06-18T11:07:48,2026-06-18 11:07:45,002364,中恒电气,52.94,1.8273,51.7,53.27,51.5,51.99,881805345.79,53.41,49.137
2026-06-18T11:07:48,2026-06-18 11:07:45,002745,木林森,11.3,-1.1374,11.49,11.83,11.23,11.43,781214389.77,10.87,10.0
2026-06-18T11:07:48,2026-06-18 11:07:46,600183,生益科技,186.14,3.325,178.5,186.51,176.73,180.15,9200591002.0,183.755,169.055
2026-06-18T11:08:48,2026-06-18 11:08:46,603861,白云电器,15.5,-2.4544,15.9,15.98,15.47,15.89,147630832.0,15.89,14.98
2026-06-18T11:08:48,2026-06-18 11:08:48,000048,京基智农,18.17,-5.0183,19.05,19.49,17.84,19.13,382973600.71,19.13,17.37
2026-06-18T11:08:48,2026-06-18 11:08:45,605588,冠石科技,62.75,-0.4758,62.42,64.79,62.26,63.05,151538589.0,63.05,56.5
2026-06-18T11:08:48,2026-06-18 11:08:48,001266,宏英智能,52.16,2.6368,51.67,52.8,50.92,50.82,170967677.01,50.82,45.6
2026-06-18T11:08:48,2026-06-18 11:08:48,000791,甘肃能源,8.81,-4.4469,9.0,9.15,8.78,9.22,514606372.23,9.22,8.83
2026-06-18T11:08:48,2026-06-18 11:08:48,002346,柘中股份,18.5,0.9274,18.75,19.0,18.18,18.33,92826624.0,18.33,16.48
2026-06-18T11:08:48,2026-06-18 11:08:48,002240,盛新锂能,45.91,-4.9482,47.0,49.08,45.9,48.3,2025488686.95,49.75,45.77
2026-06-18T11:08:48,2026-06-18 11:08:48,002364,中恒电气,52.95,1.8465,51.7,53.27,51.5,51.99,883415028.79,53.41,49.137
2026-06-18T11:08:48,2026-06-18 11:08:45,002745,木林森,11.3,-1.1374,11.49,11.83,11.23,11.43,782608290.77,10.87,10.0
2026-06-18T11:08:48,2026-06-18 11:08:46,600183,生益科技,186.28,3.4027,178.5,186.51,176.73,180.15,9243657150.0,183.755,169.055
2026-06-18T11:09:49,2026-06-18 11:09:46,603861,白云电器,15.5,-2.4544,15.9,15.98,15.47,15.89,147855427.0,15.89,14.98
2026-06-18T11:09:49,2026-06-18 11:09:48,000048,京基智农,18.2,-4.8615,19.05,19.49,17.84,19.13,384535043.71,19.13,17.37
2026-06-18T11:09:49,2026-06-18 11:09:45,605588,冠石科技,62.85,-0.3172,62.42,64.79,62.26,63.05,152348040.0,63.05,56.5
2026-06-18T11:09:49,2026-06-18 11:09:45,001266,宏英智能,52.22,2.7548,51.67,52.8,50.92,50.82,171129457.01,50.82,45.6
2026-06-18T11:09:49,2026-06-18 11:09:48,000791,甘肃能源,8.82,-4.3384,9.0,9.15,8.78,9.22,515896730.23,9.22,8.83
2026-06-18T11:09:49,2026-06-18 11:09:48,002346,柘中股份,18.59,1.4184,18.75,19.0,18.18,18.33,93118286.0,18.33,16.48
2026-06-18T11:09:49,2026-06-18 11:09:48,002240,盛新锂能,46.0,-4.7619,47.0,49.08,45.8,48.3,2066893683.63,49.75,45.77
2026-06-18T11:09:49,2026-06-18 11:09:48,002364,中恒电气,52.98,1.9042,51.7,53.27,51.5,51.99,886115198.79,53.41,49.137
2026-06-18T11:09:49,2026-06-18 11:09:45,002745,木林森,11.29,-1.2248,11.49,11.83,11.23,11.43,783565000.77,10.87,10.0
2026-06-18T11:09:49,2026-06-18 11:09:46,600183,生益科技,185.85,3.164,178.5,186.51,176.73,180.15,9290938243.0,183.755,169.055
2026-06-18T11:10:49,2026-06-18 11:10:46,603861,白云电器,15.49,-2.5173,15.9,15.98,15.47,15.89,148473816.0,15.89,14.98
2026-06-18T11:10:49,2026-06-18 11:10:48,000048,京基智农,18.29,-4.391,19.05,19.49,17.84,19.13,386878471.71,19.13,17.37
2026-06-18T11:10:49,2026-06-18 11:10:48,605588,冠石科技,62.72,-0.5234,62.42,64.79,62.26,63.05,153490887.0,63.05,56.5
2026-06-18T11:10:49,2026-06-18 11:10:48,001266,宏英智能,52.22,2.7548,51.67,52.8,50.92,50.82,171406177.01,50.82,45.6
2026-06-18T11:10:49,2026-06-18 11:10:48,000791,甘肃能源,8.8,-4.5553,9.0,9.15,8.78,9.22,516810731.23,9.22,8.83
2026-06-18T11:10:49,2026-06-18 11:10:48,002346,柘中股份,18.56,1.2548,18.75,19.0,18.18,18.33,93804749.0,18.33,16.48
2026-06-18T11:10:49,2026-06-18 11:10:48,002240,盛新锂能,46.08,-4.5963,47.0,49.08,45.8,48.3,2083282500.63,49.75,45.77
2026-06-18T11:10:49,2026-06-18 11:10:48,002364,中恒电气,52.86,1.6734,51.7,53.27,51.5,51.99,892610699.79,53.41,49.137
2026-06-18T11:10:49,2026-06-18 11:10:45,002745,木林森,11.29,-1.2248,11.49,11.83,11.23,11.43,786598299.77,10.87,10.0
2026-06-18T11:10:49,2026-06-18 11:10:46,600183,生益科技,185.63,3.0419,178.5,186.51,176.73,180.15,9311155799.0,183.755,169.055
2026-06-18T11:11:49,2026-06-18 11:11:46,603861,白云电器,15.45,-2.769,15.9,15.98,15.45,15.89,149544029.0,15.89,14.98
2026-06-18T11:11:49,2026-06-18 11:11:48,000048,京基智农,18.38,-3.9205,19.05,19.49,17.84,19.13,388834929.71,19.13,17.37
2026-06-18T11:11:49,2026-06-18 11:11:45,605588,冠石科技,62.69,-0.571,62.42,64.79,62.26,63.05,153835817.0,63.05,56.5
2026-06-18T11:11:49,2026-06-18 11:11:48,001266,宏英智能,52.1,2.5187,51.67,52.8,50.92,50.82,172031857.01,50.82,45.6
2026-06-18T11:11:49,2026-06-18 11:11:48,000791,甘肃能源,8.8,-4.5553,9.0,9.15,8.78,9.22,517793169.23,9.22,8.83
2026-06-18T11:11:49,2026-06-18 11:11:48,002346,柘中股份,18.51,0.982,18.75,19.0,18.18,18.33,94364407.0,18.33,16.48
2026-06-18T11:11:49,2026-06-18 11:11:48,002240,盛新锂能,45.97,-4.824,47.0,49.08,45.8,48.3,2096032431.6,49.75,45.77
2026-06-18T11:11:49,2026-06-18 11:11:48,002364,中恒电气,52.85,1.6542,51.7,53.27,51.5,51.99,894239376.79,53.41,49.137
2026-06-18T11:11:49,2026-06-18 11:11:48,002745,木林森,11.28,-1.3123,11.49,11.83,11.23,11.43,789501641.77,10.87,10.0
2026-06-18T11:11:49,2026-06-18 11:11:46,600183,生益科技,185.4,2.9142,178.5,186.51,176.73,180.15,9332939966.0,183.755,169.055
2026-06-18T11:12:50,2026-06-18 11:12:49,603861,白云电器,15.45,-2.769,15.9,15.98,15.42,15.89,151132929.0,15.89,14.98
2026-06-18T11:12:50,2026-06-18 11:12:48,000048,京基智农,18.36,-4.0251,19.05,19.49,17.84,19.13,390461638.71,19.13,17.37
2026-06-18T11:12:50,2026-06-18 11:12:48,605588,冠石科技,62.54,-0.8089,62.42,64.79,62.26,63.05,154236564.0,63.05,56.5
2026-06-18T11:12:50,2026-06-18 11:12:45,001266,宏英智能,52.05,2.4203,51.67,52.8,50.92,50.82,172458685.01,50.82,45.6
2026-06-18T11:12:50,2026-06-18 11:12:48,000791,甘肃能源,8.8,-4.5553,9.0,9.15,8.78,9.22,519087314.23,9.22,8.83
2026-06-18T11:12:50,2026-06-18 11:12:45,002346,柘中股份,18.53,1.0911,18.75,19.0,18.18,18.33,94394070.0,18.33,16.48
2026-06-18T11:12:50,2026-06-18 11:12:48,002240,盛新锂能,45.86,-5.0518,47.0,49.08,45.8,48.3,2114696700.6,49.75,45.77
2026-06-18T11:12:50,2026-06-18 11:12:48,002364,中恒电气,52.66,1.2887,51.7,53.27,51.5,51.99,897906281.79,53.41,49.137
2026-06-18T11:12:50,2026-06-18 11:12:48,002745,木林森,11.26,-1.4873,11.49,11.83,11.23,11.43,792373083.77,10.87,10.0
2026-06-18T11:12:50,2026-06-18 11:12:46,600183,生益科技,184.7,2.5257,178.5,186.51,176.73,180.15,9366079157.0,183.755,169.055
2026-06-18T11:13:50,2026-06-18 11:13:49,603861,白云电器,15.41,-3.0208,15.9,15.98,15.41,15.89,153219227.0,15.89,14.98
2026-06-18T11:13:50,2026-06-18 11:13:48,000048,京基智农,18.42,-3.7114,19.05,19.49,17.84,19.13,392735900.71,19.13,17.37
2026-06-18T11:13:50,2026-06-18 11:13:48,605588,冠石科技,62.5,-0.8723,62.42,64.79,62.26,63.05,155373392.0,63.05,56.5
2026-06-18T11:13:50,2026-06-18 11:13:48,001266,宏英智能,52.01,2.3416,51.67,52.8,50.92,50.82,173659764.01,50.82,45.6
2026-06-18T11:13:50,2026-06-18 11:13:48,000791,甘肃能源,8.79,-4.6638,9.0,9.15,8.78,9.22,520170729.23,9.22,8.83
2026-06-18T11:13:50,2026-06-18 11:13:42,002346,柘中股份,18.5,0.9274,18.75,19.0,18.18,18.33,95280509.0,18.33,16.48
2026-06-18T11:13:50,2026-06-18 11:13:48,002240,盛新锂能,45.82,-5.1346,47.0,49.08,45.75,48.3,2149200163.89,49.75,45.77
2026-06-18T11:13:50,2026-06-18 11:13:48,002364,中恒电气,52.6,1.1733,51.7,53.27,51.5,51.99,901543017.79,53.41,49.137
2026-06-18T11:13:50,2026-06-18 11:13:48,002745,木林森,11.25,-1.5748,11.49,11.83,11.23,11.43,795590808.77,10.87,10.0
2026-06-18T11:13:50,2026-06-18 11:13:49,600183,生益科技,184.16,2.2259,178.5,186.51,176.73,180.15,9400464045.0,183.755,169.055
2026-06-18T11:14:50,2026-06-18 11:14:49,603861,白云电器,15.41,-3.0208,15.9,15.98,15.41,15.89,154260237.0,15.89,14.98
2026-06-18T11:14:50,2026-06-18 11:14:48,000048,京基智农,18.37,-3.9728,19.05,19.49,17.84,19.13,394362142.71,19.13,17.37
2026-06-18T11:14:50,2026-06-18 11:14:48,605588,冠石科技,62.51,-0.8565,62.42,64.79,62.26,63.05,156729309.0,63.05,56.5
2026-06-18T11:14:50,2026-06-18 11:14:48,001266,宏英智能,51.96,2.2432,51.67,52.8,50.92,50.82,174544040.01,50.82,45.6
2026-06-18T11:14:50,2026-06-18 11:14:48,000791,甘肃能源,8.79,-4.6638,9.0,9.15,8.78,9.22,522040924.23,9.22,8.83
2026-06-18T11:14:50,2026-06-18 11:14:48,002346,柘中股份,18.46,0.7092,18.75,19.0,18.18,18.33,95528229.0,18.33,16.48
2026-06-18T11:14:50,2026-06-18 11:14:48,002240,盛新锂能,45.8,-5.176,47.0,49.08,45.73,48.3,2174268749.46,49.75,45.77
2026-06-18T11:14:50,2026-06-18 11:14:48,002364,中恒电气,52.58,1.1348,51.7,53.27,51.5,51.99,905811933.79,53.41,49.137
2026-06-18T11:14:50,2026-06-18 11:14:48,002745,木林森,11.25,-1.5748,11.49,11.83,11.23,11.43,802591116.77,10.87,10.0
2026-06-18T11:14:50,2026-06-18 11:14:49,600183,生益科技,184.32,2.3147,178.5,186.51,176.73,180.15,9443351489.0,183.755,169.055
2026-06-18T11:15:51,2026-06-18 11:15:49,603861,白云电器,15.44,-2.832,15.9,15.98,15.4,15.89,155656730.0,15.89,14.98
2026-06-18T11:15:51,2026-06-18 11:15:48,000048,京基智农,18.52,-3.1887,19.05,19.49,17.84,19.13,395821974.71,19.13,17.37
2026-06-18T11:15:51,2026-06-18 11:15:48,605588,冠石科技,62.65,-0.6344,62.42,64.79,62.26,63.05,158406529.0,63.05,56.5
2026-06-18T11:15:51,2026-06-18 11:15:48,001266,宏英智能,52.09,2.499,51.67,52.8,50.92,50.82,175147724.01,50.82,45.6
2026-06-18T11:15:51,2026-06-18 11:15:48,000791,甘肃能源,8.8,-4.5553,9.0,9.15,8.78,9.22,523831130.23,9.22,8.83
2026-06-18T11:15:51,2026-06-18 11:15:39,002346,柘中股份,18.49,0.8729,18.75,19.0,18.18,18.33,95735184.0,18.33,16.48
2026-06-18T11:15:51,2026-06-18 11:15:48,002240,盛新锂能,46.17,-4.4099,47.0,49.08,45.73,48.3,2188518064.72,49.75,45.77
2026-06-18T11:15:51,2026-06-18 11:15:48,002364,中恒电气,52.7,1.3656,51.7,53.27,51.5,51.99,907413313.79,53.41,49.137
2026-06-18T11:15:51,2026-06-18 11:15:48,002745,木林森,11.27,-1.3998,11.49,11.83,11.23,11.43,805716184.77,10.87,10.0
2026-06-18T11:15:51,2026-06-18 11:15:49,600183,生益科技,185.1,2.7477,178.5,186.51,176.73,180.15,9477835161.0,183.755,169.055
2026-06-18T11:16:52,2026-06-18 11:16:49,603861,白云电器,15.43,-2.8949,15.9,15.98,15.4,15.89,156326868.0,15.89,14.98
2026-06-18T11:16:52,2026-06-18 11:16:51,000048,京基智农,18.5,-3.2933,19.05,19.49,17.84,19.13,398169901.71,19.13,17.37
2026-06-18T11:16:52,2026-06-18 11:16:48,605588,冠石科技,62.57,-0.7613,62.42,64.79,62.26,63.05,158801176.0,63.05,56.5
2026-06-18T11:16:52,2026-06-18 11:16:51,001266,宏英智能,52.08,2.4793,51.67,52.8,50.92,50.82,175679658.01,50.82,45.6
2026-06-18T11:16:52,2026-06-18 11:16:51,000791,甘肃能源,8.81,-4.4469,9.0,9.15,8.78,9.22,524628609.23,9.22,8.83
2026-06-18T11:16:52,2026-06-18 11:16:51,002346,柘中股份,18.48,0.8183,18.75,19.0,18.18,18.33,95779531.0,18.33,16.48
2026-06-18T11:16:52,2026-06-18 11:16:51,002240,盛新锂能,46.18,-4.3892,47.0,49.08,45.73,48.3,2205181887.72,49.75,45.77
2026-06-18T11:16:52,2026-06-18 11:16:51,002364,中恒电气,52.88,1.7119,51.7,53.27,51.5,51.99,914092178.79,53.41,49.137
2026-06-18T11:16:52,2026-06-18 11:16:51,002745,木林森,11.28,-1.3123,11.49,11.83,11.23,11.43,808099348.77,10.87,10.0
2026-06-18T11:16:52,2026-06-18 11:16:49,600183,生益科技,185.07,2.7311,178.5,186.51,176.73,180.15,9493836200.0,183.755,169.055
2026-06-18T11:17:52,2026-06-18 11:17:49,603861,白云电器,15.44,-2.832,15.9,15.98,15.4,15.89,156808274.0,15.89,14.98
2026-06-18T11:17:52,2026-06-18 11:17:51,000048,京基智农,18.54,-3.0842,19.05,19.49,17.84,19.13,399146431.71,19.13,17.37
2026-06-18T11:17:52,2026-06-18 11:17:48,605588,冠石科技,62.58,-0.7454,62.42,64.79,62.26,63.05,159026290.0,63.05,56.5
2026-06-18T11:17:52,2026-06-18 11:17:51,001266,宏英智能,52.01,2.3416,51.67,52.8,50.92,50.82,175882619.01,50.82,45.6
2026-06-18T11:17:52,2026-06-18 11:17:51,000791,甘肃能源,8.8,-4.5553,9.0,9.15,8.78,9.22,525889763.23,9.22,8.83
2026-06-18T11:17:52,2026-06-18 11:17:51,002346,柘中股份,18.48,0.8183,18.75,19.0,18.18,18.33,96199219.0,18.33,16.48
2026-06-18T11:17:52,2026-06-18 11:17:51,002240,盛新锂能,46.14,-4.472,47.0,49.08,45.73,48.3,2213146525.72,49.75,45.77
2026-06-18T11:17:52,2026-06-18 11:17:51,002364,中恒电气,53.02,1.9812,51.7,53.27,51.5,51.99,920246609.79,53.41,49.137
2026-06-18T11:17:52,2026-06-18 11:17:51,002745,木林森,11.26,-1.4873,11.49,11.83,11.23,11.43,810753897.77,10.87,10.0
2026-06-18T11:17:52,2026-06-18 11:17:49,600183,生益科技,184.85,2.6089,178.5,186.51,176.73,180.15,9509062182.0,183.755,169.055
2026-06-18T11:18:52,2026-06-18 11:18:49,603861,白云电器,15.44,-2.832,15.9,15.98,15.4,15.89,157195754.0,15.89,14.98
2026-06-18T11:18:52,2026-06-18 11:18:51,000048,京基智农,18.53,-3.1364,19.05,19.49,17.84,19.13,400008469.71,19.13,17.37
2026-06-18T11:18:52,2026-06-18 11:18:51,605588,冠石科技,62.63,-0.6661,62.42,64.79,62.26,63.05,159113941.0,63.05,56.5
2026-06-18T11:18:52,2026-06-18 11:18:51,001266,宏英智能,51.98,2.2826,51.67,52.8,50.92,50.82,176542882.01,50.82,45.6
2026-06-18T11:18:52,2026-06-18 11:18:51,000791,甘肃能源,8.8,-4.5553,9.0,9.15,8.78,9.22,526637197.23,9.22,8.83
2026-06-18T11:18:52,2026-06-18 11:18:48,002346,柘中股份,18.48,0.8183,18.75,19.0,18.18,18.33,96241718.0,18.33,16.48
2026-06-18T11:18:52,2026-06-18 11:18:51,002240,盛新锂能,46.04,-4.6791,47.0,49.08,45.73,48.3,2217050967.72,49.75,45.77
2026-06-18T11:18:52,2026-06-18 11:18:51,002364,中恒电气,52.95,1.8465,51.7,53.27,51.5,51.99,922710883.79,53.41,49.137
2026-06-18T11:18:52,2026-06-18 11:18:51,002745,木林森,11.28,-1.3123,11.49,11.83,11.23,11.43,812657726.77,10.87,10.0
2026-06-18T11:18:52,2026-06-18 11:18:49,600183,生益科技,185.39,2.9087,178.5,186.51,176.73,180.15,9523855815.0,183.755,169.055
2026-06-18T11:19:53,2026-06-18 11:19:52,603861,白云电器,15.43,-2.8949,15.9,15.98,15.4,15.89,158275234.0,15.89,14.98
2026-06-18T11:19:53,2026-06-18 11:19:51,000048,京基智农,18.54,-3.0842,19.05,19.49,17.84,19.13,401335869.71,19.13,17.37
2026-06-18T11:19:53,2026-06-18 11:19:51,605588,冠石科技,62.73,-0.5075,62.42,64.79,62.26,63.05,159678020.0,63.05,56.5
2026-06-18T11:19:53,2026-06-18 11:19:51,001266,宏英智能,51.96,2.2432,51.67,52.8,50.92,50.82,177036717.01,50.82,45.6
2026-06-18T11:19:53,2026-06-18 11:19:51,000791,甘肃能源,8.8,-4.5553,9.0,9.15,8.78,9.22,527490752.23,9.22,8.83
2026-06-18T11:19:53,2026-06-18 11:19:33,002346,柘中股份,18.49,0.8729,18.75,19.0,18.18,18.33,96263903.0,18.33,16.48
2026-06-18T11:19:53,2026-06-18 11:19:51,002240,盛新锂能,45.96,-4.8447,47.0,49.08,45.73,48.3,2225274951.72,49.75,45.77
2026-06-18T11:19:53,2026-06-18 11:19:51,002364,中恒电气,52.92,1.7888,51.7,53.27,51.5,51.99,926485893.79,53.41,49.137
2026-06-18T11:19:53,2026-06-18 11:19:51,002745,木林森,11.3,-1.1374,11.49,11.83,11.23,11.43,815484740.77,10.87,10.0
2026-06-18T11:19:53,2026-06-18 11:19:52,600183,生益科技,185.53,2.9864,178.5,186.51,176.73,180.15,9551318338.0,183.755,169.055
2026-06-18T11:20:53,2026-06-18 11:20:52,603861,白云电器,15.43,-2.8949,15.9,15.98,15.4,15.89,158443333.0,15.89,14.98
2026-06-18T11:20:53,2026-06-18 11:20:51,000048,京基智农,18.59,-2.8228,19.05,19.49,17.84,19.13,402894092.71,19.13,17.37
2026-06-18T11:20:53,2026-06-18 11:20:51,605588,冠石科技,62.75,-0.4758,62.42,64.79,62.26,63.05,160845119.0,63.05,56.5
2026-06-18T11:20:53,2026-06-18 11:20:51,001266,宏英智能,52.04,2.4006,51.67,52.8,50.92,50.82,177707646.01,50.82,45.6
2026-06-18T11:20:53,2026-06-18 11:20:51,000791,甘肃能源,8.81,-4.4469,9.0,9.15,8.78,9.22,527988926.23,9.22,8.83
2026-06-18T11:20:53,2026-06-18 11:20:51,002346,柘中股份,18.48,0.8183,18.75,19.0,18.18,18.33,96330458.0,18.33,16.48
2026-06-18T11:20:53,2026-06-18 11:20:51,002240,盛新锂能,46.11,-4.5342,47.0,49.08,45.73,48.3,2234613885.72,49.75,45.77
2026-06-18T11:20:53,2026-06-18 11:20:51,002364,中恒电气,52.92,1.7888,51.7,53.27,51.5,51.99,929658657.79,53.41,49.137
2026-06-18T11:20:53,2026-06-18 11:20:51,002745,木林森,11.31,-1.0499,11.49,11.83,11.23,11.43,817224933.77,10.87,10.0
2026-06-18T11:20:53,2026-06-18 11:20:49,600183,生益科技,185.8,3.1363,178.5,186.51,176.73,180.15,9568984044.0,183.755,169.055
2026-06-18T11:21:53,2026-06-18 11:21:52,603861,白云电器,15.45,-2.769,15.9,15.98,15.4,15.89,159232546.0,15.89,14.98
2026-06-18T11:21:53,2026-06-18 11:21:51,000048,京基智农,18.62,-2.666,19.05,19.49,17.84,19.13,404041181.71,19.13,17.37
2026-06-18T11:21:53,2026-06-18 11:21:51,605588,冠石科技,62.91,-0.222,62.42,64.79,62.26,63.05,161159155.0,63.05,56.5
2026-06-18T11:21:53,2026-06-18 11:21:51,001266,宏英智能,52.11,2.5384,51.67,52.8,50.92,50.82,177926529.01,50.82,45.6
2026-06-18T11:21:53,2026-06-18 11:21:51,000791,甘肃能源,8.81,-4.4469,9.0,9.15,8.78,9.22,529207096.23,9.22,8.83
2026-06-18T11:21:53,2026-06-18 11:21:48,002346,柘中股份,18.48,0.8183,18.75,19.0,18.18,18.33,96361890.0,18.33,16.48
2026-06-18T11:21:53,2026-06-18 11:21:51,002240,盛新锂能,46.29,-4.1615,47.0,49.08,45.73,48.3,2240860345.72,49.75,45.77
2026-06-18T11:21:53,2026-06-18 11:21:51,002364,中恒电气,52.97,1.885,51.7,53.27,51.5,51.99,934577078.79,53.41,49.137
2026-06-18T11:21:53,2026-06-18 11:21:51,002745,木林森,11.32,-0.9624,11.49,11.83,11.23,11.43,819063005.77,10.87,10.0
2026-06-18T11:21:53,2026-06-18 11:21:52,600183,生益科技,185.98,3.2362,178.5,186.51,176.73,180.15,9608350096.0,183.755,169.055
2026-06-18T11:22:54,2026-06-18 11:22:52,603861,白云电器,15.45,-2.769,15.9,15.98,15.4,15.89,159561707.0,15.89,14.98
2026-06-18T11:22:54,2026-06-18 11:22:51,000048,京基智农,18.55,-3.0319,19.05,19.49,17.84,19.13,405118478.71,19.13,17.37
2026-06-18T11:22:54,2026-06-18 11:22:51,605588,冠石科技,62.77,-0.4441,62.42,64.79,62.26,63.05,161366351.0,63.05,56.5
2026-06-18T11:22:54,2026-06-18 11:22:51,001266,宏英智能,51.99,2.3022,51.67,52.8,50.92,50.82,178623868.01,50.82,45.6
2026-06-18T11:22:54,2026-06-18 11:22:51,000791,甘肃能源,8.81,-4.4469,9.0,9.15,8.78,9.22,529438702.23,9.22,8.83
2026-06-18T11:22:54,2026-06-18 11:22:45,002346,柘中股份,18.46,0.7092,18.75,19.0,18.18,18.33,96637155.0,18.33,16.48
2026-06-18T11:22:54,2026-06-18 11:22:51,002240,盛新锂能,46.33,-4.0787,47.0,49.08,45.73,48.3,2251868507.72,49.75,45.77
2026-06-18T11:22:54,2026-06-18 11:22:51,002364,中恒电气,52.94,1.8273,51.7,53.27,51.5,51.99,936779950.79,53.41,49.137
2026-06-18T11:22:54,2026-06-18 11:22:51,002745,木林森,11.31,-1.0499,11.49,11.83,11.23,11.43,821151103.77,10.87,10.0
2026-06-18T11:22:54,2026-06-18 11:22:52,600183,生益科技,186.2,3.3583,178.5,186.51,176.73,180.15,9661538190.0,183.755,169.055
2026-06-18T11:23:54,2026-06-18 11:23:52,603861,白云电器,15.45,-2.769,15.9,15.98,15.4,15.89,160093312.0,15.89,14.98
2026-06-18T11:23:54,2026-06-18 11:23:51,000048,京基智农,18.49,-3.3455,19.05,19.49,17.84,19.13,406067242.71,19.13,17.37
2026-06-18T11:23:54,2026-06-18 11:23:51,605588,冠石科技,62.73,-0.5075,62.42,64.79,62.26,63.05,161642346.0,63.05,56.5
2026-06-18T11:23:54,2026-06-18 11:23:51,001266,宏英智能,51.95,2.2235,51.67,52.8,50.92,50.82,179538473.01,50.82,45.6
2026-06-18T11:23:54,2026-06-18 11:23:51,000791,甘肃能源,8.81,-4.4469,9.0,9.15,8.78,9.22,529912287.23,9.22,8.83
2026-06-18T11:23:54,2026-06-18 11:23:45,002346,柘中股份,18.42,0.491,18.75,19.0,18.18,18.33,96773591.0,18.33,16.48
2026-06-18T11:23:54,2026-06-18 11:23:51,002240,盛新锂能,46.38,-3.9752,47.0,49.08,45.73,48.3,2260375137.72,49.75,45.77
2026-06-18T11:23:54,2026-06-18 11:23:51,002364,中恒电气,52.93,1.808,51.7,53.27,51.5,51.99,938964982.79,53.41,49.137
2026-06-18T11:23:54,2026-06-18 11:23:51,002745,木林森,11.29,-1.2248,11.49,11.83,11.23,11.43,822452970.77,10.87,10.0
2026-06-18T11:23:54,2026-06-18 11:23:52,600183,生益科技,185.86,3.1696,178.5,186.51,176.73,180.15,9716396511.0,183.755,169.055
2026-06-18T11:24:54,2026-06-18 11:24:52,603861,白云电器,15.48,-2.5802,15.9,15.98,15.4,15.89,160436822.0,15.89,14.98
2026-06-18T11:24:54,2026-06-18 11:24:51,000048,京基智农,18.53,-3.1364,19.05,19.49,17.84,19.13,407434534.71,19.13,17.37
2026-06-18T11:24:54,2026-06-18 11:24:51,605588,冠石科技,62.82,-0.3648,62.42,64.79,62.26,63.05,161893435.0,63.05,56.5
2026-06-18T11:24:54,2026-06-18 11:24:51,001266,宏英智能,51.98,2.2826,51.67,52.8,50.92,50.82,180016573.01,50.82,45.6
2026-06-18T11:24:54,2026-06-18 11:24:51,000791,甘肃能源,8.81,-4.4469,9.0,9.15,8.78,9.22,531006136.46,9.22,8.83
2026-06-18T11:24:54,2026-06-18 11:24:45,002346,柘中股份,18.47,0.7638,18.75,19.0,18.18,18.33,96882342.0,18.33,16.48
2026-06-18T11:24:54,2026-06-18 11:24:51,002240,盛新锂能,46.34,-4.058,47.0,49.08,45.73,48.3,2265237753.72,49.75,45.77
2026-06-18T11:24:54,2026-06-18 11:24:51,002364,中恒电气,53.03,2.0004,51.7,53.27,51.5,51.99,943553767.79,53.41,49.137
2026-06-18T11:24:54,2026-06-18 11:24:51,002745,木林森,11.32,-0.9624,11.49,11.83,11.23,11.43,824999932.77,10.87,10.0
2026-06-18T11:24:54,2026-06-18 11:24:52,600183,生益科技,186.09,3.2973,178.5,186.51,176.73,180.15,9741569215.0,183.755,169.055
2026-06-18T11:25:54,2026-06-18 11:25:52,603861,白云电器,15.47,-2.6432,15.9,15.98,15.4,15.89,161560863.0,15.89,14.98
2026-06-18T11:25:54,2026-06-18 11:25:51,000048,京基智农,18.52,-3.1887,19.05,19.49,17.84,19.13,407719951.71,19.13,17.37
2026-06-18T11:25:54,2026-06-18 11:25:51,605588,冠石科技,62.83,-0.3489,62.42,64.79,62.26,63.05,162527891.0,63.05,56.5
2026-06-18T11:25:54,2026-06-18 11:25:51,001266,宏英智能,51.94,2.2039,51.67,52.8,50.92,50.82,180650636.01,50.82,45.6
2026-06-18T11:25:54,2026-06-18 11:25:51,000791,甘肃能源,8.81,-4.4469,9.0,9.15,8.78,9.22,531638308.63,9.22,8.83
2026-06-18T11:25:54,2026-06-18 11:25:51,002346,柘中股份,18.51,0.982,18.75,19.0,18.18,18.33,96991521.0,18.33,16.48
2026-06-18T11:25:54,2026-06-18 11:25:51,002240,盛新锂能,46.3,-4.1408,47.0,49.08,45.73,48.3,2269832749.72,49.75,45.77
2026-06-18T11:25:54,2026-06-18 11:25:51,002364,中恒电气,52.96,1.8657,51.7,53.27,51.5,51.99,945494198.79,53.41,49.137
2026-06-18T11:25:54,2026-06-18 11:25:51,002745,木林森,11.32,-0.9624,11.49,11.83,11.23,11.43,826306468.77,10.87,10.0
2026-06-18T11:25:54,2026-06-18 11:25:52,600183,生益科技,186.9,3.7469,178.5,187.35,176.73,180.15,9970737442.0,183.755,169.055
2026-06-18T11:26:55,2026-06-18 11:26:49,603861,白云电器,15.45,-2.769,15.9,15.98,15.4,15.89,162237997.0,15.89,14.98
2026-06-18T11:26:55,2026-06-18 11:26:51,000048,京基智农,18.47,-3.4501,19.05,19.49,17.84,19.13,408581698.71,19.13,17.37
2026-06-18T11:26:55,2026-06-18 11:26:51,605588,冠石科技,62.76,-0.46,62.42,64.79,62.26,63.05,162797771.0,63.05,56.5
2026-06-18T11:26:55,2026-06-18 11:26:51,001266,宏英智能,51.98,2.2826,51.67,52.8,50.92,50.82,181165072.01,50.82,45.6
2026-06-18T11:26:55,2026-06-18 11:26:51,000791,甘肃能源,8.81,-4.4469,9.0,9.15,8.78,9.22,533125095.63,9.22,8.83
2026-06-18T11:26:55,2026-06-18 11:26:51,002346,柘中股份,18.47,0.7638,18.75,19.0,18.18,18.33,97059967.0,18.33,16.48
2026-06-18T11:26:55,2026-06-18 11:26:51,002240,盛新锂能,46.2,-4.3478,47.0,49.08,45.73,48.3,2273556078.72,49.75,45.77
2026-06-18T11:26:55,2026-06-18 11:26:51,002364,中恒电气,52.93,1.808,51.7,53.27,51.5,51.99,947124342.79,53.41,49.137
2026-06-18T11:26:55,2026-06-18 11:26:51,002745,木林森,11.32,-0.9624,11.49,11.83,11.23,11.43,827899446.77,10.87,10.0
2026-06-18T11:26:55,2026-06-18 11:26:52,600183,生益科技,186.48,3.5137,178.5,187.35,176.73,180.15,10030097682.0,183.755,169.055
2026-06-18T11:27:55,2026-06-18 11:27:52,603861,白云电器,15.46,-2.7061,15.9,15.98,15.4,15.89,162412670.0,15.89,14.98
2026-06-18T11:27:55,2026-06-18 11:27:54,000048,京基智农,18.46,-3.5024,19.05,19.49,17.84,19.13,409880046.71,19.13,17.37
2026-06-18T11:27:55,2026-06-18 11:27:51,605588,冠石科技,62.72,-0.5234,62.42,64.79,62.26,63.05,163080180.0,63.05,56.5
2026-06-18T11:27:55,2026-06-18 11:27:54,001266,宏英智能,51.95,2.2235,51.67,52.8,50.92,50.82,181632679.01,50.82,45.6
2026-06-18T11:27:55,2026-06-18 11:27:54,000791,甘肃能源,8.78,-4.7722,9.0,9.15,8.78,9.22,536594297.23,9.22,8.83
2026-06-18T11:27:55,2026-06-18 11:27:54,002346,柘中股份,18.46,0.7092,18.75,19.0,18.18,18.33,97135689.0,18.33,16.48
2026-06-18T11:27:55,2026-06-18 11:27:54,002240,盛新锂能,46.1,-4.5549,47.0,49.08,45.73,48.3,2277913314.72,49.75,45.77
2026-06-18T11:27:55,2026-06-18 11:27:54,002364,中恒电气,52.85,1.6542,51.7,53.27,51.5,51.99,949404006.79,53.41,49.137
2026-06-18T11:27:55,2026-06-18 11:27:54,002745,木林森,11.3,-1.1374,11.49,11.83,11.23,11.43,829493657.77,10.87,10.0
2026-06-18T11:27:55,2026-06-18 11:27:52,600183,生益科技,186.25,3.3861,178.5,187.35,176.73,180.15,10050331501.0,183.755,169.055
2026-06-18T11:28:55,2026-06-18 11:28:52,603861,白云电器,15.45,-2.769,15.9,15.98,15.4,15.89,162821915.0,15.89,14.98
2026-06-18T11:28:55,2026-06-18 11:28:54,000048,京基智农,18.41,-3.7637,19.05,19.49,17.84,19.13,410337552.71,19.13,17.37
2026-06-18T11:28:55,2026-06-18 11:28:54,605588,冠石科技,62.71,-0.5393,62.42,64.79,62.26,63.05,163318454.0,63.05,56.5
2026-06-18T11:28:55,2026-06-18 11:28:54,001266,宏英智能,51.95,2.2235,51.67,52.8,50.92,50.82,181991125.01,50.82,45.6
2026-06-18T11:28:55,2026-06-18 11:28:54,000791,甘肃能源,8.77,-4.8807,9.0,9.15,8.76,9.22,540880918.23,9.22,8.83
2026-06-18T11:28:55,2026-06-18 11:28:54,002346,柘中股份,18.45,0.6547,18.75,19.0,18.18,18.33,97272289.0,18.33,16.48
2026-06-18T11:28:55,2026-06-18 11:28:54,002240,盛新锂能,46.01,-4.7412,47.0,49.08,45.73,48.3,2283694444.72,49.75,45.77
2026-06-18T11:28:55,2026-06-18 11:28:54,002364,中恒电气,52.89,1.7311,51.7,53.27,51.5,51.99,952227165.79,53.41,49.137
2026-06-18T11:28:55,2026-06-18 11:28:54,002745,木林森,11.29,-1.2248,11.49,11.83,11.23,11.43,830977728.77,10.87,10.0
2026-06-18T11:28:55,2026-06-18 11:28:52,600183,生益科技,186.46,3.5026,178.5,187.35,176.73,180.15,10092376374.0,183.755,169.055
2026-06-18T11:29:56,2026-06-18 11:29:55,603861,白云电器,15.48,-2.5802,15.9,15.98,15.4,15.89,163107812.0,15.89,14.98
2026-06-18T11:29:56,2026-06-18 11:29:51,000048,京基智农,18.5,-3.2933,19.05,19.49,17.84,19.13,415520622.71,19.13,17.37
2026-06-18T11:29:56,2026-06-18 11:29:51,605588,冠石科技,62.91,-0.222,62.42,64.79,62.26,63.05,164197938.0,63.05,56.5
2026-06-18T11:29:56,2026-06-18 11:29:54,001266,宏英智能,51.92,2.1645,51.67,52.8,50.92,50.82,182401584.01,50.82,45.6
2026-06-18T11:29:56,2026-06-18 11:29:54,000791,甘肃能源,8.76,-4.9892,9.0,9.15,8.75,9.22,544790571.23,9.22,8.83
2026-06-18T11:29:56,2026-06-18 11:29:54,002346,柘中股份,18.5,0.9274,18.75,19.0,18.18,18.33,97359188.0,18.33,16.48
2026-06-18T11:29:56,2026-06-18 11:29:54,002240,盛新锂能,46.0,-4.7619,47.0,49.08,45.73,48.3,2292719791.72,49.75,45.77
2026-06-18T11:29:56,2026-06-18 11:29:54,002364,中恒电气,52.9,1.7503,51.7,53.27,51.5,51.99,953729768.79,53.41,49.137
2026-06-18T11:29:56,2026-06-18 11:29:54,002745,木林森,11.3,-1.1374,11.49,11.83,11.23,11.43,832201624.77,10.87,10.0
2026-06-18T11:29:56,2026-06-18 11:29:55,600183,生益科技,185.74,3.103,178.5,187.35,176.73,180.15,10133421062.0,183.755,169.055
2026-06-18T11:30:56,2026-06-18 11:30:00,603861,白云电器,15.47,-2.6432,15.9,15.98,15.4,15.89,163114000.0,15.89,14.98
2026-06-18T11:30:56,2026-06-18 11:30:00,000048,京基智农,18.5,-3.2933,19.05,19.49,17.84,19.13,415520622.71,19.13,17.37
2026-06-18T11:30:56,2026-06-18 11:30:00,605588,冠石科技,62.84,-0.3331,62.42,64.79,62.26,63.05,164285883.0,63.05,56.5
2026-06-18T11:30:56,2026-06-18 11:30:00,001266,宏英智能,51.97,2.2629,51.67,52.8,50.92,50.82,182406781.01,50.82,45.6
2026-06-18T11:30:56,2026-06-18 11:30:00,000791,甘肃能源,8.76,-4.9892,9.0,9.15,8.75,9.22,544861527.23,9.22,8.83
2026-06-18T11:30:56,2026-06-18 11:30:00,002346,柘中股份,18.5,0.9274,18.75,19.0,18.18,18.33,97359188.0,18.33,16.48
2026-06-18T11:30:56,2026-06-18 11:30:00,002240,盛新锂能,46.01,-4.7412,47.0,49.08,45.73,48.3,2293350089.72,49.75,45.77
2026-06-18T11:30:56,2026-06-18 11:30:00,002364,中恒电气,52.92,1.7888,51.7,53.27,51.5,51.99,953973111.79,53.41,49.137
2026-06-18T11:30:56,2026-06-18 11:30:00,002745,木林森,11.3,-1.1374,11.49,11.83,11.23,11.43,832261462.77,10.87,10.0
2026-06-18T11:30:56,2026-06-18 11:30:00,600183,生益科技,185.74,3.103,178.5,187.35,176.73,180.15,10134033992.0,183.755,169.055
2026-06-18T13:00:20,2026-06-18 13:00:19,603861,白云电器,15.48,-2.5802,15.9,15.98,15.4,15.89,164060251.0,15.89,14.98
2026-06-18T13:00:20,2026-06-18 13:00:18,000048,京基智农,18.57,-2.9273,19.05,19.49,17.84,19.13,420806552.71,19.13,17.37
2026-06-18T13:00:20,2026-06-18 13:00:18,605588,冠石科技,62.79,-0.4124,62.42,64.79,62.26,63.05,164964308.0,63.05,56.5
2026-06-18T13:00:20,2026-06-18 13:00:18,001266,宏英智能,52.35,3.0106,51.67,52.8,50.92,50.82,185306217.01,50.82,45.6
2026-06-18T13:00:20,2026-06-18 13:00:18,000791,甘肃能源,8.76,-4.9892,9.0,9.15,8.75,9.22,548012443.23,9.22,8.83
2026-06-18T13:00:20,2026-06-18 13:00:18,002346,柘中股份,18.49,0.8729,18.75,19.0,18.18,18.33,98063694.0,18.33,16.48
2026-06-18T13:00:20,2026-06-18 13:00:18,002240,盛新锂能,45.97,-4.824,47.0,49.08,45.73,48.3,2304910612.72,49.75,45.77
2026-06-18T13:00:20,2026-06-18 13:00:18,002364,中恒电气,53.32,2.5582,51.7,53.41,51.5,51.99,984508679.79,53.41,49.137
2026-06-18T13:00:20,2026-06-18 13:00:18,002745,木林森,11.34,-0.7874,11.49,11.83,11.23,11.43,836216049.77,10.87,10.0
2026-06-18T13:00:20,2026-06-18 13:00:19,600183,生益科技,185.67,3.0641,178.5,187.35,176.73,180.15,10174004807.0,183.755,169.055
2026-06-18T13:01:20,2026-06-18 13:01:19,603861,白云电器,15.41,-3.0208,15.9,15.98,15.4,15.89,165006480.0,15.89,14.98
2026-06-18T13:01:20,2026-06-18 13:01:18,000048,京基智农,18.7,-2.2478,19.05,19.49,17.84,19.13,422469905.71,19.13,17.37
2026-06-18T13:01:20,2026-06-18 13:01:18,605588,冠石科技,62.66,-0.6186,62.42,64.79,62.26,63.05,165979950.0,63.05,56.5
2026-06-18T13:01:20,2026-06-18 13:01:18,001266,宏英智能,52.01,2.3416,51.67,52.8,50.92,50.82,189601749.01,50.82,45.6
2026-06-18T13:01:20,2026-06-18 13:01:18,000791,甘肃能源,8.71,-5.5315,9.0,9.15,8.71,9.22,549845602.23,9.22,8.83
2026-06-18T13:01:20,2026-06-18 13:01:18,002346,柘中股份,18.41,0.4364,18.75,19.0,18.18,18.33,98177930.0,18.33,16.48
2026-06-18T13:01:20,2026-06-18 13:01:18,002240,盛新锂能,45.78,-5.2174,47.0,49.08,45.73,48.3,2321887246.72,49.75,45.77
2026-06-18T13:01:20,2026-06-18 13:01:18,002364,中恒电气,53.24,2.4043,51.7,53.48,51.5,51.99,999184312.79,53.41,49.137
2026-06-18T13:01:20,2026-06-18 13:01:18,002745,木林森,11.29,-1.2248,11.49,11.83,11.23,11.43,842418540.77,10.87,10.0
2026-06-18T13:01:20,2026-06-18 13:01:19,600183,生益科技,183.91,2.0871,178.5,187.35,176.73,180.15,10266419874.0,183.755,169.055
2026-06-18T13:02:21,2026-06-18 13:02:19,603861,白云电器,15.4,-3.0837,15.9,15.98,15.39,15.89,165855075.0,15.89,14.98
2026-06-18T13:02:21,2026-06-18 13:02:18,000048,京基智农,18.82,-1.6205,19.05,19.49,17.84,19.13,426402641.81,19.13,17.37
2026-06-18T13:02:21,2026-06-18 13:02:15,605588,冠石科技,62.57,-0.7613,62.42,64.79,62.26,63.05,166775653.0,63.05,56.5
2026-06-18T13:02:21,2026-06-18 13:02:18,001266,宏英智能,52.15,2.6171,51.67,52.8,50.92,50.82,190341972.93,50.82,45.6
2026-06-18T13:02:21,2026-06-18 13:02:18,000791,甘肃能源,8.7,-5.6399,9.0,9.15,8.68,9.22,557859022.75,9.22,8.83
2026-06-18T13:02:21,2026-06-18 13:02:18,002346,柘中股份,18.42,0.491,18.75,19.0,18.18,18.33,98271827.0,18.33,16.48
2026-06-18T13:02:21,2026-06-18 13:02:18,002240,盛新锂能,45.95,-4.8654,47.0,49.08,45.73,48.3,2338482391.18,49.75,45.77
2026-06-18T13:02:21,2026-06-18 13:02:18,002364,中恒电气,53.2,2.3274,51.7,53.48,51.5,51.99,1004888340.79,53.41,49.137
2026-06-18T13:02:21,2026-06-18 13:02:18,002745,木林森,11.3,-1.1374,11.49,11.83,11.23,11.43,844735885.77,10.87,10.0
2026-06-18T13:02:21,2026-06-18 13:02:19,600183,生益科技,183.2,1.693,178.5,187.35,176.73,180.15,10337778474.0,183.755,169.055
2026-06-18T13:03:21,2026-06-18 13:03:19,603861,白云电器,15.44,-2.832,15.9,15.98,15.39,15.89,166254214.0,15.89,14.98
2026-06-18T13:03:21,2026-06-18 13:03:18,000048,京基智农,18.81,-1.6728,19.05,19.49,17.84,19.13,427479497.81,19.13,17.37
2026-06-18T13:03:21,2026-06-18 13:03:18,605588,冠石科技,62.6,-0.7137,62.42,64.79,62.26,63.05,167257952.0,63.05,56.5
2026-06-18T13:03:21,2026-06-18 13:03:18,001266,宏英智能,52.05,2.4203,51.67,52.8,50.92,50.82,190931067.93,50.82,45.6
2026-06-18T13:03:21,2026-06-18 13:03:18,000791,甘肃能源,8.7,-5.6399,9.0,9.15,8.68,9.22,559817476.75,9.22,8.83
2026-06-18T13:03:21,2026-06-18 13:03:18,002346,柘中股份,18.43,0.5456,18.75,19.0,18.18,18.33,98352903.0,18.33,16.48
2026-06-18T13:03:21,2026-06-18 13:03:18,002240,盛新锂能,46.17,-4.4099,47.0,49.08,45.73,48.3,2347735164.18,49.75,45.77
2026-06-18T13:03:21,2026-06-18 13:03:18,002364,中恒电气,53.4,2.7121,51.7,53.48,51.5,51.99,1013185802.79,53.41,49.137
2026-06-18T13:03:21,2026-06-18 13:03:18,002745,木林森,11.32,-0.9624,11.49,11.83,11.23,11.43,848167028.77,10.87,10.0
2026-06-18T13:03:21,2026-06-18 13:03:19,600183,生益科技,184.23,2.2648,178.5,187.35,176.73,180.15,10396867648.0,183.755,169.055
2026-06-18T13:04:21,2026-06-18 13:04:19,603861,白云电器,15.46,-2.7061,15.9,15.98,15.39,15.89,166711741.0,15.89,14.98
2026-06-18T13:04:21,2026-06-18 13:04:18,000048,京基智农,18.75,-1.9864,19.05,19.49,17.84,19.13,430256179.81,19.13,17.37
2026-06-18T13:04:21,2026-06-18 13:04:18,605588,冠石科技,62.53,-0.8247,62.42,64.79,62.26,63.05,167858550.0,63.05,56.5
2026-06-18T13:04:21,2026-06-18 13:04:18,001266,宏英智能,51.88,2.0858,51.67,52.8,50.92,50.82,192431662.93,50.82,45.6
2026-06-18T13:04:21,2026-06-18 13:04:18,000791,甘肃能源,8.71,-5.5315,9.0,9.15,8.68,9.22,561659931.75,9.22,8.83
2026-06-18T13:04:21,2026-06-18 13:04:18,002346,柘中股份,18.51,0.982,18.75,19.0,18.18,18.33,98724401.0,18.33,16.48
2026-06-18T13:04:21,2026-06-18 13:04:18,002240,盛新锂能,46.19,-4.3685,47.0,49.08,45.73,48.3,2355002772.18,49.75,45.77
2026-06-18T13:04:21,2026-06-18 13:04:18,002364,中恒电气,53.24,2.4043,51.7,53.48,51.5,51.99,1019168115.79,53.41,49.137
2026-06-18T13:04:21,2026-06-18 13:04:18,002745,木林森,11.32,-0.9624,11.49,11.83,11.23,11.43,850049929.77,10.87,10.0
2026-06-18T13:04:21,2026-06-18 13:04:19,600183,生益科技,184.23,2.2648,178.5,187.35,176.73,180.15,10427996232.0,183.755,169.055
2026-06-18T13:05:22,2026-06-18 13:05:19,603861,白云电器,15.41,-3.0208,15.9,15.98,15.39,15.89,167168670.0,15.89,14.98
2026-06-18T13:05:22,2026-06-18 13:05:21,000048,京基智农,18.75,-1.9864,19.05,19.49,17.84,19.13,431790155.81,19.13,17.37
2026-06-18T13:05:22,2026-06-18 13:05:18,605588,冠石科技,62.49,-0.8882,62.42,64.79,62.26,63.05,168483860.0,63.05,56.5
2026-06-18T13:05:22,2026-06-18 13:05:21,001266,宏英智能,51.82,1.9677,51.67,52.8,50.92,50.82,193867047.93,50.82,45.6
2026-06-18T13:05:22,2026-06-18 13:05:21,000791,甘肃能源,8.71,-5.5315,9.0,9.15,8.68,9.22,563502823.75,9.22,8.83
2026-06-18T13:05:22,2026-06-18 13:05:18,002346,柘中股份,18.5,0.9274,18.75,19.0,18.18,18.33,98853994.0,18.33,16.48
2026-06-18T13:05:22,2026-06-18 13:05:21,002240,盛新锂能,46.01,-4.7412,47.0,49.08,45.73,48.3,2359406450.18,49.75,45.77
2026-06-18T13:05:22,2026-06-18 13:05:21,002364,中恒电气,53.67,3.2314,51.7,53.77,51.5,51.99,1051251416.79,53.41,49.137
2026-06-18T13:05:22,2026-06-18 13:05:21,002745,木林森,11.3,-1.1374,11.49,11.83,11.23,11.43,853521299.77,10.87,10.0
2026-06-18T13:05:22,2026-06-18 13:05:19,600183,生益科技,184.98,2.6811,178.5,187.35,176.73,180.15,10454981038.0,183.755,169.055
2026-06-18T13:06:23,2026-06-18 13:06:22,603861,白云电器,15.41,-3.0208,15.9,15.98,15.39,15.89,167590761.0,15.89,14.98
2026-06-18T13:06:23,2026-06-18 13:06:21,000048,京基智农,18.79,-1.7773,19.05,19.49,17.84,19.13,433420490.81,19.13,17.37
2026-06-18T13:06:23,2026-06-18 13:06:21,605588,冠石科技,62.4,-1.0309,62.42,64.79,62.26,63.05,169064674.0,63.05,56.5
2026-06-18T13:06:23,2026-06-18 13:06:21,001266,宏英智能,51.79,1.9087,51.67,52.8,50.92,50.82,194416134.93,50.82,45.6
2026-06-18T13:06:23,2026-06-18 13:06:21,000791,甘肃能源,8.7,-5.6399,9.0,9.15,8.68,9.22,565738066.75,9.22,8.83
2026-06-18T13:06:23,2026-06-18 13:06:21,002346,柘中股份,18.49,0.8729,18.75,19.0,18.18,18.33,98894642.0,18.33,16.48
2026-06-18T13:06:23,2026-06-18 13:06:21,002240,盛新锂能,45.94,-4.8861,47.0,49.08,45.73,48.3,2372881447.48,49.75,45.77
2026-06-18T13:06:23,2026-06-18 13:06:21,002364,中恒电气,53.62,3.1352,51.7,53.77,51.5,51.99,1069648101.79,53.41,49.137
2026-06-18T13:06:23,2026-06-18 13:06:21,002745,木林森,11.32,-0.9624,11.49,11.83,11.23,11.43,857133579.77,10.87,10.0
2026-06-18T13:06:23,2026-06-18 13:06:22,600183,生益科技,184.78,2.5701,178.5,187.35,176.73,180.15,10491081887.0,183.755,169.055
2026-06-18T13:07:23,2026-06-18 13:07:22,603861,白云电器,15.41,-3.0208,15.9,15.98,15.39,15.89,168648855.0,15.89,14.98
2026-06-18T13:07:23,2026-06-18 13:07:21,000048,京基智农,18.87,-1.3591,19.05,19.49,17.84,19.13,436015119.81,19.13,17.37
2026-06-18T13:07:23,2026-06-18 13:07:21,605588,冠石科技,62.46,-0.9358,62.42,64.79,62.26,63.05,169364304.0,63.05,56.5
2026-06-18T13:07:23,2026-06-18 13:07:21,001266,宏英智能,51.85,2.0268,51.67,52.8,50.92,50.82,195281423.93,50.82,45.6
2026-06-18T13:07:23,2026-06-18 13:07:21,000791,甘肃能源,8.66,-6.0738,9.0,9.15,8.66,9.22,568328991.67,9.22,8.83
2026-06-18T13:07:23,2026-06-18 13:07:21,002346,柘中股份,18.48,0.8183,18.75,19.0,18.18,18.33,98911267.0,18.33,16.48
2026-06-18T13:07:23,2026-06-18 13:07:21,002240,盛新锂能,46.03,-4.6998,47.0,49.08,45.73,48.3,2391839770.48,49.75,45.77
2026-06-18T13:07:23,2026-06-18 13:07:21,002364,中恒电气,53.94,3.7507,51.7,53.94,51.5,51.99,1094578597.79,53.41,49.137
2026-06-18T13:07:23,2026-06-18 13:07:21,002745,木林森,11.32,-0.9624,11.49,11.83,11.23,11.43,860021189.77,10.87,10.0
2026-06-18T13:07:23,2026-06-18 13:07:22,600183,生益科技,184.61,2.4757,178.5,187.35,176.73,180.15,10509341204.0,183.755,169.055
2026-06-18T13:08:23,2026-06-18 13:08:22,603861,白云电器,15.41,-3.0208,15.9,15.98,15.39,15.89,169226412.0,15.89,14.98
2026-06-18T13:08:23,2026-06-18 13:08:21,000048,京基智农,18.79,-1.7773,19.05,19.49,17.84,19.13,437292421.81,19.13,17.37
2026-06-18T13:08:23,2026-06-18 13:08:21,605588,冠石科技,62.4,-1.0309,62.42,64.79,62.26,63.05,169713763.0,63.05,56.5
2026-06-18T13:08:23,2026-06-18 13:08:21,001266,宏英智能,51.8,1.9284,51.67,52.8,50.92,50.82,195970893.93,50.82,45.6
2026-06-18T13:08:23,2026-06-18 13:08:21,000791,甘肃能源,8.65,-6.1822,9.0,9.15,8.63,9.22,574360832.67,9.22,8.83
2026-06-18T13:08:23,2026-06-18 13:08:21,002346,柘中股份,18.48,0.8183,18.75,19.0,18.18,18.33,99229126.0,18.33,16.48
2026-06-18T13:08:23,2026-06-18 13:08:21,002240,盛新锂能,45.97,-4.824,47.0,49.08,45.73,48.3,2397106051.48,49.75,45.77
2026-06-18T13:08:23,2026-06-18 13:08:21,002364,中恒电气,53.93,3.7315,51.7,54.2,51.5,51.99,1124875741.79,53.41,49.137
2026-06-18T13:08:23,2026-06-18 13:08:21,002745,木林森,11.32,-0.9624,11.49,11.83,11.23,11.43,862400423.77,10.87,10.0
2026-06-18T13:08:23,2026-06-18 13:08:22,600183,生益科技,185.07,2.7311,178.5,187.35,176.73,180.15,10534257388.0,183.755,169.055
2026-06-18T13:09:24,2026-06-18 13:09:22,603861,白云电器,15.39,-3.1466,15.9,15.98,15.37,15.89,174176280.0,15.89,14.98
2026-06-18T13:09:24,2026-06-18 13:09:21,000048,京基智农,18.9,-1.2023,19.05,19.49,17.84,19.13,441429938.81,19.13,17.37
2026-06-18T13:09:24,2026-06-18 13:09:21,605588,冠石科技,62.54,-0.8089,62.42,64.79,62.26,63.05,171042076.0,63.05,56.5
2026-06-18T13:09:24,2026-06-18 13:09:21,001266,宏英智能,51.76,1.8497,51.67,52.8,50.92,50.82,197005924.93,50.82,45.6
2026-06-18T13:09:24,2026-06-18 13:09:21,000791,甘肃能源,8.66,-6.0738,9.0,9.15,8.63,9.22,575922622.67,9.22,8.83
2026-06-18T13:09:24,2026-06-18 13:09:21,002346,柘中股份,18.47,0.7638,18.75,19.0,18.18,18.33,99282653.0,18.33,16.48
2026-06-18T13:09:24,2026-06-18 13:09:21,002240,盛新锂能,45.91,-4.9482,47.0,49.08,45.73,48.3,2414144419.48,49.75,45.77
2026-06-18T13:09:24,2026-06-18 13:09:21,002364,中恒电气,53.88,3.6353,51.7,54.2,51.5,51.99,1149088946.79,53.41,49.137
2026-06-18T13:09:24,2026-06-18 13:09:21,002745,木林森,11.32,-0.9624,11.49,11.83,11.23,11.43,865122198.77,10.87,10.0
2026-06-18T13:09:24,2026-06-18 13:09:22,600183,生益科技,185.3,2.8587,178.5,187.35,176.73,180.15,10579063592.0,183.755,169.055
2026-06-18T13:10:24,2026-06-18 13:10:22,603861,白云电器,15.41,-3.0208,15.9,15.98,15.37,15.89,175225722.0,15.89,14.98
2026-06-18T13:10:24,2026-06-18 13:10:21,000048,京基智农,18.95,-0.9409,19.05,19.49,17.84,19.13,443942427.81,19.13,17.37
2026-06-18T13:10:24,2026-06-18 13:10:21,605588,冠石科技,62.68,-0.5868,62.42,64.79,62.26,63.05,172386202.0,63.05,56.5
2026-06-18T13:10:24,2026-06-18 13:10:21,001266,宏英智能,51.78,1.889,51.67,52.8,50.92,50.82,198201544.93,50.82,45.6
2026-06-18T13:10:24,2026-06-18 13:10:21,000791,甘肃能源,8.69,-5.7484,9.0,9.15,8.63,9.22,578314654.19,9.22,8.83
2026-06-18T13:10:24,2026-06-18 13:10:21,002346,柘中股份,18.5,0.9274,18.75,19.0,18.18,18.33,99363976.0,18.33,16.48
2026-06-18T13:10:24,2026-06-18 13:10:21,002240,盛新锂能,45.98,-4.8033,47.0,49.08,45.73,48.3,2426148610.48,49.75,45.77
2026-06-18T13:10:24,2026-06-18 13:10:21,002364,中恒电气,53.8,3.4814,51.7,54.2,51.5,51.99,1157836138.79,53.41,49.137
2026-06-18T13:10:24,2026-06-18 13:10:21,002745,木林森,11.33,-0.8749,11.49,11.83,11.23,11.43,868596230.77,10.87,10.0
2026-06-18T13:10:24,2026-06-18 13:10:22,600183,生益科技,184.82,2.5923,178.5,187.35,176.73,180.15,10613626578.0,183.755,169.055
2026-06-18T13:11:25,2026-06-18 13:11:22,603861,白云电器,15.4,-3.0837,15.9,15.98,15.37,15.89,176259654.0,15.89,14.98
2026-06-18T13:11:25,2026-06-18 13:11:24,000048,京基智农,18.93,-1.0455,19.05,19.49,17.84,19.13,446188959.81,19.13,17.37
2026-06-18T13:11:25,2026-06-18 13:11:21,605588,冠石科技,62.55,-0.793,62.42,64.79,62.26,63.05,173437990.0,63.05,56.5
2026-06-18T13:11:25,2026-06-18 13:11:21,001266,宏英智能,51.66,1.6529,51.67,52.8,50.92,50.82,198718747.93,50.82,45.6
2026-06-18T13:11:25,2026-06-18 13:11:24,000791,甘肃能源,8.67,-5.9653,9.0,9.15,8.63,9.22,579463804.19,9.22,8.83
2026-06-18T13:11:25,2026-06-18 13:11:24,002346,柘中股份,18.48,0.8183,18.75,19.0,18.18,18.33,99546958.0,18.33,16.48
2026-06-18T13:11:25,2026-06-18 13:11:24,002240,盛新锂能,45.97,-4.824,47.0,49.08,45.73,48.3,2437266898.96,49.75,45.77
2026-06-18T13:11:25,2026-06-18 13:11:24,002364,中恒电气,53.54,2.9813,51.7,54.2,51.5,51.99,1168181472.79,53.41,49.137
2026-06-18T13:11:25,2026-06-18 13:11:24,002745,木林森,11.32,-0.9624,11.49,11.83,11.23,11.43,870880089.77,10.87,10.0
2026-06-18T13:11:25,2026-06-18 13:11:22,600183,生益科技,184.58,2.4591,178.5,187.35,176.73,180.15,10636110025.0,183.755,169.055
2026-06-18T13:12:25,2026-06-18 13:12:25,603861,白云电器,15.4,-3.0837,15.9,15.98,15.37,15.89,176676930.0,15.89,14.98
2026-06-18T13:12:25,2026-06-18 13:12:24,000048,京基智农,18.85,-1.4637,19.05,19.49,17.84,19.13,446704529.81,19.13,17.37
2026-06-18T13:12:25,2026-06-18 13:12:24,605588,冠石科技,62.46,-0.9358,62.42,64.79,62.26,63.05,173675466.0,63.05,56.5
2026-06-18T13:12:25,2026-06-18 13:12:24,001266,宏英智能,51.61,1.5545,51.67,52.8,50.92,50.82,199266036.93,50.82,45.6
2026-06-18T13:12:25,2026-06-18 13:12:24,000791,甘肃能源,8.64,-6.2907,9.0,9.15,8.63,9.22,581788203.19,9.22,8.83
2026-06-18T13:12:25,2026-06-18 13:12:24,002346,柘中股份,18.47,0.7638,18.75,19.0,18.18,18.33,99559893.0,18.33,16.48
2026-06-18T13:12:25,2026-06-18 13:12:24,002240,盛新锂能,46.1,-4.5549,47.0,49.08,45.73,48.3,2448100111.66,49.75,45.77
2026-06-18T13:12:25,2026-06-18 13:12:24,002364,中恒电气,53.36,2.6351,51.7,54.2,51.5,51.99,1183965956.79,53.41,49.137
2026-06-18T13:12:25,2026-06-18 13:12:24,002745,木林森,11.32,-0.9624,11.49,11.83,11.23,11.43,872651263.77,10.87,10.0
2026-06-18T13:12:25,2026-06-18 13:12:22,600183,生益科技,184.54,2.4369,178.5,187.35,176.73,180.15,10663991475.0,183.755,169.055
2026-06-18T13:13:26,2026-06-18 13:13:25,603861,白云电器,15.39,-3.1466,15.9,15.98,15.37,15.89,177326396.0,15.89,14.98
2026-06-18T13:13:26,2026-06-18 13:13:24,000048,京基智农,18.84,-1.5159,19.05,19.49,17.84,19.13,447407895.81,19.13,17.37
2026-06-18T13:13:26,2026-06-18 13:13:24,605588,冠石科技,62.41,-1.0151,62.42,64.79,62.26,63.05,174243606.0,63.05,56.5
2026-06-18T13:13:26,2026-06-18 13:13:24,001266,宏英智能,51.66,1.6529,51.67,52.8,50.92,50.82,199751173.93,50.82,45.6
2026-06-18T13:13:26,2026-06-18 13:13:24,000791,甘肃能源,8.65,-6.1822,9.0,9.15,8.63,9.22,586366403.19,9.22,8.83
2026-06-18T13:13:26,2026-06-18 13:13:06,002346,柘中股份,18.47,0.7638,18.75,19.0,18.18,18.33,99613456.0,18.33,16.48
2026-06-18T13:13:26,2026-06-18 13:13:24,002240,盛新锂能,46.12,-4.5135,47.0,49.08,45.73,48.3,2456704106.41,49.75,45.77
2026-06-18T13:13:26,2026-06-18 13:13:24,002364,中恒电气,53.38,2.6736,51.7,54.2,51.5,51.99,1190281738.79,53.41,49.137
2026-06-18T13:13:26,2026-06-18 13:13:24,002745,木林森,11.34,-0.7874,11.49,11.83,11.23,11.43,875500356.77,10.87,10.0
2026-06-18T13:13:26,2026-06-18 13:13:25,600183,生益科技,184.18,2.237,178.5,187.35,176.73,180.15,10686594520.0,183.755,169.055
2026-06-18T13:14:26,2026-06-18 13:14:25,603861,白云电器,15.42,-2.9578,15.9,15.98,15.37,15.89,178079800.0,15.89,14.98
2026-06-18T13:14:26,2026-06-18 13:14:24,000048,京基智农,18.89,-1.2546,19.05,19.49,17.84,19.13,448601179.81,19.13,17.37
2026-06-18T13:14:26,2026-06-18 13:14:24,605588,冠石科技,62.44,-0.9675,62.42,64.79,62.26,63.05,174849292.0,63.05,56.5
2026-06-18T13:14:26,2026-06-18 13:14:24,001266,宏英智能,51.75,1.83,51.67,52.8,50.92,50.82,200335406.93,50.82,45.6
2026-06-18T13:14:26,2026-06-18 13:14:24,000791,甘肃能源,8.67,-5.9653,9.0,9.15,8.63,9.22,588450510.19,9.22,8.83
2026-06-18T13:14:26,2026-06-18 13:14:24,002346,柘中股份,18.5,0.9274,18.75,19.0,18.18,18.33,100300105.0,18.33,16.48
2026-06-18T13:14:26,2026-06-18 13:14:24,002240,盛新锂能,46.14,-4.472,47.0,49.08,45.73,48.3,2464370052.41,49.75,45.77
2026-06-18T13:14:26,2026-06-18 13:14:24,002364,中恒电气,53.36,2.6351,51.7,54.2,51.5,51.99,1194166438.79,53.41,49.137
2026-06-18T13:14:26,2026-06-18 13:14:24,002745,木林森,11.34,-0.7874,11.49,11.83,11.23,11.43,879533306.77,10.87,10.0
2026-06-18T13:14:26,2026-06-18 13:14:22,600183,生益科技,184.1,2.1926,178.5,187.35,176.73,180.15,10721958887.0,183.755,169.055
2026-06-18T13:15:26,2026-06-18 13:15:22,603861,白云电器,15.45,-2.769,15.9,15.98,15.37,15.89,178502699.0,15.89,14.98
2026-06-18T13:15:26,2026-06-18 13:15:24,000048,京基智农,18.86,-1.4114,19.05,19.49,17.84,19.13,449112355.81,19.13,17.37
2026-06-18T13:15:26,2026-06-18 13:15:24,605588,冠石科技,62.53,-0.8247,62.42,64.79,62.26,63.05,175685626.0,63.05,56.5
2026-06-18T13:15:26,2026-06-18 13:15:24,001266,宏英智能,51.66,1.6529,51.67,52.8,50.92,50.82,201213900.93,50.82,45.6
2026-06-18T13:15:26,2026-06-18 13:15:24,000791,甘肃能源,8.66,-6.0738,9.0,9.15,8.63,9.22,589468936.19,9.22,8.83
2026-06-18T13:15:26,2026-06-18 13:15:21,002346,柘中股份,18.52,1.0366,18.75,19.0,18.18,18.33,100324173.0,18.33,16.48
2026-06-18T13:15:26,2026-06-18 13:15:24,002240,盛新锂能,46.23,-4.2857,47.0,49.08,45.73,48.3,2471263652.66,49.75,45.77
2026-06-18T13:15:26,2026-06-18 13:15:24,002364,中恒电气,53.5,2.9044,51.7,54.2,51.5,51.99,1198907763.79,53.41,49.137
2026-06-18T13:15:26,2026-06-18 13:15:24,002745,木林森,11.34,-0.7874,11.49,11.83,11.23,11.43,880120415.77,10.87,10.0
2026-06-18T13:15:26,2026-06-18 13:15:22,600183,生益科技,183.73,1.9872,178.5,187.35,176.73,180.15,10756148351.0,183.755,169.055
2026-06-18T13:16:28,2026-06-18 13:16:25,603861,白云电器,15.45,-2.769,15.9,15.98,15.37,15.89,178912159.0,15.89,14.98
2026-06-18T13:16:28,2026-06-18 13:16:27,000048,京基智农,18.85,-1.4637,19.05,19.49,17.84,19.13,449710175.81,19.13,17.37
2026-06-18T13:16:28,2026-06-18 13:16:24,605588,冠石科技,62.5,-0.8723,62.42,64.79,62.26,63.05,176569096.0,63.05,56.5
2026-06-18T13:16:28,2026-06-18 13:16:27,001266,宏英智能,51.72,1.771,51.67,52.8,50.92,50.82,201482732.93,50.82,45.6
2026-06-18T13:16:28,2026-06-18 13:16:27,000791,甘肃能源,8.67,-5.9653,9.0,9.15,8.63,9.22,591279393.19,9.22,8.83
2026-06-18T13:16:28,2026-06-18 13:16:27,002346,柘中股份,18.48,0.8183,18.75,19.0,18.18,18.33,100512815.0,18.33,16.48
2026-06-18T13:16:28,2026-06-18 13:16:27,002240,盛新锂能,46.28,-4.1822,47.0,49.08,45.73,48.3,2477934834.66,49.75,45.77
2026-06-18T13:16:28,2026-06-18 13:16:27,002364,中恒电气,53.6,3.0967,51.7,54.2,51.5,51.99,1205829222.79,53.41,49.137
2026-06-18T13:16:28,2026-06-18 13:16:27,002745,木林森,11.33,-0.8749,11.49,11.83,11.23,11.43,883305601.77,10.87,10.0
2026-06-18T13:16:28,2026-06-18 13:16:25,600183,生益科技,184.0,2.1371,178.5,187.35,176.73,180.15,10790389197.0,183.755,169.055
2026-06-18T13:17:28,2026-06-18 13:17:25,603861,白云电器,15.46,-2.7061,15.9,15.98,15.37,15.89,179289096.0,15.89,14.98
2026-06-18T13:17:28,2026-06-18 13:17:27,000048,京基智农,18.76,-1.9341,19.05,19.49,17.84,19.13,452189269.81,19.13,17.37
2026-06-18T13:17:28,2026-06-18 13:17:24,605588,冠石科技,62.51,-0.8565,62.42,64.79,62.26,63.05,177137609.0,63.05,56.5
2026-06-18T13:17:28,2026-06-18 13:17:21,001266,宏英智能,51.7,1.7316,51.67,52.8,50.92,50.82,202144387.93,50.82,45.6
2026-06-18T13:17:28,2026-06-18 13:17:27,000791,甘肃能源,8.69,-5.7484,9.0,9.15,8.63,9.22,592222755.19,9.22,8.83
2026-06-18T13:17:28,2026-06-18 13:17:27,002346,柘中股份,18.49,0.8729,18.75,19.0,18.18,18.33,100592304.0,18.33,16.48
2026-06-18T13:17:28,2026-06-18 13:17:27,002240,盛新锂能,46.3,-4.1408,47.0,49.08,45.73,48.3,2483654354.66,49.75,45.77
2026-06-18T13:17:28,2026-06-18 13:17:27,002364,中恒电气,53.68,3.2506,51.7,54.2,51.5,51.99,1209282324.79,53.41,49.137
2026-06-18T13:17:28,2026-06-18 13:17:27,002745,木林森,11.33,-0.8749,11.49,11.83,11.23,11.43,885177879.77,10.87,10.0
2026-06-18T13:17:28,2026-06-18 13:17:25,600183,生益科技,183.68,1.9595,178.5,187.35,176.73,180.15,10829293063.0,183.755,169.055
2026-06-18T13:18:28,2026-06-18 13:18:25,603861,白云电器,15.45,-2.769,15.9,15.98,15.37,15.89,179692315.0,15.89,14.98
2026-06-18T13:18:28,2026-06-18 13:18:27,000048,京基智农,18.75,-1.9864,19.05,19.49,17.84,19.13,455415539.81,19.13,17.37
2026-06-18T13:18:28,2026-06-18 13:18:27,605588,冠石科技,62.45,-0.9516,62.42,64.79,62.26,63.05,178000318.0,63.05,56.5
2026-06-18T13:18:28,2026-06-18 13:18:24,001266,宏英智能,51.59,1.5152,51.67,52.8,50.92,50.82,202640045.93,50.82,45.6
2026-06-18T13:18:28,2026-06-18 13:18:27,000791,甘肃能源,8.7,-5.6399,9.0,9.15,8.63,9.22,594639948.19,9.22,8.83
2026-06-18T13:18:28,2026-06-18 13:18:18,002346,柘中股份,18.5,0.9274,18.75,19.0,18.18,18.33,100714295.0,18.33,16.48
2026-06-18T13:18:28,2026-06-18 13:18:27,002240,盛新锂能,46.24,-4.265,47.0,49.08,45.73,48.3,2489656309.66,49.75,45.77
2026-06-18T13:18:28,2026-06-18 13:18:27,002364,中恒电气,53.62,3.1352,51.7,54.2,51.5,51.99,1212480413.79,53.41,49.137
2026-06-18T13:18:28,2026-06-18 13:18:27,002745,木林森,11.34,-0.7874,11.49,11.83,11.23,11.43,887024512.77,10.87,10.0
2026-06-18T13:18:28,2026-06-18 13:18:25,600183,生益科技,183.5,1.8596,178.5,187.35,176.73,180.15,10868211239.0,183.755,169.055
2026-06-18T13:19:29,2026-06-18 13:19:28,603861,白云电器,15.49,-2.5173,15.9,15.98,15.37,15.89,180257063.0,15.89,14.98
2026-06-18T13:19:29,2026-06-18 13:19:27,000048,京基智农,18.81,-1.6728,19.05,19.49,17.84,19.13,456106824.81,19.13,17.37
2026-06-18T13:19:29,2026-06-18 13:19:27,605588,冠石科技,62.48,-0.904,62.42,64.79,62.26,63.05,178824780.0,63.05,56.5
2026-06-18T13:19:29,2026-06-18 13:19:27,001266,宏英智能,51.78,1.889,51.67,52.8,50.92,50.82,203161971.93,50.82,45.6
2026-06-18T13:19:29,2026-06-18 13:19:27,000791,甘肃能源,8.68,-5.8568,9.0,9.15,8.63,9.22,596040837.19,9.22,8.83
2026-06-18T13:19:29,2026-06-18 13:19:21,002346,柘中股份,18.47,0.7638,18.75,19.0,18.18,18.33,100843621.0,18.33,16.48
2026-06-18T13:19:29,2026-06-18 13:19:27,002240,盛新锂能,46.13,-4.4928,47.0,49.08,45.73,48.3,2493675324.91,49.75,45.77
2026-06-18T13:19:29,2026-06-18 13:19:27,002364,中恒电气,53.6,3.0967,51.7,54.2,51.5,51.99,1218410199.24,53.41,49.137
2026-06-18T13:19:29,2026-06-18 13:19:27,002745,木林森,11.36,-0.6124,11.49,11.83,11.23,11.43,889730734.77,10.87,10.0
2026-06-18T13:19:29,2026-06-18 13:19:25,600183,生益科技,183.03,1.5987,178.5,187.35,176.73,180.15,10959638873.0,183.755,169.055
2026-06-18T13:20:29,2026-06-18 13:20:28,603861,白云电器,15.51,-2.3914,15.9,15.98,15.37,15.89,181627871.0,15.89,14.98
2026-06-18T13:20:29,2026-06-18 13:20:27,000048,京基智农,18.71,-2.1955,19.05,19.49,17.84,19.13,457056164.81,19.13,17.37
2026-06-18T13:20:29,2026-06-18 13:20:27,605588,冠石科技,62.54,-0.8089,62.42,64.79,62.26,63.05,179699708.0,63.05,56.5
2026-06-18T13:20:29,2026-06-18 13:20:27,001266,宏英智能,51.71,1.7513,51.67,52.8,50.92,50.82,205139455.93,50.82,45.6
2026-06-18T13:20:29,2026-06-18 13:20:27,000791,甘肃能源,8.68,-5.8568,9.0,9.15,8.63,9.22,598384240.19,9.22,8.83
2026-06-18T13:20:29,2026-06-18 13:20:27,002346,柘中股份,18.48,0.8183,18.75,19.0,18.18,18.33,100932313.0,18.33,16.48
2026-06-18T13:20:29,2026-06-18 13:20:27,002240,盛新锂能,46.04,-4.6791,47.0,49.08,45.73,48.3,2499302421.91,49.75,45.77
2026-06-18T13:20:29,2026-06-18 13:20:27,002364,中恒电气,53.59,3.0775,51.7,54.2,51.5,51.99,1222875222.24,53.41,49.137
2026-06-18T13:20:29,2026-06-18 13:20:27,002745,木林森,11.38,-0.4374,11.49,11.83,11.23,11.43,894800681.77,10.87,10.0
2026-06-18T13:20:29,2026-06-18 13:20:28,600183,生益科技,183.54,1.8818,178.5,187.35,176.73,180.15,11004502374.0,183.755,169.055
2026-06-18T13:21:30,2026-06-18 13:21:28,603861,白云电器,15.48,-2.5802,15.9,15.98,15.37,15.89,182986495.0,15.89,14.98
2026-06-18T13:21:30,2026-06-18 13:21:27,000048,京基智农,18.66,-2.4569,19.05,19.49,17.84,19.13,457608669.81,19.13,17.37
2026-06-18T13:21:30,2026-06-18 13:21:27,605588,冠石科技,62.46,-0.9358,62.42,64.79,62.26,63.05,180412123.0,63.05,56.5
2026-06-18T13:21:30,2026-06-18 13:21:27,001266,宏英智能,51.71,1.7513,51.67,52.8,50.92,50.82,205589305.93,50.82,45.6
2026-06-18T13:21:30,2026-06-18 13:21:27,000791,甘肃能源,8.67,-5.9653,9.0,9.15,8.63,9.22,599749241.19,9.22,8.83
2026-06-18T13:21:30,2026-06-18 13:21:27,002346,柘中股份,18.42,0.491,18.75,19.0,18.18,18.33,101277241.0,18.33,16.48
2026-06-18T13:21:30,2026-06-18 13:21:27,002240,盛新锂能,46.01,-4.7412,47.0,49.08,45.73,48.3,2510146741.91,49.75,45.77
2026-06-18T13:21:30,2026-06-18 13:21:27,002364,中恒电气,53.79,3.4622,51.7,54.2,51.5,51.99,1230898001.24,53.41,49.137
2026-06-18T13:21:30,2026-06-18 13:21:27,002745,木林森,11.39,-0.35,11.49,11.83,11.23,11.43,898757510.77,10.87,10.0
2026-06-18T13:21:30,2026-06-18 13:21:28,600183,生益科技,184.01,2.1427,178.5,187.35,176.73,180.15,11033509082.0,183.755,169.055
2026-06-18T13:22:30,2026-06-18 13:22:28,603861,白云电器,15.48,-2.5802,15.9,15.98,15.37,15.89,183722898.0,15.89,14.98
2026-06-18T13:22:30,2026-06-18 13:22:27,000048,京基智农,18.69,-2.3001,19.05,19.49,17.84,19.13,458219531.81,19.13,17.37
2026-06-18T13:22:30,2026-06-18 13:22:21,605588,冠石科技,62.47,-0.9199,62.42,64.79,62.26,63.05,180555751.0,63.05,56.5
2026-06-18T13:22:30,2026-06-18 13:22:27,001266,宏英智能,51.74,1.8103,51.67,52.8,50.92,50.82,205909844.93,50.82,45.6
2026-06-18T13:22:30,2026-06-18 13:22:27,000791,甘肃能源,8.66,-6.0738,9.0,9.15,8.63,9.22,601467022.19,9.22,8.83
2026-06-18T13:22:30,2026-06-18 13:22:27,002346,柘中股份,18.46,0.7092,18.75,19.0,18.18,18.33,101556203.0,18.33,16.48
2026-06-18T13:22:30,2026-06-18 13:22:27,002240,盛新锂能,46.03,-4.6998,47.0,49.08,45.73,48.3,2516723197.08,49.75,45.77
2026-06-18T13:22:30,2026-06-18 13:22:27,002364,中恒电气,53.95,3.77,51.7,54.2,51.5,51.99,1242147255.24,53.41,49.137
2026-06-18T13:22:30,2026-06-18 13:22:27,002745,木林森,11.41,-0.175,11.49,11.83,11.23,11.43,903746326.77,10.87,10.0
2026-06-18T13:22:30,2026-06-18 13:22:28,600183,生益科技,184.35,2.3314,178.5,187.35,176.73,180.15,11060606206.0,183.755,169.055
2026-06-18T13:23:30,2026-06-18 13:23:28,603861,白云电器,15.47,-2.6432,15.9,15.98,15.37,15.89,183927086.0,15.89,14.98
2026-06-18T13:23:30,2026-06-18 13:23:27,000048,京基智农,18.68,-2.3523,19.05,19.49,17.84,19.13,458559355.81,19.13,17.37
2026-06-18T13:23:30,2026-06-18 13:23:27,605588,冠石科技,62.43,-0.9833,62.42,64.79,62.26,63.05,181136741.0,63.05,56.5
2026-06-18T13:23:30,2026-06-18 13:23:27,001266,宏英智能,51.73,1.7906,51.67,52.8,50.92,50.82,206075323.93,50.82,45.6
2026-06-18T13:23:30,2026-06-18 13:23:27,000791,甘肃能源,8.66,-6.0738,9.0,9.15,8.63,9.22,603123430.19,9.22,8.83
2026-06-18T13:23:30,2026-06-18 13:23:27,002346,柘中股份,18.46,0.7092,18.75,19.0,18.18,18.33,101567279.0,18.33,16.48
2026-06-18T13:23:30,2026-06-18 13:23:27,002240,盛新锂能,46.02,-4.7205,47.0,49.08,45.73,48.3,2523592882.57,49.75,45.77
2026-06-18T13:23:30,2026-06-18 13:23:27,002364,中恒电气,53.9,3.6738,51.7,54.2,51.5,51.99,1253148994.24,53.41,49.137
2026-06-18T13:23:30,2026-06-18 13:23:27,002745,木林森,11.42,-0.0875,11.49,11.83,11.23,11.43,910095282.77,10.87,10.0
2026-06-18T13:23:30,2026-06-18 13:23:28,600183,生益科技,184.22,2.2592,178.5,187.35,176.73,180.15,11081624613.0,183.755,169.055
2026-06-18T13:24:31,2026-06-18 13:24:28,603861,白云电器,15.5,-2.4544,15.9,15.98,15.37,15.89,184135832.0,15.89,14.98
2026-06-18T13:24:31,2026-06-18 13:24:30,000048,京基智农,18.75,-1.9864,19.05,19.49,17.84,19.13,459053956.81,19.13,17.37
2026-06-18T13:24:31,2026-06-18 13:24:27,605588,冠石科技,62.4,-1.0309,62.42,64.79,62.26,63.05,181567359.0,63.05,56.5
2026-06-18T13:24:31,2026-06-18 13:24:30,001266,宏英智能,51.71,1.7513,51.67,52.8,50.92,50.82,206308059.93,50.82,45.6
2026-06-18T13:24:31,2026-06-18 13:24:30,000791,甘肃能源,8.66,-6.0738,9.0,9.15,8.63,9.22,605956445.19,9.22,8.83
2026-06-18T13:24:31,2026-06-18 13:24:24,002346,柘中股份,18.47,0.7638,18.75,19.0,18.18,18.33,101583898.0,18.33,16.48
2026-06-18T13:24:31,2026-06-18 13:24:30,002240,盛新锂能,46.02,-4.7205,47.0,49.08,45.73,48.3,2530870940.57,49.75,45.77
2026-06-18T13:24:31,2026-06-18 13:24:30,002364,中恒电气,53.91,3.693,51.7,54.2,51.5,51.99,1256787151.24,53.41,49.137
2026-06-18T13:24:31,2026-06-18 13:24:30,002745,木林森,11.45,0.175,11.49,11.83,11.23,11.43,914758925.77,10.87,10.0
2026-06-18T13:24:31,2026-06-18 13:24:28,600183,生益科技,184.32,2.3147,178.5,187.35,176.73,180.15,11100759769.0,183.755,169.055
2026-06-18T13:25:31,2026-06-18 13:25:28,603861,白云电器,15.49,-2.5173,15.9,15.98,15.37,15.89,184324828.0,15.89,14.98
2026-06-18T13:25:31,2026-06-18 13:25:27,000048,京基智农,18.74,-2.0387,19.05,19.49,17.84,19.13,459318171.81,19.13,17.37
2026-06-18T13:25:31,2026-06-18 13:25:30,605588,冠石科技,62.4,-1.0309,62.42,64.79,62.26,63.05,183326289.0,63.05,56.5
2026-06-18T13:25:31,2026-06-18 13:25:30,001266,宏英智能,51.71,1.7513,51.67,52.8,50.92,50.82,206607955.93,50.82,45.6
2026-06-18T13:25:31,2026-06-18 13:25:30,000791,甘肃能源,8.65,-6.1822,9.0,9.15,8.63,9.22,608538796.19,9.22,8.83
2026-06-18T13:25:31,2026-06-18 13:25:18,002346,柘中股份,18.48,0.8183,18.75,19.0,18.18,18.33,101643006.0,18.33,16.48
2026-06-18T13:25:31,2026-06-18 13:25:30,002240,盛新锂能,46.0,-4.7619,47.0,49.08,45.73,48.3,2538277835.25,49.75,45.77
2026-06-18T13:25:31,2026-06-18 13:25:30,002364,中恒电气,54.34,4.5201,51.7,54.47,51.5,51.99,1302078290.56,53.41,49.137
2026-06-18T13:25:31,2026-06-18 13:25:30,002745,木林森,11.44,0.0875,11.49,11.83,11.23,11.43,920334528.77,10.87,10.0
2026-06-18T13:25:31,2026-06-18 13:25:28,600183,生益科技,184.42,2.3702,178.5,187.35,176.73,180.15,11124108104.0,183.755,169.055
2026-06-18T13:26:32,2026-06-18 13:26:31,603861,白云电器,15.52,-2.3285,15.9,15.98,15.37,15.89,185237799.0,15.89,14.98
2026-06-18T13:26:32,2026-06-18 13:26:30,000048,京基智农,18.75,-1.9864,19.05,19.49,17.84,19.13,459708169.81,19.13,17.37
2026-06-18T13:26:32,2026-06-18 13:26:27,605588,冠石科技,62.44,-0.9675,62.42,64.79,62.26,63.05,184469561.0,63.05,56.5
2026-06-18T13:26:32,2026-06-18 13:26:24,001266,宏英智能,51.72,1.771,51.67,52.8,50.92,50.82,206830326.93,50.82,45.6
2026-06-18T13:26:32,2026-06-18 13:26:30,000791,甘肃能源,8.66,-6.0738,9.0,9.15,8.63,9.22,610726461.19,9.22,8.83
2026-06-18T13:26:32,2026-06-18 13:26:30,002346,柘中股份,18.48,0.8183,18.75,19.0,18.18,18.33,101950082.0,18.33,16.48
2026-06-18T13:26:32,2026-06-18 13:26:30,002240,盛新锂能,46.21,-4.3271,47.0,49.08,45.73,48.3,2548241320.08,49.75,45.77
2026-06-18T13:26:32,2026-06-18 13:26:30,002364,中恒电气,54.36,4.5586,51.7,54.48,51.5,51.99,1318850261.56,53.41,49.137
2026-06-18T13:26:32,2026-06-18 13:26:30,002745,木林森,11.44,0.0875,11.49,11.83,11.23,11.43,923729473.77,10.87,10.0
2026-06-18T13:26:32,2026-06-18 13:26:31,600183,生益科技,185.63,3.0419,178.5,187.35,176.73,180.15,11168346432.0,183.755,169.055
2026-06-18T13:27:32,2026-06-18 13:27:31,603861,白云电器,15.54,-2.2026,15.9,15.98,15.37,15.89,186454432.0,15.89,14.98
2026-06-18T13:27:32,2026-06-18 13:27:27,000048,京基智农,18.74,-2.0387,19.05,19.49,17.84,19.13,459983678.81,19.13,17.37
2026-06-18T13:27:32,2026-06-18 13:27:30,605588,冠石科技,62.48,-0.904,62.42,64.79,62.26,63.05,184969618.0,63.05,56.5
2026-06-18T13:27:32,2026-06-18 13:27:30,001266,宏英智能,51.76,1.8497,51.67,52.8,50.92,50.82,207363150.93,50.82,45.6
2026-06-18T13:27:32,2026-06-18 13:27:30,000791,甘肃能源,8.66,-6.0738,9.0,9.15,8.63,9.22,611567881.19,9.22,8.83
2026-06-18T13:27:32,2026-06-18 13:27:30,002346,柘中股份,18.51,0.982,18.75,19.0,18.18,18.33,102149886.0,18.33,16.48
2026-06-18T13:27:32,2026-06-18 13:27:30,002240,盛新锂能,46.22,-4.3064,47.0,49.08,45.73,48.3,2553275631.08,49.75,45.77
2026-06-18T13:27:32,2026-06-18 13:27:30,002364,中恒电气,54.2,4.2508,51.7,54.48,51.5,51.99,1325751987.56,53.41,49.137
2026-06-18T13:27:32,2026-06-18 13:27:30,002745,木林森,11.45,0.175,11.49,11.83,11.23,11.43,927346412.77,10.87,10.0
2026-06-18T13:27:32,2026-06-18 13:27:31,600183,生益科技,185.71,3.0863,178.5,187.35,176.73,180.15,11203377911.0,183.755,169.055
2026-06-18T13:28:33,2026-06-18 13:28:31,603861,白云电器,15.56,-2.0768,15.9,15.98,15.37,15.89,186840458.0,15.89,14.98
2026-06-18T13:28:33,2026-06-18 13:28:30,000048,京基智农,18.72,-2.1432,19.05,19.49,17.84,19.13,460110952.81,19.13,17.37
2026-06-18T13:28:33,2026-06-18 13:28:27,605588,冠石科技,62.45,-0.9516,62.42,64.79,62.26,63.05,185125780.0,63.05,56.5
2026-06-18T13:28:33,2026-06-18 13:28:30,001266,宏英智能,51.82,1.9677,51.67,52.8,50.92,50.82,207497797.93,50.82,45.6
2026-06-18T13:28:33,2026-06-18 13:28:30,000791,甘肃能源,8.66,-6.0738,9.0,9.15,8.63,9.22,612251581.19,9.22,8.83
2026-06-18T13:28:33,2026-06-18 13:28:21,002346,柘中股份,18.51,0.982,18.75,19.0,18.18,18.33,102179502.0,18.33,16.48
2026-06-18T13:28:33,2026-06-18 13:28:30,002240,盛新锂能,46.18,-4.3892,47.0,49.08,45.73,48.3,2558262002.08,49.75,45.77
2026-06-18T13:28:33,2026-06-18 13:28:30,002364,中恒电气,54.25,4.347,51.7,54.48,51.5,51.99,1337758481.56,53.41,49.137
2026-06-18T13:28:33,2026-06-18 13:28:30,002745,木林森,11.43,0.0,11.49,11.83,11.23,11.43,930474957.77,10.87,10.0
2026-06-18T13:28:33,2026-06-18 13:28:31,600183,生益科技,185.86,3.1696,178.5,187.35,176.73,180.15,11230895637.0,183.755,169.055
2026-06-18T13:29:33,2026-06-18 13:29:31,603861,白云电器,15.54,-2.2026,15.9,15.98,15.37,15.89,187059679.0,15.89,14.98
2026-06-18T13:29:33,2026-06-18 13:29:30,000048,京基智农,18.78,-1.8296,19.05,19.49,17.84,19.13,461327436.81,19.13,17.37
2026-06-18T13:29:33,2026-06-18 13:29:30,605588,冠石科技,62.42,-0.9992,62.42,64.79,62.26,63.05,185906306.0,63.05,56.5
2026-06-18T13:29:33,2026-06-18 13:29:30,001266,宏英智能,51.83,1.9874,51.67,52.8,50.92,50.82,208052197.93,50.82,45.6
2026-06-18T13:29:33,2026-06-18 13:29:30,000791,甘肃能源,8.65,-6.1822,9.0,9.15,8.63,9.22,614116038.19,9.22,8.83
2026-06-18T13:29:33,2026-06-18 13:29:30,002346,柘中股份,18.49,0.8729,18.75,19.0,18.18,18.33,102266438.0,18.33,16.48
2026-06-18T13:29:33,2026-06-18 13:29:30,002240,盛新锂能,46.1,-4.5549,47.0,49.08,45.73,48.3,2567078113.08,49.75,45.77
2026-06-18T13:29:33,2026-06-18 13:29:30,002364,中恒电气,54.18,4.2123,51.7,54.48,51.5,51.99,1343818939.56,53.41,49.137
2026-06-18T13:29:33,2026-06-18 13:29:30,002745,木林森,11.43,0.0,11.49,11.83,11.23,11.43,934489205.77,10.87,10.0
2026-06-18T13:29:33,2026-06-18 13:29:31,600183,生益科技,185.41,2.9198,178.5,187.35,176.73,180.15,11261530685.0,183.755,169.055
2026-06-18T13:30:33,2026-06-18 13:30:31,603861,白云电器,15.53,-2.2656,15.9,15.98,15.37,15.89,187356403.0,15.89,14.98
2026-06-18T13:30:33,2026-06-18 13:30:30,000048,京基智农,18.8,-1.725,19.05,19.49,17.84,19.13,462044291.81,19.13,17.37
2026-06-18T13:30:33,2026-06-18 13:30:30,605588,冠石科技,62.56,-0.7772,62.42,64.79,62.26,63.05,187461488.0,63.05,56.5
2026-06-18T13:30:33,2026-06-18 13:30:30,001266,宏英智能,52.0,2.3219,51.67,52.8,50.92,50.82,208825261.93,50.82,45.6
2026-06-18T13:30:33,2026-06-18 13:30:30,000791,甘肃能源,8.64,-6.2907,9.0,9.15,8.63,9.22,616406582.19,9.22,8.83
2026-06-18T13:30:33,2026-06-18 13:30:30,002346,柘中股份,18.49,0.8729,18.75,19.0,18.18,18.33,102451306.0,18.33,16.48
2026-06-18T13:30:33,2026-06-18 13:30:30,002240,盛新锂能,46.19,-4.3685,47.0,49.08,45.73,48.3,2575816265.08,49.75,45.77
2026-06-18T13:30:33,2026-06-18 13:30:30,002364,中恒电气,54.02,3.9046,51.7,54.48,51.5,51.99,1355272717.56,53.41,49.137
2026-06-18T13:30:33,2026-06-18 13:30:30,002745,木林森,11.43,0.0,11.49,11.83,11.23,11.43,936845749.77,10.87,10.0
2026-06-18T13:30:33,2026-06-18 13:30:31,600183,生益科技,185.97,3.2306,178.5,187.35,176.73,180.15,11309974954.0,183.755,169.055
2026-06-18T13:31:34,2026-06-18 13:31:31,603861,白云电器,15.55,-2.1397,15.9,15.98,15.37,15.89,188004797.0,15.89,14.98
2026-06-18T13:31:34,2026-06-18 13:31:30,000048,京基智农,18.81,-1.6728,19.05,19.49,17.84,19.13,462572748.81,19.13,17.37
2026-06-18T13:31:34,2026-06-18 13:31:30,605588,冠石科技,62.63,-0.6661,62.42,64.79,62.26,63.05,192677761.0,63.05,56.5
2026-06-18T13:31:34,2026-06-18 13:31:30,001266,宏英智能,52.13,2.5777,51.67,52.8,50.92,50.82,209221167.93,50.82,45.6
2026-06-18T13:31:34,2026-06-18 13:31:30,000791,甘肃能源,8.63,-6.3991,9.0,9.15,8.63,9.22,618911647.19,9.22,8.83
2026-06-18T13:31:34,2026-06-18 13:31:27,002346,柘中股份,18.52,1.0366,18.75,19.0,18.18,18.33,102634554.0,18.33,16.48
2026-06-18T13:31:34,2026-06-18 13:31:30,002240,盛新锂能,46.42,-3.8923,47.0,49.08,45.73,48.3,2587951744.08,49.75,45.77
2026-06-18T13:31:34,2026-06-18 13:31:30,002364,中恒电气,54.2,4.2508,51.7,54.48,51.5,51.99,1363767697.5,53.41,49.137
2026-06-18T13:31:34,2026-06-18 13:31:30,002745,木林森,11.43,0.0,11.49,11.83,11.23,11.43,940857334.77,10.87,10.0
2026-06-18T13:31:34,2026-06-18 13:31:31,600183,生益科技,186.16,3.3361,178.5,187.35,176.73,180.15,11345589184.0,183.755,169.055
2026-06-18T13:32:34,2026-06-18 13:32:31,603861,白云电器,15.52,-2.3285,15.9,15.98,15.37,15.89,188135257.0,15.89,14.98
2026-06-18T13:32:34,2026-06-18 13:32:33,000048,京基智农,18.77,-1.8819,19.05,19.49,17.84,19.13,463373206.81,19.13,17.37
2026-06-18T13:32:34,2026-06-18 13:32:24,605588,冠石科技,62.56,-0.7772,62.42,64.79,62.26,63.05,193735545.0,63.05,56.5
2026-06-18T13:32:34,2026-06-18 13:32:33,001266,宏英智能,52.09,2.499,51.67,52.8,50.92,50.82,210200729.93,50.82,45.6
2026-06-18T13:32:34,2026-06-18 13:32:33,000791,甘肃能源,8.63,-6.3991,9.0,9.15,8.62,9.22,621058573.19,9.22,8.83
2026-06-18T13:32:34,2026-06-18 13:32:33,002346,柘中股份,18.49,0.8729,18.75,19.0,18.18,18.33,102958311.0,18.33,16.48
2026-06-18T13:32:34,2026-06-18 13:32:33,002240,盛新锂能,46.37,-3.9959,47.0,49.08,45.73,48.3,2598392286.08,49.75,45.77
2026-06-18T13:32:34,2026-06-18 13:32:33,002364,中恒电气,54.03,3.9238,51.7,54.48,51.5,51.99,1371424396.44,53.41,49.137
2026-06-18T13:32:34,2026-06-18 13:32:33,002745,木林森,11.43,0.0,11.49,11.83,11.23,11.43,942854026.77,10.87,10.0
2026-06-18T13:32:34,2026-06-18 13:32:31,600183,生益科技,185.97,3.2306,178.5,187.35,176.73,180.15,11374034322.0,183.755,169.055
2026-06-18T13:33:34,2026-06-18 13:33:31,603861,白云电器,15.54,-2.2026,15.9,15.98,15.37,15.89,188543563.0,15.89,14.98
2026-06-18T13:33:34,2026-06-18 13:33:33,000048,京基智农,18.82,-1.6205,19.05,19.49,17.84,19.13,465159009.11,19.13,17.37
2026-06-18T13:33:34,2026-06-18 13:33:33,605588,冠石科技,62.59,-0.7296,62.42,64.79,62.26,63.05,194417642.0,63.05,56.5
2026-06-18T13:33:34,2026-06-18 13:33:30,001266,宏英智能,52.25,2.8139,51.67,52.8,50.92,50.82,210899665.23,50.82,45.6
2026-06-18T13:33:34,2026-06-18 13:33:33,000791,甘肃能源,8.63,-6.3991,9.0,9.15,8.62,9.22,622289261.19,9.22,8.83
2026-06-18T13:33:34,2026-06-18 13:33:30,002346,柘中股份,18.52,1.0366,18.75,19.0,18.18,18.33,103113749.0,18.33,16.48
2026-06-18T13:33:34,2026-06-18 13:33:33,002240,盛新锂能,46.49,-3.7474,47.0,49.08,45.73,48.3,2611655899.08,49.75,45.77
2026-06-18T13:33:34,2026-06-18 13:33:33,002364,中恒电气,54.07,4.0008,51.7,54.48,51.5,51.99,1375851592.44,53.41,49.137
2026-06-18T13:33:34,2026-06-18 13:33:33,002745,木林森,11.42,-0.0875,11.49,11.83,11.23,11.43,945621515.77,10.87,10.0
2026-06-18T13:33:34,2026-06-18 13:33:31,600183,生益科技,185.49,2.9642,178.5,187.35,176.73,180.15,11399795433.0,183.755,169.055
2026-06-18T13:34:35,2026-06-18 13:34:34,603861,白云电器,15.57,-2.0138,15.9,15.98,15.37,15.89,189060318.0,15.89,14.98
2026-06-18T13:34:35,2026-06-18 13:34:33,000048,京基智农,18.84,-1.5159,19.05,19.49,17.84,19.13,465959749.11,19.13,17.37
2026-06-18T13:34:35,2026-06-18 13:34:33,605588,冠石科技,62.46,-0.9358,62.42,64.79,62.26,63.05,195242480.0,63.05,56.5
2026-06-18T13:34:35,2026-06-18 13:34:33,001266,宏英智能,52.15,2.6171,51.67,52.8,50.92,50.82,211478814.93,50.82,45.6
2026-06-18T13:34:35,2026-06-18 13:34:33,000791,甘肃能源,8.63,-6.3991,9.0,9.15,8.62,9.22,624491339.19,9.22,8.83
2026-06-18T13:34:35,2026-06-18 13:34:33,002346,柘中股份,18.5,0.9274,18.75,19.0,18.18,18.33,103187781.0,18.33,16.48
2026-06-18T13:34:35,2026-06-18 13:34:33,002240,盛新锂能,46.51,-3.706,47.0,49.08,45.73,48.3,2619985241.08,49.75,45.77
2026-06-18T13:34:35,2026-06-18 13:34:33,002364,中恒电气,53.97,3.8084,51.7,54.48,51.5,51.99,1382746796.44,53.41,49.137
2026-06-18T13:34:35,2026-06-18 13:34:33,002745,木林森,11.42,-0.0875,11.49,11.83,11.23,11.43,949744631.77,10.87,10.0
2026-06-18T13:34:35,2026-06-18 13:34:34,600183,生益科技,185.28,2.8476,178.5,187.35,176.73,180.15,11430711483.0,183.755,169.055
2026-06-18T13:35:35,2026-06-18 13:35:34,603861,白云电器,15.57,-2.0138,15.9,15.98,15.37,15.89,189502307.0,15.89,14.98
2026-06-18T13:35:35,2026-06-18 13:35:33,000048,京基智农,18.84,-1.5159,19.05,19.49,17.84,19.13,466626697.11,19.13,17.37
2026-06-18T13:35:35,2026-06-18 13:35:30,605588,冠石科技,62.47,-0.9199,62.42,64.79,62.26,63.05,196422778.0,63.05,56.5
2026-06-18T13:35:35,2026-06-18 13:35:33,001266,宏英智能,52.13,2.5777,51.67,52.8,50.92,50.82,211697781.93,50.82,45.6
2026-06-18T13:35:35,2026-06-18 13:35:33,000791,甘肃能源,8.62,-6.5076,9.0,9.15,8.61,9.22,627975402.19,9.22,8.83
2026-06-18T13:35:35,2026-06-18 13:35:30,002346,柘中股份,18.5,0.9274,18.75,19.0,18.18,18.33,103230330.0,18.33,16.48
2026-06-18T13:35:35,2026-06-18 13:35:33,002240,盛新锂能,46.45,-3.8302,47.0,49.08,45.73,48.3,2627980463.08,49.75,45.77
2026-06-18T13:35:35,2026-06-18 13:35:33,002364,中恒电气,53.96,3.7892,51.7,54.48,51.5,51.99,1388835120.44,53.41,49.137
2026-06-18T13:35:35,2026-06-18 13:35:33,002745,木林森,11.42,-0.0875,11.49,11.83,11.23,11.43,952831504.77,10.87,10.0
2026-06-18T13:35:35,2026-06-18 13:35:34,600183,生益科技,185.29,2.8532,178.5,187.35,176.73,180.15,11447027119.0,183.755,169.055
2026-06-18T13:36:36,2026-06-18 13:36:34,603861,白云电器,15.53,-2.2656,15.9,15.98,15.37,15.89,189817913.0,15.89,14.98
2026-06-18T13:36:36,2026-06-18 13:36:36,000048,京基智农,18.89,-1.2546,19.05,19.49,17.84,19.13,467585339.11,19.13,17.37
2026-06-18T13:36:36,2026-06-18 13:36:33,605588,冠石科技,62.52,-0.8406,62.42,64.79,62.26,63.05,196816470.0,63.05,56.5
2026-06-18T13:36:36,2026-06-18 13:36:36,001266,宏英智能,52.2,2.7155,51.67,52.8,50.92,50.82,212255760.23,50.82,45.6
2026-06-18T13:36:36,2026-06-18 13:36:36,000791,甘肃能源,8.63,-6.3991,9.0,9.15,8.61,9.22,630319184.19,9.22,8.83
2026-06-18T13:36:36,2026-06-18 13:36:33,002346,柘中股份,18.47,0.7638,18.75,19.0,18.18,18.33,103659130.0,18.33,16.48
2026-06-18T13:36:36,2026-06-18 13:36:33,002240,盛新锂能,46.3,-4.1408,47.0,49.08,45.73,48.3,2633014774.08,49.75,45.77
2026-06-18T13:36:36,2026-06-18 13:36:33,002364,中恒电气,53.85,3.5776,51.7,54.48,51.5,51.99,1398309488.44,53.41,49.137
2026-06-18T13:36:36,2026-06-18 13:36:33,002745,木林森,11.48,0.4374,11.49,11.83,11.23,11.43,968423901.77,10.87,10.0
2026-06-18T13:36:36,2026-06-18 13:36:34,600183,生益科技,185.12,2.7588,178.5,187.35,176.73,180.15,11466991959.0,183.755,169.055
2026-06-18T13:37:36,2026-06-18 13:37:34,603861,白云电器,15.5,-2.4544,15.9,15.98,15.37,15.89,189979306.0,15.89,14.98
2026-06-18T13:37:36,2026-06-18 13:37:33,000048,京基智农,18.82,-1.6205,19.05,19.49,17.84,19.13,468782523.11,19.13,17.37
2026-06-18T13:37:36,2026-06-18 13:37:33,605588,冠石科技,62.53,-0.8247,62.42,64.79,62.26,63.05,197116717.0,63.05,56.5
2026-06-18T13:37:36,2026-06-18 13:37:33,001266,宏英智能,52.28,2.8729,51.67,52.8,50.92,50.82,212454171.23,50.82,45.6
2026-06-18T13:37:36,2026-06-18 13:37:36,000791,甘肃能源,8.6,-6.7245,9.0,9.15,8.6,9.22,633163700.19,9.22,8.83
2026-06-18T13:37:36,2026-06-18 13:37:24,002346,柘中股份,18.47,0.7638,18.75,19.0,18.18,18.33,103668362.0,18.33,16.48
2026-06-18T13:37:36,2026-06-18 13:37:33,002240,盛新锂能,46.23,-4.2857,47.0,49.08,45.73,48.3,2639459176.08,49.75,45.77
2026-06-18T13:37:36,2026-06-18 13:37:33,002364,中恒电气,53.86,3.5968,51.7,54.48,51.5,51.99,1409533549.44,53.41,49.137
2026-06-18T13:37:36,2026-06-18 13:37:33,002745,木林森,11.44,0.0875,11.49,11.83,11.23,11.43,972543955.77,10.87,10.0
2026-06-18T13:37:36,2026-06-18 13:37:34,600183,生益科技,184.62,2.4813,178.5,187.35,176.73,180.15,11488294244.0,183.755,169.055
2026-06-18T13:38:37,2026-06-18 13:38:34,603861,白云电器,15.52,-2.3285,15.9,15.98,15.37,15.89,190707818.0,15.89,14.98
2026-06-18T13:38:37,2026-06-18 13:38:36,000048,京基智农,18.84,-1.5159,19.05,19.49,17.84,19.13,469516428.11,19.13,17.37
2026-06-18T13:38:37,2026-06-18 13:38:33,605588,冠石科技,62.55,-0.793,62.42,64.79,62.26,63.05,197479495.0,63.05,56.5
2026-06-18T13:38:37,2026-06-18 13:38:36,001266,宏英智能,52.11,2.5384,51.67,52.8,50.92,50.82,212877197.23,50.82,45.6
2026-06-18T13:38:37,2026-06-18 13:38:36,000791,甘肃能源,8.59,-6.833,9.0,9.15,8.59,9.22,639268567.19,9.22,8.83
2026-06-18T13:38:37,2026-06-18 13:38:33,002346,柘中股份,18.43,0.5456,18.75,19.0,18.18,18.33,103854675.0,18.33,16.48
2026-06-18T13:38:37,2026-06-18 13:38:33,002240,盛新锂能,46.15,-4.4513,47.0,49.08,45.73,48.3,2643259858.08,49.75,45.77
2026-06-18T13:38:37,2026-06-18 13:38:33,002364,中恒电气,53.91,3.693,51.7,54.48,51.5,51.99,1414368352.44,53.41,49.137
2026-06-18T13:38:37,2026-06-18 13:38:33,002745,木林森,11.42,-0.0875,11.49,11.83,11.23,11.43,974930375.77,10.87,10.0
2026-06-18T13:38:37,2026-06-18 13:38:34,600183,生益科技,184.74,2.5479,178.5,187.35,176.73,180.15,11502700799.0,183.755,169.055
2026-06-18T13:39:37,2026-06-18 13:39:34,603861,白云电器,15.49,-2.5173,15.9,15.98,15.37,15.89,191061430.0,15.89,14.98
2026-06-18T13:39:37,2026-06-18 13:39:36,000048,京基智农,18.83,-1.5682,19.05,19.49,17.84,19.13,469597412.11,19.13,17.37
2026-06-18T13:39:37,2026-06-18 13:39:33,605588,冠石科技,62.54,-0.8089,62.42,64.79,62.26,63.05,197754673.0,63.05,56.5
2026-06-18T13:39:37,2026-06-18 13:39:36,001266,宏英智能,52.1,2.5187,51.67,52.8,50.92,50.82,213481458.23,50.82,45.6
2026-06-18T13:39:37,2026-06-18 13:39:36,000791,甘肃能源,8.61,-6.6161,9.0,9.15,8.58,9.22,643824925.19,9.22,8.83
2026-06-18T13:39:37,2026-06-18 13:39:33,002346,柘中股份,18.44,0.6001,18.75,19.0,18.18,18.33,103946823.0,18.33,16.48
2026-06-18T13:39:37,2026-06-18 13:39:36,002240,盛新锂能,46.18,-4.3892,47.0,49.08,45.73,48.3,2652059522.08,49.75,45.77
2026-06-18T13:39:37,2026-06-18 13:39:36,002364,中恒电气,53.9,3.6738,51.7,54.48,51.5,51.99,1418466628.44,53.41,49.137
2026-06-18T13:39:37,2026-06-18 13:39:36,002745,木林森,11.4,-0.2625,11.49,11.83,11.23,11.43,976389728.77,10.87,10.0
2026-06-18T13:39:37,2026-06-18 13:39:34,600183,生益科技,185.21,2.8088,178.5,187.35,176.73,180.15,11541212172.0,183.755,169.055
2026-06-18T13:40:37,2026-06-18 13:40:34,603861,白云电器,15.5,-2.4544,15.9,15.98,15.37,15.89,191282993.0,15.89,14.98
2026-06-18T13:40:37,2026-06-18 13:40:36,000048,京基智农,18.91,-1.15,19.05,19.49,17.84,19.13,473007058.11,19.13,17.37
2026-06-18T13:40:37,2026-06-18 13:40:33,605588,冠石科技,62.57,-0.7613,62.42,64.79,62.26,63.05,198643000.0,63.05,56.5
2026-06-18T13:40:37,2026-06-18 13:40:36,001266,宏英智能,52.08,2.4793,51.67,52.8,50.92,50.82,213841065.23,50.82,45.6
2026-06-18T13:40:37,2026-06-18 13:40:36,000791,甘肃能源,8.62,-6.5076,9.0,9.15,8.58,9.22,645038823.19,9.22,8.83
2026-06-18T13:40:37,2026-06-18 13:40:27,002346,柘中股份,18.41,0.4364,18.75,19.0,18.18,18.33,104022349.0,18.33,16.48
2026-06-18T13:40:37,2026-06-18 13:40:36,002240,盛新锂能,46.13,-4.4928,47.0,49.08,45.73,48.3,2656956891.08,49.75,45.77
2026-06-18T13:40:37,2026-06-18 13:40:36,002364,中恒电气,53.83,3.5391,51.7,54.48,51.5,51.99,1426248411.44,53.41,49.137
2026-06-18T13:40:37,2026-06-18 13:40:36,002745,木林森,11.41,-0.175,11.49,11.83,11.23,11.43,978308390.77,10.87,10.0
2026-06-18T13:40:37,2026-06-18 13:40:34,600183,生益科技,185.21,2.8088,178.5,187.35,176.73,180.15,11554967481.0,183.755,169.055
2026-06-18T13:41:39,2026-06-18 13:41:37,603861,白云电器,15.48,-2.5802,15.9,15.98,15.37,15.89,191643881.0,15.89,14.98
2026-06-18T13:41:39,2026-06-18 13:41:36,000048,京基智农,19.1,-0.1568,19.05,19.49,17.84,19.13,480084034.11,19.13,17.37
2026-06-18T13:41:39,2026-06-18 13:41:36,605588,冠石科技,62.69,-0.571,62.42,64.79,62.26,63.05,199075292.0,63.05,56.5
2026-06-18T13:41:39,2026-06-18 13:41:36,001266,宏英智能,52.28,2.8729,51.67,52.8,50.92,50.82,214253431.23,50.82,45.6
2026-06-18T13:41:39,2026-06-18 13:41:36,000791,甘肃能源,8.62,-6.5076,9.0,9.15,8.58,9.22,647341552.19,9.22,8.83
2026-06-18T13:41:39,2026-06-18 13:41:36,002346,柘中股份,18.43,0.5456,18.75,19.0,18.18,18.33,104276592.0,18.33,16.48
2026-06-18T13:41:39,2026-06-18 13:41:36,002240,盛新锂能,46.14,-4.472,47.0,49.08,45.73,48.3,2664260167.08,49.75,45.77
2026-06-18T13:41:39,2026-06-18 13:41:36,002364,中恒电气,53.96,3.7892,51.7,54.48,51.5,51.99,1430737843.44,53.41,49.137
2026-06-18T13:41:39,2026-06-18 13:41:36,002745,木林森,11.42,-0.0875,11.49,11.83,11.23,11.43,980342215.77,10.87,10.0
2026-06-18T13:41:39,2026-06-18 13:41:37,600183,生益科技,185.54,2.992,178.5,187.35,176.73,180.15,11578821099.0,183.755,169.055
2026-06-18T13:42:39,2026-06-18 13:42:37,603861,白云电器,15.47,-2.6432,15.9,15.98,15.37,15.89,191783114.0,15.89,14.98
2026-06-18T13:42:39,2026-06-18 13:42:39,000048,京基智农,19.06,-0.3659,19.05,19.49,17.84,19.13,482971708.11,19.13,17.37
2026-06-18T13:42:39,2026-06-18 13:42:36,605588,冠石科技,62.65,-0.6344,62.42,64.79,62.26,63.05,199407323.0,63.05,56.5
2026-06-18T13:42:39,2026-06-18 13:42:36,001266,宏英智能,52.6,3.5026,51.67,52.8,50.92,50.82,216120380.23,50.82,45.6
2026-06-18T13:42:39,2026-06-18 13:42:39,000791,甘肃能源,8.61,-6.6161,9.0,9.15,8.58,9.22,648255626.19,9.22,8.83
2026-06-18T13:42:39,2026-06-18 13:42:36,002346,柘中股份,18.42,0.491,18.75,19.0,18.18,18.33,104422127.0,18.33,16.48
2026-06-18T13:42:39,2026-06-18 13:42:36,002240,盛新锂能,46.12,-4.5135,47.0,49.08,45.73,48.3,2668407457.08,49.75,45.77
2026-06-18T13:42:39,2026-06-18 13:42:36,002364,中恒电气,53.89,3.6545,51.7,54.48,51.5,51.99,1434479926.44,53.41,49.137
2026-06-18T13:42:39,2026-06-18 13:42:36,002745,木林森,11.4,-0.2625,11.49,11.83,11.23,11.43,982980260.77,10.87,10.0
2026-06-18T13:42:39,2026-06-18 13:42:37,600183,生益科技,185.01,2.6978,178.5,187.35,176.73,180.15,11606494719.0,183.755,169.055
2026-06-18T13:43:39,2026-06-18 13:43:37,603861,白云电器,15.45,-2.769,15.9,15.98,15.37,15.89,192111250.0,15.89,14.98
2026-06-18T13:43:39,2026-06-18 13:43:39,000048,京基智农,19.02,-0.575,19.05,19.49,17.84,19.13,484280273.11,19.13,17.37
2026-06-18T13:43:39,2026-06-18 13:43:36,605588,冠石科技,62.66,-0.6186,62.42,64.79,62.26,63.05,199883647.0,63.05,56.5
2026-06-18T13:43:39,2026-06-18 13:43:36,001266,宏英智能,52.81,3.9158,51.67,52.81,50.92,50.82,222867686.23,50.82,45.6
2026-06-18T13:43:39,2026-06-18 13:43:39,000791,甘肃能源,8.61,-6.6161,9.0,9.15,8.58,9.22,649264840.19,9.22,8.83
2026-06-18T13:43:39,2026-06-18 13:43:36,002346,柘中股份,18.42,0.491,18.75,19.0,18.18,18.33,104431337.0,18.33,16.48
2026-06-18T13:43:39,2026-06-18 13:43:36,002240,盛新锂能,46.09,-4.5756,47.0,49.08,45.73,48.3,2673759689.08,49.75,45.77
2026-06-18T13:43:39,2026-06-18 13:43:36,002364,中恒电气,53.83,3.5391,51.7,54.48,51.5,51.99,1445243854.44,53.41,49.137
2026-06-18T13:43:39,2026-06-18 13:43:36,002745,木林森,11.39,-0.35,11.49,11.83,11.23,11.43,984008517.77,10.87,10.0
2026-06-18T13:43:39,2026-06-18 13:43:37,600183,生益科技,185.0,2.6922,178.5,187.35,176.73,180.15,11636965491.0,183.755,169.055
2026-06-18T13:44:39,2026-06-18 13:44:37,603861,白云电器,15.44,-2.832,15.9,15.98,15.37,15.89,192526799.0,15.89,14.98
2026-06-18T13:44:39,2026-06-18 13:44:39,000048,京基智农,18.97,-0.8364,19.05,19.49,17.84,19.13,484645061.11,19.13,17.37
2026-06-18T13:44:39,2026-06-18 13:44:36,605588,冠石科技,62.56,-0.7772,62.42,64.79,62.26,63.05,200879411.0,63.05,56.5
2026-06-18T13:44:39,2026-06-18 13:44:39,001266,宏英智能,52.93,4.1519,51.67,53.18,50.92,50.82,228217725.23,50.82,45.6
2026-06-18T13:44:39,2026-06-18 13:44:39,000791,甘肃能源,8.6,-6.7245,9.0,9.15,8.58,9.22,650649857.19,9.22,8.83
2026-06-18T13:44:39,2026-06-18 13:44:36,002346,柘中股份,18.42,0.491,18.75,19.0,18.18,18.33,104501333.0,18.33,16.48
2026-06-18T13:44:39,2026-06-18 13:44:36,002240,盛新锂能,46.03,-4.6998,47.0,49.08,45.73,48.3,2680169473.02,49.75,45.77
2026-06-18T13:44:39,2026-06-18 13:44:36,002364,中恒电气,53.8,3.4814,51.7,54.48,51.5,51.99,1452110703.44,53.41,49.137
2026-06-18T13:44:39,2026-06-18 13:44:36,002745,木林森,11.36,-0.6124,11.49,11.83,11.23,11.43,986567185.77,10.87,10.0
2026-06-18T13:44:39,2026-06-18 13:44:37,600183,生益科技,184.9,2.6367,178.5,187.35,176.73,180.15,11663004622.0,183.755,169.055
2026-06-18T13:45:40,2026-06-18 13:45:37,603861,白云电器,15.44,-2.832,15.9,15.98,15.37,15.89,192939118.0,15.89,14.98
2026-06-18T13:45:40,2026-06-18 13:45:39,000048,京基智农,19.0,-0.6796,19.05,19.49,17.84,19.13,485094838.11,19.13,17.37
2026-06-18T13:45:40,2026-06-18 13:45:33,605588,冠石科技,62.54,-0.8089,62.42,64.79,62.26,63.05,201304867.0,63.05,56.5
2026-06-18T13:45:40,2026-06-18 13:45:39,001266,宏英智能,52.69,3.6797,51.67,53.18,50.92,50.82,231946320.23,50.82,45.6
2026-06-18T13:45:40,2026-06-18 13:45:39,000791,甘肃能源,8.6,-6.7245,9.0,9.15,8.58,9.22,652400158.19,9.22,8.83
2026-06-18T13:45:40,2026-06-18 13:45:33,002346,柘中股份,18.43,0.5456,18.75,19.0,18.18,18.33,104632101.0,18.33,16.48
2026-06-18T13:45:40,2026-06-18 13:45:39,002240,盛新锂能,46.02,-4.7205,47.0,49.08,45.73,48.3,2691986408.02,49.75,45.77
2026-06-18T13:45:40,2026-06-18 13:45:39,002364,中恒电气,53.69,3.2699,51.7,54.48,51.5,51.99,1456840504.44,53.41,49.137
2026-06-18T13:45:40,2026-06-18 13:45:39,002745,木林森,11.37,-0.5249,11.49,11.83,11.23,11.43,988936539.25,10.87,10.0
2026-06-18T13:45:40,2026-06-18 13:45:37,600183,生益科技,184.56,2.448,178.5,187.35,176.73,180.15,11688703501.0,183.755,169.055
2026-06-18T13:46:40,2026-06-18 13:46:37,603861,白云电器,15.44,-2.832,15.9,15.98,15.37,15.89,193147573.0,15.89,14.98
2026-06-18T13:46:40,2026-06-18 13:46:39,000048,京基智农,18.96,-0.8887,19.05,19.49,17.84,19.13,488763381.11,19.13,17.37
2026-06-18T13:46:40,2026-06-18 13:46:39,605588,冠石科技,62.57,-0.7613,62.42,64.79,62.26,63.05,201917963.0,63.05,56.5
2026-06-18T13:46:40,2026-06-18 13:46:39,001266,宏英智能,52.66,3.6206,51.67,53.18,50.92,50.82,233041601.23,50.82,45.6
2026-06-18T13:46:40,2026-06-18 13:46:39,000791,甘肃能源,8.58,-6.9414,9.0,9.15,8.58,9.22,655251795.19,9.22,8.83
2026-06-18T13:46:40,2026-06-18 13:46:39,002346,柘中股份,18.42,0.491,18.75,19.0,18.18,18.33,104668941.0,18.33,16.48
2026-06-18T13:46:40,2026-06-18 13:46:39,002240,盛新锂能,46.06,-4.6377,47.0,49.08,45.73,48.3,2705418101.02,49.75,45.77
2026-06-18T13:46:40,2026-06-18 13:46:39,002364,中恒电气,53.7,3.2891,51.7,54.48,51.5,51.99,1460464129.44,53.41,49.137
2026-06-18T13:46:40,2026-06-18 13:46:39,002745,木林森,11.35,-0.6999,11.49,11.83,11.23,11.43,990862287.77,10.87,10.0
2026-06-18T13:46:40,2026-06-18 13:46:37,600183,生益科技,184.47,2.398,178.5,187.35,176.73,180.15,11713464217.0,183.755,169.055
2026-06-18T13:47:41,2026-06-18 13:47:40,603861,白云电器,15.41,-3.0208,15.9,15.98,15.37,15.89,193959113.0,15.89,14.98
2026-06-18T13:47:41,2026-06-18 13:47:36,000048,京基智农,18.95,-0.9409,19.05,19.49,17.84,19.13,489398530.11,19.13,17.37
2026-06-18T13:47:41,2026-06-18 13:47:39,605588,冠石科技,62.54,-0.8089,62.42,64.79,62.26,63.05,202393475.0,63.05,56.5
2026-06-18T13:47:41,2026-06-18 13:47:39,001266,宏英智能,52.36,3.0303,51.67,53.18,50.92,50.82,234377767.23,50.82,45.6
2026-06-18T13:47:41,2026-06-18 13:47:39,000791,甘肃能源,8.58,-6.9414,9.0,9.15,8.58,9.22,656824068.19,9.22,8.83
2026-06-18T13:47:41,2026-06-18 13:47:39,002346,柘中股份,18.4,0.3819,18.75,19.0,18.18,18.33,104858578.0,18.33,16.48
2026-06-18T13:47:41,2026-06-18 13:47:39,002240,盛新锂能,46.06,-4.6377,47.0,49.08,45.73,48.3,2709833287.83,49.75,45.77
2026-06-18T13:47:41,2026-06-18 13:47:39,002364,中恒电气,53.61,3.116,51.7,54.48,51.5,51.99,1464575711.44,53.41,49.137
2026-06-18T13:47:41,2026-06-18 13:47:39,002745,木林森,11.34,-0.7874,11.49,11.83,11.23,11.43,992714845.77,10.87,10.0
2026-06-18T13:47:41,2026-06-18 13:47:37,600183,生益科技,184.17,2.2315,178.5,187.35,176.73,180.15,11750105001.0,183.755,169.055
2026-06-18T13:48:41,2026-06-18 13:48:40,603861,白云电器,15.42,-2.9578,15.9,15.98,15.37,15.89,194654242.0,15.89,14.98
2026-06-18T13:48:41,2026-06-18 13:48:39,000048,京基智农,19.03,-0.5227,19.05,19.49,17.84,19.13,491513530.11,19.13,17.37
2026-06-18T13:48:41,2026-06-18 13:48:39,605588,冠石科技,62.52,-0.8406,62.42,64.79,62.26,63.05,203230742.0,63.05,56.5
2026-06-18T13:48:41,2026-06-18 13:48:39,001266,宏英智能,52.39,3.0893,51.67,53.18,50.92,50.82,234786339.23,50.82,45.6
2026-06-18T13:48:41,2026-06-18 13:48:39,000791,甘肃能源,8.57,-7.0499,9.0,9.15,8.57,9.22,659669829.19,9.22,8.83
2026-06-18T13:48:41,2026-06-18 13:48:39,002346,柘中股份,18.4,0.3819,18.75,19.0,18.18,18.33,104963461.0,18.33,16.48
2026-06-18T13:48:41,2026-06-18 13:48:39,002240,盛新锂能,46.02,-4.7205,47.0,49.08,45.73,48.3,2713757278.56,49.75,45.77
2026-06-18T13:48:41,2026-06-18 13:48:39,002364,中恒电气,53.56,3.0198,51.7,54.48,51.5,51.99,1470172578.44,53.41,49.137
2026-06-18T13:48:41,2026-06-18 13:48:39,002745,木林森,11.35,-0.6999,11.49,11.83,11.23,11.43,998473239.77,10.87,10.0
2026-06-18T13:48:41,2026-06-18 13:48:40,600183,生益科技,184.5,2.4147,178.5,187.35,176.73,180.15,11775295765.0,183.755,169.055
2026-06-18T13:49:41,2026-06-18 13:49:40,603861,白云电器,15.41,-3.0208,15.9,15.98,15.37,15.89,195021271.0,15.89,14.98
2026-06-18T13:49:41,2026-06-18 13:49:39,000048,京基智农,19.0,-0.6796,19.05,19.49,17.84,19.13,492098848.11,19.13,17.37
2026-06-18T13:49:41,2026-06-18 13:49:39,605588,冠石科技,62.53,-0.8247,62.42,64.79,62.26,63.05,203530891.0,63.05,56.5
2026-06-18T13:49:41,2026-06-18 13:49:39,001266,宏英智能,52.39,3.0893,51.67,53.18,50.92,50.82,235556884.23,50.82,45.6
2026-06-18T13:49:41,2026-06-18 13:49:39,000791,甘肃能源,8.58,-6.9414,9.0,9.15,8.56,9.22,664233324.91,9.22,8.83
2026-06-18T13:49:41,2026-06-18 13:49:33,002346,柘中股份,18.41,0.4364,18.75,19.0,18.18,18.33,105037096.0,18.33,16.48
2026-06-18T13:49:41,2026-06-18 13:49:39,002240,盛新锂能,46.0,-4.7619,47.0,49.08,45.73,48.3,2721508388.56,49.75,45.77
2026-06-18T13:49:41,2026-06-18 13:49:39,002364,中恒电气,53.57,3.039,51.7,54.48,51.5,51.99,1473018256.44,53.41,49.137
2026-06-18T13:49:41,2026-06-18 13:49:39,002745,木林森,11.35,-0.6999,11.49,11.83,11.23,11.43,999678005.77,10.87,10.0
2026-06-18T13:49:41,2026-06-18 13:49:40,600183,生益科技,184.28,2.2925,178.5,187.35,176.73,180.15,11795231535.0,183.755,169.055
2026-06-18T13:50:42,2026-06-18 13:50:40,603861,白云电器,15.42,-2.9578,15.9,15.98,15.37,15.89,195395780.0,15.89,14.98
2026-06-18T13:50:42,2026-06-18 13:50:39,000048,京基智农,18.97,-0.8364,19.05,19.49,17.84,19.13,492322869.11,19.13,17.37
2026-06-18T13:50:42,2026-06-18 13:50:39,605588,冠石科技,62.51,-0.8565,62.42,64.79,62.26,63.05,203687198.0,63.05,56.5
2026-06-18T13:50:42,2026-06-18 13:50:39,001266,宏英智能,52.4,3.109,51.67,53.18,50.92,50.82,236222744.23,50.82,45.6
2026-06-18T13:50:42,2026-06-18 13:50:39,000791,甘肃能源,8.56,-7.1584,9.0,9.15,8.56,9.22,667746586.55,9.22,8.83
2026-06-18T13:50:42,2026-06-18 13:50:39,002346,柘中股份,18.35,0.1091,18.75,19.0,18.18,18.33,106155094.0,18.33,16.48
2026-06-18T13:50:42,2026-06-18 13:50:39,002240,盛新锂能,45.97,-4.824,47.0,49.08,45.73,48.3,2728854477.56,49.75,45.77
2026-06-18T13:50:42,2026-06-18 13:50:39,002364,中恒电气,53.54,2.9813,51.7,54.48,51.5,51.99,1477121101.44,53.41,49.137
2026-06-18T13:50:42,2026-06-18 13:50:39,002745,木林森,11.35,-0.6999,11.49,11.83,11.23,11.43,1000745967.77,10.87,10.0
2026-06-18T13:50:42,2026-06-18 13:50:40,600183,生益科技,184.26,2.2814,178.5,187.35,176.73,180.15,11821927832.0,183.755,169.055
2026-06-18T13:51:43,2026-06-18 13:51:40,603861,白云电器,15.41,-3.0208,15.9,15.98,15.37,15.89,195586969.0,15.89,14.98
2026-06-18T13:51:43,2026-06-18 13:51:42,000048,京基智农,18.95,-0.9409,19.05,19.49,17.84,19.13,494079073.11,19.13,17.37
2026-06-18T13:51:43,2026-06-18 13:51:39,605588,冠石科技,62.5,-0.8723,62.42,64.79,62.26,63.05,204074806.0,63.05,56.5
2026-06-18T13:51:43,2026-06-18 13:51:42,001266,宏英智能,52.49,3.2861,51.67,53.18,50.92,50.82,237141233.23,50.82,45.6
2026-06-18T13:51:43,2026-06-18 13:51:42,000791,甘肃能源,8.6,-6.7245,9.0,9.15,8.56,9.22,671719857.31,9.22,8.83
2026-06-18T13:51:43,2026-06-18 13:51:39,002346,柘中股份,18.37,0.2182,18.75,19.0,18.18,18.33,106459783.0,18.33,16.48
2026-06-18T13:51:43,2026-06-18 13:51:42,002240,盛新锂能,46.15,-4.4513,47.0,49.08,45.73,48.3,2740150028.98,49.75,45.77
2026-06-18T13:51:43,2026-06-18 13:51:42,002364,中恒电气,53.52,2.9429,51.7,54.48,51.5,51.99,1481393248.75,53.41,49.137
2026-06-18T13:51:43,2026-06-18 13:51:42,002745,木林森,11.33,-0.8749,11.49,11.83,11.23,11.43,1002756510.77,10.87,10.0
2026-06-18T13:51:43,2026-06-18 13:51:40,600183,生益科技,184.15,2.2204,178.5,187.35,176.73,180.15,11839324197.0,183.755,169.055
2026-06-18T13:52:43,2026-06-18 13:52:40,603861,白云电器,15.43,-2.8949,15.9,15.98,15.37,15.89,195753501.0,15.89,14.98
2026-06-18T13:52:43,2026-06-18 13:52:39,000048,京基智农,18.94,-0.9932,19.05,19.49,17.84,19.13,494723331.11,19.13,17.37
2026-06-18T13:52:43,2026-06-18 13:52:39,605588,冠石科技,62.55,-0.793,62.42,64.79,62.26,63.05,204443629.0,63.05,56.5
2026-06-18T13:52:43,2026-06-18 13:52:42,001266,宏英智能,52.49,3.2861,51.67,53.18,50.92,50.82,237508750.23,50.82,45.6
2026-06-18T13:52:43,2026-06-18 13:52:42,000791,甘肃能源,8.61,-6.6161,9.0,9.15,8.56,9.22,673824294.31,9.22,8.83
2026-06-18T13:52:43,2026-06-18 13:52:42,002346,柘中股份,18.37,0.2182,18.75,19.0,18.18,18.33,106531417.0,18.33,16.48
2026-06-18T13:52:43,2026-06-18 13:52:42,002240,盛新锂能,46.12,-4.5135,47.0,49.08,45.73,48.3,2743757139.98,49.75,45.77
2026-06-18T13:52:43,2026-06-18 13:52:42,002364,中恒电气,53.55,3.0006,51.7,54.48,51.5,51.99,1484391069.75,53.41,49.137
2026-06-18T13:52:43,2026-06-18 13:52:39,002745,木林森,11.35,-0.6999,11.49,11.83,11.23,11.43,1004523273.77,10.87,10.0
2026-06-18T13:52:43,2026-06-18 13:52:40,600183,生益科技,184.28,2.2925,178.5,187.35,176.73,180.15,11869231805.0,183.755,169.055
2026-06-18T13:53:43,2026-06-18 13:53:43,603861,白云电器,15.43,-2.8949,15.9,15.98,15.37,15.89,195974144.0,15.89,14.98
2026-06-18T13:53:43,2026-06-18 13:53:42,000048,京基智农,18.96,-0.8887,19.05,19.49,17.84,19.13,495350592.11,19.13,17.37
2026-06-18T13:53:43,2026-06-18 13:53:42,605588,冠石科技,62.56,-0.7772,62.42,64.79,62.26,63.05,205468924.0,63.05,56.5
2026-06-18T13:53:43,2026-06-18 13:53:42,001266,宏英智能,52.48,3.2664,51.67,53.18,50.92,50.82,237992015.23,50.82,45.6
2026-06-18T13:53:43,2026-06-18 13:53:42,000791,甘肃能源,8.62,-6.5076,9.0,9.15,8.56,9.22,675092314.31,9.22,8.83
2026-06-18T13:53:43,2026-06-18 13:53:42,002346,柘中股份,18.37,0.2182,18.75,19.0,18.18,18.33,106637965.0,18.33,16.48
2026-06-18T13:53:43,2026-06-18 13:53:42,002240,盛新锂能,46.36,-4.0166,47.0,49.08,45.73,48.3,2751044868.98,49.75,45.77
2026-06-18T13:53:43,2026-06-18 13:53:42,002364,中恒电气,53.69,3.2699,51.7,54.48,51.5,51.99,1488547212.75,53.41,49.137
2026-06-18T13:53:43,2026-06-18 13:53:42,002745,木林森,11.36,-0.6124,11.49,11.83,11.23,11.43,1007363959.77,10.87,10.0
2026-06-18T13:53:43,2026-06-18 13:53:40,600183,生益科技,184.5,2.4147,178.5,187.35,176.73,180.15,11894769427.0,183.755,169.055
2026-06-18T13:54:44,2026-06-18 13:54:43,603861,白云电器,15.43,-2.8949,15.9,15.98,15.37,15.89,196538948.0,15.89,14.98
2026-06-18T13:54:44,2026-06-18 13:54:42,000048,京基智农,19.05,-0.4182,19.05,19.49,17.84,19.13,496686521.11,19.13,17.37
2026-06-18T13:54:44,2026-06-18 13:54:42,605588,冠石科技,62.52,-0.8406,62.42,64.79,62.26,63.05,206375780.0,63.05,56.5
2026-06-18T13:54:44,2026-06-18 13:54:42,001266,宏英智能,52.39,3.0893,51.67,53.18,50.92,50.82,238390853.23,50.82,45.6
2026-06-18T13:54:44,2026-06-18 13:54:42,000791,甘肃能源,8.59,-6.833,9.0,9.15,8.56,9.22,678801554.55,9.22,8.83
2026-06-18T13:54:44,2026-06-18 13:54:39,002346,柘中股份,18.37,0.2182,18.75,19.0,18.18,18.33,106698601.0,18.33,16.48
2026-06-18T13:54:44,2026-06-18 13:54:42,002240,盛新锂能,46.26,-4.2236,47.0,49.08,45.73,48.3,2755640211.98,49.75,45.77
2026-06-18T13:54:44,2026-06-18 13:54:42,002364,中恒电气,53.64,3.1737,51.7,54.48,51.5,51.99,1493136010.75,53.41,49.137
2026-06-18T13:54:44,2026-06-18 13:54:42,002745,木林森,11.35,-0.6999,11.49,11.83,11.23,11.43,1009556001.77,10.87,10.0
2026-06-18T13:54:44,2026-06-18 13:54:43,600183,生益科技,184.45,2.3869,178.5,187.35,176.73,180.15,11916408990.0,183.755,169.055
2026-06-18T13:55:44,2026-06-18 13:55:43,603861,白云电器,15.43,-2.8949,15.9,15.98,15.37,15.89,196866103.0,15.89,14.98
2026-06-18T13:55:44,2026-06-18 13:55:42,000048,京基智农,19.06,-0.3659,19.05,19.49,17.84,19.13,497517351.11,19.13,17.37
2026-06-18T13:55:44,2026-06-18 13:55:42,605588,冠石科技,62.48,-0.904,62.42,64.79,62.26,63.05,206706928.0,63.05,56.5
2026-06-18T13:55:44,2026-06-18 13:55:42,001266,宏英智能,52.55,3.4042,51.67,53.18,50.92,50.82,238485285.23,50.82,45.6
2026-06-18T13:55:44,2026-06-18 13:55:42,000791,甘肃能源,8.61,-6.6161,9.0,9.15,8.56,9.22,681962149.79,9.22,8.83
2026-06-18T13:55:44,2026-06-18 13:55:39,002346,柘中股份,18.38,0.2728,18.75,19.0,18.18,18.33,106807012.0,18.33,16.48
2026-06-18T13:55:44,2026-06-18 13:55:42,002240,盛新锂能,46.2,-4.3478,47.0,49.08,45.73,48.3,2758799668.98,49.75,45.77
2026-06-18T13:55:44,2026-06-18 13:55:42,002364,中恒电气,53.7,3.2891,51.7,54.48,51.5,51.99,1498267451.75,53.41,49.137
2026-06-18T13:55:44,2026-06-18 13:55:42,002745,木林森,11.38,-0.4374,11.49,11.83,11.23,11.43,1010824930.77,10.87,10.0
2026-06-18T13:55:44,2026-06-18 13:55:43,600183,生益科技,184.45,2.3869,178.5,187.35,176.73,180.15,11945397074.0,183.755,169.055
2026-06-18T13:56:45,2026-06-18 13:56:43,603861,白云电器,15.44,-2.832,15.9,15.98,15.37,15.89,197173294.0,15.89,14.98
2026-06-18T13:56:45,2026-06-18 13:56:42,000048,京基智农,19.04,-0.4705,19.05,19.49,17.84,19.13,499324791.11,19.13,17.37
2026-06-18T13:56:45,2026-06-18 13:56:42,605588,冠石科技,62.56,-0.7772,62.42,64.79,62.26,63.05,207363373.0,63.05,56.5
2026-06-18T13:56:45,2026-06-18 13:56:42,001266,宏英智能,52.48,3.2664,51.67,53.18,50.92,50.82,238569258.23,50.82,45.6
2026-06-18T13:56:45,2026-06-18 13:56:42,000791,甘肃能源,8.62,-6.5076,9.0,9.15,8.56,9.22,682425741.79,9.22,8.83
2026-06-18T13:56:45,2026-06-18 13:56:42,002346,柘中股份,18.37,0.2182,18.75,19.0,18.18,18.33,106941180.0,18.33,16.48
2026-06-18T13:56:45,2026-06-18 13:56:42,002240,盛新锂能,46.17,-4.4099,47.0,49.08,45.73,48.3,2765774573.98,49.75,45.77
2026-06-18T13:56:45,2026-06-18 13:56:42,002364,中恒电气,53.7,3.2891,51.7,54.48,51.5,51.99,1500168912.75,53.41,49.137
2026-06-18T13:56:45,2026-06-18 13:56:42,002745,木林森,11.37,-0.5249,11.49,11.83,11.23,11.43,1012466091.77,10.87,10.0
2026-06-18T13:56:45,2026-06-18 13:56:43,600183,生益科技,184.64,2.4924,178.5,187.35,176.73,180.15,11968502542.0,183.755,169.055
2026-06-18T13:57:45,2026-06-18 13:57:43,603861,白云电器,15.43,-2.8949,15.9,15.98,15.37,15.89,197441827.0,15.89,14.98
2026-06-18T13:57:45,2026-06-18 13:57:42,000048,京基智农,19.05,-0.4182,19.05,19.49,17.84,19.13,499942170.11,19.13,17.37
2026-06-18T13:57:45,2026-06-18 13:57:39,605588,冠石科技,62.62,-0.682,62.42,64.79,62.26,63.05,207688694.0,63.05,56.5
2026-06-18T13:57:45,2026-06-18 13:57:42,001266,宏英智能,52.55,3.4042,51.67,53.18,50.92,50.82,238779347.23,50.82,45.6
2026-06-18T13:57:45,2026-06-18 13:57:42,000791,甘肃能源,8.62,-6.5076,9.0,9.15,8.56,9.22,683657826.79,9.22,8.83
2026-06-18T13:57:45,2026-06-18 13:57:42,002346,柘中股份,18.36,0.1637,18.75,19.0,18.18,18.33,107086376.0,18.33,16.48
2026-06-18T13:57:45,2026-06-18 13:57:42,002240,盛新锂能,46.17,-4.4099,47.0,49.08,45.73,48.3,2773630011.98,49.75,45.77
2026-06-18T13:57:45,2026-06-18 13:57:42,002364,中恒电气,53.68,3.2506,51.7,54.48,51.5,51.99,1501559507.75,53.41,49.137
2026-06-18T13:57:45,2026-06-18 13:57:42,002745,木林森,11.37,-0.5249,11.49,11.83,11.23,11.43,1013773061.77,10.87,10.0
2026-06-18T13:57:45,2026-06-18 13:57:43,600183,生益科技,184.77,2.5645,178.5,187.35,176.73,180.15,11983734639.0,183.755,169.055
2026-06-18T13:58:45,2026-06-18 13:58:43,603861,白云电器,15.44,-2.832,15.9,15.98,15.37,15.89,198623197.0,15.89,14.98
2026-06-18T13:58:45,2026-06-18 13:58:42,000048,京基智农,19.05,-0.4182,19.05,19.49,17.84,19.13,500136502.11,19.13,17.37
2026-06-18T13:58:45,2026-06-18 13:58:42,605588,冠石科技,62.7,-0.5551,62.42,64.79,62.26,63.05,208259052.0,63.05,56.5
2026-06-18T13:58:45,2026-06-18 13:58:42,001266,宏英智能,52.65,3.6009,51.67,53.18,50.92,50.82,239404950.23,50.82,45.6
2026-06-18T13:58:45,2026-06-18 13:58:42,000791,甘肃能源,8.6,-6.7245,9.0,9.15,8.56,9.22,685171823.79,9.22,8.83
2026-06-18T13:58:45,2026-06-18 13:58:42,002346,柘中股份,18.36,0.1637,18.75,19.0,18.18,18.33,107361874.0,18.33,16.48
2026-06-18T13:58:45,2026-06-18 13:58:42,002240,盛新锂能,46.19,-4.3685,47.0,49.08,45.73,48.3,2779015731.98,49.75,45.77
2026-06-18T13:58:45,2026-06-18 13:58:42,002364,中恒电气,53.76,3.4045,51.7,54.48,51.5,51.99,1504315582.75,53.41,49.137
2026-06-18T13:58:45,2026-06-18 13:58:42,002745,木林森,11.37,-0.5249,11.49,11.83,11.23,11.43,1015132746.77,10.87,10.0
2026-06-18T13:58:45,2026-06-18 13:58:43,600183,生益科技,184.98,2.6811,178.5,187.35,176.73,180.15,12005884388.0,183.755,169.055
2026-06-18T13:59:46,2026-06-18 13:59:43,603861,白云电器,15.48,-2.5802,15.9,15.98,15.37,15.89,199415924.0,15.89,14.98
2026-06-18T13:59:46,2026-06-18 13:59:42,000048,京基智农,19.02,-0.575,19.05,19.49,17.84,19.13,501474725.11,19.13,17.37
2026-06-18T13:59:46,2026-06-18 13:59:42,605588,冠石科技,62.73,-0.5075,62.42,64.79,62.26,63.05,208591610.0,63.05,56.5
2026-06-18T13:59:46,2026-06-18 13:59:45,001266,宏英智能,52.6,3.5026,51.67,53.18,50.92,50.82,239794317.23,50.82,45.6
2026-06-18T13:59:46,2026-06-18 13:59:45,000791,甘肃能源,8.6,-6.7245,9.0,9.15,8.56,9.22,685882844.79,9.22,8.83
2026-06-18T13:59:46,2026-06-18 13:59:45,002346,柘中股份,18.36,0.1637,18.75,19.0,18.18,18.33,108508774.0,18.33,16.48
2026-06-18T13:59:46,2026-06-18 13:59:45,002240,盛新锂能,46.34,-4.058,47.0,49.08,45.73,48.3,2789286488.94,49.75,45.77
2026-06-18T13:59:46,2026-06-18 13:59:45,002364,中恒电气,53.73,3.3468,51.7,54.48,51.5,51.99,1507109542.75,53.41,49.137
2026-06-18T13:59:46,2026-06-18 13:59:45,002745,木林森,11.38,-0.4374,11.49,11.83,11.23,11.43,1015621915.77,10.87,10.0
2026-06-18T13:59:46,2026-06-18 13:59:43,600183,生益科技,185.15,2.7755,178.5,187.35,176.73,180.15,12028381633.0,183.755,169.055
2026-06-18T14:00:46,2026-06-18 14:00:43,603861,白云电器,15.46,-2.7061,15.9,15.98,15.37,15.89,199983281.0,15.89,14.98
2026-06-18T14:00:46,2026-06-18 14:00:45,000048,京基智农,19.01,-0.6273,19.05,19.49,17.84,19.13,502312841.11,19.13,17.37
2026-06-18T14:00:46,2026-06-18 14:00:42,605588,冠石科技,62.77,-0.4441,62.42,64.79,62.26,63.05,209325364.0,63.05,56.5
2026-06-18T14:00:46,2026-06-18 14:00:45,001266,宏英智能,52.76,3.8174,51.67,53.18,50.92,50.82,240626389.23,50.82,45.6
2026-06-18T14:00:46,2026-06-18 14:00:45,000791,甘肃能源,8.61,-6.6161,9.0,9.15,8.56,9.22,686980191.79,9.22,8.83
2026-06-18T14:00:46,2026-06-18 14:00:45,002346,柘中股份,18.43,0.5456,18.75,19.0,18.18,18.33,108808382.0,18.33,16.48
2026-06-18T14:00:46,2026-06-18 14:00:45,002240,盛新锂能,46.3,-4.1408,47.0,49.08,45.73,48.3,2795564883.94,49.75,45.77
2026-06-18T14:00:46,2026-06-18 14:00:45,002364,中恒电气,53.74,3.366,51.7,54.48,51.5,51.99,1508818099.75,53.41,49.137
2026-06-18T14:00:46,2026-06-18 14:00:42,002745,木林森,11.38,-0.4374,11.49,11.83,11.23,11.43,1017878420.77,10.87,10.0
2026-06-18T14:00:46,2026-06-18 14:00:43,600183,生益科技,185.0,2.6922,178.5,187.35,176.73,180.15,12046812287.0,183.755,169.055
2026-06-18T14:01:46,2026-06-18 14:01:43,603861,白云电器,15.47,-2.6432,15.9,15.98,15.37,15.89,200218469.0,15.89,14.98
2026-06-18T14:01:46,2026-06-18 14:01:45,000048,京基智农,19.05,-0.4182,19.05,19.49,17.84,19.13,502861057.11,19.13,17.37
2026-06-18T14:01:46,2026-06-18 14:01:45,605588,冠石科技,62.81,-0.3807,62.42,64.79,62.26,63.05,209758823.0,63.05,56.5
2026-06-18T14:01:46,2026-06-18 14:01:45,001266,宏英智能,52.73,3.7584,51.67,53.18,50.92,50.82,241312038.23,50.82,45.6
2026-06-18T14:01:46,2026-06-18 14:01:45,000791,甘肃能源,8.62,-6.5076,9.0,9.15,8.56,9.22,687851144.79,9.22,8.83
2026-06-18T14:01:46,2026-06-18 14:01:45,002346,柘中股份,18.42,0.491,18.75,19.0,18.18,18.33,109167740.0,18.33,16.48
2026-06-18T14:01:46,2026-06-18 14:01:45,002240,盛新锂能,46.35,-4.0373,47.0,49.08,45.73,48.3,2804648422.94,49.75,45.77
2026-06-18T14:01:46,2026-06-18 14:01:45,002364,中恒电气,53.89,3.6545,51.7,54.48,51.5,51.99,1515025819.75,53.41,49.137
2026-06-18T14:01:46,2026-06-18 14:01:45,002745,木林森,11.37,-0.5249,11.49,11.83,11.23,11.43,1020051171.77,10.87,10.0
2026-06-18T14:01:46,2026-06-18 14:01:43,600183,生益科技,184.7,2.5257,178.5,187.35,176.73,180.15,12068402056.0,183.755,169.055
2026-06-18T14:02:46,2026-06-18 14:02:43,603861,白云电器,15.46,-2.7061,15.9,15.98,15.37,15.89,200571068.0,15.89,14.98
2026-06-18T14:02:46,2026-06-18 14:02:45,000048,京基智农,19.02,-0.575,19.05,19.49,17.84,19.13,503182668.11,19.13,17.37
2026-06-18T14:02:46,2026-06-18 14:02:45,605588,冠石科技,62.82,-0.3648,62.42,64.79,62.26,63.05,209997487.0,63.05,56.5
2026-06-18T14:02:46,2026-06-18 14:02:45,001266,宏英智能,52.65,3.6009,51.67,53.18,50.92,50.82,241480575.23,50.82,45.6
2026-06-18T14:02:46,2026-06-18 14:02:45,000791,甘肃能源,8.62,-6.5076,9.0,9.15,8.56,9.22,688587726.79,9.22,8.83
2026-06-18T14:02:46,2026-06-18 14:02:45,002346,柘中股份,18.41,0.4364,18.75,19.0,18.18,18.33,109351899.0,18.33,16.48
2026-06-18T14:02:46,2026-06-18 14:02:45,002240,盛新锂能,46.28,-4.1822,47.0,49.08,45.73,48.3,2809238573.94,49.75,45.77
2026-06-18T14:02:46,2026-06-18 14:02:45,002364,中恒电气,53.8,3.4814,51.7,54.48,51.5,51.99,1518793866.75,53.41,49.137
2026-06-18T14:02:46,2026-06-18 14:02:42,002745,木林森,11.36,-0.6124,11.49,11.83,11.23,11.43,1020819593.77,10.87,10.0
2026-06-18T14:02:46,2026-06-18 14:02:43,600183,生益科技,184.64,2.4924,178.5,187.35,176.73,180.15,12091906876.0,183.755,169.055
2026-06-18T14:03:47,2026-06-18 14:03:46,603861,白云电器,15.45,-2.769,15.9,15.98,15.37,15.89,200963530.0,15.89,14.98
2026-06-18T14:03:47,2026-06-18 14:03:45,000048,京基智农,19.0,-0.6796,19.05,19.49,17.84,19.13,503714936.11,19.13,17.37
2026-06-18T14:03:47,2026-06-18 14:03:45,605588,冠石科技,62.88,-0.2696,62.42,64.79,62.26,63.05,210682480.0,63.05,56.5
2026-06-18T14:03:47,2026-06-18 14:03:45,001266,宏英智能,52.59,3.4829,51.67,53.18,50.92,50.82,242477999.23,50.82,45.6
2026-06-18T14:03:47,2026-06-18 14:03:45,000791,甘肃能源,8.61,-6.6161,9.0,9.15,8.56,9.22,689901278.79,9.22,8.83
2026-06-18T14:03:47,2026-06-18 14:03:45,002346,柘中股份,18.42,0.491,18.75,19.0,18.18,18.33,109709158.0,18.33,16.48
2026-06-18T14:03:47,2026-06-18 14:03:45,002240,盛新锂能,46.16,-4.4306,47.0,49.08,45.73,48.3,2813600121.94,49.75,45.77
2026-06-18T14:03:47,2026-06-18 14:03:45,002364,中恒电气,53.71,3.3083,51.7,54.48,51.5,51.99,1522772151.75,53.41,49.137
2026-06-18T14:03:47,2026-06-18 14:03:45,002745,木林森,11.36,-0.6124,11.49,11.83,11.23,11.43,1022937788.77,10.87,10.0
2026-06-18T14:03:47,2026-06-18 14:03:43,600183,生益科技,184.26,2.2814,178.5,187.35,176.73,180.15,12135552987.0,183.755,169.055
2026-06-18T14:04:47,2026-06-18 14:04:43,603861,白云电器,15.44,-2.832,15.9,15.98,15.37,15.89,201355863.0,15.89,14.98
2026-06-18T14:04:47,2026-06-18 14:04:45,000048,京基智农,18.99,-0.7318,19.05,19.49,17.84,19.13,503975198.11,19.13,17.37
2026-06-18T14:04:47,2026-06-18 14:04:45,605588,冠石科技,62.98,-0.111,62.42,64.79,62.26,63.05,211324231.0,63.05,56.5
2026-06-18T14:04:47,2026-06-18 14:04:45,001266,宏英智能,52.55,3.4042,51.67,53.18,50.92,50.82,242562095.23,50.82,45.6
2026-06-18T14:04:47,2026-06-18 14:04:45,000791,甘肃能源,8.61,-6.6161,9.0,9.15,8.56,9.22,690538311.79,9.22,8.83
2026-06-18T14:04:47,2026-06-18 14:04:45,002346,柘中股份,18.41,0.4364,18.75,19.0,18.18,18.33,109771757.0,18.33,16.48
2026-06-18T14:04:47,2026-06-18 14:04:45,002240,盛新锂能,46.3,-4.1408,47.0,49.08,45.73,48.3,2827439268.94,49.75,45.77
2026-06-18T14:04:47,2026-06-18 14:04:45,002364,中恒电气,53.79,3.4622,51.7,54.48,51.5,51.99,1527009808.75,53.41,49.137
2026-06-18T14:04:47,2026-06-18 14:04:45,002745,木林森,11.37,-0.5249,11.49,11.83,11.23,11.43,1024499187.77,10.87,10.0
2026-06-18T14:04:47,2026-06-18 14:04:43,600183,生益科技,184.25,2.2759,178.5,187.35,176.73,180.15,12158575830.0,183.755,169.055
2026-06-18T14:05:47,2026-06-18 14:05:46,603861,白云电器,15.45,-2.769,15.9,15.98,15.37,15.89,201675529.0,15.89,14.98
2026-06-18T14:05:47,2026-06-18 14:05:42,000048,京基智农,18.99,-0.7318,19.05,19.49,17.84,19.13,504273307.11,19.13,17.37
2026-06-18T14:05:47,2026-06-18 14:05:45,605588,冠石科技,62.92,-0.2062,62.42,64.79,62.26,63.05,212016283.0,63.05,56.5
2026-06-18T14:05:47,2026-06-18 14:05:45,001266,宏英智能,52.54,3.3845,51.67,53.18,50.92,50.82,242935342.23,50.82,45.6
2026-06-18T14:05:47,2026-06-18 14:05:45,000791,甘肃能源,8.61,-6.6161,9.0,9.15,8.56,9.22,691337649.79,9.22,8.83
2026-06-18T14:05:47,2026-06-18 14:05:45,002346,柘中股份,18.39,0.3273,18.75,19.0,18.18,18.33,109977864.0,18.33,16.48
2026-06-18T14:05:47,2026-06-18 14:05:45,002240,盛新锂能,46.28,-4.1822,47.0,49.08,45.73,48.3,2833202525.94,49.75,45.77
2026-06-18T14:05:47,2026-06-18 14:05:45,002364,中恒电气,53.72,3.3276,51.7,54.48,51.5,51.99,1530340636.75,53.41,49.137
2026-06-18T14:05:47,2026-06-18 14:05:45,002745,木林森,11.36,-0.6124,11.49,11.83,11.23,11.43,1026512107.77,10.87,10.0
2026-06-18T14:05:47,2026-06-18 14:05:46,600183,生益科技,183.95,2.1094,178.5,187.35,176.73,180.15,12210238907.0,183.755,169.055
2026-06-18T14:06:47,2026-06-18 14:06:46,603861,白云电器,15.45,-2.769,15.9,15.98,15.37,15.89,202139235.0,15.89,14.98
2026-06-18T14:06:47,2026-06-18 14:06:45,000048,京基智农,18.98,-0.7841,19.05,19.49,17.84,19.13,504362558.11,19.13,17.37
2026-06-18T14:06:47,2026-06-18 14:06:45,605588,冠石科技,62.91,-0.222,62.42,64.79,62.26,63.05,212362442.0,63.05,56.5
2026-06-18T14:06:47,2026-06-18 14:06:45,001266,宏英智能,52.51,3.3255,51.67,53.18,50.92,50.82,243381974.23,50.82,45.6
2026-06-18T14:06:47,2026-06-18 14:06:45,000791,甘肃能源,8.6,-6.7245,9.0,9.15,8.56,9.22,692530077.79,9.22,8.83
2026-06-18T14:06:47,2026-06-18 14:06:45,002346,柘中股份,18.4,0.3819,18.75,19.0,18.18,18.33,110334977.0,18.33,16.48
2026-06-18T14:06:47,2026-06-18 14:06:45,002240,盛新锂能,46.32,-4.0994,47.0,49.08,45.73,48.3,2842531992.94,49.75,45.77
2026-06-18T14:06:47,2026-06-18 14:06:45,002364,中恒电气,53.75,3.3853,51.7,54.48,51.5,51.99,1532614077.75,53.41,49.137
2026-06-18T14:06:47,2026-06-18 14:06:45,002745,木林森,11.39,-0.35,11.49,11.83,11.23,11.43,1031132549.77,10.87,10.0
2026-06-18T14:06:47,2026-06-18 14:06:43,600183,生益科技,184.63,2.4868,178.5,187.35,176.73,180.15,12231171633.0,183.755,169.055
2026-06-18T14:07:48,2026-06-18 14:07:46,603861,白云电器,15.43,-2.8949,15.9,15.98,15.37,15.89,202460367.0,15.89,14.98
2026-06-18T14:07:48,2026-06-18 14:07:45,000048,京基智农,18.98,-0.7841,19.05,19.49,17.84,19.13,505089921.11,19.13,17.37
2026-06-18T14:07:48,2026-06-18 14:07:45,605588,冠石科技,62.71,-0.5393,62.42,64.79,62.26,63.05,212846258.0,63.05,56.5
2026-06-18T14:07:48,2026-06-18 14:07:45,001266,宏英智能,52.43,3.168,51.67,53.18,50.92,50.82,243969882.23,50.82,45.6
2026-06-18T14:07:48,2026-06-18 14:07:45,000791,甘肃能源,8.6,-6.7245,9.0,9.15,8.56,9.22,695010487.79,9.22,8.83
2026-06-18T14:07:48,2026-06-18 14:07:45,002346,柘中股份,18.39,0.3273,18.75,19.0,18.18,18.33,111618619.0,18.33,16.48
2026-06-18T14:07:48,2026-06-18 14:07:45,002240,盛新锂能,46.23,-4.2857,47.0,49.08,45.73,48.3,2844924715.94,49.75,45.77
2026-06-18T14:07:48,2026-06-18 14:07:45,002364,中恒电气,53.64,3.1737,51.7,54.48,51.5,51.99,1535572167.75,53.41,49.137
2026-06-18T14:07:48,2026-06-18 14:07:45,002745,木林森,11.35,-0.6999,11.49,11.83,11.23,11.43,1033213591.77,10.87,10.0
2026-06-18T14:07:48,2026-06-18 14:07:46,600183,生益科技,184.0,2.1371,178.5,187.35,176.73,180.15,12253549052.0,183.755,169.055
2026-06-18T14:08:48,2026-06-18 14:08:46,603861,白云电器,15.43,-2.8949,15.9,15.98,15.37,15.89,203436839.0,15.89,14.98
2026-06-18T14:08:48,2026-06-18 14:08:45,000048,京基智农,18.96,-0.8887,19.05,19.49,17.84,19.13,505617244.11,19.13,17.37
2026-06-18T14:08:48,2026-06-18 14:08:45,605588,冠石科技,62.78,-0.4282,62.42,64.79,62.26,63.05,213153565.0,63.05,56.5
2026-06-18T14:08:48,2026-06-18 14:08:45,001266,宏英智能,52.39,3.0893,51.67,53.18,50.92,50.82,245416494.23,50.82,45.6
2026-06-18T14:08:48,2026-06-18 14:08:45,000791,甘肃能源,8.6,-6.7245,9.0,9.15,8.56,9.22,695880310.79,9.22,8.83
2026-06-18T14:08:48,2026-06-18 14:08:45,002346,柘中股份,18.39,0.3273,18.75,19.0,18.18,18.33,112111600.0,18.33,16.48
2026-06-18T14:08:48,2026-06-18 14:08:45,002240,盛新锂能,46.16,-4.4306,47.0,49.08,45.73,48.3,2853539233.84,49.75,45.77
2026-06-18T14:08:48,2026-06-18 14:08:45,002364,中恒电气,53.6,3.0967,51.7,54.48,51.5,51.99,1542243468.75,53.41,49.137
2026-06-18T14:08:48,2026-06-18 14:08:45,002745,木林森,11.36,-0.6124,11.49,11.83,11.23,11.43,1035773484.77,10.87,10.0
2026-06-18T14:08:48,2026-06-18 14:08:46,600183,生益科技,184.15,2.2204,178.5,187.35,176.73,180.15,12286240125.0,183.755,169.055
2026-06-18T14:09:48,2026-06-18 14:09:46,603861,白云电器,15.42,-2.9578,15.9,15.98,15.37,15.89,204419135.0,15.89,14.98
2026-06-18T14:09:48,2026-06-18 14:09:48,000048,京基智农,18.95,-0.9409,19.05,19.49,17.84,19.13,506735663.11,19.13,17.37
2026-06-18T14:09:48,2026-06-18 14:09:45,605588,冠石科技,62.73,-0.5075,62.42,64.79,62.26,63.05,214113041.0,63.05,56.5
2026-06-18T14:09:48,2026-06-18 14:09:48,001266,宏英智能,52.42,3.1484,51.67,53.18,50.92,50.82,245898561.23,50.82,45.6
2026-06-18T14:09:48,2026-06-18 14:09:48,000791,甘肃能源,8.6,-6.7245,9.0,9.15,8.56,9.22,697545123.79,9.22,8.83
2026-06-18T14:09:48,2026-06-18 14:09:45,002346,柘中股份,18.42,0.491,18.75,19.0,18.18,18.33,112234866.0,18.33,16.48
2026-06-18T14:09:48,2026-06-18 14:09:45,002240,盛新锂能,46.23,-4.2857,47.0,49.08,45.73,48.3,2869655606.76,49.75,45.77
2026-06-18T14:09:48,2026-06-18 14:09:45,002364,中恒电气,53.63,3.1545,51.7,54.48,51.5,51.99,1544618421.75,53.41,49.137
2026-06-18T14:09:48,2026-06-18 14:09:45,002745,木林森,11.36,-0.6124,11.49,11.83,11.23,11.43,1037807670.77,10.87,10.0
2026-06-18T14:09:48,2026-06-18 14:09:46,600183,生益科技,184.22,2.2592,178.5,187.35,176.73,180.15,12308324229.0,183.755,169.055
2026-06-18T14:10:49,2026-06-18 14:10:46,603861,白云电器,15.42,-2.9578,15.9,15.98,15.37,15.89,204815569.0,15.89,14.98
2026-06-18T14:10:49,2026-06-18 14:10:48,000048,京基智农,18.95,-0.9409,19.05,19.49,17.84,19.13,507400861.11,19.13,17.37
2026-06-18T14:10:49,2026-06-18 14:10:45,605588,冠石科技,62.71,-0.5393,62.42,64.79,62.26,63.05,214595963.0,63.05,56.5
2026-06-18T14:10:49,2026-06-18 14:10:42,001266,宏英智能,52.46,3.2271,51.67,53.18,50.92,50.82,246055928.23,50.82,45.6
2026-06-18T14:10:49,2026-06-18 14:10:45,000791,甘肃能源,8.6,-6.7245,9.0,9.15,8.56,9.22,698088531.79,9.22,8.83
2026-06-18T14:10:49,2026-06-18 14:10:45,002346,柘中股份,18.4,0.3819,18.75,19.0,18.18,18.33,113739016.0,18.33,16.48
2026-06-18T14:10:49,2026-06-18 14:10:45,002240,盛新锂能,46.26,-4.2236,47.0,49.08,45.73,48.3,2873430768.74,49.75,45.77
2026-06-18T14:10:49,2026-06-18 14:10:45,002364,中恒电气,53.67,3.2314,51.7,54.48,51.5,51.99,1547210069.75,53.41,49.137
2026-06-18T14:10:49,2026-06-18 14:10:45,002745,木林森,11.35,-0.6999,11.49,11.83,11.23,11.43,1039471257.77,10.87,10.0
2026-06-18T14:10:49,2026-06-18 14:10:46,600183,生益科技,184.55,2.4424,178.5,187.35,176.73,180.15,12322404093.0,183.755,169.055
2026-06-18T14:11:49,2026-06-18 14:11:46,603861,白云电器,15.42,-2.9578,15.9,15.98,15.37,15.89,205020634.0,15.89,14.98
2026-06-18T14:11:49,2026-06-18 14:11:48,000048,京基智农,18.95,-0.9409,19.05,19.49,17.84,19.13,507743745.11,19.13,17.37
2026-06-18T14:11:49,2026-06-18 14:11:45,605588,冠石科技,62.69,-0.571,62.42,64.79,62.26,63.05,215122705.0,63.05,56.5
2026-06-18T14:11:49,2026-06-18 14:11:48,001266,宏英智能,52.44,3.1877,51.67,53.18,50.92,50.82,246197610.23,50.82,45.6
2026-06-18T14:11:49,2026-06-18 14:11:48,000791,甘肃能源,8.61,-6.6161,9.0,9.15,8.56,9.22,698909551.79,9.22,8.83
2026-06-18T14:11:49,2026-06-18 14:11:45,002346,柘中股份,18.37,0.2182,18.75,19.0,18.18,18.33,113784943.0,18.33,16.48
2026-06-18T14:11:49,2026-06-18 14:11:48,002240,盛新锂能,46.25,-4.2443,47.0,49.08,45.73,48.3,2878234642.74,49.75,45.77
2026-06-18T14:11:49,2026-06-18 14:11:48,002364,中恒电气,53.67,3.2314,51.7,54.48,51.5,51.99,1549786233.75,53.41,49.137
2026-06-18T14:11:49,2026-06-18 14:11:48,002745,木林森,11.36,-0.6124,11.49,11.83,11.23,11.43,1041457656.77,10.87,10.0
2026-06-18T14:11:49,2026-06-18 14:11:46,600183,生益科技,184.7,2.5257,178.5,187.35,176.73,180.15,12341030990.0,183.755,169.055
2026-06-18T14:12:49,2026-06-18 14:12:49,603861,白云电器,15.42,-2.9578,15.9,15.98,15.37,15.89,207094538.0,15.89,14.98
2026-06-18T14:12:49,2026-06-18 14:12:48,000048,京基智农,18.95,-0.9409,19.05,19.49,17.84,19.13,508136166.11,19.13,17.37
2026-06-18T14:12:49,2026-06-18 14:12:48,605588,冠石科技,62.81,-0.3807,62.42,64.79,62.26,63.05,216145065.0,63.05,56.5
2026-06-18T14:12:49,2026-06-18 14:12:48,001266,宏英智能,52.43,3.168,51.67,53.18,50.92,50.82,246501726.23,50.82,45.6
2026-06-18T14:12:49,2026-06-18 14:12:48,000791,甘肃能源,8.6,-6.7245,9.0,9.15,8.56,9.22,699695822.79,9.22,8.83
2026-06-18T14:12:49,2026-06-18 14:12:42,002346,柘中股份,18.4,0.3819,18.75,19.0,18.18,18.33,113906268.0,18.33,16.48
2026-06-18T14:12:49,2026-06-18 14:12:48,002240,盛新锂能,46.29,-4.1615,47.0,49.08,45.73,48.3,2888066841.74,49.75,45.77
2026-06-18T14:12:49,2026-06-18 14:12:48,002364,中恒电气,53.74,3.366,51.7,54.48,51.5,51.99,1551960732.75,53.41,49.137
2026-06-18T14:12:49,2026-06-18 14:12:48,002745,木林森,11.37,-0.5249,11.49,11.83,11.23,11.43,1041957517.77,10.87,10.0
2026-06-18T14:12:49,2026-06-18 14:12:46,600183,生益科技,184.79,2.5756,178.5,187.35,176.73,180.15,12354798686.0,183.755,169.055
2026-06-18T14:13:50,2026-06-18 14:13:49,603861,白云电器,15.41,-3.0208,15.9,15.98,15.37,15.89,207604949.0,15.89,14.98
2026-06-18T14:13:50,2026-06-18 14:13:48,000048,京基智农,18.95,-0.9409,19.05,19.49,17.84,19.13,508463874.11,19.13,17.37
2026-06-18T14:13:50,2026-06-18 14:13:48,605588,冠石科技,62.78,-0.4282,62.42,64.79,62.26,63.05,216647447.0,63.05,56.5
2026-06-18T14:13:50,2026-06-18 14:13:48,001266,宏英智能,52.4,3.109,51.67,53.18,50.92,50.82,246894770.23,50.82,45.6
2026-06-18T14:13:50,2026-06-18 14:13:48,000791,甘肃能源,8.61,-6.6161,9.0,9.15,8.56,9.22,700206199.79,9.22,8.83
2026-06-18T14:13:50,2026-06-18 14:13:45,002346,柘中股份,18.38,0.2728,18.75,19.0,18.18,18.33,113944884.0,18.33,16.48
2026-06-18T14:13:50,2026-06-18 14:13:48,002240,盛新锂能,46.23,-4.2857,47.0,49.08,45.73,48.3,2890637938.74,49.75,45.77
2026-06-18T14:13:50,2026-06-18 14:13:48,002364,中恒电气,53.83,3.5391,51.7,54.48,51.5,51.99,1557070777.75,53.41,49.137
2026-06-18T14:13:50,2026-06-18 14:13:48,002745,木林森,11.35,-0.6999,11.49,11.83,11.23,11.43,1043454269.77,10.87,10.0
2026-06-18T14:13:50,2026-06-18 14:13:49,600183,生益科技,184.68,2.5146,178.5,187.35,176.73,180.15,12378018497.0,183.755,169.055
2026-06-18T14:14:50,2026-06-18 14:14:49,603861,白云电器,15.42,-2.9578,15.9,15.98,15.37,15.89,207854739.0,15.89,14.98
2026-06-18T14:14:50,2026-06-18 14:14:48,000048,京基智农,19.04,-0.4705,19.05,19.49,17.84,19.13,511025890.11,19.13,17.37
2026-06-18T14:14:50,2026-06-18 14:14:48,605588,冠石科技,62.82,-0.3648,62.42,64.79,62.26,63.05,216835850.0,63.05,56.5
2026-06-18T14:14:50,2026-06-18 14:14:45,001266,宏英智能,52.4,3.109,51.67,53.18,50.92,50.82,247167259.23,50.82,45.6
2026-06-18T14:14:50,2026-06-18 14:14:48,000791,甘肃能源,8.62,-6.5076,9.0,9.15,8.56,9.22,700700906.79,9.22,8.83
2026-06-18T14:14:50,2026-06-18 14:14:45,002346,柘中股份,18.38,0.2728,18.75,19.0,18.18,18.33,114009237.0,18.33,16.48
2026-06-18T14:14:50,2026-06-18 14:14:48,002240,盛新锂能,46.2,-4.3478,47.0,49.08,45.73,48.3,2900124732.74,49.75,45.77
2026-06-18T14:14:50,2026-06-18 14:14:48,002364,中恒电气,53.89,3.6545,51.7,54.48,51.5,51.99,1560631354.75,53.41,49.137
2026-06-18T14:14:50,2026-06-18 14:14:48,002745,木林森,11.36,-0.6124,11.49,11.83,11.23,11.43,1045740900.77,10.87,10.0
2026-06-18T14:14:50,2026-06-18 14:14:49,600183,生益科技,185.0,2.6922,178.5,187.35,176.73,180.15,12404903635.0,183.755,169.055
2026-06-18T14:15:50,2026-06-18 14:15:49,603861,白云电器,15.43,-2.8949,15.9,15.98,15.37,15.89,208574640.0,15.89,14.98
2026-06-18T14:15:50,2026-06-18 14:15:48,000048,京基智农,19.05,-0.4182,19.05,19.49,17.84,19.13,512615990.11,19.13,17.37
2026-06-18T14:15:50,2026-06-18 14:15:48,605588,冠石科技,62.83,-0.3489,62.42,64.79,62.26,63.05,217269465.0,63.05,56.5
2026-06-18T14:15:50,2026-06-18 14:15:45,001266,宏英智能,52.48,3.2664,51.67,53.18,50.92,50.82,247340255.23,50.82,45.6
2026-06-18T14:15:50,2026-06-18 14:15:48,000791,甘肃能源,8.65,-6.1822,9.0,9.15,8.56,9.22,702313984.79,9.22,8.83
2026-06-18T14:15:50,2026-06-18 14:15:48,002346,柘中股份,18.39,0.3273,18.75,19.0,18.18,18.33,114525737.0,18.33,16.48
2026-06-18T14:15:50,2026-06-18 14:15:48,002240,盛新锂能,46.15,-4.4513,47.0,49.08,45.73,48.3,2916084890.74,49.75,45.77
2026-06-18T14:15:50,2026-06-18 14:15:48,002364,中恒电气,53.85,3.5776,51.7,54.48,51.5,51.99,1564559183.75,53.41,49.137
2026-06-18T14:15:50,2026-06-18 14:15:48,002745,木林森,11.36,-0.6124,11.49,11.83,11.23,11.43,1047517557.77,10.87,10.0
2026-06-18T14:15:50,2026-06-18 14:15:49,600183,生益科技,185.41,2.9198,178.5,187.35,176.73,180.15,12438350099.0,183.755,169.055
2026-06-18T14:16:52,2026-06-18 14:16:49,603861,白云电器,15.44,-2.832,15.9,15.98,15.37,15.89,209445035.0,15.89,14.98
2026-06-18T14:16:52,2026-06-18 14:16:51,000048,京基智农,19.04,-0.4705,19.05,19.49,17.84,19.13,513179497.11,19.13,17.37
2026-06-18T14:16:52,2026-06-18 14:16:48,605588,冠石科技,62.89,-0.2538,62.42,64.79,62.26,63.05,217703281.0,63.05,56.5
2026-06-18T14:16:52,2026-06-18 14:16:51,001266,宏英智能,52.47,3.2468,51.67,53.18,50.92,50.82,247760074.23,50.82,45.6
2026-06-18T14:16:52,2026-06-18 14:16:51,000791,甘肃能源,8.65,-6.1822,9.0,9.15,8.56,9.22,704271965.79,9.22,8.83
2026-06-18T14:16:52,2026-06-18 14:16:51,002346,柘中股份,18.41,0.4364,18.75,19.0,18.18,18.33,114729953.0,18.33,16.48
2026-06-18T14:16:52,2026-06-18 14:16:51,002240,盛新锂能,46.0,-4.7619,47.0,49.08,45.73,48.3,2931749188.74,49.75,45.77
2026-06-18T14:16:52,2026-06-18 14:16:51,002364,中恒电气,53.76,3.4045,51.7,54.48,51.5,51.99,1566786900.75,53.41,49.137
2026-06-18T14:16:52,2026-06-18 14:16:51,002745,木林森,11.36,-0.6124,11.49,11.83,11.23,11.43,1049991349.77,10.87,10.0
2026-06-18T14:16:52,2026-06-18 14:16:49,600183,生益科技,185.29,2.8532,178.5,187.35,176.73,180.15,12463698035.0,183.755,169.055
2026-06-18T14:17:52,2026-06-18 14:17:49,603861,白云电器,15.41,-3.0208,15.9,15.98,15.37,15.89,210153023.0,15.89,14.98
2026-06-18T14:17:52,2026-06-18 14:17:51,000048,京基智农,19.03,-0.5227,19.05,19.49,17.84,19.13,513657176.11,19.13,17.37
2026-06-18T14:17:52,2026-06-18 14:17:48,605588,冠石科技,62.84,-0.3331,62.42,64.79,62.26,63.05,217979767.0,63.05,56.5
2026-06-18T14:17:52,2026-06-18 14:17:51,001266,宏英智能,52.4,3.109,51.67,53.18,50.92,50.82,248572876.23,50.82,45.6
2026-06-18T14:17:52,2026-06-18 14:17:51,000791,甘肃能源,8.65,-6.1822,9.0,9.15,8.56,9.22,705061316.79,9.22,8.83
2026-06-18T14:17:52,2026-06-18 14:17:51,002346,柘中股份,18.42,0.491,18.75,19.0,18.18,18.33,115367085.0,18.33,16.48
2026-06-18T14:17:52,2026-06-18 14:17:51,002240,盛新锂能,46.0,-4.7619,47.0,49.08,45.73,48.3,2947108921.74,49.75,45.77
2026-06-18T14:17:52,2026-06-18 14:17:51,002364,中恒电气,53.75,3.3853,51.7,54.48,51.5,51.99,1569441659.75,53.41,49.137
2026-06-18T14:17:52,2026-06-18 14:17:51,002745,木林森,11.35,-0.6999,11.49,11.83,11.23,11.43,1052031165.77,10.87,10.0
2026-06-18T14:17:52,2026-06-18 14:17:49,600183,生益科技,185.29,2.8532,178.5,187.35,176.73,180.15,12490815273.0,183.755,169.055
2026-06-18T14:18:52,2026-06-18 14:18:49,603861,白云电器,15.42,-2.9578,15.9,15.98,15.37,15.89,210402795.0,15.89,14.98
2026-06-18T14:18:52,2026-06-18 14:18:51,000048,京基智农,19.02,-0.575,19.05,19.49,17.84,19.13,514582096.11,19.13,17.37
2026-06-18T14:18:52,2026-06-18 14:18:51,605588,冠石科技,62.87,-0.2855,62.42,64.79,62.26,63.05,218369497.0,63.05,56.5
2026-06-18T14:18:52,2026-06-18 14:18:51,001266,宏英智能,52.41,3.1287,51.67,53.18,50.92,50.82,248682940.23,50.82,45.6
2026-06-18T14:18:52,2026-06-18 14:18:51,000791,甘肃能源,8.63,-6.3991,9.0,9.15,8.56,9.22,705893663.79,9.22,8.83
2026-06-18T14:18:52,2026-06-18 14:18:51,002346,柘中股份,18.44,0.6001,18.75,19.0,18.18,18.33,115403951.0,18.33,16.48
2026-06-18T14:18:52,2026-06-18 14:18:51,002240,盛新锂能,45.96,-4.8447,47.0,49.08,45.73,48.3,2956333574.74,49.75,45.77
2026-06-18T14:18:52,2026-06-18 14:18:51,002364,中恒电气,53.82,3.5199,51.7,54.48,51.5,51.99,1572923116.75,53.41,49.137
2026-06-18T14:18:52,2026-06-18 14:18:51,002745,木林森,11.36,-0.6124,11.49,11.83,11.23,11.43,1056412957.77,10.87,10.0
2026-06-18T14:18:52,2026-06-18 14:18:49,600183,生益科技,185.44,2.9364,178.5,187.35,176.73,180.15,12509571647.0,183.755,169.055
2026-06-18T14:19:53,2026-06-18 14:19:49,603861,白云电器,15.43,-2.8949,15.9,15.98,15.37,15.89,210932031.0,15.89,14.98
2026-06-18T14:19:53,2026-06-18 14:19:51,000048,京基智农,19.0,-0.6796,19.05,19.49,17.84,19.13,515081931.11,19.13,17.37
2026-06-18T14:19:53,2026-06-18 14:19:48,605588,冠石科技,62.84,-0.3331,62.42,64.79,62.26,63.05,218702610.0,63.05,56.5
2026-06-18T14:19:53,2026-06-18 14:19:51,001266,宏英智能,52.42,3.1484,51.67,53.18,50.92,50.82,248897835.23,50.82,45.6
2026-06-18T14:19:53,2026-06-18 14:19:51,000791,甘肃能源,8.64,-6.2907,9.0,9.15,8.56,9.22,706771100.79,9.22,8.83
2026-06-18T14:19:53,2026-06-18 14:19:48,002346,柘中股份,18.41,0.4364,18.75,19.0,18.18,18.33,115520010.0,18.33,16.48
2026-06-18T14:19:53,2026-06-18 14:19:51,002240,盛新锂能,46.09,-4.5756,47.0,49.08,45.73,48.3,2963999371.74,49.75,45.77
2026-06-18T14:19:53,2026-06-18 14:19:51,002364,中恒电气,53.92,3.7123,51.7,54.48,51.5,51.99,1577011567.75,53.41,49.137
2026-06-18T14:19:53,2026-06-18 14:19:51,002745,木林森,11.35,-0.6999,11.49,11.83,11.23,11.43,1057140527.77,10.87,10.0
2026-06-18T14:19:53,2026-06-18 14:19:49,600183,生益科技,184.87,2.62,178.5,187.35,176.73,180.15,12558986986.0,183.755,169.055
2026-06-18T14:20:53,2026-06-18 14:20:49,603861,白云电器,15.46,-2.7061,15.9,15.98,15.37,15.89,211535999.0,15.89,14.98
2026-06-18T14:20:53,2026-06-18 14:20:51,000048,京基智农,19.01,-0.6273,19.05,19.49,17.84,19.13,515735964.11,19.13,17.37
2026-06-18T14:20:53,2026-06-18 14:20:51,605588,冠石科技,62.86,-0.3013,62.42,64.79,62.26,63.05,219444409.0,63.05,56.5
2026-06-18T14:20:53,2026-06-18 14:20:51,001266,宏英智能,52.4,3.109,51.67,53.18,50.92,50.82,249416850.23,50.82,45.6
2026-06-18T14:20:53,2026-06-18 14:20:51,000791,甘肃能源,8.63,-6.3991,9.0,9.15,8.56,9.22,707535020.79,9.22,8.83
2026-06-18T14:20:53,2026-06-18 14:20:51,002346,柘中股份,18.47,0.7638,18.75,19.0,18.18,18.33,116334978.0,18.33,16.48
2026-06-18T14:20:53,2026-06-18 14:20:51,002240,盛新锂能,46.17,-4.4099,47.0,49.08,45.73,48.3,2971128808.74,49.75,45.77
2026-06-18T14:20:53,2026-06-18 14:20:51,002364,中恒电气,53.89,3.6545,51.7,54.48,51.5,51.99,1582023479.75,53.41,49.137
2026-06-18T14:20:53,2026-06-18 14:20:51,002745,木林森,11.36,-0.6124,11.49,11.83,11.23,11.43,1060563189.77,10.87,10.0
2026-06-18T14:20:53,2026-06-18 14:20:49,600183,生益科技,184.91,2.6422,178.5,187.35,176.73,180.15,12574480530.0,183.755,169.055
2026-06-18T14:21:53,2026-06-18 14:21:52,603861,白云电器,15.46,-2.7061,15.9,15.98,15.37,15.89,211999683.0,15.89,14.98
2026-06-18T14:21:53,2026-06-18 14:21:51,000048,京基智农,19.03,-0.5227,19.05,19.49,17.84,19.13,516312274.11,19.13,17.37
2026-06-18T14:21:53,2026-06-18 14:21:51,605588,冠石科技,62.88,-0.2696,62.42,64.79,62.26,63.05,219639289.0,63.05,56.5
2026-06-18T14:21:53,2026-06-18 14:21:51,001266,宏英智能,52.43,3.168,51.67,53.18,50.92,50.82,249878199.23,50.82,45.6
2026-06-18T14:21:53,2026-06-18 14:21:51,000791,甘肃能源,8.64,-6.2907,9.0,9.15,8.56,9.22,708135988.79,9.22,8.83
2026-06-18T14:21:53,2026-06-18 14:21:42,002346,柘中股份,18.46,0.7092,18.75,19.0,18.18,18.33,116478798.0,18.33,16.48
2026-06-18T14:21:53,2026-06-18 14:21:51,002240,盛新锂能,46.06,-4.6377,47.0,49.08,45.73,48.3,2975172690.74,49.75,45.77
2026-06-18T14:21:53,2026-06-18 14:21:51,002364,中恒电气,54.18,4.2123,51.7,54.48,51.5,51.99,1601888038.75,53.41,49.137
2026-06-18T14:21:53,2026-06-18 14:21:51,002745,木林森,11.37,-0.5249,11.49,11.83,11.23,11.43,1063033572.77,10.87,10.0
2026-06-18T14:21:53,2026-06-18 14:21:52,600183,生益科技,184.95,2.6644,178.5,187.35,176.73,180.15,12601138637.0,183.755,169.055
2026-06-18T14:22:54,2026-06-18 14:22:52,603861,白云电器,15.45,-2.769,15.9,15.98,15.37,15.89,212203574.0,15.89,14.98
2026-06-18T14:22:54,2026-06-18 14:22:51,000048,京基智农,19.0,-0.6796,19.05,19.49,17.84,19.13,517630567.11,19.13,17.37
2026-06-18T14:22:54,2026-06-18 14:22:51,605588,冠石科技,62.84,-0.3331,62.42,64.79,62.26,63.05,220324576.0,63.05,56.5
2026-06-18T14:22:54,2026-06-18 14:22:51,001266,宏英智能,52.48,3.2664,51.67,53.18,50.92,50.82,250156306.23,50.82,45.6
2026-06-18T14:22:54,2026-06-18 14:22:51,000791,甘肃能源,8.64,-6.2907,9.0,9.15,8.56,9.22,709573453.79,9.22,8.83
2026-06-18T14:22:54,2026-06-18 14:22:42,002346,柘中股份,18.46,0.7092,18.75,19.0,18.18,18.33,116536011.0,18.33,16.48
2026-06-18T14:22:54,2026-06-18 14:22:51,002240,盛新锂能,46.05,-4.6584,47.0,49.08,45.73,48.3,2985319878.74,49.75,45.77
2026-06-18T14:22:54,2026-06-18 14:22:51,002364,中恒电气,54.04,3.9431,51.7,54.48,51.5,51.99,1606453733.75,53.41,49.137
2026-06-18T14:22:54,2026-06-18 14:22:51,002745,木林森,11.36,-0.6124,11.49,11.83,11.23,11.43,1063636125.77,10.87,10.0
2026-06-18T14:22:54,2026-06-18 14:22:52,600183,生益科技,184.74,2.5479,178.5,187.35,176.73,180.15,12625689515.0,183.755,169.055
2026-06-18T14:23:54,2026-06-18 14:23:52,603861,白云电器,15.44,-2.832,15.9,15.98,15.37,15.89,212390450.0,15.89,14.98
2026-06-18T14:23:54,2026-06-18 14:23:51,000048,京基智农,18.96,-0.8887,19.05,19.49,17.84,19.13,519504615.11,19.13,17.37
2026-06-18T14:23:54,2026-06-18 14:23:51,605588,冠石科技,62.87,-0.2855,62.42,64.79,62.26,63.05,220538296.0,63.05,56.5
2026-06-18T14:23:54,2026-06-18 14:23:51,001266,宏英智能,52.53,3.3648,51.67,53.18,50.92,50.82,251069897.23,50.82,45.6
2026-06-18T14:23:54,2026-06-18 14:23:51,000791,甘肃能源,8.64,-6.2907,9.0,9.15,8.56,9.22,710258983.79,9.22,8.83
2026-06-18T14:23:54,2026-06-18 14:23:51,002346,柘中股份,18.42,0.491,18.75,19.0,18.18,18.33,116810551.0,18.33,16.48
2026-06-18T14:23:54,2026-06-18 14:23:51,002240,盛新锂能,46.05,-4.6584,47.0,49.08,45.73,48.3,2993420999.74,49.75,45.77
2026-06-18T14:23:54,2026-06-18 14:23:51,002364,中恒电气,54.05,3.9623,51.7,54.48,51.5,51.99,1613124469.75,53.41,49.137
2026-06-18T14:23:54,2026-06-18 14:23:51,002745,木林森,11.37,-0.5249,11.49,11.83,11.23,11.43,1065580331.77,10.87,10.0
2026-06-18T14:23:54,2026-06-18 14:23:52,600183,生益科技,184.75,2.5534,178.5,187.35,176.73,180.15,12649424753.0,183.755,169.055
2026-06-18T14:24:54,2026-06-18 14:24:52,603861,白云电器,15.43,-2.8949,15.9,15.98,15.37,15.89,212918341.0,15.89,14.98
2026-06-18T14:24:54,2026-06-18 14:24:54,000048,京基智农,18.96,-0.8887,19.05,19.49,17.84,19.13,520348118.11,19.13,17.37
2026-06-18T14:24:54,2026-06-18 14:24:51,605588,冠石科技,62.83,-0.3489,62.42,64.79,62.26,63.05,220984468.0,63.05,56.5
2026-06-18T14:24:54,2026-06-18 14:24:54,001266,宏英智能,52.51,3.3255,51.67,53.18,50.92,50.82,251594927.23,50.82,45.6
2026-06-18T14:24:54,2026-06-18 14:24:54,000791,甘肃能源,8.63,-6.3991,9.0,9.15,8.56,9.22,711623794.79,9.22,8.83
2026-06-18T14:24:54,2026-06-18 14:24:54,002346,柘中股份,18.41,0.4364,18.75,19.0,18.18,18.33,116840019.0,18.33,16.48
2026-06-18T14:24:54,2026-06-18 14:24:54,002240,盛新锂能,46.0,-4.7619,47.0,49.08,45.73,48.3,3003072248.74,49.75,45.77
2026-06-18T14:24:54,2026-06-18 14:24:54,002364,中恒电气,53.93,3.7315,51.7,54.48,51.5,51.99,1616121967.75,53.41,49.137
2026-06-18T14:24:54,2026-06-18 14:24:54,002745,木林森,11.37,-0.5249,11.49,11.83,11.23,11.43,1068936312.77,10.87,10.0
2026-06-18T14:24:54,2026-06-18 14:24:52,600183,生益科技,184.77,2.5645,178.5,187.35,176.73,180.15,12667399004.0,183.755,169.055
2026-06-18T14:25:55,2026-06-18 14:25:52,603861,白云电器,15.41,-3.0208,15.9,15.98,15.37,15.89,213632595.0,15.89,14.98
2026-06-18T14:25:55,2026-06-18 14:25:54,000048,京基智农,18.96,-0.8887,19.05,19.49,17.84,19.13,520676003.11,19.13,17.37
2026-06-18T14:25:55,2026-06-18 14:25:51,605588,冠石科技,62.76,-0.46,62.42,64.79,62.26,63.05,221392600.0,63.05,56.5
2026-06-18T14:25:55,2026-06-18 14:25:54,001266,宏英智能,52.5,3.3058,51.67,53.18,50.92,50.82,251973104.23,50.82,45.6
2026-06-18T14:25:55,2026-06-18 14:25:54,000791,甘肃能源,8.62,-6.5076,9.0,9.15,8.56,9.22,712335238.79,9.22,8.83
2026-06-18T14:25:55,2026-06-18 14:25:54,002346,柘中股份,18.4,0.3819,18.75,19.0,18.18,18.33,117173089.0,18.33,16.48
2026-06-18T14:25:55,2026-06-18 14:25:54,002240,盛新锂能,46.02,-4.7205,47.0,49.08,45.73,48.3,3013349200.74,49.75,45.77
2026-06-18T14:25:55,2026-06-18 14:25:54,002364,中恒电气,53.95,3.77,51.7,54.48,51.5,51.99,1621072620.75,53.41,49.137
2026-06-18T14:25:55,2026-06-18 14:25:54,002745,木林森,11.36,-0.6124,11.49,11.83,11.23,11.43,1072699514.77,10.87,10.0
2026-06-18T14:25:55,2026-06-18 14:25:52,600183,生益科技,184.89,2.6311,178.5,187.35,176.73,180.15,12687304430.0,183.755,169.055
2026-06-18T14:26:55,2026-06-18 14:26:52,603861,白云电器,15.39,-3.1466,15.9,15.98,15.37,15.89,214975768.0,15.89,14.98
2026-06-18T14:26:55,2026-06-18 14:26:54,000048,京基智农,18.91,-1.15,19.05,19.49,17.84,19.13,521665189.11,19.13,17.37
2026-06-18T14:26:55,2026-06-18 14:26:54,605588,冠石科技,62.77,-0.4441,62.42,64.79,62.26,63.05,221637440.0,63.05,56.5
2026-06-18T14:26:55,2026-06-18 14:26:54,001266,宏英智能,52.52,3.3451,51.67,53.18,50.92,50.82,252577136.23,50.82,45.6
2026-06-18T14:26:55,2026-06-18 14:26:54,000791,甘肃能源,8.62,-6.5076,9.0,9.15,8.56,9.22,712962325.79,9.22,8.83
2026-06-18T14:26:55,2026-06-18 14:26:51,002346,柘中股份,18.4,0.3819,18.75,19.0,18.18,18.33,117281681.0,18.33,16.48
2026-06-18T14:26:55,2026-06-18 14:26:54,002240,盛新锂能,46.04,-4.6791,47.0,49.08,45.73,48.3,3023180093.74,49.75,45.77
2026-06-18T14:26:55,2026-06-18 14:26:54,002364,中恒电气,54.01,3.8854,51.7,54.48,51.5,51.99,1626743213.75,53.41,49.137
2026-06-18T14:26:55,2026-06-18 14:26:54,002745,木林森,11.37,-0.5249,11.49,11.83,11.23,11.43,1074045734.77,10.87,10.0
2026-06-18T14:26:55,2026-06-18 14:26:52,600183,生益科技,185.28,2.8476,178.5,187.35,176.73,180.15,12713270537.0,183.755,169.055
2026-06-18T14:27:56,2026-06-18 14:27:55,603861,白云电器,15.38,-3.2096,15.9,15.98,15.37,15.89,215900770.0,15.89,14.98
2026-06-18T14:27:56,2026-06-18 14:27:54,000048,京基智农,18.92,-1.0978,19.05,19.49,17.84,19.13,522274306.11,19.13,17.37
2026-06-18T14:27:56,2026-06-18 14:27:54,605588,冠石科技,62.76,-0.46,62.42,64.79,62.26,63.05,222082877.0,63.05,56.5
2026-06-18T14:27:56,2026-06-18 14:27:54,001266,宏英智能,52.47,3.2468,51.67,53.18,50.92,50.82,253831611.23,50.82,45.6
2026-06-18T14:27:56,2026-06-18 14:27:54,000791,甘肃能源,8.62,-6.5076,9.0,9.15,8.56,9.22,713826992.79,9.22,8.83
2026-06-18T14:27:56,2026-06-18 14:27:48,002346,柘中股份,18.39,0.3273,18.75,19.0,18.18,18.33,117338718.0,18.33,16.48
2026-06-18T14:27:56,2026-06-18 14:27:54,002240,盛新锂能,46.07,-4.617,47.0,49.08,45.73,48.3,3030811999.74,49.75,45.77
2026-06-18T14:27:56,2026-06-18 14:27:54,002364,中恒电气,54.02,3.9046,51.7,54.48,51.5,51.99,1630741049.75,53.41,49.137
2026-06-18T14:27:56,2026-06-18 14:27:54,002745,木林森,11.36,-0.6124,11.49,11.83,11.23,11.43,1075013159.77,10.87,10.0
2026-06-18T14:27:56,2026-06-18 14:27:55,600183,生益科技,185.14,2.7699,178.5,187.35,176.73,180.15,12754704677.0,183.755,169.055
2026-06-18T14:28:56,2026-06-18 14:28:55,603861,白云电器,15.38,-3.2096,15.9,15.98,15.37,15.89,216803598.0,15.89,14.98
2026-06-18T14:28:56,2026-06-18 14:28:54,000048,京基智农,18.92,-1.0978,19.05,19.49,17.84,19.13,522656321.11,19.13,17.37
2026-06-18T14:28:56,2026-06-18 14:28:54,605588,冠石科技,62.75,-0.4758,62.42,64.79,62.26,63.05,222340146.0,63.05,56.5
2026-06-18T14:28:56,2026-06-18 14:28:54,001266,宏英智能,52.45,3.2074,51.67,53.18,50.92,50.82,254502920.23,50.82,45.6
2026-06-18T14:28:56,2026-06-18 14:28:54,000791,甘肃能源,8.63,-6.3991,9.0,9.15,8.56,9.22,715377001.79,9.22,8.83
2026-06-18T14:28:56,2026-06-18 14:28:54,002346,柘中股份,18.39,0.3273,18.75,19.0,18.18,18.33,117842611.0,18.33,16.48
2026-06-18T14:28:56,2026-06-18 14:28:54,002240,盛新锂能,46.02,-4.7205,47.0,49.08,45.73,48.3,3035918442.74,49.75,45.77
2026-06-18T14:28:56,2026-06-18 14:28:54,002364,中恒电气,54.02,3.9046,51.7,54.48,51.5,51.99,1636139066.75,53.41,49.137
2026-06-18T14:28:56,2026-06-18 14:28:54,002745,木林森,11.35,-0.6999,11.49,11.83,11.23,11.43,1078220739.77,10.87,10.0
2026-06-18T14:28:56,2026-06-18 14:28:55,600183,生益科技,184.93,2.6533,178.5,187.35,176.73,180.15,12771381609.0,183.755,169.055
2026-06-18T14:29:56,2026-06-18 14:29:55,603861,白云电器,15.35,-3.3984,15.9,15.98,15.35,15.89,218207634.0,15.89,14.98
2026-06-18T14:29:56,2026-06-18 14:29:48,000048,京基智农,18.93,-1.0455,19.05,19.49,17.84,19.13,523632737.11,19.13,17.37
2026-06-18T14:29:56,2026-06-18 14:29:54,605588,冠石科技,62.74,-0.4917,62.42,64.79,62.26,63.05,223099287.0,63.05,56.5
2026-06-18T14:29:56,2026-06-18 14:29:54,001266,宏英智能,52.49,3.2861,51.67,53.18,50.92,50.82,255074835.23,50.82,45.6
2026-06-18T14:29:56,2026-06-18 14:29:54,000791,甘肃能源,8.62,-6.5076,9.0,9.15,8.56,9.22,716058269.79,9.22,8.83
2026-06-18T14:29:56,2026-06-18 14:29:54,002346,柘中股份,18.36,0.1637,18.75,19.0,18.18,18.33,118763347.0,18.33,16.48
2026-06-18T14:29:56,2026-06-18 14:29:54,002240,盛新锂能,46.0,-4.7619,47.0,49.08,45.73,48.3,3052293869.5,49.75,45.77
2026-06-18T14:29:56,2026-06-18 14:29:54,002364,中恒电气,54.09,4.0392,51.7,54.48,51.5,51.99,1644660395.75,53.41,49.137
2026-06-18T14:29:56,2026-06-18 14:29:54,002745,木林森,11.33,-0.8749,11.49,11.83,11.23,11.43,1084294765.77,10.87,10.0
2026-06-18T14:29:56,2026-06-18 14:29:55,600183,生益科技,184.78,2.5701,178.5,187.35,176.73,180.15,12803733538.0,183.755,169.055
2026-06-18T14:30:57,2026-06-18 14:30:55,603861,白云电器,15.36,-3.3354,15.9,15.98,15.35,15.89,219182579.0,15.89,14.98
2026-06-18T14:30:57,2026-06-18 14:30:54,000048,京基智农,18.96,-0.8887,19.05,19.49,17.84,19.13,524741170.11,19.13,17.37
2026-06-18T14:30:57,2026-06-18 14:30:54,605588,冠石科技,62.87,-0.2855,62.42,64.79,62.26,63.05,224198382.0,63.05,56.5
2026-06-18T14:30:57,2026-06-18 14:30:54,001266,宏英智能,52.52,3.3451,51.67,53.18,50.92,50.82,255578918.23,50.82,45.6
2026-06-18T14:30:57,2026-06-18 14:30:54,000791,甘肃能源,8.61,-6.6161,9.0,9.15,8.56,9.22,717350455.79,9.22,8.83
2026-06-18T14:30:57,2026-06-18 14:30:54,002346,柘中股份,18.4,0.3819,18.75,19.0,18.18,18.33,119401776.0,18.33,16.48
2026-06-18T14:30:57,2026-06-18 14:30:54,002240,盛新锂能,46.01,-4.7412,47.0,49.08,45.73,48.3,3064717629.5,49.75,45.77
2026-06-18T14:30:57,2026-06-18 14:30:54,002364,中恒电气,54.03,3.9238,51.7,54.48,51.5,51.99,1649778568.75,53.41,49.137
2026-06-18T14:30:57,2026-06-18 14:30:54,002745,木林森,11.37,-0.5249,11.49,11.83,11.23,11.43,1087293392.77,10.87,10.0
2026-06-18T14:30:57,2026-06-18 14:30:55,600183,生益科技,184.48,2.4036,178.5,187.35,176.73,180.15,12837169593.0,183.755,169.055
2026-06-18T14:31:58,2026-06-18 14:31:55,603861,白云电器,15.41,-3.0208,15.9,15.98,15.35,15.89,228826167.0,15.89,14.98
2026-06-18T14:31:58,2026-06-18 14:31:57,000048,京基智农,18.96,-0.8887,19.05,19.49,17.84,19.13,525497401.11,19.13,17.37
2026-06-18T14:31:58,2026-06-18 14:31:54,605588,冠石科技,62.87,-0.2855,62.42,64.79,62.26,63.05,225550069.0,63.05,56.5
2026-06-18T14:31:58,2026-06-18 14:31:57,001266,宏英智能,52.57,3.4435,51.67,53.18,50.92,50.82,256014918.23,50.82,45.6
2026-06-18T14:31:58,2026-06-18 14:31:57,000791,甘肃能源,8.61,-6.6161,9.0,9.15,8.56,9.22,719159673.79,9.22,8.83
2026-06-18T14:31:58,2026-06-18 14:31:57,002346,柘中股份,18.42,0.491,18.75,19.0,18.18,18.33,119672401.0,18.33,16.48
2026-06-18T14:31:58,2026-06-18 14:31:57,002240,盛新锂能,46.08,-4.5963,47.0,49.08,45.73,48.3,3081824244.5,49.75,45.77
2026-06-18T14:31:58,2026-06-18 14:31:57,002364,中恒电气,54.03,3.9238,51.7,54.48,51.5,51.99,1660631582.75,53.41,49.137
2026-06-18T14:31:58,2026-06-18 14:31:57,002745,木林森,11.37,-0.5249,11.49,11.83,11.23,11.43,1090778899.77,10.87,10.0
2026-06-18T14:31:58,2026-06-18 14:31:55,600183,生益科技,184.55,2.4424,178.5,187.35,176.73,180.15,12874527392.0,183.755,169.055
2026-06-18T14:32:58,2026-06-18 14:32:55,603861,白云电器,15.41,-3.0208,15.9,15.98,15.35,15.89,229668997.0,15.89,14.98
2026-06-18T14:32:58,2026-06-18 14:32:57,000048,京基智农,18.96,-0.8887,19.05,19.49,17.84,19.13,526039770.11,19.13,17.37
2026-06-18T14:32:58,2026-06-18 14:32:57,605588,冠石科技,62.8,-0.3965,62.42,64.79,62.26,63.05,226241228.0,63.05,56.5
2026-06-18T14:32:58,2026-06-18 14:32:57,001266,宏英智能,52.5,3.3058,51.67,53.18,50.92,50.82,256671853.23,50.82,45.6
2026-06-18T14:32:58,2026-06-18 14:32:57,000791,甘肃能源,8.6,-6.7245,9.0,9.15,8.56,9.22,720429330.79,9.22,8.83
2026-06-18T14:32:58,2026-06-18 14:32:57,002346,柘中股份,18.4,0.3819,18.75,19.0,18.18,18.33,119882219.0,18.33,16.48
2026-06-18T14:32:58,2026-06-18 14:32:57,002240,盛新锂能,46.07,-4.617,47.0,49.08,45.73,48.3,3089438500.5,49.75,45.77
2026-06-18T14:32:58,2026-06-18 14:32:57,002364,中恒电气,54.04,3.9431,51.7,54.48,51.5,51.99,1665409051.75,53.41,49.137
2026-06-18T14:32:58,2026-06-18 14:32:57,002745,木林森,11.36,-0.6124,11.49,11.83,11.23,11.43,1093468537.25,10.87,10.0
2026-06-18T14:32:58,2026-06-18 14:32:55,600183,生益科技,184.81,2.5867,178.5,187.35,176.73,180.15,12900796671.0,183.755,169.055
2026-06-18T14:33:58,2026-06-18 14:33:55,603861,白云电器,15.42,-2.9578,15.9,15.98,15.35,15.89,230472973.0,15.89,14.98
2026-06-18T14:33:58,2026-06-18 14:33:57,000048,京基智农,18.99,-0.7318,19.05,19.49,17.84,19.13,527138719.11,19.13,17.37
2026-06-18T14:33:58,2026-06-18 14:33:54,605588,冠石科技,62.81,-0.3807,62.42,64.79,62.26,63.05,226749701.0,63.05,56.5
2026-06-18T14:33:58,2026-06-18 14:33:57,001266,宏英智能,52.57,3.4435,51.67,53.18,50.92,50.82,257118284.23,50.82,45.6
2026-06-18T14:33:58,2026-06-18 14:33:57,000791,甘肃能源,8.59,-6.833,9.0,9.15,8.56,9.22,723099747.79,9.22,8.83
2026-06-18T14:33:58,2026-06-18 14:33:54,002346,柘中股份,18.42,0.491,18.75,19.0,18.18,18.33,120197152.0,18.33,16.48
2026-06-18T14:33:58,2026-06-18 14:33:57,002240,盛新锂能,46.02,-4.7205,47.0,49.08,45.73,48.3,3100183211.5,49.75,45.77
2026-06-18T14:33:58,2026-06-18 14:33:57,002364,中恒电气,54.16,4.1739,51.7,54.48,51.5,51.99,1675672990.75,53.41,49.137
2026-06-18T14:33:58,2026-06-18 14:33:57,002745,木林森,11.38,-0.4374,11.49,11.83,11.23,11.43,1097432412.25,10.87,10.0
2026-06-18T14:33:58,2026-06-18 14:33:55,600183,生益科技,184.9,2.6367,178.5,187.35,176.73,180.15,12925437895.0,183.755,169.055
2026-06-18T14:34:58,2026-06-18 14:34:55,603861,白云电器,15.41,-3.0208,15.9,15.98,15.35,15.89,231004975.0,15.89,14.98
2026-06-18T14:34:58,2026-06-18 14:34:57,000048,京基智农,18.96,-0.8887,19.05,19.49,17.84,19.13,528436999.11,19.13,17.37
2026-06-18T14:34:58,2026-06-18 14:34:57,605588,冠石科技,62.77,-0.4441,62.42,64.79,62.26,63.05,227346208.0,63.05,56.5
2026-06-18T14:34:58,2026-06-18 14:34:57,001266,宏英智能,52.5,3.3058,51.67,53.18,50.92,50.82,257885217.23,50.82,45.6
2026-06-18T14:34:58,2026-06-18 14:34:57,000791,甘肃能源,8.6,-6.7245,9.0,9.15,8.56,9.22,723809783.79,9.22,8.83
2026-06-18T14:34:58,2026-06-18 14:34:57,002346,柘中股份,18.42,0.491,18.75,19.0,18.18,18.33,120574655.0,18.33,16.48
2026-06-18T14:34:58,2026-06-18 14:34:57,002240,盛新锂能,45.99,-4.7826,47.0,49.08,45.73,48.3,3114582089.5,49.75,45.77
2026-06-18T14:34:58,2026-06-18 14:34:57,002364,中恒电气,54.44,4.7124,51.7,54.51,51.5,51.99,1726083236.28,53.41,49.137
2026-06-18T14:34:58,2026-06-18 14:34:57,002745,木林森,11.37,-0.5249,11.49,11.83,11.23,11.43,1099767082.25,10.87,10.0
2026-06-18T14:34:58,2026-06-18 14:34:55,600183,生益科技,184.78,2.5701,178.5,187.35,176.73,180.15,12957187851.0,183.755,169.055
2026-06-18T14:35:59,2026-06-18 14:35:58,603861,白云电器,15.41,-3.0208,15.9,15.98,15.35,15.89,231827882.0,15.89,14.98
2026-06-18T14:35:59,2026-06-18 14:35:57,000048,京基智农,18.96,-0.8887,19.05,19.49,17.84,19.13,529489208.11,19.13,17.37
2026-06-18T14:35:59,2026-06-18 14:35:57,605588,冠石科技,62.72,-0.5234,62.42,64.79,62.26,63.05,228142921.0,63.05,56.5
2026-06-18T14:35:59,2026-06-18 14:35:57,001266,宏英智能,52.51,3.3255,51.67,53.18,50.92,50.82,258861731.23,50.82,45.6
2026-06-18T14:35:59,2026-06-18 14:35:57,000791,甘肃能源,8.59,-6.833,9.0,9.15,8.56,9.22,725511260.79,9.22,8.83
2026-06-18T14:35:59,2026-06-18 14:35:57,002346,柘中股份,18.42,0.491,18.75,19.0,18.18,18.33,120804690.0,18.33,16.48
2026-06-18T14:35:59,2026-06-18 14:35:57,002240,盛新锂能,45.88,-5.0104,47.0,49.08,45.73,48.3,3136471783.5,49.75,45.77
2026-06-18T14:35:59,2026-06-18 14:35:57,002364,中恒电气,54.22,4.2893,51.7,54.51,51.5,51.99,1734856986.28,53.41,49.137
2026-06-18T14:35:59,2026-06-18 14:35:57,002745,木林森,11.37,-0.5249,11.49,11.83,11.23,11.43,1101617618.25,10.87,10.0
2026-06-18T14:35:59,2026-06-18 14:35:58,600183,生益科技,184.4,2.3591,178.5,187.35,176.73,180.15,13001833568.0,183.755,169.055
2026-06-18T14:36:59,2026-06-18 14:36:58,603861,白云电器,15.41,-3.0208,15.9,15.98,15.35,15.89,232156163.0,15.89,14.98
2026-06-18T14:36:59,2026-06-18 14:36:57,000048,京基智农,18.92,-1.0978,19.05,19.49,17.84,19.13,530413202.11,19.13,17.37
2026-06-18T14:36:59,2026-06-18 14:36:57,605588,冠石科技,62.61,-0.6979,62.42,64.79,62.26,63.05,228506430.0,63.05,56.5
2026-06-18T14:36:59,2026-06-18 14:36:57,001266,宏英智能,52.48,3.2664,51.67,53.18,50.92,50.82,259948619.23,50.82,45.6
2026-06-18T14:36:59,2026-06-18 14:36:57,000791,甘肃能源,8.59,-6.833,9.0,9.15,8.56,9.22,726834714.79,9.22,8.83
2026-06-18T14:36:59,2026-06-18 14:36:54,002346,柘中股份,18.4,0.3819,18.75,19.0,18.18,18.33,121112001.0,18.33,16.48
2026-06-18T14:36:59,2026-06-18 14:36:57,002240,盛新锂能,45.8,-5.176,47.0,49.08,45.73,48.3,3173631178.5,49.75,45.77
2026-06-18T14:36:59,2026-06-18 14:36:57,002364,中恒电气,54.23,4.3085,51.7,54.51,51.5,51.99,1745189586.28,53.41,49.137
2026-06-18T14:36:59,2026-06-18 14:36:57,002745,木林森,11.35,-0.6999,11.49,11.83,11.23,11.43,1105017008.25,10.87,10.0
2026-06-18T14:36:59,2026-06-18 14:36:58,600183,生益科技,184.36,2.3369,178.5,187.35,176.73,180.15,13034257526.0,183.755,169.055
2026-06-18T14:38:00,2026-06-18 14:37:58,603861,白云电器,15.39,-3.1466,15.9,15.98,15.35,15.89,233033277.0,15.89,14.98
2026-06-18T14:38:00,2026-06-18 14:37:57,000048,京基智农,18.88,-1.3068,19.05,19.49,17.84,19.13,532450412.11,19.13,17.37
2026-06-18T14:38:00,2026-06-18 14:37:57,605588,冠石科技,62.6,-0.7137,62.42,64.79,62.26,63.05,228863215.0,63.05,56.5
2026-06-18T14:38:00,2026-06-18 14:37:57,001266,宏英智能,52.48,3.2664,51.67,53.18,50.92,50.82,261029842.23,50.82,45.6
2026-06-18T14:38:00,2026-06-18 14:37:57,000791,甘肃能源,8.59,-6.833,9.0,9.15,8.56,9.22,728844992.79,9.22,8.83
2026-06-18T14:38:00,2026-06-18 14:37:57,002346,柘中股份,18.39,0.3273,18.75,19.0,18.18,18.33,121387837.0,18.33,16.48
2026-06-18T14:38:00,2026-06-18 14:37:57,002240,盛新锂能,45.81,-5.1553,47.0,49.08,45.73,48.3,3199334304.5,49.75,45.77
2026-06-18T14:38:00,2026-06-18 14:37:57,002364,中恒电气,54.24,4.3278,51.7,54.51,51.5,51.99,1752317112.28,53.41,49.137
2026-06-18T14:38:00,2026-06-18 14:37:57,002745,木林森,11.35,-0.6999,11.49,11.83,11.23,11.43,1107647837.25,10.87,10.0
2026-06-18T14:38:00,2026-06-18 14:37:58,600183,生益科技,184.26,2.2814,178.5,187.35,176.73,180.15,13060334452.0,183.755,169.055
2026-06-18T14:39:00,2026-06-18 14:38:58,603861,白云电器,15.34,-3.4613,15.9,15.98,15.33,15.89,234546845.0,15.89,14.98
2026-06-18T14:39:00,2026-06-18 14:38:57,000048,京基智农,18.84,-1.5159,19.05,19.49,17.84,19.13,533724958.11,19.13,17.37
2026-06-18T14:39:00,2026-06-18 14:38:57,605588,冠石科技,62.56,-0.7772,62.42,64.79,62.26,63.05,229482659.0,63.05,56.5
2026-06-18T14:39:00,2026-06-18 14:38:57,001266,宏英智能,52.39,3.0893,51.67,53.18,50.92,50.82,263315050.23,50.82,45.6
2026-06-18T14:39:00,2026-06-18 14:38:57,000791,甘肃能源,8.58,-6.9414,9.0,9.15,8.56,9.22,732050001.55,9.22,8.83
2026-06-18T14:39:00,2026-06-18 14:38:57,002346,柘中股份,18.36,0.1637,18.75,19.0,18.18,18.33,121854526.0,18.33,16.48
2026-06-18T14:39:00,2026-06-18 14:38:57,002240,盛新锂能,45.72,-5.3416,47.0,49.08,45.71,48.3,3231693398.5,49.75,45.77
2026-06-18T14:39:00,2026-06-18 14:38:57,002364,中恒电气,54.04,3.9431,51.7,54.51,51.5,51.99,1768699223.3,53.41,49.137
2026-06-18T14:39:00,2026-06-18 14:38:57,002745,木林森,11.32,-0.9624,11.49,11.83,11.23,11.43,1113508775.25,10.87,10.0
2026-06-18T14:39:00,2026-06-18 14:38:58,600183,生益科技,184.0,2.1371,178.5,187.35,176.73,180.15,13119388145.0,183.755,169.055
2026-06-18T14:40:00,2026-06-18 14:39:58,603861,白云电器,15.33,-3.5242,15.9,15.98,15.32,15.89,235011412.0,15.89,14.98
2026-06-18T14:40:00,2026-06-18 14:39:57,000048,京基智农,18.85,-1.4637,19.05,19.49,17.84,19.13,534691499.11,19.13,17.37
2026-06-18T14:40:00,2026-06-18 14:39:57,605588,冠石科技,62.49,-0.8882,62.42,64.79,62.26,63.05,230845195.0,63.05,56.5
2026-06-18T14:40:00,2026-06-18 14:39:57,001266,宏英智能,52.32,2.9516,51.67,53.18,50.92,50.82,264074160.23,50.82,45.6
2026-06-18T14:40:00,2026-06-18 14:39:57,000791,甘肃能源,8.56,-7.1584,9.0,9.15,8.55,9.22,736037119.55,9.22,8.83
2026-06-18T14:40:00,2026-06-18 14:39:57,002346,柘中股份,18.37,0.2182,18.75,19.0,18.18,18.33,121961078.0,18.33,16.48
2026-06-18T14:40:00,2026-06-18 14:39:57,002240,盛新锂能,45.79,-5.1967,47.0,49.08,45.67,48.3,3286265458.5,49.75,45.77
2026-06-18T14:40:00,2026-06-18 14:39:57,002364,中恒电气,53.88,3.6353,51.7,54.51,51.5,51.99,1782796199.3,53.41,49.137
2026-06-18T14:40:00,2026-06-18 14:39:57,002745,木林森,11.31,-1.0499,11.49,11.83,11.23,11.43,1117559402.25,10.87,10.0
2026-06-18T14:40:00,2026-06-18 14:39:58,600183,生益科技,183.4,1.8041,178.5,187.35,176.73,180.15,13185205860.0,183.755,169.055
2026-06-18T14:41:02,2026-06-18 14:40:58,603861,白云电器,15.33,-3.5242,15.9,15.98,15.32,15.89,235722581.0,15.89,14.98
2026-06-18T14:41:02,2026-06-18 14:41:00,000048,京基智农,18.86,-1.4114,19.05,19.49,17.84,19.13,535883376.11,19.13,17.37
2026-06-18T14:41:02,2026-06-18 14:41:00,605588,冠石科技,62.58,-0.7454,62.42,64.79,62.26,63.05,232020528.0,63.05,56.5
2026-06-18T14:41:02,2026-06-18 14:41:00,001266,宏英智能,52.33,2.9713,51.67,53.18,50.92,50.82,265915084.23,50.82,45.6
2026-06-18T14:41:02,2026-06-18 14:41:00,000791,甘肃能源,8.56,-7.1584,9.0,9.15,8.55,9.22,740183661.55,9.22,8.83
2026-06-18T14:41:02,2026-06-18 14:41:00,002346,柘中股份,18.39,0.3273,18.75,19.0,18.18,18.33,122111860.0,18.33,16.48
2026-06-18T14:41:02,2026-06-18 14:41:00,002240,盛新锂能,45.89,-4.9896,47.0,49.08,45.67,48.3,3299189902.5,49.75,45.77
2026-06-18T14:41:02,2026-06-18 14:41:00,002364,中恒电气,53.95,3.77,51.7,54.51,51.5,51.99,1794497653.3,53.41,49.137
2026-06-18T14:41:02,2026-06-18 14:41:00,002745,木林森,11.32,-0.9624,11.49,11.83,11.23,11.43,1124793331.25,10.87,10.0
2026-06-18T14:41:02,2026-06-18 14:40:58,600183,生益科技,183.91,2.0871,178.5,187.35,176.73,180.15,13233568506.0,183.755,169.055
2026-06-18T14:42:02,2026-06-18 14:42:01,603861,白云电器,15.36,-3.3354,15.9,15.98,15.32,15.89,239939788.0,15.89,14.98
2026-06-18T14:42:02,2026-06-18 14:42:00,000048,京基智农,18.89,-1.2546,19.05,19.49,17.84,19.13,538215558.11,19.13,17.37
2026-06-18T14:42:02,2026-06-18 14:42:00,605588,冠石科技,62.66,-0.6186,62.42,64.79,62.26,63.05,233116871.0,63.05,56.5
2026-06-18T14:42:02,2026-06-18 14:42:00,001266,宏英智能,52.45,3.2074,51.67,53.18,50.92,50.82,266549529.19,50.82,45.6
2026-06-18T14:42:02,2026-06-18 14:42:00,000791,甘肃能源,8.57,-7.0499,9.0,9.15,8.55,9.22,742277283.01,9.22,8.83
2026-06-18T14:42:02,2026-06-18 14:42:00,002346,柘中股份,18.4,0.3819,18.75,19.0,18.18,18.33,122398957.0,18.33,16.48
2026-06-18T14:42:02,2026-06-18 14:42:00,002240,盛新锂能,45.84,-5.0932,47.0,49.08,45.67,48.3,3310509667.5,49.75,45.77
2026-06-18T14:42:02,2026-06-18 14:42:00,002364,中恒电气,54.08,4.02,51.7,54.51,51.5,51.99,1802094571.3,53.41,49.137
2026-06-18T14:42:02,2026-06-18 14:42:00,002745,木林森,11.33,-0.8749,11.49,11.83,11.23,11.43,1128837925.25,10.87,10.0
2026-06-18T14:42:02,2026-06-18 14:42:01,600183,生益科技,183.72,1.9817,178.5,187.35,176.73,180.15,13293230085.0,183.755,169.055
2026-06-18T14:43:02,2026-06-18 14:43:01,603861,白云电器,15.36,-3.3354,15.9,15.98,15.32,15.89,240701352.0,15.89,14.98
2026-06-18T14:43:02,2026-06-18 14:43:00,000048,京基智农,18.89,-1.2546,19.05,19.49,17.84,19.13,539964639.11,19.13,17.37
2026-06-18T14:43:02,2026-06-18 14:43:00,605588,冠石科技,62.68,-0.5868,62.42,64.79,62.26,63.05,234376691.0,63.05,56.5
2026-06-18T14:43:02,2026-06-18 14:43:00,001266,宏英智能,52.61,3.5222,51.67,53.18,50.92,50.82,268857397.99,50.82,45.6
2026-06-18T14:43:02,2026-06-18 14:43:00,000791,甘肃能源,8.56,-7.1584,9.0,9.15,8.55,9.22,745612186.01,9.22,8.83
2026-06-18T14:43:02,2026-06-18 14:43:00,002346,柘中股份,18.39,0.3273,18.75,19.0,18.18,18.33,122478072.0,18.33,16.48
2026-06-18T14:43:02,2026-06-18 14:43:00,002240,盛新锂能,45.79,-5.1967,47.0,49.08,45.67,48.3,3328651428.5,49.75,45.77
2026-06-18T14:43:02,2026-06-18 14:43:00,002364,中恒电气,54.05,3.9623,51.7,54.51,51.5,51.99,1809841306.3,53.41,49.137
2026-06-18T14:43:02,2026-06-18 14:43:00,002745,木林森,11.32,-0.9624,11.49,11.83,11.23,11.43,1131096938.25,10.87,10.0
2026-06-18T14:43:02,2026-06-18 14:43:01,600183,生益科技,183.54,1.8818,178.5,187.35,176.73,180.15,13335448565.0,183.755,169.055
2026-06-18T14:44:03,2026-06-18 14:44:01,603861,白云电器,15.38,-3.2096,15.9,15.98,15.32,15.89,241154726.0,15.89,14.98
2026-06-18T14:44:03,2026-06-18 14:44:00,000048,京基智农,18.92,-1.0978,19.05,19.49,17.84,19.13,540964559.11,19.13,17.37
2026-06-18T14:44:03,2026-06-18 14:44:00,605588,冠石科技,62.79,-0.4124,62.42,64.79,62.26,63.05,234740425.0,63.05,56.5
2026-06-18T14:44:03,2026-06-18 14:44:00,001266,宏英智能,52.63,3.5616,51.67,53.18,50.92,50.82,271966901.53,50.82,45.6
2026-06-18T14:44:03,2026-06-18 14:44:00,000791,甘肃能源,8.57,-7.0499,9.0,9.15,8.55,9.22,747739485.01,9.22,8.83
2026-06-18T14:44:03,2026-06-18 14:43:57,002346,柘中股份,18.41,0.4364,18.75,19.0,18.18,18.33,122708081.0,18.33,16.48
2026-06-18T14:44:03,2026-06-18 14:44:00,002240,盛新锂能,45.83,-5.1139,47.0,49.08,45.67,48.3,3353320735.0,49.75,45.77
2026-06-18T14:44:03,2026-06-18 14:44:00,002364,中恒电气,54.1,4.0585,51.7,54.51,51.5,51.99,1818652364.3,53.41,49.137
2026-06-18T14:44:03,2026-06-18 14:44:00,002745,木林森,11.33,-0.8749,11.49,11.83,11.23,11.43,1134294650.25,10.87,10.0
2026-06-18T14:44:03,2026-06-18 14:44:01,600183,生益科技,183.71,1.9761,178.5,187.35,176.73,180.15,13384278957.0,183.755,169.055
2026-06-18T14:45:03,2026-06-18 14:45:01,603861,白云电器,15.4,-3.0837,15.9,15.98,15.32,15.89,242108909.0,15.89,14.98
2026-06-18T14:45:03,2026-06-18 14:45:00,000048,京基智农,18.91,-1.15,19.05,19.49,17.84,19.13,542629588.11,19.13,17.37
2026-06-18T14:45:03,2026-06-18 14:45:00,605588,冠石科技,62.92,-0.2062,62.42,64.79,62.26,63.05,237217947.0,63.05,56.5
2026-06-18T14:45:03,2026-06-18 14:45:00,001266,宏英智能,52.64,3.5813,51.67,53.18,50.92,50.82,273424361.17,50.82,45.6
2026-06-18T14:45:03,2026-06-18 14:45:00,000791,甘肃能源,8.57,-7.0499,9.0,9.15,8.55,9.22,749972428.01,9.22,8.83
2026-06-18T14:45:03,2026-06-18 14:45:00,002346,柘中股份,18.42,0.491,18.75,19.0,18.18,18.33,123078270.0,18.33,16.48
2026-06-18T14:45:03,2026-06-18 14:45:00,002240,盛新锂能,45.77,-5.2381,47.0,49.08,45.67,48.3,3367500581.0,49.75,45.77
2026-06-18T14:45:03,2026-06-18 14:45:00,002364,中恒电气,54.13,4.1162,51.7,54.51,51.5,51.99,1832844250.3,53.41,49.137
2026-06-18T14:45:03,2026-06-18 14:45:00,002745,木林森,11.34,-0.7874,11.49,11.83,11.23,11.43,1137070632.25,10.87,10.0
2026-06-18T14:45:03,2026-06-18 14:45:01,600183,生益科技,183.85,2.0538,178.5,187.35,176.73,180.15,13429721827.0,183.755,169.055
2026-06-18T14:46:04,2026-06-18 14:46:01,603861,白云电器,15.39,-3.1466,15.9,15.98,15.32,15.89,242893715.0,15.89,14.98
2026-06-18T14:46:04,2026-06-18 14:46:03,000048,京基智农,18.92,-1.0978,19.05,19.49,17.84,19.13,545345574.11,19.13,17.37
2026-06-18T14:46:04,2026-06-18 14:46:00,605588,冠石科技,63.31,0.4124,62.42,64.79,62.26,63.05,241169645.0,63.05,56.5
2026-06-18T14:46:04,2026-06-18 14:46:03,001266,宏英智能,52.6,3.5026,51.67,53.18,50.92,50.82,275300586.53,50.82,45.6
2026-06-18T14:46:04,2026-06-18 14:46:03,000791,甘肃能源,8.57,-7.0499,9.0,9.15,8.55,9.22,751616783.01,9.22,8.83
2026-06-18T14:46:04,2026-06-18 14:46:03,002346,柘中股份,18.4,0.3819,18.75,19.0,18.18,18.33,123494375.0,18.33,16.48
2026-06-18T14:46:04,2026-06-18 14:46:03,002240,盛新锂能,45.73,-5.3209,47.0,49.08,45.67,48.3,3384761567.0,49.75,45.77
2026-06-18T14:46:04,2026-06-18 14:46:03,002364,中恒电气,53.99,3.8469,51.7,54.51,51.5,51.99,1847880052.3,53.41,49.137
2026-06-18T14:46:04,2026-06-18 14:46:03,002745,木林森,11.34,-0.7874,11.49,11.83,11.23,11.43,1142168202.25,10.87,10.0
2026-06-18T14:46:04,2026-06-18 14:46:01,600183,生益科技,183.28,1.7374,178.5,187.35,176.73,180.15,13515513806.0,183.755,169.055
2026-06-18T14:47:04,2026-06-18 14:47:01,603861,白云电器,15.39,-3.1466,15.9,15.98,15.32,15.89,243918217.0,15.89,14.98
2026-06-18T14:47:04,2026-06-18 14:47:03,000048,京基智农,18.9,-1.2023,19.05,19.49,17.84,19.13,547497254.11,19.13,17.37
2026-06-18T14:47:04,2026-06-18 14:47:00,605588,冠石科技,63.28,0.3648,62.42,64.79,62.26,63.05,242796335.0,63.05,56.5
2026-06-18T14:47:04,2026-06-18 14:47:03,001266,宏英智能,52.56,3.4238,51.67,53.18,50.92,50.82,276814737.53,50.82,45.6
2026-06-18T14:47:04,2026-06-18 14:47:03,000791,甘肃能源,8.59,-6.833,9.0,9.15,8.55,9.22,753865700.01,9.22,8.83
2026-06-18T14:47:04,2026-06-18 14:47:03,002346,柘中股份,18.42,0.491,18.75,19.0,18.18,18.33,123630568.0,18.33,16.48
2026-06-18T14:47:04,2026-06-18 14:47:03,002240,盛新锂能,45.74,-5.3002,47.0,49.08,45.65,48.3,3416155339.0,49.75,45.77
2026-06-18T14:47:04,2026-06-18 14:47:03,002364,中恒电气,54.09,4.0392,51.7,54.51,51.5,51.99,1863753793.3,53.41,49.137
2026-06-18T14:47:04,2026-06-18 14:47:03,002745,木林森,11.33,-0.8749,11.49,11.83,11.23,11.43,1147015088.25,10.87,10.0
2026-06-18T14:47:04,2026-06-18 14:47:01,600183,生益科技,183.0,1.582,178.5,187.35,176.73,180.15,13574077516.0,183.755,169.055
2026-06-18T14:48:05,2026-06-18 14:48:01,603861,白云电器,15.38,-3.2096,15.9,15.98,15.32,15.89,244402762.0,15.89,14.98
2026-06-18T14:48:05,2026-06-18 14:48:03,000048,京基智农,18.95,-0.9409,19.05,19.49,17.84,19.13,550413217.11,19.13,17.37
2026-06-18T14:48:05,2026-06-18 14:48:03,605588,冠石科技,63.27,0.3489,62.42,64.79,62.26,63.05,243416207.0,63.05,56.5
2026-06-18T14:48:05,2026-06-18 14:48:03,001266,宏英智能,52.56,3.4238,51.67,53.18,50.92,50.82,278543916.53,50.82,45.6
2026-06-18T14:48:05,2026-06-18 14:48:03,000791,甘肃能源,8.58,-6.9414,9.0,9.15,8.55,9.22,755302953.41,9.22,8.83
2026-06-18T14:48:05,2026-06-18 14:48:03,002346,柘中股份,18.4,0.3819,18.75,19.0,18.18,18.33,124146067.0,18.33,16.48
2026-06-18T14:48:05,2026-06-18 14:48:03,002240,盛新锂能,45.63,-5.528,47.0,49.08,45.59,48.3,3457948051.46,49.75,45.77
2026-06-18T14:48:05,2026-06-18 14:48:03,002364,中恒电气,54.06,3.9815,51.7,54.51,51.5,51.99,1872398369.3,53.41,49.137
2026-06-18T14:48:05,2026-06-18 14:48:03,002745,木林森,11.33,-0.8749,11.49,11.83,11.23,11.43,1150727621.25,10.87,10.0
2026-06-18T14:48:05,2026-06-18 14:48:01,600183,生益科技,183.37,1.7874,178.5,187.35,176.73,180.15,13634925667.0,183.755,169.055
2026-06-18T14:49:05,2026-06-18 14:49:04,603861,白云电器,15.38,-3.2096,15.9,15.98,15.32,15.89,245373638.0,15.89,14.98
2026-06-18T14:49:05,2026-06-18 14:49:03,000048,京基智农,18.98,-0.7841,19.05,19.49,17.84,19.13,553042639.66,19.13,17.37
2026-06-18T14:49:05,2026-06-18 14:49:03,605588,冠石科技,63.27,0.3489,62.42,64.79,62.26,63.05,244169119.0,63.05,56.5
2026-06-18T14:49:05,2026-06-18 14:49:03,001266,宏英智能,52.59,3.4829,51.67,53.18,50.92,50.82,279832201.53,50.82,45.6
2026-06-18T14:49:05,2026-06-18 14:49:03,000791,甘肃能源,8.57,-7.0499,9.0,9.15,8.55,9.22,756767182.41,9.22,8.83
2026-06-18T14:49:05,2026-06-18 14:49:03,002346,柘中股份,18.4,0.3819,18.75,19.0,18.18,18.33,124381622.0,18.33,16.48
2026-06-18T14:49:05,2026-06-18 14:49:03,002240,盛新锂能,45.59,-5.6108,47.0,49.08,45.58,48.3,3495419898.46,49.75,45.77
2026-06-18T14:49:05,2026-06-18 14:49:03,002364,中恒电气,54.08,4.02,51.7,54.51,51.5,51.99,1880072877.3,53.41,49.137
2026-06-18T14:49:05,2026-06-18 14:49:03,002745,木林森,11.33,-0.8749,11.49,11.83,11.23,11.43,1153290079.25,10.87,10.0
2026-06-18T14:49:05,2026-06-18 14:49:04,600183,生益科技,183.24,1.7152,178.5,187.35,176.73,180.15,13695348903.0,183.755,169.055
2026-06-18T14:50:05,2026-06-18 14:50:04,603861,白云电器,15.38,-3.2096,15.9,15.98,15.32,15.89,246671891.0,15.89,14.98
2026-06-18T14:50:05,2026-06-18 14:50:03,000048,京基智农,18.98,-0.7841,19.05,19.49,17.84,19.13,558390930.66,19.13,17.37
2026-06-18T14:50:05,2026-06-18 14:50:03,605588,冠石科技,63.16,0.1745,62.42,64.79,62.26,63.05,244744525.0,63.05,56.5
2026-06-18T14:50:05,2026-06-18 14:50:03,001266,宏英智能,52.64,3.5813,51.67,53.18,50.92,50.82,283067990.09,50.82,45.6
2026-06-18T14:50:05,2026-06-18 14:50:03,000791,甘肃能源,8.58,-6.9414,9.0,9.15,8.55,9.22,758372599.41,9.22,8.83
2026-06-18T14:50:05,2026-06-18 14:50:03,002346,柘中股份,18.4,0.3819,18.75,19.0,18.18,18.33,124718403.0,18.33,16.48
2026-06-18T14:50:05,2026-06-18 14:50:03,002240,盛新锂能,45.65,-5.4865,47.0,49.08,45.57,48.3,3536895137.4,49.75,45.77
2026-06-18T14:50:05,2026-06-18 14:50:03,002364,中恒电气,54.05,3.9623,51.7,54.51,51.5,51.99,1890934266.3,53.41,49.137
2026-06-18T14:50:05,2026-06-18 14:50:03,002745,木林森,11.32,-0.9624,11.49,11.83,11.23,11.43,1156969080.25,10.87,10.0
2026-06-18T14:50:05,2026-06-18 14:50:04,600183,生益科技,183.18,1.6819,178.5,187.35,176.73,180.15,13746349368.0,183.755,169.055
2026-06-18T14:51:07,2026-06-18 14:51:04,603861,白云电器,15.38,-3.2096,15.9,15.98,15.32,15.89,247734456.0,15.89,14.98
2026-06-18T14:51:07,2026-06-18 14:51:06,000048,京基智农,18.94,-0.9932,19.05,19.49,17.84,19.13,560424742.66,19.13,17.37
2026-06-18T14:51:07,2026-06-18 14:51:03,605588,冠石科技,63.2,0.2379,62.42,64.79,62.26,63.05,245799928.0,63.05,56.5
2026-06-18T14:51:07,2026-06-18 14:51:06,001266,宏英智能,52.65,3.6009,51.67,53.18,50.92,50.82,285220556.09,50.82,45.6
2026-06-18T14:51:07,2026-06-18 14:51:06,000791,甘肃能源,8.57,-7.0499,9.0,9.15,8.55,9.22,762274457.41,9.22,8.83
2026-06-18T14:51:07,2026-06-18 14:51:06,002346,柘中股份,18.42,0.491,18.75,19.0,18.18,18.33,125153000.0,18.33,16.48
2026-06-18T14:51:07,2026-06-18 14:51:06,002240,盛新锂能,45.68,-5.4244,47.0,49.08,45.57,48.3,3565487811.34,49.75,45.77
2026-06-18T14:51:07,2026-06-18 14:51:06,002364,中恒电气,54.07,4.0008,51.7,54.51,51.5,51.99,1897610642.3,53.41,49.137
2026-06-18T14:51:07,2026-06-18 14:51:06,002745,木林森,11.33,-0.8749,11.49,11.83,11.23,11.43,1161771057.25,10.87,10.0
2026-06-18T14:51:07,2026-06-18 14:51:04,600183,生益科技,183.36,1.7818,178.5,187.35,176.73,180.15,13804549228.0,183.755,169.055
2026-06-18T14:52:07,2026-06-18 14:52:04,603861,白云电器,15.39,-3.1466,15.9,15.98,15.32,15.89,248795590.0,15.89,14.98
2026-06-18T14:52:07,2026-06-18 14:52:06,000048,京基智农,18.91,-1.15,19.05,19.49,17.84,19.13,563488706.66,19.13,17.37
2026-06-18T14:52:07,2026-06-18 14:52:06,605588,冠石科技,63.17,0.1903,62.42,64.79,62.26,63.05,246444385.0,63.05,56.5
2026-06-18T14:52:07,2026-06-18 14:52:06,001266,宏英智能,52.75,3.7977,51.67,53.18,50.92,50.82,286870880.09,50.82,45.6
2026-06-18T14:52:07,2026-06-18 14:52:06,000791,甘肃能源,8.58,-6.9414,9.0,9.15,8.55,9.22,764701104.85,9.22,8.83
2026-06-18T14:52:07,2026-06-18 14:52:06,002346,柘中股份,18.43,0.5456,18.75,19.0,18.18,18.33,125619332.0,18.33,16.48
2026-06-18T14:52:07,2026-06-18 14:52:06,002240,盛新锂能,45.64,-5.5072,47.0,49.08,45.57,48.3,3594379073.8,49.75,45.77
2026-06-18T14:52:07,2026-06-18 14:52:06,002364,中恒电气,54.04,3.9431,51.7,54.51,51.5,51.99,1911852080.3,53.41,49.137
2026-06-18T14:52:07,2026-06-18 14:52:06,002745,木林森,11.34,-0.7874,11.49,11.83,11.23,11.43,1166715034.25,10.87,10.0
2026-06-18T14:52:07,2026-06-18 14:52:04,600183,生益科技,183.94,2.1038,178.5,187.35,176.73,180.15,13886363795.0,183.755,169.055
2026-06-18T14:53:07,2026-06-18 14:53:07,603861,白云电器,15.39,-3.1466,15.9,15.98,15.32,15.89,250252734.0,15.89,14.98
2026-06-18T14:53:07,2026-06-18 14:53:06,000048,京基智农,18.89,-1.2546,19.05,19.49,17.84,19.13,566204468.66,19.13,17.37
2026-06-18T14:53:07,2026-06-18 14:53:06,605588,冠石科技,63.14,0.1427,62.42,64.79,62.26,63.05,246987317.0,63.05,56.5
2026-06-18T14:53:07,2026-06-18 14:53:06,001266,宏英智能,52.85,3.9945,51.67,53.18,50.92,50.82,290381789.09,50.82,45.6
2026-06-18T14:53:07,2026-06-18 14:53:06,000791,甘肃能源,8.58,-6.9414,9.0,9.15,8.55,9.22,766851866.85,9.22,8.83
2026-06-18T14:53:07,2026-06-18 14:53:06,002346,柘中股份,18.41,0.4364,18.75,19.0,18.18,18.33,126061562.0,18.33,16.48
2026-06-18T14:53:07,2026-06-18 14:53:06,002240,盛新锂能,45.68,-5.4244,47.0,49.08,45.57,48.3,3633614684.84,49.75,45.77
2026-06-18T14:53:07,2026-06-18 14:53:06,002364,中恒电气,54.07,4.0008,51.7,54.51,51.5,51.99,1919151334.3,53.41,49.137
2026-06-18T14:53:07,2026-06-18 14:53:06,002745,木林森,11.33,-0.8749,11.49,11.83,11.23,11.43,1169522136.25,10.87,10.0
2026-06-18T14:53:07,2026-06-18 14:53:07,600183,生益科技,183.94,2.1038,178.5,187.35,176.73,180.15,13969646988.0,183.755,169.055
2026-06-18T14:54:08,2026-06-18 14:54:07,603861,白云电器,15.39,-3.1466,15.9,15.98,15.32,15.89,251150273.0,15.89,14.98
2026-06-18T14:54:08,2026-06-18 14:54:06,000048,京基智农,18.83,-1.5682,19.05,19.49,17.84,19.13,569830748.86,19.13,17.37
2026-06-18T14:54:08,2026-06-18 14:54:06,605588,冠石科技,63.06,0.0159,62.42,64.79,62.26,63.05,249111091.0,63.05,56.5
2026-06-18T14:54:08,2026-06-18 14:54:06,001266,宏英智能,52.97,4.2306,51.67,53.18,50.92,50.82,292600898.09,50.82,45.6
2026-06-18T14:54:08,2026-06-18 14:54:06,000791,甘肃能源,8.59,-6.833,9.0,9.15,8.55,9.22,770087659.85,9.22,8.83
2026-06-18T14:54:08,2026-06-18 14:54:06,002346,柘中股份,18.43,0.5456,18.75,19.0,18.18,18.33,127130218.0,18.33,16.48
2026-06-18T14:54:08,2026-06-18 14:54:06,002240,盛新锂能,45.62,-5.5487,47.0,49.08,45.57,48.3,3657558977.84,49.75,45.77
2026-06-18T14:54:08,2026-06-18 14:54:06,002364,中恒电气,54.05,3.9623,51.7,54.51,51.5,51.99,1933880381.3,53.41,49.137
2026-06-18T14:54:08,2026-06-18 14:54:06,002745,木林森,11.33,-0.8749,11.49,11.83,11.23,11.43,1173503078.25,10.87,10.0
2026-06-18T14:54:08,2026-06-18 14:54:07,600183,生益科技,183.87,2.0649,178.5,187.35,176.73,180.15,14040076517.0,183.755,169.055
2026-06-18T14:55:08,2026-06-18 14:55:07,603861,白云电器,15.4,-3.0837,15.9,15.98,15.32,15.89,252682125.0,15.89,14.98
2026-06-18T14:55:08,2026-06-18 14:55:06,000048,京基智农,18.86,-1.4114,19.05,19.49,17.84,19.13,573636652.86,19.13,17.37
2026-06-18T14:55:08,2026-06-18 14:55:06,605588,冠石科技,63.05,0.0,62.42,64.79,62.26,63.05,249829633.0,63.05,56.5
2026-06-18T14:55:08,2026-06-18 14:55:06,001266,宏英智能,52.94,4.1716,51.67,53.18,50.92,50.82,297313110.09,50.82,45.6
2026-06-18T14:55:08,2026-06-18 14:55:06,000791,甘肃能源,8.57,-7.0499,9.0,9.15,8.55,9.22,774027503.88,9.22,8.83
2026-06-18T14:55:08,2026-06-18 14:55:06,002346,柘中股份,18.43,0.5456,18.75,19.0,18.18,18.33,128582987.0,18.33,16.48
2026-06-18T14:55:08,2026-06-18 14:55:06,002240,盛新锂能,45.59,-5.6108,47.0,49.08,45.57,48.3,3692559579.84,49.75,45.77
2026-06-18T14:55:08,2026-06-18 14:55:06,002364,中恒电气,54.09,4.0392,51.7,54.51,51.5,51.99,1951789316.3,53.41,49.137
2026-06-18T14:55:08,2026-06-18 14:55:06,002745,木林森,11.33,-0.8749,11.49,11.83,11.23,11.43,1178508077.25,10.87,10.0
2026-06-18T14:55:08,2026-06-18 14:55:07,600183,生益科技,183.93,2.0983,178.5,187.35,176.73,180.15,14108762416.0,183.755,169.055
2026-06-18T14:56:09,2026-06-18 14:56:07,603861,白云电器,15.42,-2.9578,15.9,15.98,15.32,15.89,254109879.0,15.89,14.98
2026-06-18T14:56:09,2026-06-18 14:56:06,000048,京基智农,18.92,-1.0978,19.05,19.49,17.84,19.13,577512963.86,19.13,17.37
2026-06-18T14:56:09,2026-06-18 14:56:06,605588,冠石科技,63.03,-0.0317,62.42,64.79,62.26,63.05,250649362.0,63.05,56.5
2026-06-18T14:56:09,2026-06-18 14:56:06,001266,宏英智能,53.0,4.2896,51.67,53.18,50.92,50.82,300927324.09,50.82,45.6
2026-06-18T14:56:09,2026-06-18 14:56:06,000791,甘肃能源,8.58,-6.9414,9.0,9.15,8.55,9.22,779615858.0,9.22,8.83
2026-06-18T14:56:09,2026-06-18 14:56:06,002346,柘中股份,18.44,0.6001,18.75,19.0,18.18,18.33,129982282.0,18.33,16.48
2026-06-18T14:56:09,2026-06-18 14:56:06,002240,盛新锂能,45.67,-5.4451,47.0,49.08,45.57,48.3,3719241019.44,49.75,45.77
2026-06-18T14:56:09,2026-06-18 14:56:06,002364,中恒电气,54.14,4.1354,51.7,54.51,51.5,51.99,1968764100.3,53.41,49.137
2026-06-18T14:56:09,2026-06-18 14:56:06,002745,木林森,11.33,-0.8749,11.49,11.83,11.23,11.43,1185846938.25,10.87,10.0
2026-06-18T14:56:09,2026-06-18 14:56:07,600183,生益科技,183.65,1.9428,178.5,187.35,176.73,180.15,14207047369.0,183.755,169.055
2026-06-18T14:57:10,2026-06-18 14:57:07,603861,白云电器,15.43,-2.8949,15.9,15.98,15.32,15.89,255898272.0,15.89,14.98
2026-06-18T14:57:10,2026-06-18 14:57:00,000048,京基智农,18.95,-0.9409,19.05,19.49,17.84,19.13,580993525.86,19.13,17.37
2026-06-18T14:57:10,2026-06-18 14:57:06,605588,冠石科技,63.05,0.0,62.42,64.79,62.26,63.05,251903819.0,63.05,56.5
2026-06-18T14:57:10,2026-06-18 14:57:00,001266,宏英智能,53.1,4.4864,51.67,53.18,50.92,50.82,305536020.09,50.82,45.6
2026-06-18T14:57:10,2026-06-18 14:57:09,000791,甘肃能源,8.57,-7.0499,9.0,9.15,8.55,9.22,784823336.24,9.22,8.83
2026-06-18T14:57:10,2026-06-18 14:57:00,002346,柘中股份,18.43,0.5456,18.75,19.0,18.18,18.33,130841452.0,18.33,16.48
2026-06-18T14:57:10,2026-06-18 14:57:00,002240,盛新锂能,45.74,-5.3002,47.0,49.08,45.57,48.3,3742787642.19,49.75,45.77
2026-06-18T14:57:10,2026-06-18 14:57:00,002364,中恒电气,54.15,4.1546,51.7,54.51,51.5,51.99,1987054127.3,53.41,49.137
2026-06-18T14:57:10,2026-06-18 14:57:00,002745,木林森,11.31,-1.0499,11.49,11.83,11.23,11.43,1191446322.25,10.87,10.0
2026-06-18T14:57:10,2026-06-18 14:57:07,600183,生益科技,183.87,2.0649,178.5,187.35,176.73,180.15,14291249456.0,183.755,169.055
2026-06-18T14:58:10,2026-06-18 14:58:07,603861,白云电器,15.43,-2.8949,15.9,15.98,15.32,15.89,255898272.0,15.89,14.98
2026-06-18T14:58:10,2026-06-18 14:58:03,000048,京基智农,18.95,-0.9409,19.05,19.49,17.84,19.13,580993525.86,19.13,17.37
2026-06-18T14:58:10,2026-06-18 14:58:06,605588,冠石科技,63.05,0.0,62.42,64.79,62.26,63.05,251903819.0,63.05,56.5
2026-06-18T14:58:10,2026-06-18 14:58:03,001266,宏英智能,53.1,4.4864,51.67,53.18,50.92,50.82,305536020.09,50.82,45.6
2026-06-18T14:58:10,2026-06-18 14:58:03,000791,甘肃能源,8.57,-7.0499,9.0,9.15,8.55,9.22,784823336.24,9.22,8.83
2026-06-18T14:58:10,2026-06-18 14:58:03,002346,柘中股份,18.43,0.5456,18.75,19.0,18.18,18.33,130841452.0,18.33,16.48
2026-06-18T14:58:10,2026-06-18 14:58:03,002240,盛新锂能,45.74,-5.3002,47.0,49.08,45.57,48.3,3742787642.19,49.75,45.77
2026-06-18T14:58:10,2026-06-18 14:58:03,002364,中恒电气,54.15,4.1546,51.7,54.51,51.5,51.99,1987054127.3,53.41,49.137
2026-06-18T14:58:10,2026-06-18 14:58:03,002745,木林森,11.31,-1.0499,11.49,11.83,11.23,11.43,1191446322.25,10.87,10.0
2026-06-18T14:58:10,2026-06-18 14:58:07,600183,生益科技,183.87,2.0649,178.5,187.35,176.73,180.15,14291249456.0,183.755,169.055
2026-06-18T14:59:10,2026-06-18 14:59:07,603861,白云电器,15.43,-2.8949,15.9,15.98,15.32,15.89,255898272.0,15.89,14.98
2026-06-18T14:59:10,2026-06-18 14:59:06,000048,京基智农,18.95,-0.9409,19.05,19.49,17.84,19.13,580993525.86,19.13,17.37
2026-06-18T14:59:10,2026-06-18 14:59:06,605588,冠石科技,63.05,0.0,62.42,64.79,62.26,63.05,251903819.0,63.05,56.5
2026-06-18T14:59:10,2026-06-18 14:59:06,001266,宏英智能,53.1,4.4864,51.67,53.18,50.92,50.82,305536020.09,50.82,45.6
2026-06-18T14:59:10,2026-06-18 14:59:06,000791,甘肃能源,8.57,-7.0499,9.0,9.15,8.55,9.22,784823336.24,9.22,8.83
2026-06-18T14:59:10,2026-06-18 14:59:06,002346,柘中股份,18.43,0.5456,18.75,19.0,18.18,18.33,130841452.0,18.33,16.48
2026-06-18T14:59:10,2026-06-18 14:59:06,002240,盛新锂能,45.74,-5.3002,47.0,49.08,45.57,48.3,3742787642.19,49.75,45.77
2026-06-18T14:59:10,2026-06-18 14:59:06,002364,中恒电气,54.15,4.1546,51.7,54.51,51.5,51.99,1987054127.3,53.41,49.137
2026-06-18T14:59:10,2026-06-18 14:59:06,002745,木林森,11.31,-1.0499,11.49,11.83,11.23,11.43,1191446322.25,10.87,10.0
2026-06-18T14:59:10,2026-06-18 14:59:07,600183,生益科技,183.87,2.0649,178.5,187.35,176.73,180.15,14291249456.0,183.755,169.055
