local_time,quote_time,code,name,price,pct,open,high,low,prev_close,amount,trigger_price,invalid_price
2026-06-15T09:25:39,2026-06-15 09:25:29,603315,福鞍股份,16.24,-0.0615,16.24,16.24,16.24,16.25,1684088.0,16.25,15.54
2026-06-15T09:25:39,2026-06-15 09:25:00,002490,山东墨龙,8.3,-6.1086,8.3,8.3,8.3,8.84,11586800.0,8.84,8.31
2026-06-15T09:25:39,2026-06-15 09:25:00,001268,联合精密,41.12,0.7596,41.12,41.12,41.12,40.81,736048.0,40.81,38.02
2026-06-15T09:25:39,2026-06-15 09:25:00,002824,和胜股份,29.23,1.3172,29.23,29.23,29.23,28.85,13615334.0,28.85,26.91
2026-06-15T09:25:39,2026-06-15 09:25:00,002240,盛新锂能,51.1,0.0392,51.1,51.1,51.1,51.08,52213980.0,49.375,45.425
2026-06-15T09:26:41,2026-06-15 09:26:29,603315,福鞍股份,16.24,-0.0615,16.24,16.24,16.24,16.25,1684088.0,16.25,15.54
2026-06-15T09:26:41,2026-06-15 09:25:00,002490,山东墨龙,8.3,-6.1086,8.3,8.3,8.3,8.84,11586800.0,8.84,8.31
2026-06-15T09:26:41,2026-06-15 09:25:00,001268,联合精密,41.12,0.7596,41.12,41.12,41.12,40.81,736048.0,40.81,38.02
2026-06-15T09:26:41,2026-06-15 09:25:00,002824,和胜股份,29.23,1.3172,29.23,29.23,29.23,28.85,13615334.0,28.85,26.91
2026-06-15T09:26:41,2026-06-15 09:25:00,002240,盛新锂能,51.1,0.0392,51.1,51.1,51.1,51.08,52213980.0,49.375,45.425
2026-06-15T09:27:41,2026-06-15 09:27:29,603315,福鞍股份,16.24,-0.0615,16.24,16.24,16.24,16.25,1684088.0,16.25,15.54
2026-06-15T09:27:41,2026-06-15 09:25:00,002490,山东墨龙,8.3,-6.1086,8.3,8.3,8.3,8.84,11586800.0,8.84,8.31
2026-06-15T09:27:41,2026-06-15 09:25:00,001268,联合精密,41.12,0.7596,41.12,41.12,41.12,40.81,736048.0,40.81,38.02
2026-06-15T09:27:41,2026-06-15 09:25:00,002824,和胜股份,29.23,1.3172,29.23,29.23,29.23,28.85,13615334.0,28.85,26.91
2026-06-15T09:27:41,2026-06-15 09:25:00,002240,盛新锂能,51.1,0.0392,51.1,51.1,51.1,51.08,52213980.0,49.375,45.425
2026-06-15T09:28:41,2026-06-15 09:28:29,603315,福鞍股份,16.24,-0.0615,16.24,16.24,16.24,16.25,1684088.0,16.25,15.54
2026-06-15T09:28:41,2026-06-15 09:25:00,002490,山东墨龙,8.3,-6.1086,8.3,8.3,8.3,8.84,11586800.0,8.84,8.31
2026-06-15T09:28:41,2026-06-15 09:25:00,001268,联合精密,41.12,0.7596,41.12,41.12,41.12,40.81,736048.0,40.81,38.02
2026-06-15T09:28:41,2026-06-15 09:25:00,002824,和胜股份,29.23,1.3172,29.23,29.23,29.23,28.85,13615334.0,28.85,26.91
2026-06-15T09:28:41,2026-06-15 09:25:00,002240,盛新锂能,51.1,0.0392,51.1,51.1,51.1,51.08,52213980.0,49.375,45.425
2026-06-15T09:29:42,2026-06-15 09:29:29,603315,福鞍股份,16.24,-0.0615,16.24,16.24,16.24,16.25,1684088.0,16.25,15.54
2026-06-15T09:29:42,2026-06-15 09:25:00,002490,山东墨龙,8.3,-6.1086,8.3,8.3,8.3,8.84,11586800.0,8.84,8.31
2026-06-15T09:29:42,2026-06-15 09:25:00,001268,联合精密,41.12,0.7596,41.12,41.12,41.12,40.81,736048.0,40.81,38.02
2026-06-15T09:29:42,2026-06-15 09:25:00,002824,和胜股份,29.23,1.3172,29.23,29.23,29.23,28.85,13615334.0,28.85,26.91
2026-06-15T09:29:42,2026-06-15 09:25:00,002240,盛新锂能,51.1,0.0392,51.1,51.1,51.1,51.08,52213980.0,49.375,45.425
2026-06-15T09:30:42,2026-06-15 09:30:40,603315,福鞍股份,16.55,1.8462,16.24,16.56,16.2,16.25,5547732.0,16.25,15.54
2026-06-15T09:30:42,2026-06-15 09:30:39,002490,山东墨龙,8.15,-7.8054,8.3,8.47,8.15,8.84,58559976.0,8.84,8.31
2026-06-15T09:30:42,2026-06-15 09:30:39,001268,联合精密,40.67,-0.3431,41.12,41.37,40.66,40.81,2163104.0,40.81,38.02
2026-06-15T09:30:42,2026-06-15 09:30:39,002824,和胜股份,29.65,2.773,29.23,29.89,29.02,28.85,61531924.92,28.85,26.91
2026-06-15T09:30:42,2026-06-15 09:30:39,002240,盛新锂能,52.58,2.9366,51.1,52.65,51.1,51.08,125175017.0,49.375,45.425
2026-06-15T09:31:43,2026-06-15 09:31:40,603315,福鞍股份,16.35,0.6154,16.24,16.56,16.2,16.25,9025867.0,16.25,15.54
2026-06-15T09:31:43,2026-06-15 09:31:42,002490,山东墨龙,8.19,-7.3529,8.3,8.47,8.1,8.84,93984444.0,8.84,8.31
2026-06-15T09:31:43,2026-06-15 09:31:42,001268,联合精密,40.36,-1.1027,41.12,41.37,40.28,40.81,3799109.0,40.81,38.02
2026-06-15T09:31:43,2026-06-15 09:31:42,002824,和胜股份,30.55,5.8925,29.23,30.57,29.02,28.85,88462698.62,28.85,26.91
2026-06-15T09:31:43,2026-06-15 09:31:42,002240,盛新锂能,52.79,3.3477,51.1,53.47,51.1,51.08,291244542.1,49.375,45.425
2026-06-15T09:32:44,2026-06-15 09:32:43,603315,福鞍股份,16.35,0.6154,16.24,16.56,16.2,16.25,11238976.0,16.25,15.54
2026-06-15T09:32:44,2026-06-15 09:32:42,002490,山东墨龙,8.3,-6.1086,8.3,8.47,8.1,8.84,108054608.0,8.84,8.31
2026-06-15T09:32:44,2026-06-15 09:32:42,001268,联合精密,40.4,-1.0047,41.12,41.37,40.28,40.81,6107403.0,40.81,38.02
2026-06-15T09:32:44,2026-06-15 09:32:42,002824,和胜股份,30.56,5.9272,29.23,30.99,29.02,28.85,126397758.23,28.85,26.91
2026-06-15T09:32:44,2026-06-15 09:32:42,002240,盛新锂能,52.3,2.3884,51.1,53.47,51.1,51.08,402569479.65,49.375,45.425
2026-06-15T09:33:44,2026-06-15 09:33:43,603315,福鞍股份,16.44,1.1692,16.24,16.56,16.2,16.25,13344314.0,16.25,15.54
2026-06-15T09:33:44,2026-06-15 09:33:42,002490,山东墨龙,8.3,-6.1086,8.3,8.47,8.1,8.84,121263704.0,8.84,8.31
2026-06-15T09:33:44,2026-06-15 09:33:42,001268,联合精密,40.24,-1.3967,41.12,41.37,40.09,40.81,8440722.0,40.81,38.02
2026-06-15T09:33:44,2026-06-15 09:33:42,002824,和胜股份,30.8,6.7591,29.23,31.0,29.02,28.85,157387363.23,28.85,26.91
2026-06-15T09:33:44,2026-06-15 09:33:42,002240,盛新锂能,51.56,0.9397,51.1,53.47,51.1,51.08,474364988.07,49.375,45.425
2026-06-15T09:34:45,2026-06-15 09:34:43,603315,福鞍股份,16.49,1.4769,16.24,16.56,16.2,16.25,15181532.0,16.25,15.54
2026-06-15T09:34:45,2026-06-15 09:34:42,002490,山东墨龙,8.39,-5.0905,8.3,8.47,8.1,8.84,131754916.0,8.84,8.31
2026-06-15T09:34:45,2026-06-15 09:34:42,001268,联合精密,40.49,-0.7841,41.12,41.37,40.09,40.81,9462516.0,40.81,38.02
2026-06-15T09:34:45,2026-06-15 09:34:42,002824,和胜股份,30.7,6.4125,29.23,31.0,29.02,28.85,177080406.73,28.85,26.91
2026-06-15T09:34:45,2026-06-15 09:34:42,002240,盛新锂能,52.3,2.3884,51.1,53.47,51.1,51.08,525533546.81,49.375,45.425
2026-06-15T09:35:45,2026-06-15 09:35:43,603315,福鞍股份,16.44,1.1692,16.24,16.56,16.2,16.25,17687532.0,16.25,15.54
2026-06-15T09:35:45,2026-06-15 09:35:42,002490,山东墨龙,8.44,-4.5249,8.3,8.47,8.1,8.84,140412873.0,8.84,8.31
2026-06-15T09:35:45,2026-06-15 09:35:42,001268,联合精密,40.64,-0.4166,41.12,41.37,40.09,40.81,11480480.0,40.81,38.02
2026-06-15T09:35:45,2026-06-15 09:35:42,002824,和胜股份,30.7,6.4125,29.23,31.0,29.02,28.85,188187191.43,28.85,26.91
2026-06-15T09:35:45,2026-06-15 09:35:42,002240,盛新锂能,52.04,1.8794,51.1,53.47,51.1,51.08,599017073.69,49.375,45.425
2026-06-15T09:36:46,2026-06-15 09:36:43,603315,福鞍股份,16.27,0.1231,16.24,16.56,16.2,16.25,20720111.0,16.25,15.54
2026-06-15T09:36:46,2026-06-15 09:36:45,002490,山东墨龙,8.39,-5.0905,8.3,8.47,8.1,8.84,150257594.0,8.84,8.31
2026-06-15T09:36:46,2026-06-15 09:36:45,001268,联合精密,40.18,-1.5437,41.12,41.37,40.09,40.81,12069687.0,40.81,38.02
2026-06-15T09:36:46,2026-06-15 09:36:45,002824,和胜股份,30.76,6.6205,29.23,31.0,29.02,28.85,200044711.68,28.85,26.91
2026-06-15T09:36:46,2026-06-15 09:36:45,002240,盛新锂能,51.76,1.3312,51.1,53.47,51.1,51.08,641035415.69,49.375,45.425
2026-06-15T09:37:47,2026-06-15 09:37:46,603315,福鞍股份,16.38,0.8,16.24,16.56,16.2,16.25,22450015.0,16.25,15.54
2026-06-15T09:37:47,2026-06-15 09:37:45,002490,山东墨龙,8.35,-5.543,8.3,8.47,8.1,8.84,162052014.0,8.84,8.31
2026-06-15T09:37:47,2026-06-15 09:37:45,001268,联合精密,40.1,-1.7398,41.12,41.37,40.01,40.81,13148087.0,40.81,38.02
2026-06-15T09:37:47,2026-06-15 09:37:45,002824,和胜股份,31.03,7.5563,29.23,31.11,29.02,28.85,217357002.63,28.85,26.91
2026-06-15T09:37:47,2026-06-15 09:37:45,002240,盛新锂能,52.17,2.1339,51.1,53.47,51.1,51.08,688806199.53,49.375,45.425
2026-06-15T09:38:47,2026-06-15 09:38:46,603315,福鞍股份,16.41,0.9846,16.24,16.56,16.2,16.25,23188001.0,16.25,15.54
2026-06-15T09:38:47,2026-06-15 09:38:45,002490,山东墨龙,8.34,-5.6561,8.3,8.47,8.1,8.84,169606345.0,8.84,8.31
2026-06-15T09:38:47,2026-06-15 09:38:45,001268,联合精密,40.16,-1.5927,41.12,41.37,40.01,40.81,13674869.0,40.81,38.02
2026-06-15T09:38:47,2026-06-15 09:38:45,002824,和胜股份,31.2,8.1456,29.23,31.28,29.02,28.85,231348851.63,28.85,26.91
2026-06-15T09:38:47,2026-06-15 09:38:45,002240,盛新锂能,51.81,1.4291,51.1,53.47,51.1,51.08,732033655.53,49.375,45.425
2026-06-15T09:39:47,2026-06-15 09:39:46,603315,福鞍股份,16.36,0.6769,16.24,16.56,16.2,16.25,25236924.0,16.25,15.54
2026-06-15T09:39:47,2026-06-15 09:39:45,002490,山东墨龙,8.31,-5.9955,8.3,8.47,8.1,8.84,177029497.0,8.84,8.31
2026-06-15T09:39:47,2026-06-15 09:39:45,001268,联合精密,40.33,-1.1762,41.12,41.37,40.01,40.81,15206798.0,40.81,38.02
2026-06-15T09:39:47,2026-06-15 09:39:45,002824,和胜股份,31.5,9.1854,29.23,31.58,29.02,28.85,250520927.53,28.85,26.91
2026-06-15T09:39:47,2026-06-15 09:39:45,002240,盛新锂能,51.61,1.0376,51.1,53.47,51.1,51.08,780900300.63,49.375,45.425
2026-06-15T09:40:48,2026-06-15 09:40:46,603315,福鞍股份,16.51,1.6,16.24,16.56,16.2,16.25,31509881.0,16.25,15.54
2026-06-15T09:40:48,2026-06-15 09:40:45,002490,山东墨龙,8.27,-6.448,8.3,8.47,8.1,8.84,182749855.0,8.84,8.31
2026-06-15T09:40:48,2026-06-15 09:40:45,001268,联合精密,40.18,-1.5437,41.12,41.37,40.01,40.81,15930544.0,40.81,38.02
2026-06-15T09:40:48,2026-06-15 09:40:45,002824,和胜股份,31.54,9.3241,29.23,31.61,29.02,28.85,269026433.93,28.85,26.91
2026-06-15T09:40:48,2026-06-15 09:40:45,002240,盛新锂能,51.75,1.3117,51.1,53.47,51.1,51.08,824668181.8,49.375,45.425
2026-06-15T09:41:49,2026-06-15 09:41:46,603315,福鞍股份,16.41,0.9846,16.24,16.56,16.2,16.25,32178039.0,16.25,15.54
2026-06-15T09:41:49,2026-06-15 09:41:48,002490,山东墨龙,8.28,-6.3348,8.3,8.47,8.1,8.84,195048406.0,8.84,8.31
2026-06-15T09:41:49,2026-06-15 09:41:48,001268,联合精密,40.19,-1.5192,41.12,41.37,40.01,40.81,16521430.0,40.81,38.02
2026-06-15T09:41:49,2026-06-15 09:41:45,002824,和胜股份,31.22,8.2149,29.23,31.61,29.02,28.85,282028913.93,28.85,26.91
2026-06-15T09:41:49,2026-06-15 09:41:48,002240,盛新锂能,51.97,1.7424,51.1,53.47,51.1,51.08,863912710.8,49.375,45.425
2026-06-15T09:42:49,2026-06-15 09:42:46,603315,福鞍股份,16.42,1.0462,16.24,16.56,16.2,16.25,33699150.0,16.25,15.54
2026-06-15T09:42:49,2026-06-15 09:42:48,002490,山东墨龙,8.3,-6.1086,8.3,8.47,8.1,8.84,199569105.0,8.84,8.31
2026-06-15T09:42:49,2026-06-15 09:42:48,001268,联合精密,40.26,-1.3477,41.12,41.37,40.01,40.81,17497820.0,40.81,38.02
2026-06-15T09:42:49,2026-06-15 09:42:48,002824,和胜股份,31.29,8.4575,29.23,31.61,29.02,28.85,289474296.93,28.85,26.91
2026-06-15T09:42:49,2026-06-15 09:42:48,002240,盛新锂能,51.6,1.018,51.1,53.47,51.1,51.08,894394666.56,49.375,45.425
2026-06-15T09:43:50,2026-06-15 09:43:49,603315,福鞍股份,16.44,1.1692,16.24,16.56,16.2,16.25,35952861.0,16.25,15.54
2026-06-15T09:43:50,2026-06-15 09:43:48,002490,山东墨龙,8.29,-6.2217,8.3,8.47,8.1,8.84,204051028.0,8.84,8.31
2026-06-15T09:43:50,2026-06-15 09:43:48,001268,联合精密,40.28,-1.2987,41.12,41.37,40.01,40.81,18001435.0,40.81,38.02
2026-06-15T09:43:50,2026-06-15 09:43:48,002824,和胜股份,31.51,9.2201,29.23,31.61,29.02,28.85,302205215.05,28.85,26.91
2026-06-15T09:43:50,2026-06-15 09:43:48,002240,盛新锂能,51.05,-0.0587,51.1,53.47,51.05,51.08,973455060.39,49.375,45.425
2026-06-15T09:44:50,2026-06-15 09:44:49,603315,福鞍股份,16.46,1.2923,16.24,16.56,16.2,16.25,38998494.0,16.25,15.54
2026-06-15T09:44:50,2026-06-15 09:44:48,002490,山东墨龙,8.28,-6.3348,8.3,8.47,8.1,8.84,208450003.0,8.84,8.31
2026-06-15T09:44:50,2026-06-15 09:44:48,001268,联合精密,40.19,-1.5192,41.12,41.37,40.01,40.81,18383094.0,40.81,38.02
2026-06-15T09:44:50,2026-06-15 09:44:48,002824,和胜股份,31.66,9.74,29.23,31.68,29.02,28.85,323691002.15,28.85,26.91
2026-06-15T09:44:50,2026-06-15 09:44:48,002240,盛新锂能,51.0,-0.1566,51.1,53.47,50.72,51.08,1075550579.38,49.375,45.425
2026-06-15T09:45:50,2026-06-15 09:45:49,603315,福鞍股份,16.49,1.4769,16.24,16.56,16.2,16.25,41611062.0,16.25,15.54
2026-06-15T09:45:50,2026-06-15 09:45:48,002490,山东墨龙,8.24,-6.7873,8.3,8.47,8.1,8.84,214964768.0,8.84,8.31
2026-06-15T09:45:50,2026-06-15 09:45:48,001268,联合精密,40.87,0.147,41.12,41.37,40.01,40.81,20073024.0,40.81,38.02
2026-06-15T09:45:50,2026-06-15 09:45:48,002824,和胜股份,31.74,10.0173,29.23,31.74,29.02,28.85,358987159.21,28.85,26.91
2026-06-15T09:45:50,2026-06-15 09:45:48,002240,盛新锂能,51.39,0.6069,51.1,53.47,50.72,51.08,1110660416.38,49.375,45.425
2026-06-15T09:46:52,2026-06-15 09:46:49,603315,福鞍股份,16.51,1.6,16.24,16.56,16.2,16.25,43387040.0,16.25,15.54
2026-06-15T09:46:52,2026-06-15 09:46:48,002490,山东墨龙,8.24,-6.7873,8.3,8.47,8.1,8.84,219971405.0,8.84,8.31
2026-06-15T09:46:52,2026-06-15 09:46:48,001268,联合精密,41.14,0.8086,41.12,41.37,40.01,40.81,26842848.0,40.81,38.02
2026-06-15T09:46:52,2026-06-15 09:46:48,002824,和胜股份,31.74,10.0173,29.23,31.74,29.02,28.85,361420982.41,28.85,26.91
2026-06-15T09:46:52,2026-06-15 09:46:48,002240,盛新锂能,51.1,0.0392,51.1,53.47,50.72,51.08,1150773186.03,49.375,45.425
2026-06-15T09:47:52,2026-06-15 09:47:49,603315,福鞍股份,16.49,1.4769,16.24,16.56,16.2,16.25,45190741.0,16.25,15.54
2026-06-15T09:47:52,2026-06-15 09:47:51,002490,山东墨龙,8.31,-5.9955,8.3,8.47,8.1,8.84,226950329.0,8.84,8.31
2026-06-15T09:47:52,2026-06-15 09:47:51,001268,联合精密,40.71,-0.245,41.12,41.37,40.01,40.81,31786421.0,40.81,38.02
2026-06-15T09:47:52,2026-06-15 09:47:51,002824,和胜股份,31.74,10.0173,29.23,31.74,29.02,28.85,367191346.15,28.85,26.91
2026-06-15T09:47:52,2026-06-15 09:47:51,002240,盛新锂能,51.07,-0.0196,51.1,53.47,50.72,51.08,1196016054.03,49.375,45.425
2026-06-15T09:48:52,2026-06-15 09:48:49,603315,福鞍股份,16.5,1.5385,16.24,16.56,16.2,16.25,45869548.0,16.25,15.54
2026-06-15T09:48:52,2026-06-15 09:48:51,002490,山东墨龙,8.29,-6.2217,8.3,8.47,8.1,8.84,230750891.0,8.84,8.31
2026-06-15T09:48:52,2026-06-15 09:48:51,001268,联合精密,40.81,0.0,41.12,41.37,40.01,40.81,32068052.0,40.81,38.02
2026-06-15T09:48:52,2026-06-15 09:48:51,002824,和胜股份,31.74,10.0173,29.23,31.74,29.02,28.85,371199473.35,28.85,26.91
2026-06-15T09:48:52,2026-06-15 09:48:51,002240,盛新锂能,50.95,-0.2545,51.1,53.47,50.72,51.08,1248077555.03,49.375,45.425
2026-06-15T09:49:53,2026-06-15 09:49:49,603315,福鞍股份,16.49,1.4769,16.24,16.56,16.2,16.25,46323296.0,16.25,15.54
2026-06-15T09:49:53,2026-06-15 09:49:51,002490,山东墨龙,8.35,-5.543,8.3,8.47,8.1,8.84,237957275.0,8.84,8.31
2026-06-15T09:49:53,2026-06-15 09:49:51,001268,联合精密,40.9,0.2205,41.12,41.37,40.01,40.81,32631687.0,40.81,38.02
2026-06-15T09:49:53,2026-06-15 09:49:51,002824,和胜股份,31.74,10.0173,29.23,31.74,29.02,28.85,378846274.15,28.85,26.91
2026-06-15T09:49:53,2026-06-15 09:49:51,002240,盛新锂能,50.74,-0.6656,51.1,53.47,50.58,51.08,1338986602.43,49.375,45.425
2026-06-15T09:50:53,2026-06-15 09:50:52,603315,福鞍股份,16.48,1.4154,16.24,16.56,16.2,16.25,47611717.0,16.25,15.54
2026-06-15T09:50:53,2026-06-15 09:50:51,002490,山东墨龙,8.3,-6.1086,8.3,8.47,8.1,8.84,243882089.0,8.84,8.31
2026-06-15T09:50:53,2026-06-15 09:50:51,001268,联合精密,40.78,-0.0735,41.12,41.37,40.01,40.81,33564279.0,40.81,38.02
2026-06-15T09:50:53,2026-06-15 09:50:51,002824,和胜股份,31.74,10.0173,29.23,31.74,29.02,28.85,382229758.15,28.85,26.91
2026-06-15T09:50:53,2026-06-15 09:50:51,002240,盛新锂能,50.73,-0.6852,51.1,53.47,50.58,51.08,1400073199.11,49.375,45.425
2026-06-15T09:51:54,2026-06-15 09:51:52,603315,福鞍股份,16.45,1.2308,16.24,16.56,16.2,16.25,48965907.0,16.25,15.54
2026-06-15T09:51:54,2026-06-15 09:51:51,002490,山东墨龙,8.27,-6.448,8.3,8.47,8.1,8.84,246643860.0,8.84,8.31
2026-06-15T09:51:54,2026-06-15 09:51:51,001268,联合精密,40.6,-0.5146,41.12,41.37,40.01,40.81,33678106.0,40.81,38.02
2026-06-15T09:51:54,2026-06-15 09:51:51,002824,和胜股份,31.74,10.0173,29.23,31.74,29.02,28.85,384235726.15,28.85,26.91
2026-06-15T09:51:54,2026-06-15 09:51:51,002240,盛新锂能,50.31,-1.5074,51.1,53.47,50.3,51.08,1470927304.55,49.375,45.425
2026-06-15T09:52:55,2026-06-15 09:52:52,603315,福鞍股份,16.49,1.4769,16.24,16.56,16.2,16.25,50214364.0,16.25,15.54
2026-06-15T09:52:55,2026-06-15 09:52:51,002490,山东墨龙,8.29,-6.2217,8.3,8.47,8.1,8.84,249270787.0,8.84,8.31
2026-06-15T09:52:55,2026-06-15 09:52:51,001268,联合精密,40.69,-0.294,41.12,41.37,40.01,40.81,34047201.0,40.81,38.02
2026-06-15T09:52:55,2026-06-15 09:52:51,002824,和胜股份,31.74,10.0173,29.23,31.74,29.02,28.85,386949496.15,28.85,26.91
2026-06-15T09:52:55,2026-06-15 09:52:51,002240,盛新锂能,50.75,-0.646,51.1,53.47,50.27,51.08,1555855406.24,49.375,45.425
2026-06-15T09:53:55,2026-06-15 09:53:52,603315,福鞍股份,16.5,1.5385,16.24,16.56,16.2,16.25,50664227.0,16.25,15.54
2026-06-15T09:53:55,2026-06-15 09:53:54,002490,山东墨龙,8.3,-6.1086,8.3,8.47,8.1,8.84,251516756.0,8.84,8.31
2026-06-15T09:53:55,2026-06-15 09:53:54,001268,联合精密,40.82,0.0245,41.12,41.37,40.01,40.81,34462573.0,40.81,38.02
2026-06-15T09:53:55,2026-06-15 09:53:54,002824,和胜股份,31.74,10.0173,29.23,31.74,29.02,28.85,388919947.09,28.85,26.91
2026-06-15T09:53:55,2026-06-15 09:53:54,002240,盛新锂能,51.14,0.1175,51.1,53.47,50.27,51.08,1574772377.68,49.375,45.425
2026-06-15T09:54:55,2026-06-15 09:54:52,603315,福鞍股份,16.46,1.2923,16.24,16.56,16.2,16.25,52431694.0,16.25,15.54
2026-06-15T09:54:55,2026-06-15 09:54:54,002490,山东墨龙,8.32,-5.8824,8.3,8.47,8.1,8.84,253639353.0,8.84,8.31
2026-06-15T09:54:55,2026-06-15 09:54:54,001268,联合精密,40.81,0.0,41.12,41.37,40.01,40.81,34638018.0,40.81,38.02
2026-06-15T09:54:55,2026-06-15 09:54:54,002824,和胜股份,31.74,10.0173,29.23,31.74,29.02,28.85,390389509.09,28.85,26.91
2026-06-15T09:54:55,2026-06-15 09:54:54,002240,盛新锂能,51.01,-0.137,51.1,53.47,50.27,51.08,1606389599.13,49.375,45.425
2026-06-15T09:55:56,2026-06-15 09:55:55,603315,福鞍股份,16.44,1.1692,16.24,16.56,16.2,16.25,53446954.0,16.25,15.54
2026-06-15T09:55:56,2026-06-15 09:55:54,002490,山东墨龙,8.3,-6.1086,8.3,8.47,8.1,8.84,257386462.0,8.84,8.31
2026-06-15T09:55:56,2026-06-15 09:55:54,001268,联合精密,41.1,0.7106,41.12,41.37,40.01,40.81,37352334.0,40.81,38.02
2026-06-15T09:55:56,2026-06-15 09:55:54,002824,和胜股份,31.74,10.0173,29.23,31.74,29.02,28.85,393075347.89,28.85,26.91
2026-06-15T09:55:56,2026-06-15 09:55:54,002240,盛新锂能,50.4,-1.3312,51.1,53.47,50.27,51.08,1631224257.13,49.375,45.425
2026-06-15T09:56:57,2026-06-15 09:56:55,603315,福鞍股份,16.46,1.2923,16.24,16.56,16.2,16.25,54098227.0,16.25,15.54
2026-06-15T09:56:57,2026-06-15 09:56:54,002490,山东墨龙,8.32,-5.8824,8.3,8.47,8.1,8.84,260707748.0,8.84,8.31
2026-06-15T09:56:57,2026-06-15 09:56:54,001268,联合精密,41.34,1.2987,41.12,41.37,40.01,40.81,39642694.0,40.81,38.02
2026-06-15T09:56:57,2026-06-15 09:56:54,002824,和胜股份,31.74,10.0173,29.23,31.74,29.02,28.85,393736809.49,28.85,26.91
2026-06-15T09:56:57,2026-06-15 09:56:54,002240,盛新锂能,50.46,-1.2138,51.1,53.47,50.27,51.08,1683449186.13,49.375,45.425
2026-06-15T09:57:57,2026-06-15 09:57:55,603315,福鞍股份,16.46,1.2923,16.24,16.56,16.2,16.25,55488086.0,16.25,15.54
2026-06-15T09:57:57,2026-06-15 09:57:54,002490,山东墨龙,8.31,-5.9955,8.3,8.47,8.1,8.84,263521672.0,8.84,8.31
2026-06-15T09:57:57,2026-06-15 09:57:54,001268,联合精密,41.11,0.7351,41.12,41.37,40.01,40.81,40330415.0,40.81,38.02
2026-06-15T09:57:57,2026-06-15 09:57:54,002824,和胜股份,31.74,10.0173,29.23,31.74,29.02,28.85,400157811.49,28.85,26.91
2026-06-15T09:57:57,2026-06-15 09:57:54,002240,盛新锂能,50.59,-0.9593,51.1,53.47,50.27,51.08,1704970638.13,49.375,45.425
2026-06-15T09:58:58,2026-06-15 09:58:55,603315,福鞍股份,16.47,1.3538,16.24,16.56,16.2,16.25,56211205.0,16.25,15.54
2026-06-15T09:58:58,2026-06-15 09:58:54,002490,山东墨龙,8.35,-5.543,8.3,8.47,8.1,8.84,266518703.0,8.84,8.31
2026-06-15T09:58:58,2026-06-15 09:58:54,001268,联合精密,41.14,0.8086,41.12,41.37,40.01,40.81,40766877.0,40.81,38.02
2026-06-15T09:58:58,2026-06-15 09:58:54,002824,和胜股份,31.74,10.0173,29.23,31.74,29.02,28.85,400925919.49,28.85,26.91
2026-06-15T09:58:58,2026-06-15 09:58:54,002240,盛新锂能,50.82,-0.509,51.1,53.47,50.27,51.08,1717603974.13,49.375,45.425
2026-06-15T09:59:58,2026-06-15 09:59:55,603315,福鞍股份,16.52,1.6615,16.24,16.56,16.2,16.25,57438462.0,16.25,15.54
2026-06-15T09:59:58,2026-06-15 09:59:54,002490,山东墨龙,8.35,-5.543,8.3,8.47,8.1,8.84,269065363.0,8.84,8.31
2026-06-15T09:59:58,2026-06-15 09:59:45,001268,联合精密,41.2,0.9556,41.12,41.37,40.01,40.81,42773302.0,40.81,38.02
2026-06-15T09:59:58,2026-06-15 09:59:51,002824,和胜股份,31.74,10.0173,29.23,31.74,29.02,28.85,401586111.49,28.85,26.91
2026-06-15T09:59:58,2026-06-15 09:59:54,002240,盛新锂能,50.55,-1.0376,51.1,53.47,50.27,51.08,1736302309.13,49.375,45.425
2026-06-15T10:00:58,2026-06-15 10:00:55,603315,福鞍股份,16.54,1.7846,16.24,16.57,16.2,16.25,60217515.0,16.25,15.54
2026-06-15T10:00:58,2026-06-15 10:00:57,002490,山东墨龙,8.32,-5.8824,8.3,8.47,8.1,8.84,273431285.0,8.84,8.31
2026-06-15T10:00:58,2026-06-15 10:00:57,001268,联合精密,41.2,0.9556,41.12,41.37,40.01,40.81,43210398.0,40.81,38.02
2026-06-15T10:00:58,2026-06-15 10:00:57,002824,和胜股份,31.74,10.0173,29.23,31.74,29.02,28.85,402325653.49,28.85,26.91
2026-06-15T10:00:58,2026-06-15 10:00:57,002240,盛新锂能,50.34,-1.4487,51.1,53.47,50.27,51.08,1761732092.13,49.375,45.425
2026-06-15T10:02:00,2026-06-15 10:01:58,603315,福鞍股份,16.53,1.7231,16.24,16.57,16.2,16.25,61640175.0,16.25,15.54
2026-06-15T10:02:00,2026-06-15 10:01:57,002490,山东墨龙,8.33,-5.7692,8.3,8.47,8.1,8.84,274582146.0,8.84,8.31
2026-06-15T10:02:00,2026-06-15 10:01:57,001268,联合精密,41.44,1.5437,41.12,41.46,40.01,40.81,44181794.0,40.81,38.02
2026-06-15T10:02:00,2026-06-15 10:01:57,002824,和胜股份,31.74,10.0173,29.23,31.74,29.02,28.85,403779345.49,28.85,26.91
2026-06-15T10:02:00,2026-06-15 10:01:57,002240,盛新锂能,50.17,-1.7815,51.1,53.47,50.05,51.08,1824021513.19,49.375,45.425
2026-06-15T10:03:00,2026-06-15 10:02:58,603315,福鞍股份,16.53,1.7231,16.24,16.57,16.2,16.25,62591702.0,16.25,15.54
2026-06-15T10:03:00,2026-06-15 10:02:57,002490,山东墨龙,8.35,-5.543,8.3,8.47,8.1,8.84,276453370.0,8.84,8.31
2026-06-15T10:03:00,2026-06-15 10:02:57,001268,联合精密,41.6,1.9358,41.12,41.6,40.01,40.81,45410594.0,40.81,38.02
2026-06-15T10:03:00,2026-06-15 10:02:57,002824,和胜股份,31.74,10.0173,29.23,31.74,29.02,28.85,403972959.49,28.85,26.91
2026-06-15T10:03:00,2026-06-15 10:02:57,002240,盛新锂能,50.12,-1.8794,51.1,53.47,50.0,51.08,1942879509.07,49.375,45.425
2026-06-15T10:04:01,2026-06-15 10:03:58,603315,福鞍股份,16.48,1.4154,16.24,16.57,16.2,16.25,63294630.0,16.25,15.54
2026-06-15T10:04:01,2026-06-15 10:03:57,002490,山东墨龙,8.36,-5.4299,8.3,8.47,8.1,8.84,278878177.0,8.84,8.31
2026-06-15T10:04:01,2026-06-15 10:03:57,001268,联合精密,41.58,1.8868,41.12,41.63,40.01,40.81,49792912.0,40.81,38.02
2026-06-15T10:04:01,2026-06-15 10:03:57,002824,和胜股份,31.74,10.0173,29.23,31.74,29.02,28.85,405150513.49,28.85,26.91
2026-06-15T10:04:01,2026-06-15 10:03:57,002240,盛新锂能,50.36,-1.4096,51.1,53.47,50.0,51.08,1977684898.51,49.375,45.425
2026-06-15T10:05:01,2026-06-15 10:04:58,603315,福鞍股份,16.46,1.2923,16.24,16.57,16.2,16.25,64213460.0,16.25,15.54
2026-06-15T10:05:01,2026-06-15 10:05:00,002490,山东墨龙,8.37,-5.3167,8.3,8.47,8.1,8.84,281950737.0,8.84,8.31
2026-06-15T10:05:01,2026-06-15 10:05:00,001268,联合精密,41.55,1.8133,41.12,41.63,40.01,40.81,50178776.0,40.81,38.02
2026-06-15T10:05:01,2026-06-15 10:05:00,002824,和胜股份,31.74,10.0173,29.23,31.74,29.02,28.85,405423477.49,28.85,26.91
2026-06-15T10:05:01,2026-06-15 10:05:00,002240,盛新锂能,50.51,-1.1159,51.1,53.47,50.0,51.08,2012996789.51,49.375,45.425
2026-06-15T10:06:01,2026-06-15 10:05:58,603315,福鞍股份,16.43,1.1077,16.24,16.57,16.2,16.25,65456687.0,16.25,15.54
2026-06-15T10:06:01,2026-06-15 10:06:00,002490,山东墨龙,8.36,-5.4299,8.3,8.47,8.1,8.84,285724152.0,8.84,8.31
2026-06-15T10:06:01,2026-06-15 10:06:00,001268,联合精密,41.29,1.1762,41.12,41.63,40.01,40.81,50630204.0,40.81,38.02
2026-06-15T10:06:01,2026-06-15 10:06:00,002824,和胜股份,31.74,10.0173,29.23,31.74,29.02,28.85,405674223.49,28.85,26.91
2026-06-15T10:06:01,2026-06-15 10:06:00,002240,盛新锂能,50.55,-1.0376,51.1,53.47,50.0,51.08,2032821550.51,49.375,45.425
2026-06-15T10:07:01,2026-06-15 10:07:01,603315,福鞍股份,16.43,1.1077,16.24,16.57,16.2,16.25,66672880.0,16.25,15.54
2026-06-15T10:07:01,2026-06-15 10:07:00,002490,山东墨龙,8.34,-5.6561,8.3,8.47,8.1,8.84,288141652.0,8.84,8.31
2026-06-15T10:07:01,2026-06-15 10:07:00,001268,联合精密,41.22,1.0047,41.12,41.63,40.01,40.81,51080341.0,40.81,38.02
2026-06-15T10:07:01,2026-06-15 10:07:00,002824,和胜股份,31.74,10.0173,29.23,31.74,29.02,28.85,406413130.69,28.85,26.91
2026-06-15T10:07:01,2026-06-15 10:07:00,002240,盛新锂能,50.4,-1.3312,51.1,53.47,50.0,51.08,2046093023.51,49.375,45.425
2026-06-15T10:08:02,2026-06-15 10:08:01,603315,福鞍股份,16.36,0.6769,16.24,16.57,16.2,16.25,71669772.0,16.25,15.54
2026-06-15T10:08:02,2026-06-15 10:08:00,002490,山东墨龙,8.34,-5.6561,8.3,8.47,8.1,8.84,289782631.0,8.84,8.31
2026-06-15T10:08:02,2026-06-15 10:08:00,001268,联合精密,41.13,0.7841,41.12,41.63,40.01,40.81,51380817.0,40.81,38.02
2026-06-15T10:08:02,2026-06-15 10:08:00,002824,和胜股份,31.74,10.0173,29.23,31.74,29.02,28.85,406495654.69,28.85,26.91
2026-06-15T10:08:02,2026-06-15 10:08:00,002240,盛新锂能,50.3,-1.527,51.1,53.47,50.0,51.08,2062243930.51,49.375,45.425
2026-06-15T10:09:02,2026-06-15 10:09:01,603315,福鞍股份,16.38,0.8,16.24,16.57,16.2,16.25,72460969.0,16.25,15.54
2026-06-15T10:09:02,2026-06-15 10:09:00,002490,山东墨龙,8.32,-5.8824,8.3,8.47,8.1,8.84,291721008.0,8.84,8.31
2026-06-15T10:09:02,2026-06-15 10:08:57,001268,联合精密,41.0,0.4656,41.12,41.63,40.01,40.81,51972335.0,40.81,38.02
2026-06-15T10:09:02,2026-06-15 10:08:57,002824,和胜股份,31.74,10.0173,29.23,31.74,29.02,28.85,406622614.69,28.85,26.91
2026-06-15T10:09:02,2026-06-15 10:09:00,002240,盛新锂能,50.84,-0.4699,51.1,53.47,50.0,51.08,2085839827.51,49.375,45.425
2026-06-15T10:10:02,2026-06-15 10:10:01,603315,福鞍股份,16.37,0.7385,16.24,16.57,16.2,16.25,73810729.0,16.25,15.54
2026-06-15T10:10:02,2026-06-15 10:10:00,002490,山东墨龙,8.33,-5.7692,8.3,8.47,8.1,8.84,293475097.0,8.84,8.31
2026-06-15T10:10:02,2026-06-15 10:09:57,001268,联合精密,40.85,0.098,41.12,41.63,40.01,40.81,52259087.0,40.81,38.02
2026-06-15T10:10:02,2026-06-15 10:10:00,002824,和胜股份,31.74,10.0173,29.23,31.74,29.02,28.85,406689268.69,28.85,26.91
2026-06-15T10:10:02,2026-06-15 10:10:00,002240,盛新锂能,50.85,-0.4503,51.1,53.47,50.0,51.08,2104582228.51,49.375,45.425
2026-06-15T10:11:04,2026-06-15 10:11:01,603315,福鞍股份,16.33,0.4923,16.24,16.57,16.2,16.25,74997769.0,16.25,15.54
2026-06-15T10:11:04,2026-06-15 10:11:00,002490,山东墨龙,8.33,-5.7692,8.3,8.47,8.1,8.84,294867050.0,8.84,8.31
2026-06-15T10:11:04,2026-06-15 10:11:00,001268,联合精密,40.83,0.049,41.12,41.63,40.01,40.81,52491760.0,40.81,38.02
2026-06-15T10:11:04,2026-06-15 10:11:00,002824,和胜股份,31.74,10.0173,29.23,31.74,29.02,28.85,406962232.69,28.85,26.91
2026-06-15T10:11:04,2026-06-15 10:11:00,002240,盛新锂能,50.47,-1.1942,51.1,53.47,50.0,51.08,2117097622.51,49.375,45.425
2026-06-15T10:12:04,2026-06-15 10:12:01,603315,福鞍股份,16.35,0.6154,16.24,16.57,16.2,16.25,76385499.0,16.25,15.54
2026-06-15T10:12:04,2026-06-15 10:12:00,002490,山东墨龙,8.31,-5.9955,8.3,8.47,8.1,8.84,297690135.0,8.84,8.31
2026-06-15T10:12:04,2026-06-15 10:12:00,001268,联合精密,41.01,0.4901,41.12,41.63,40.01,40.81,53115085.0,40.81,38.02
2026-06-15T10:12:04,2026-06-15 10:12:00,002824,和胜股份,31.74,10.0173,29.23,31.74,29.02,28.85,407349460.69,28.85,26.91
2026-06-15T10:12:04,2026-06-15 10:12:00,002240,盛新锂能,50.46,-1.2138,51.1,53.47,50.0,51.08,2135610161.51,49.375,45.425
2026-06-15T10:13:04,2026-06-15 10:13:01,603315,福鞍股份,16.37,0.7385,16.24,16.57,16.2,16.25,76997669.0,16.25,15.54
2026-06-15T10:13:04,2026-06-15 10:13:03,002490,山东墨龙,8.3,-6.1086,8.3,8.47,8.1,8.84,300756199.0,8.84,8.31
2026-06-15T10:13:04,2026-06-15 10:13:03,001268,联合精密,40.87,0.147,41.12,41.63,40.01,40.81,53311706.0,40.81,38.02
2026-06-15T10:13:04,2026-06-15 10:13:03,002824,和胜股份,31.74,10.0173,29.23,31.74,29.02,28.85,407476420.69,28.85,26.91
2026-06-15T10:13:04,2026-06-15 10:13:03,002240,盛新锂能,50.54,-1.0572,51.1,53.47,50.0,51.08,2154265523.51,49.375,45.425
2026-06-15T10:14:05,2026-06-15 10:14:04,603315,福鞍股份,16.33,0.4923,16.24,16.57,16.2,16.25,77940767.0,16.25,15.54
2026-06-15T10:14:05,2026-06-15 10:14:03,002490,山东墨龙,8.31,-5.9955,8.3,8.47,8.1,8.84,302662671.0,8.84,8.31
2026-06-15T10:14:05,2026-06-15 10:14:03,001268,联合精密,41.01,0.4901,41.12,41.63,40.01,40.81,53389561.0,40.81,38.02
2026-06-15T10:14:05,2026-06-15 10:14:03,002824,和胜股份,31.74,10.0173,29.23,31.74,29.02,28.85,407717009.89,28.85,26.91
2026-06-15T10:14:05,2026-06-15 10:14:03,002240,盛新锂能,50.77,-0.6069,51.1,53.47,50.0,51.08,2170703021.35,49.375,45.425
2026-06-15T10:15:05,2026-06-15 10:15:04,603315,福鞍股份,16.37,0.7385,16.24,16.57,16.2,16.25,78838778.0,16.25,15.54
2026-06-15T10:15:05,2026-06-15 10:15:03,002490,山东墨龙,8.31,-5.9955,8.3,8.47,8.1,8.84,304188885.0,8.84,8.31
2026-06-15T10:15:05,2026-06-15 10:15:03,001268,联合精密,41.02,0.5146,41.12,41.63,40.01,40.81,53725818.0,40.81,38.02
2026-06-15T10:15:05,2026-06-15 10:15:03,002824,和胜股份,31.74,10.0173,29.23,31.74,29.02,28.85,408541615.09,28.85,26.91
2026-06-15T10:15:05,2026-06-15 10:15:03,002240,盛新锂能,50.71,-0.7244,51.1,53.47,50.0,51.08,2184819675.35,49.375,45.425
2026-06-15T10:16:06,2026-06-15 10:16:04,603315,福鞍股份,16.35,0.6154,16.24,16.57,16.2,16.25,79916716.0,16.25,15.54
2026-06-15T10:16:06,2026-06-15 10:16:03,002490,山东墨龙,8.31,-5.9955,8.3,8.47,8.1,8.84,305476949.0,8.84,8.31
2026-06-15T10:16:06,2026-06-15 10:16:03,001268,联合精密,41.0,0.4656,41.12,41.63,40.01,40.81,54127768.0,40.81,38.02
2026-06-15T10:16:06,2026-06-15 10:16:03,002824,和胜股份,31.74,10.0173,29.23,31.74,29.02,28.85,409373203.09,28.85,26.91
2026-06-15T10:16:06,2026-06-15 10:16:03,002240,盛新锂能,50.58,-0.9789,51.1,53.47,50.0,51.08,2200579753.35,49.375,45.425
2026-06-15T10:17:07,2026-06-15 10:17:04,603315,福鞍股份,16.28,0.1846,16.24,16.57,16.2,16.25,82257384.0,16.25,15.54
2026-06-15T10:17:07,2026-06-15 10:17:03,002490,山东墨龙,8.31,-5.9955,8.3,8.47,8.1,8.84,309902495.0,8.84,8.31
2026-06-15T10:17:07,2026-06-15 10:17:06,001268,联合精密,40.87,0.147,41.12,41.63,40.01,40.81,54451134.0,40.81,38.02
2026-06-15T10:17:07,2026-06-15 10:17:03,002824,和胜股份,31.74,10.0173,29.23,31.74,29.02,28.85,415886251.09,28.85,26.91
2026-06-15T10:17:07,2026-06-15 10:17:03,002240,盛新锂能,50.45,-1.2334,51.1,53.47,50.0,51.08,2210503432.67,49.375,45.425
2026-06-15T10:18:07,2026-06-15 10:18:04,603315,福鞍股份,16.29,0.2462,16.24,16.57,16.2,16.25,83485731.0,16.25,15.54
2026-06-15T10:18:07,2026-06-15 10:18:03,002490,山东墨龙,8.31,-5.9955,8.3,8.47,8.1,8.84,311602680.0,8.84,8.31
2026-06-15T10:18:07,2026-06-15 10:18:06,001268,联合精密,41.01,0.4901,41.12,41.63,40.01,40.81,55122129.0,40.81,38.02
2026-06-15T10:18:07,2026-06-15 10:18:00,002824,和胜股份,31.74,10.0173,29.23,31.74,29.02,28.85,416403613.09,28.85,26.91
2026-06-15T10:18:07,2026-06-15 10:18:03,002240,盛新锂能,50.4,-1.3312,51.1,53.47,50.0,51.08,2226259557.67,49.375,45.425
2026-06-15T10:19:07,2026-06-15 10:19:04,603315,福鞍股份,16.28,0.1846,16.24,16.57,16.2,16.25,84301891.0,16.25,15.54
2026-06-15T10:19:07,2026-06-15 10:19:06,002490,山东墨龙,8.28,-6.3348,8.3,8.47,8.1,8.84,317453945.0,8.84,8.31
2026-06-15T10:19:07,2026-06-15 10:19:06,001268,联合精密,40.98,0.4166,41.12,41.63,40.01,40.81,55163134.0,40.81,38.02
2026-06-15T10:19:07,2026-06-15 10:19:06,002824,和胜股份,31.74,10.0173,29.23,31.74,29.02,28.85,416708317.09,28.85,26.91
2026-06-15T10:19:07,2026-06-15 10:19:06,002240,盛新锂能,50.3,-1.527,51.1,53.47,50.0,51.08,2238208005.67,49.375,45.425
2026-06-15T10:20:08,2026-06-15 10:20:07,603315,福鞍股份,16.26,0.0615,16.24,16.57,16.2,16.25,85615859.0,16.25,15.54
2026-06-15T10:20:08,2026-06-15 10:20:06,002490,山东墨龙,8.26,-6.5611,8.3,8.47,8.1,8.84,321004244.0,8.84,8.31
2026-06-15T10:20:08,2026-06-15 10:20:06,001268,联合精密,41.2,0.9556,41.12,41.63,40.01,40.81,55762298.0,40.81,38.02
2026-06-15T10:20:08,2026-06-15 10:20:06,002824,和胜股份,31.74,10.0173,29.23,31.74,29.02,28.85,417046030.69,28.85,26.91
2026-06-15T10:20:08,2026-06-15 10:20:06,002240,盛新锂能,50.17,-1.7815,51.1,53.47,50.0,51.08,2250410718.67,49.375,45.425
2026-06-15T10:21:09,2026-06-15 10:21:07,603315,福鞍股份,16.21,-0.2462,16.24,16.57,16.2,16.25,87682763.0,16.25,15.54
2026-06-15T10:21:09,2026-06-15 10:21:06,002490,山东墨龙,8.24,-6.7873,8.3,8.47,8.1,8.84,326031240.0,8.84,8.31
2026-06-15T10:21:09,2026-06-15 10:21:06,001268,联合精密,41.29,1.1762,41.12,41.63,40.01,40.81,56684615.0,40.81,38.02
2026-06-15T10:21:09,2026-06-15 10:21:06,002824,和胜股份,31.74,10.0173,29.23,31.74,29.02,28.85,417186956.29,28.85,26.91
2026-06-15T10:21:09,2026-06-15 10:21:06,002240,盛新锂能,50.04,-2.036,51.1,53.47,50.0,51.08,2270600885.23,49.375,45.425
2026-06-15T10:22:09,2026-06-15 10:22:07,603315,福鞍股份,16.22,-0.1846,16.24,16.57,16.2,16.25,88571109.0,16.25,15.54
2026-06-15T10:22:09,2026-06-15 10:22:06,002490,山东墨龙,8.23,-6.9005,8.3,8.47,8.1,8.84,328497088.0,8.84,8.31
2026-06-15T10:22:09,2026-06-15 10:22:06,001268,联合精密,41.3,1.2007,41.12,41.63,40.01,40.81,56874560.0,40.81,38.02
2026-06-15T10:22:09,2026-06-15 10:22:03,002824,和胜股份,31.74,10.0173,29.23,31.74,29.02,28.85,417717014.29,28.85,26.91
2026-06-15T10:22:09,2026-06-15 10:22:06,002240,盛新锂能,50.1,-1.9186,51.1,53.47,50.0,51.08,2294562049.23,49.375,45.425
2026-06-15T10:23:09,2026-06-15 10:23:07,603315,福鞍股份,16.24,-0.0615,16.24,16.57,16.2,16.25,89399131.0,16.25,15.54
2026-06-15T10:23:09,2026-06-15 10:23:06,002490,山东墨龙,8.25,-6.6742,8.3,8.47,8.1,8.84,330572316.0,8.84,8.31
2026-06-15T10:23:09,2026-06-15 10:23:09,001268,联合精密,41.38,1.3967,41.12,41.63,40.01,40.81,57370192.0,40.81,38.02
2026-06-15T10:23:09,2026-06-15 10:23:06,002824,和胜股份,31.74,10.0173,29.23,31.74,29.02,28.85,417817979.23,28.85,26.91
2026-06-15T10:23:09,2026-06-15 10:23:06,002240,盛新锂能,50.19,-1.7424,51.1,53.47,50.0,51.08,2309213271.98,49.375,45.425
2026-06-15T10:24:10,2026-06-15 10:24:07,603315,福鞍股份,16.21,-0.2462,16.24,16.57,16.18,16.25,91154825.0,16.25,15.54
2026-06-15T10:24:10,2026-06-15 10:24:06,002490,山东墨龙,8.23,-6.9005,8.3,8.47,8.1,8.84,336734874.0,8.84,8.31
2026-06-15T10:24:10,2026-06-15 10:24:06,001268,联合精密,41.15,0.8331,41.12,41.63,40.01,40.81,57642680.0,40.81,38.02
2026-06-15T10:24:10,2026-06-15 10:23:54,002824,和胜股份,31.74,10.0173,29.23,31.74,29.02,28.85,418189972.03,28.85,26.91
2026-06-15T10:24:10,2026-06-15 10:24:06,002240,盛新锂能,50.05,-2.0164,51.1,53.47,50.0,51.08,2328284437.98,49.375,45.425
2026-06-15T10:25:10,2026-06-15 10:25:07,603315,福鞍股份,16.19,-0.3692,16.24,16.57,16.18,16.25,91760586.0,16.25,15.54
2026-06-15T10:25:10,2026-06-15 10:25:09,002490,山东墨龙,8.24,-6.7873,8.3,8.47,8.1,8.84,338224777.0,8.84,8.31
2026-06-15T10:25:10,2026-06-15 10:25:09,001268,联合精密,41.1,0.7106,41.12,41.63,40.01,40.81,57794799.0,40.81,38.02
2026-06-15T10:25:10,2026-06-15 10:25:09,002824,和胜股份,31.74,10.0173,29.23,31.74,29.02,28.85,418231234.03,28.85,26.91
2026-06-15T10:25:10,2026-06-15 10:25:09,002240,盛新锂能,50.0,-2.1143,51.1,53.47,50.0,51.08,2351201294.98,49.375,45.425
2026-06-15T10:26:10,2026-06-15 10:26:10,603315,福鞍股份,16.17,-0.4923,16.24,16.57,16.17,16.25,93639695.0,16.25,15.54
2026-06-15T10:26:10,2026-06-15 10:26:09,002490,山东墨龙,8.24,-6.7873,8.3,8.47,8.1,8.84,339850719.0,8.84,8.31
2026-06-15T10:26:10,2026-06-15 10:26:09,001268,联合精密,41.02,0.5146,41.12,41.63,40.01,40.81,58045379.0,40.81,38.02
2026-06-15T10:26:10,2026-06-15 10:26:03,002824,和胜股份,31.74,10.0173,29.23,31.74,29.02,28.85,418415326.03,28.85,26.91
2026-06-15T10:26:10,2026-06-15 10:26:09,002240,盛新锂能,50.1,-1.9186,51.1,53.47,50.0,51.08,2367620536.98,49.375,45.425
2026-06-15T10:27:11,2026-06-15 10:27:10,603315,福鞍股份,16.2,-0.3077,16.24,16.57,16.17,16.25,94561272.0,16.25,15.54
2026-06-15T10:27:11,2026-06-15 10:27:09,002490,山东墨龙,8.23,-6.9005,8.3,8.47,8.1,8.84,342373606.0,8.84,8.31
2026-06-15T10:27:11,2026-06-15 10:27:09,001268,联合精密,41.02,0.5146,41.12,41.63,40.01,40.81,58176653.0,40.81,38.02
2026-06-15T10:27:11,2026-06-15 10:27:09,002824,和胜股份,31.74,10.0173,29.23,31.74,29.02,28.85,418513720.03,28.85,26.91
2026-06-15T10:27:11,2026-06-15 10:27:09,002240,盛新锂能,50.19,-1.7424,51.1,53.47,50.0,51.08,2377604979.88,49.375,45.425
2026-06-15T10:28:11,2026-06-15 10:28:10,603315,福鞍股份,16.25,0.0,16.24,16.57,16.17,16.25,95060942.0,16.25,15.54
2026-06-15T10:28:11,2026-06-15 10:28:09,002490,山东墨龙,8.24,-6.7873,8.3,8.47,8.1,8.84,343670592.0,8.84,8.31
2026-06-15T10:28:11,2026-06-15 10:28:09,001268,联合精密,41.19,0.9311,41.12,41.63,40.01,40.81,59966595.0,40.81,38.02
2026-06-15T10:28:11,2026-06-15 10:28:09,002824,和胜股份,31.74,10.0173,29.23,31.74,29.02,28.85,418862860.03,28.85,26.91
2026-06-15T10:28:11,2026-06-15 10:28:09,002240,盛新锂能,50.3,-1.527,51.1,53.47,50.0,51.08,2388367289.88,49.375,45.425
2026-06-15T10:29:11,2026-06-15 10:29:10,603315,福鞍股份,16.23,-0.1231,16.24,16.57,16.17,16.25,95548120.0,16.25,15.54
2026-06-15T10:29:11,2026-06-15 10:29:09,002490,山东墨龙,8.23,-6.9005,8.3,8.47,8.1,8.84,347852065.0,8.84,8.31
2026-06-15T10:29:11,2026-06-15 10:29:09,001268,联合精密,41.03,0.5391,41.12,41.63,40.01,40.81,60168123.0,40.81,38.02
2026-06-15T10:29:11,2026-06-15 10:29:06,002824,和胜股份,31.74,10.0173,29.23,31.74,29.02,28.85,418929514.03,28.85,26.91
2026-06-15T10:29:11,2026-06-15 10:29:09,002240,盛新锂能,50.1,-1.9186,51.1,53.47,50.0,51.08,2407109385.88,49.375,45.425
2026-06-15T10:30:12,2026-06-15 10:30:10,603315,福鞍股份,16.22,-0.1846,16.24,16.57,16.17,16.25,96700942.0,16.25,15.54
2026-06-15T10:30:12,2026-06-15 10:30:09,002490,山东墨龙,8.22,-7.0136,8.3,8.47,8.1,8.84,350259865.0,8.84,8.31
2026-06-15T10:30:12,2026-06-15 10:30:09,001268,联合精密,41.04,0.5636,41.12,41.63,40.01,40.81,60225602.0,40.81,38.02
2026-06-15T10:30:12,2026-06-15 10:30:09,002824,和胜股份,31.74,10.0173,29.23,31.74,29.02,28.85,418945384.03,28.85,26.91
2026-06-15T10:30:12,2026-06-15 10:30:09,002240,盛新锂能,50.02,-2.0752,51.1,53.47,50.0,51.08,2422699417.88,49.375,45.425
2026-06-15T10:31:12,2026-06-15 10:31:10,603315,福鞍股份,16.23,-0.1231,16.24,16.57,16.17,16.25,96890684.0,16.25,15.54
2026-06-15T10:31:12,2026-06-15 10:31:09,002490,山东墨龙,8.21,-7.1267,8.3,8.47,8.1,8.84,353621495.0,8.84,8.31
2026-06-15T10:31:12,2026-06-15 10:31:09,001268,联合精密,41.1,0.7106,41.12,41.63,40.01,40.81,60266672.0,40.81,38.02
2026-06-15T10:31:12,2026-06-15 10:31:09,002824,和胜股份,31.74,10.0173,29.23,31.74,29.02,28.85,419111066.83,28.85,26.91
2026-06-15T10:31:12,2026-06-15 10:31:09,002240,盛新锂能,50.27,-1.5857,51.1,53.47,50.0,51.08,2436592242.94,49.375,45.425
2026-06-15T10:32:12,2026-06-15 10:32:10,603315,福鞍股份,16.26,0.0615,16.24,16.57,16.17,16.25,97392776.0,16.25,15.54
2026-06-15T10:32:12,2026-06-15 10:32:09,002490,山东墨龙,8.21,-7.1267,8.3,8.47,8.1,8.84,357941842.0,8.84,8.31
2026-06-15T10:32:12,2026-06-15 10:32:12,001268,联合精密,41.06,0.6126,41.12,41.63,40.01,40.81,60315949.0,40.81,38.02
2026-06-15T10:32:12,2026-06-15 10:32:09,002824,和胜股份,31.74,10.0173,29.23,31.74,29.02,28.85,419130110.83,28.85,26.91
2026-06-15T10:32:12,2026-06-15 10:32:12,002240,盛新锂能,50.46,-1.2138,51.1,53.47,50.0,51.08,2443531813.94,49.375,45.425
2026-06-15T10:33:13,2026-06-15 10:33:10,603315,福鞍股份,16.31,0.3692,16.24,16.57,16.17,16.25,98662428.0,16.25,15.54
2026-06-15T10:33:13,2026-06-15 10:33:09,002490,山东墨龙,8.23,-6.9005,8.3,8.47,8.1,8.84,361204265.0,8.84,8.31
2026-06-15T10:33:13,2026-06-15 10:33:12,001268,联合精密,41.02,0.5146,41.12,41.63,40.01,40.81,60422623.0,40.81,38.02
2026-06-15T10:33:13,2026-06-15 10:33:03,002824,和胜股份,31.74,10.0173,29.23,31.74,29.02,28.85,419196764.83,28.85,26.91
2026-06-15T10:33:13,2026-06-15 10:33:12,002240,盛新锂能,50.57,-0.9984,51.1,53.47,50.0,51.08,2452940791.94,49.375,45.425
2026-06-15T10:34:13,2026-06-15 10:34:10,603315,福鞍股份,16.27,0.1231,16.24,16.57,16.17,16.25,101170411.0,16.25,15.54
2026-06-15T10:34:13,2026-06-15 10:34:12,002490,山东墨龙,8.25,-6.6742,8.3,8.47,8.1,8.84,362558561.0,8.84,8.31
2026-06-15T10:34:13,2026-06-15 10:34:12,001268,联合精密,40.98,0.4166,41.12,41.63,40.01,40.81,60808096.0,40.81,38.02
2026-06-15T10:34:13,2026-06-15 10:34:12,002824,和胜股份,31.74,10.0173,29.23,31.74,29.02,28.85,419504642.83,28.85,26.91
2026-06-15T10:34:13,2026-06-15 10:34:12,002240,盛新锂能,50.36,-1.4096,51.1,53.47,50.0,51.08,2466403593.94,49.375,45.425
2026-06-15T10:35:14,2026-06-15 10:35:10,603315,福鞍股份,16.28,0.1846,16.24,16.57,16.17,16.25,101882837.0,16.25,15.54
2026-06-15T10:35:14,2026-06-15 10:35:12,002490,山东墨龙,8.24,-6.7873,8.3,8.47,8.1,8.84,364574484.0,8.84,8.31
2026-06-15T10:35:14,2026-06-15 10:35:12,001268,联合精密,41.0,0.4656,41.12,41.63,40.01,40.81,60996521.0,40.81,38.02
2026-06-15T10:35:14,2026-06-15 10:35:12,002824,和胜股份,31.74,10.0173,29.23,31.74,29.02,28.85,419510990.83,28.85,26.91
2026-06-15T10:35:14,2026-06-15 10:35:12,002240,盛新锂能,50.38,-1.3704,51.1,53.47,50.0,51.08,2475131894.94,49.375,45.425
2026-06-15T10:36:15,2026-06-15 10:36:13,603315,福鞍股份,16.26,0.0615,16.24,16.57,16.17,16.25,102967012.0,16.25,15.54
2026-06-15T10:36:15,2026-06-15 10:36:12,002490,山东墨龙,8.23,-6.9005,8.3,8.47,8.1,8.84,366217281.0,8.84,8.31
2026-06-15T10:36:15,2026-06-15 10:36:12,001268,联合精密,41.02,0.5146,41.12,41.63,40.01,40.81,61226337.0,40.81,38.02
2026-06-15T10:36:15,2026-06-15 10:36:09,002824,和胜股份,31.74,10.0173,29.23,31.74,29.02,28.85,419615098.03,28.85,26.91
2026-06-15T10:36:15,2026-06-15 10:36:12,002240,盛新锂能,50.52,-1.0963,51.1,53.47,50.0,51.08,2480386621.94,49.375,45.425
2026-06-15T10:37:15,2026-06-15 10:37:13,603315,福鞍股份,16.24,-0.0615,16.24,16.57,16.17,16.25,103494778.0,16.25,15.54
2026-06-15T10:37:15,2026-06-15 10:37:12,002490,山东墨龙,8.23,-6.9005,8.3,8.47,8.1,8.84,367610878.0,8.84,8.31
2026-06-15T10:37:15,2026-06-15 10:37:09,001268,联合精密,41.05,0.5881,41.12,41.63,40.01,40.81,61710437.0,40.81,38.02
2026-06-15T10:37:15,2026-06-15 10:37:06,002824,和胜股份,31.74,10.0173,29.23,31.74,29.02,28.85,419624620.03,28.85,26.91
2026-06-15T10:37:15,2026-06-15 10:37:12,002240,盛新锂能,50.43,-1.2725,51.1,53.47,50.0,51.08,2485092441.94,49.375,45.425
2026-06-15T10:38:16,2026-06-15 10:38:13,603315,福鞍股份,16.22,-0.1846,16.24,16.57,16.17,16.25,103769101.0,16.25,15.54
2026-06-15T10:38:16,2026-06-15 10:38:12,002490,山东墨龙,8.2,-7.2398,8.3,8.47,8.1,8.84,371288069.0,8.84,8.31
2026-06-15T10:38:16,2026-06-15 10:38:12,001268,联合精密,41.03,0.5391,41.12,41.63,40.01,40.81,61763764.0,40.81,38.02
2026-06-15T10:38:16,2026-06-15 10:38:09,002824,和胜股份,31.74,10.0173,29.23,31.74,29.02,28.85,419653186.03,28.85,26.91
2026-06-15T10:38:16,2026-06-15 10:38:15,002240,盛新锂能,50.2,-1.7228,51.1,53.47,50.0,51.08,2491212734.94,49.375,45.425
2026-06-15T10:39:16,2026-06-15 10:39:13,603315,福鞍股份,16.23,-0.1231,16.24,16.57,16.17,16.25,104482910.0,16.25,15.54
2026-06-15T10:39:16,2026-06-15 10:39:12,002490,山东墨龙,8.21,-7.1267,8.3,8.47,8.1,8.84,373329023.0,8.84,8.31
2026-06-15T10:39:16,2026-06-15 10:39:15,001268,联合精密,41.11,0.7351,41.12,41.63,40.01,40.81,61977480.0,40.81,38.02
2026-06-15T10:39:16,2026-06-15 10:39:12,002824,和胜股份,31.74,10.0173,29.23,31.74,29.02,28.85,419700796.03,28.85,26.91
2026-06-15T10:39:16,2026-06-15 10:39:12,002240,盛新锂能,50.15,-1.8207,51.1,53.47,50.0,51.08,2499556921.94,49.375,45.425
2026-06-15T10:40:16,2026-06-15 10:40:13,603315,福鞍股份,16.25,0.0,16.24,16.57,16.17,16.25,104633986.0,16.25,15.54
2026-06-15T10:40:16,2026-06-15 10:40:15,002490,山东墨龙,8.2,-7.2398,8.3,8.47,8.1,8.84,376159278.0,8.84,8.31
2026-06-15T10:40:16,2026-06-15 10:40:15,001268,联合精密,41.03,0.5391,41.12,41.63,40.01,40.81,62063798.0,40.81,38.02
2026-06-15T10:40:16,2026-06-15 10:40:15,002824,和胜股份,31.74,10.0173,29.23,31.74,29.02,28.85,419824582.03,28.85,26.91
2026-06-15T10:40:16,2026-06-15 10:40:15,002240,盛新锂能,50.14,-1.8403,51.1,53.47,50.0,51.08,2513239615.94,49.375,45.425
2026-06-15T10:41:16,2026-06-15 10:41:13,603315,福鞍股份,16.24,-0.0615,16.24,16.57,16.17,16.25,105339060.0,16.25,15.54
2026-06-15T10:41:16,2026-06-15 10:41:15,002490,山东墨龙,8.21,-7.1267,8.3,8.47,8.1,8.84,379410307.0,8.84,8.31
2026-06-15T10:41:16,2026-06-15 10:41:12,001268,联合精密,41.08,0.6616,41.12,41.63,40.01,40.81,62174657.0,40.81,38.02
2026-06-15T10:41:16,2026-06-15 10:41:15,002824,和胜股份,31.74,10.0173,29.23,31.74,29.02,28.85,419986456.03,28.85,26.91
2026-06-15T10:41:16,2026-06-15 10:41:15,002240,盛新锂能,50.07,-1.9773,51.1,53.47,50.0,51.08,2524691770.88,49.375,45.425
2026-06-15T10:42:17,2026-06-15 10:42:16,603315,福鞍股份,16.2,-0.3077,16.24,16.57,16.17,16.25,105786634.0,16.25,15.54
2026-06-15T10:42:17,2026-06-15 10:42:15,002490,山东墨龙,8.21,-7.1267,8.3,8.47,8.1,8.84,381072382.0,8.84,8.31
2026-06-15T10:42:17,2026-06-15 10:42:12,001268,联合精密,41.08,0.6616,41.12,41.63,40.01,40.81,62236268.0,40.81,38.02
2026-06-15T10:42:17,2026-06-15 10:42:15,002824,和胜股份,31.74,10.0173,29.23,31.74,29.02,28.85,420072154.03,28.85,26.91
2026-06-15T10:42:17,2026-06-15 10:42:15,002240,盛新锂能,50.06,-1.9969,51.1,53.47,50.0,51.08,2533753768.88,49.375,45.425
2026-06-15T10:43:17,2026-06-15 10:43:16,603315,福鞍股份,16.2,-0.3077,16.24,16.57,16.17,16.25,106329316.0,16.25,15.54
2026-06-15T10:43:17,2026-06-15 10:43:15,002490,山东墨龙,8.16,-7.6923,8.3,8.47,8.1,8.84,390144689.0,8.84,8.31
2026-06-15T10:43:17,2026-06-15 10:43:15,001268,联合精密,41.07,0.6371,41.12,41.63,40.01,40.81,62285577.0,40.81,38.02
2026-06-15T10:43:17,2026-06-15 10:43:12,002824,和胜股份,31.74,10.0173,29.23,31.74,29.02,28.85,420116590.03,28.85,26.91
2026-06-15T10:43:17,2026-06-15 10:43:15,002240,盛新锂能,50.09,-1.9381,51.1,53.47,50.0,51.08,2546268484.88,49.375,45.425
2026-06-15T10:44:17,2026-06-15 10:44:16,603315,福鞍股份,16.19,-0.3692,16.24,16.57,16.17,16.25,107041657.0,16.25,15.54
2026-06-15T10:44:17,2026-06-15 10:44:15,002490,山东墨龙,8.16,-7.6923,8.3,8.47,8.1,8.84,393998275.0,8.84,8.31
2026-06-15T10:44:17,2026-06-15 10:44:15,001268,联合精密,41.04,0.5636,41.12,41.63,40.01,40.81,62622267.0,40.81,38.02
2026-06-15T10:44:17,2026-06-15 10:44:15,002824,和胜股份,31.74,10.0173,29.23,31.74,29.02,28.85,420129286.03,28.85,26.91
2026-06-15T10:44:17,2026-06-15 10:44:15,002240,盛新锂能,50.06,-1.9969,51.1,53.47,50.0,51.08,2555162127.88,49.375,45.425
2026-06-15T10:45:18,2026-06-15 10:45:16,603315,福鞍股份,16.2,-0.3077,16.24,16.57,16.17,16.25,107928461.0,16.25,15.54
2026-06-15T10:45:18,2026-06-15 10:45:15,002490,山东墨龙,8.16,-7.6923,8.3,8.47,8.1,8.84,396349494.0,8.84,8.31
2026-06-15T10:45:18,2026-06-15 10:45:15,001268,联合精密,40.98,0.4166,41.12,41.63,40.01,40.81,62663265.0,40.81,38.02
2026-06-15T10:45:18,2026-06-15 10:45:15,002824,和胜股份,31.74,10.0173,29.23,31.74,29.02,28.85,420506992.03,28.85,26.91
2026-06-15T10:45:18,2026-06-15 10:45:15,002240,盛新锂能,50.02,-2.0752,51.1,53.47,50.0,51.08,2564658432.88,49.375,45.425
2026-06-15T10:46:18,2026-06-15 10:46:16,603315,福鞍股份,16.16,-0.5538,16.24,16.57,16.15,16.25,110837428.0,16.25,15.54
2026-06-15T10:46:18,2026-06-15 10:46:15,002490,山东墨龙,8.18,-7.4661,8.3,8.47,8.1,8.84,398582365.0,8.84,8.31
2026-06-15T10:46:18,2026-06-15 10:46:15,001268,联合精密,41.13,0.7841,41.12,41.63,40.01,40.81,62852253.0,40.81,38.02
2026-06-15T10:46:18,2026-06-15 10:46:12,002824,和胜股份,31.74,10.0173,29.23,31.74,29.02,28.85,420687910.03,28.85,26.91
2026-06-15T10:46:18,2026-06-15 10:46:15,002240,盛新锂能,50.09,-1.9381,51.1,53.47,50.0,51.08,2575646226.88,49.375,45.425
2026-06-15T10:47:18,2026-06-15 10:47:16,603315,福鞍股份,16.16,-0.5538,16.24,16.57,16.15,16.25,111598717.0,16.25,15.54
2026-06-15T10:47:18,2026-06-15 10:47:15,002490,山东墨龙,8.18,-7.4661,8.3,8.47,8.1,8.84,400169598.0,8.84,8.31
2026-06-15T10:47:18,2026-06-15 10:47:18,001268,联合精密,41.19,0.9311,41.12,41.63,40.01,40.81,63000362.0,40.81,38.02
2026-06-15T10:47:18,2026-06-15 10:47:12,002824,和胜股份,31.74,10.0173,29.23,31.74,29.02,28.85,420719650.03,28.85,26.91
2026-06-15T10:47:18,2026-06-15 10:47:15,002240,盛新锂能,50.1,-1.9186,51.1,53.47,50.0,51.08,2590709054.88,49.375,45.425
2026-06-15T10:48:19,2026-06-15 10:48:16,603315,福鞍股份,16.15,-0.6154,16.24,16.57,16.15,16.25,112015593.0,16.25,15.54
2026-06-15T10:48:19,2026-06-15 10:48:15,002490,山东墨龙,8.18,-7.4661,8.3,8.47,8.1,8.84,401520041.0,8.84,8.31
2026-06-15T10:48:19,2026-06-15 10:48:15,001268,联合精密,41.21,0.9802,41.12,41.63,40.01,40.81,63058052.0,40.81,38.02
2026-06-15T10:48:19,2026-06-15 10:48:15,002824,和胜股份,31.74,10.0173,29.23,31.74,29.02,28.85,420776782.03,28.85,26.91
2026-06-15T10:48:19,2026-06-15 10:48:18,002240,盛新锂能,50.09,-1.9381,51.1,53.47,50.0,51.08,2597048725.88,49.375,45.425
2026-06-15T10:49:19,2026-06-15 10:49:16,603315,福鞍股份,16.14,-0.6769,16.24,16.57,16.11,16.25,113424290.0,16.25,15.54
2026-06-15T10:49:19,2026-06-15 10:49:15,002490,山东墨龙,8.17,-7.5792,8.3,8.47,8.1,8.84,403709242.0,8.84,8.31
2026-06-15T10:49:19,2026-06-15 10:49:15,001268,联合精密,41.08,0.6616,41.12,41.63,40.01,40.81,63189775.0,40.81,38.02
2026-06-15T10:49:19,2026-06-15 10:49:15,002824,和胜股份,31.74,10.0173,29.23,31.74,29.02,28.85,420840262.03,28.85,26.91
2026-06-15T10:49:19,2026-06-15 10:49:18,002240,盛新锂能,50.07,-1.9773,51.1,53.47,50.0,51.08,2602332140.88,49.375,45.425
2026-06-15T10:50:19,2026-06-15 10:50:19,603315,福鞍股份,16.17,-0.4923,16.24,16.57,16.11,16.25,116546911.0,16.25,15.54
2026-06-15T10:50:19,2026-06-15 10:50:18,002490,山东墨龙,8.18,-7.4661,8.3,8.47,8.1,8.84,404918367.0,8.84,8.31
2026-06-15T10:50:19,2026-06-15 10:50:18,001268,联合精密,41.12,0.7596,41.12,41.63,40.01,40.81,63341898.0,40.81,38.02
2026-06-15T10:50:19,2026-06-15 10:50:12,002824,和胜股份,31.74,10.0173,29.23,31.74,29.02,28.85,420856132.03,28.85,26.91
2026-06-15T10:50:19,2026-06-15 10:50:18,002240,盛新锂能,50.0,-2.1143,51.1,53.47,50.0,51.08,2627086023.88,49.375,45.425
2026-06-15T10:51:20,2026-06-15 10:51:16,603315,福鞍股份,16.22,-0.1846,16.24,16.57,16.11,16.25,117366773.0,16.25,15.54
2026-06-15T10:51:20,2026-06-15 10:51:18,002490,山东墨龙,8.18,-7.4661,8.3,8.47,8.1,8.84,406515757.0,8.84,8.31
2026-06-15T10:51:20,2026-06-15 10:51:15,001268,联合精密,41.03,0.5391,41.12,41.63,40.01,40.81,63424019.0,40.81,38.02
2026-06-15T10:51:20,2026-06-15 10:51:18,002824,和胜股份,31.74,10.0173,29.23,31.74,29.02,28.85,420894220.03,28.85,26.91
2026-06-15T10:51:20,2026-06-15 10:51:18,002240,盛新锂能,49.68,-2.7408,51.1,53.47,49.65,51.08,2679496324.68,49.375,45.425
2026-06-15T10:52:20,2026-06-15 10:52:19,603315,福鞍股份,16.24,-0.0615,16.24,16.57,16.11,16.25,118087682.0,16.25,15.54
2026-06-15T10:52:20,2026-06-15 10:52:18,002490,山东墨龙,8.17,-7.5792,8.3,8.47,8.1,8.84,408335404.0,8.84,8.31
2026-06-15T10:52:20,2026-06-15 10:52:15,001268,联合精密,41.17,0.8821,41.12,41.63,40.01,40.81,63938184.0,40.81,38.02
2026-06-15T10:52:20,2026-06-15 10:52:12,002824,和胜股份,31.74,10.0173,29.23,31.74,29.02,28.85,420935482.03,28.85,26.91
2026-06-15T10:52:20,2026-06-15 10:52:18,002240,盛新锂能,49.75,-2.6038,51.1,53.47,49.62,51.08,2708575706.66,49.375,45.425
2026-06-15T10:53:21,2026-06-15 10:53:19,603315,福鞍股份,16.24,-0.0615,16.24,16.57,16.11,16.25,118510113.0,16.25,15.54
2026-06-15T10:53:21,2026-06-15 10:53:18,002490,山东墨龙,8.17,-7.5792,8.3,8.47,8.1,8.84,412944320.0,8.84,8.31
2026-06-15T10:53:21,2026-06-15 10:53:18,001268,联合精密,41.25,1.0782,41.12,41.63,40.01,40.81,64090638.0,40.81,38.02
2026-06-15T10:53:21,2026-06-15 10:53:18,002824,和胜股份,31.74,10.0173,29.23,31.74,29.02,28.85,421113226.03,28.85,26.91
2026-06-15T10:53:21,2026-06-15 10:53:18,002240,盛新锂能,49.95,-2.2122,51.1,53.47,49.62,51.08,2717805656.66,49.375,45.425
2026-06-15T10:54:21,2026-06-15 10:54:19,603315,福鞍股份,16.2,-0.3077,16.24,16.57,16.11,16.25,118870638.0,16.25,15.54
2026-06-15T10:54:21,2026-06-15 10:54:18,002490,山东墨龙,8.15,-7.8054,8.3,8.47,8.1,8.84,414778542.0,8.84,8.31
2026-06-15T10:54:21,2026-06-15 10:54:15,001268,联合精密,41.2,0.9556,41.12,41.63,40.01,40.81,64272049.0,40.81,38.02
2026-06-15T10:54:21,2026-06-15 10:54:15,002824,和胜股份,31.74,10.0173,29.23,31.74,29.02,28.85,421173532.03,28.85,26.91
2026-06-15T10:54:21,2026-06-15 10:54:18,002240,盛新锂能,49.96,-2.1926,51.1,53.47,49.62,51.08,2725542694.66,49.375,45.425
2026-06-15T10:55:21,2026-06-15 10:55:19,603315,福鞍股份,16.18,-0.4308,16.24,16.57,16.11,16.25,118972636.0,16.25,15.54
2026-06-15T10:55:21,2026-06-15 10:55:18,002490,山东墨龙,8.15,-7.8054,8.3,8.47,8.1,8.84,416253549.0,8.84,8.31
2026-06-15T10:55:21,2026-06-15 10:55:12,001268,联合精密,41.15,0.8331,41.12,41.63,40.01,40.81,64358481.0,40.81,38.02
2026-06-15T10:55:21,2026-06-15 10:55:18,002824,和胜股份,31.74,10.0173,29.23,31.74,29.02,28.85,421249708.03,28.85,26.91
2026-06-15T10:55:21,2026-06-15 10:55:18,002240,盛新锂能,49.77,-2.5646,51.1,53.47,49.62,51.08,2734357537.66,49.375,45.425
2026-06-15T10:56:21,2026-06-15 10:56:19,603315,福鞍股份,16.19,-0.3692,16.24,16.57,16.11,16.25,119087582.0,16.25,15.54
2026-06-15T10:56:21,2026-06-15 10:56:18,002490,山东墨龙,8.16,-7.6923,8.3,8.47,8.1,8.84,417905578.0,8.84,8.31
2026-06-15T10:56:21,2026-06-15 10:56:18,001268,联合精密,41.18,0.9066,41.12,41.63,40.01,40.81,64481673.0,40.81,38.02
2026-06-15T10:56:21,2026-06-15 10:56:18,002824,和胜股份,31.74,10.0173,29.23,31.74,29.02,28.85,421354450.03,28.85,26.91
2026-06-15T10:56:21,2026-06-15 10:56:21,002240,盛新锂能,49.65,-2.7995,51.1,53.47,49.62,51.08,2751906511.66,49.375,45.425
2026-06-15T10:57:22,2026-06-15 10:57:19,603315,福鞍股份,16.17,-0.4923,16.24,16.57,16.11,16.25,119958277.0,16.25,15.54
2026-06-15T10:57:22,2026-06-15 10:57:18,002490,山东墨龙,8.16,-7.6923,8.3,8.47,8.1,8.84,419793717.0,8.84,8.31
2026-06-15T10:57:22,2026-06-15 10:57:21,001268,联合精密,41.15,0.8331,41.12,41.63,40.01,40.81,64506371.0,40.81,38.02
2026-06-15T10:57:22,2026-06-15 10:57:12,002824,和胜股份,31.74,10.0173,29.23,31.74,29.02,28.85,421392538.03,28.85,26.91
2026-06-15T10:57:22,2026-06-15 10:57:21,002240,盛新锂能,49.67,-2.7604,51.1,53.47,49.61,51.08,2774826701.72,49.375,45.425
2026-06-15T10:58:22,2026-06-15 10:58:19,603315,福鞍股份,16.17,-0.4923,16.24,16.57,16.11,16.25,120252566.0,16.25,15.54
2026-06-15T10:58:22,2026-06-15 10:58:21,002490,山东墨龙,8.16,-7.6923,8.3,8.47,8.1,8.84,420950365.0,8.84,8.31
2026-06-15T10:58:22,2026-06-15 10:58:21,001268,联合精密,41.1,0.7106,41.12,41.63,40.01,40.81,64995701.0,40.81,38.02
2026-06-15T10:58:22,2026-06-15 10:58:12,002824,和胜股份,31.74,10.0173,29.23,31.74,29.02,28.85,421405234.03,28.85,26.91
2026-06-15T10:58:22,2026-06-15 10:58:21,002240,盛新锂能,49.83,-2.4471,51.1,53.47,49.61,51.08,2784081313.72,49.375,45.425
2026-06-15T10:59:23,2026-06-15 10:59:22,603315,福鞍股份,16.18,-0.4308,16.24,16.57,16.11,16.25,120627888.0,16.25,15.54
2026-06-15T10:59:23,2026-06-15 10:59:21,002490,山东墨龙,8.17,-7.5792,8.3,8.47,8.1,8.84,421495068.0,8.84,8.31
2026-06-15T10:59:23,2026-06-15 10:59:18,001268,联合精密,41.07,0.6371,41.12,41.63,40.01,40.81,65032676.0,40.81,38.02
2026-06-15T10:59:23,2026-06-15 10:59:15,002824,和胜股份,31.74,10.0173,29.23,31.74,29.02,28.85,421424278.03,28.85,26.91
2026-06-15T10:59:23,2026-06-15 10:59:21,002240,盛新锂能,49.86,-2.3884,51.1,53.47,49.61,51.08,2793402769.72,49.375,45.425
2026-06-15T11:00:23,2026-06-15 11:00:19,603315,福鞍股份,16.24,-0.0615,16.24,16.57,16.11,16.25,121457886.0,16.25,15.54
2026-06-15T11:00:23,2026-06-15 11:00:21,002490,山东墨龙,8.15,-7.8054,8.3,8.47,8.1,8.84,423534142.0,8.84,8.31
2026-06-15T11:00:23,2026-06-15 11:00:21,001268,联合精密,41.03,0.5391,41.12,41.63,40.01,40.81,65122980.0,40.81,38.02
2026-06-15T11:00:23,2026-06-15 11:00:12,002824,和胜股份,31.74,10.0173,29.23,31.74,29.02,28.85,421456018.03,28.85,26.91
2026-06-15T11:00:23,2026-06-15 11:00:21,002240,盛新锂能,49.88,-2.3493,51.1,53.47,49.61,51.08,2801754179.86,49.375,45.425
2026-06-15T11:01:23,2026-06-15 11:01:22,603315,福鞍股份,16.24,-0.0615,16.24,16.57,16.11,16.25,122189546.0,16.25,15.54
2026-06-15T11:01:23,2026-06-15 11:01:21,002490,山东墨龙,8.16,-7.6923,8.3,8.47,8.1,8.84,424340078.0,8.84,8.31
2026-06-15T11:01:23,2026-06-15 11:01:21,001268,联合精密,41.06,0.6126,41.12,41.63,40.01,40.81,65176311.0,40.81,38.02
2026-06-15T11:01:23,2026-06-15 11:01:18,002824,和胜股份,31.74,10.0173,29.23,31.74,29.02,28.85,421459192.03,28.85,26.91
2026-06-15T11:01:23,2026-06-15 11:01:21,002240,盛新锂能,49.89,-2.3297,51.1,53.47,49.61,51.08,2808278922.86,49.375,45.425
2026-06-15T11:02:23,2026-06-15 11:02:22,603315,福鞍股份,16.26,0.0615,16.24,16.57,16.11,16.25,123815252.0,16.25,15.54
2026-06-15T11:02:23,2026-06-15 11:02:21,002490,山东墨龙,8.17,-7.5792,8.3,8.47,8.1,8.84,425492472.0,8.84,8.31
2026-06-15T11:02:23,2026-06-15 11:02:12,001268,联合精密,41.07,0.6371,41.12,41.63,40.01,40.81,65278957.0,40.81,38.02
2026-06-15T11:02:23,2026-06-15 11:02:21,002824,和胜股份,31.74,10.0173,29.23,31.74,29.02,28.85,422506612.03,28.85,26.91
2026-06-15T11:02:23,2026-06-15 11:02:21,002240,盛新锂能,49.77,-2.5646,51.1,53.47,49.61,51.08,2815064969.09,49.375,45.425
2026-06-15T11:03:24,2026-06-15 11:03:22,603315,福鞍股份,16.24,-0.0615,16.24,16.57,16.11,16.25,124847358.0,16.25,15.54
2026-06-15T11:03:24,2026-06-15 11:03:21,002490,山东墨龙,8.16,-7.6923,8.3,8.47,8.1,8.84,426943492.0,8.84,8.31
2026-06-15T11:03:24,2026-06-15 11:03:21,001268,联合精密,41.0,0.4656,41.12,41.63,40.01,40.81,65492119.0,40.81,38.02
2026-06-15T11:03:24,2026-06-15 11:03:18,002824,和胜股份,31.74,10.0173,29.23,31.74,29.02,28.85,422865274.03,28.85,26.91
2026-06-15T11:03:24,2026-06-15 11:03:21,002240,盛新锂能,49.65,-2.7995,51.1,53.47,49.61,51.08,2823853579.09,49.375,45.425
2026-06-15T11:04:24,2026-06-15 11:04:22,603315,福鞍股份,16.22,-0.1846,16.24,16.57,16.11,16.25,124926896.0,16.25,15.54
2026-06-15T11:04:24,2026-06-15 11:04:21,002490,山东墨龙,8.16,-7.6923,8.3,8.47,8.1,8.84,427670090.0,8.84,8.31
2026-06-15T11:04:24,2026-06-15 11:04:21,001268,联合精密,41.05,0.5881,41.12,41.63,40.01,40.81,65565910.0,40.81,38.02
2026-06-15T11:04:24,2026-06-15 11:04:18,002824,和胜股份,31.74,10.0173,29.23,31.74,29.02,28.85,423696862.03,28.85,26.91
2026-06-15T11:04:24,2026-06-15 11:04:21,002240,盛新锂能,49.61,-2.8778,51.1,53.47,49.6,51.08,2834895298.77,49.375,45.425
2026-06-15T11:05:24,2026-06-15 11:05:22,603315,福鞍股份,16.3,0.3077,16.24,16.57,16.11,16.25,125649743.0,16.25,15.54
2026-06-15T11:05:24,2026-06-15 11:05:21,002490,山东墨龙,8.17,-7.5792,8.3,8.47,8.1,8.84,428502036.0,8.84,8.31
2026-06-15T11:05:24,2026-06-15 11:05:09,001268,联合精密,41.04,0.5636,41.12,41.63,40.01,40.81,65586430.0,40.81,38.02
2026-06-15T11:05:24,2026-06-15 11:05:21,002824,和胜股份,31.74,10.0173,29.23,31.74,29.02,28.85,423858101.23,28.85,26.91
2026-06-15T11:05:24,2026-06-15 11:05:24,002240,盛新锂能,49.58,-2.9366,51.1,53.47,49.56,51.08,2854842772.77,49.375,45.425
2026-06-15T11:06:25,2026-06-15 11:06:22,603315,福鞍股份,16.4,0.9231,16.24,16.57,16.11,16.25,126844025.0,16.25,15.54
2026-06-15T11:06:25,2026-06-15 11:06:21,002490,山东墨龙,8.16,-7.6923,8.3,8.47,8.1,8.84,430102501.0,8.84,8.31
2026-06-15T11:06:25,2026-06-15 11:06:24,001268,联合精密,41.08,0.6616,41.12,41.63,40.01,40.81,65697264.0,40.81,38.02
2026-06-15T11:06:25,2026-06-15 11:06:21,002824,和胜股份,31.74,10.0173,29.23,31.74,29.02,28.85,423931103.23,28.85,26.91
2026-06-15T11:06:25,2026-06-15 11:06:24,002240,盛新锂能,49.53,-3.0345,51.1,53.47,49.51,51.08,2873359467.77,49.375,45.425
2026-06-15T11:07:25,2026-06-15 11:07:22,603315,福鞍股份,16.36,0.6769,16.24,16.57,16.11,16.25,127211002.0,16.25,15.54
2026-06-15T11:07:25,2026-06-15 11:07:21,002490,山东墨龙,8.18,-7.4661,8.3,8.47,8.1,8.84,431382551.0,8.84,8.31
2026-06-15T11:07:25,2026-06-15 11:07:24,001268,联合精密,41.12,0.7596,41.12,41.63,40.01,40.81,65878122.0,40.81,38.02
2026-06-15T11:07:25,2026-06-15 11:07:18,002824,和胜股份,31.74,10.0173,29.23,31.74,29.02,28.85,423946973.23,28.85,26.91
2026-06-15T11:07:25,2026-06-15 11:07:24,002240,盛新锂能,49.51,-3.0736,51.1,53.47,49.5,51.08,2898475884.77,49.375,45.425
2026-06-15T11:08:26,2026-06-15 11:08:25,603315,福鞍股份,16.35,0.6154,16.24,16.57,16.11,16.25,127662672.0,16.25,15.54
2026-06-15T11:08:26,2026-06-15 11:08:24,002490,山东墨龙,8.19,-7.3529,8.3,8.47,8.1,8.84,432706125.0,8.84,8.31
2026-06-15T11:08:26,2026-06-15 11:08:24,001268,联合精密,41.13,0.7841,41.12,41.63,40.01,40.81,65915137.0,40.81,38.02
2026-06-15T11:08:26,2026-06-15 11:08:24,002824,和胜股份,31.74,10.0173,29.23,31.74,29.02,28.85,424058063.23,28.85,26.91
2026-06-15T11:08:26,2026-06-15 11:08:24,002240,盛新锂能,49.43,-3.2302,51.1,53.47,49.4,51.08,2929817502.81,49.375,45.425
2026-06-15T11:09:26,2026-06-15 11:09:25,603315,福鞍股份,16.37,0.7385,16.24,16.57,16.11,16.25,128550804.0,16.25,15.54
2026-06-15T11:09:26,2026-06-15 11:09:24,002490,山东墨龙,8.17,-7.5792,8.3,8.47,8.1,8.84,434820163.0,8.84,8.31
2026-06-15T11:09:26,2026-06-15 11:09:09,001268,联合精密,41.16,0.8576,41.12,41.63,40.01,40.81,65948050.0,40.81,38.02
2026-06-15T11:09:26,2026-06-15 11:09:24,002824,和胜股份,31.74,10.0173,29.23,31.74,29.02,28.85,424089803.23,28.85,26.91
2026-06-15T11:09:26,2026-06-15 11:09:24,002240,盛新锂能,49.46,-3.1715,51.1,53.47,49.35,51.08,2959487223.81,49.375,45.425
2026-06-15T11:10:26,2026-06-15 11:10:25,603315,福鞍股份,16.4,0.9231,16.24,16.57,16.11,16.25,129164670.0,16.25,15.54
2026-06-15T11:10:26,2026-06-15 11:10:24,002490,山东墨龙,8.17,-7.5792,8.3,8.47,8.1,8.84,436532719.0,8.84,8.31
2026-06-15T11:10:26,2026-06-15 11:10:24,001268,联合精密,41.12,0.7596,41.12,41.63,40.01,40.81,66285179.0,40.81,38.02
2026-06-15T11:10:26,2026-06-15 11:10:21,002824,和胜股份,31.74,10.0173,29.23,31.74,29.02,28.85,424096151.23,28.85,26.91
2026-06-15T11:10:26,2026-06-15 11:10:24,002240,盛新锂能,49.66,-2.78,51.1,53.47,49.35,51.08,2968552920.81,49.375,45.425
2026-06-15T11:11:26,2026-06-15 11:11:25,603315,福鞍股份,16.39,0.8615,16.24,16.57,16.11,16.25,130237964.0,16.25,15.54
2026-06-15T11:11:26,2026-06-15 11:11:24,002490,山东墨龙,8.17,-7.5792,8.3,8.47,8.1,8.84,437642364.0,8.84,8.31
2026-06-15T11:11:26,2026-06-15 11:11:24,001268,联合精密,41.12,0.7596,41.12,41.63,40.01,40.81,66305735.0,40.81,38.02
2026-06-15T11:11:26,2026-06-15 11:11:24,002824,和胜股份,31.74,10.0173,29.23,31.74,29.02,28.85,425127701.23,28.85,26.91
2026-06-15T11:11:26,2026-06-15 11:11:24,002240,盛新锂能,49.76,-2.5842,51.1,53.47,49.35,51.08,2974458995.81,49.375,45.425
2026-06-15T11:12:27,2026-06-15 11:12:25,603315,福鞍股份,16.38,0.8,16.24,16.57,16.11,16.25,130573938.0,16.25,15.54
2026-06-15T11:12:27,2026-06-15 11:12:24,002490,山东墨龙,8.16,-7.6923,8.3,8.47,8.1,8.84,438549271.0,8.84,8.31
2026-06-15T11:12:27,2026-06-15 11:12:18,001268,联合精密,41.13,0.7841,41.12,41.63,40.01,40.81,66511549.0,40.81,38.02
2026-06-15T11:12:27,2026-06-15 11:12:24,002824,和胜股份,31.74,10.0173,29.23,31.74,29.02,28.85,425153093.23,28.85,26.91
2026-06-15T11:12:27,2026-06-15 11:12:24,002240,盛新锂能,49.74,-2.6233,51.1,53.47,49.35,51.08,2985875893.81,49.375,45.425
2026-06-15T11:13:27,2026-06-15 11:13:25,603315,福鞍股份,16.34,0.5538,16.24,16.57,16.11,16.25,131031078.0,16.25,15.54
2026-06-15T11:13:27,2026-06-15 11:13:24,002490,山东墨龙,8.17,-7.5792,8.3,8.47,8.1,8.84,439661702.0,8.84,8.31
2026-06-15T11:13:27,2026-06-15 11:13:24,001268,联合精密,41.13,0.7841,41.12,41.63,40.01,40.81,66639068.0,40.81,38.02
2026-06-15T11:13:27,2026-06-15 11:13:15,002824,和胜股份,31.74,10.0173,29.23,31.74,29.02,28.85,425193085.63,28.85,26.91
2026-06-15T11:13:27,2026-06-15 11:13:24,002240,盛新锂能,49.62,-2.8583,51.1,53.47,49.35,51.08,2991009701.81,49.375,45.425
2026-06-15T11:14:28,2026-06-15 11:14:25,603315,福鞍股份,16.33,0.4923,16.24,16.57,16.11,16.25,131411828.0,16.25,15.54
2026-06-15T11:14:28,2026-06-15 11:14:24,002490,山东墨龙,8.17,-7.5792,8.3,8.47,8.1,8.84,440039627.0,8.84,8.31
2026-06-15T11:14:28,2026-06-15 11:13:48,001268,联合精密,41.13,0.7841,41.12,41.63,40.01,40.81,66639068.0,40.81,38.02
2026-06-15T11:14:28,2026-06-15 11:14:21,002824,和胜股份,31.74,10.0173,29.23,31.74,29.02,28.85,425247043.63,28.85,26.91
2026-06-15T11:14:28,2026-06-15 11:14:27,002240,盛新锂能,49.49,-3.1128,51.1,53.47,49.35,51.08,3001162845.81,49.375,45.425
2026-06-15T11:15:28,2026-06-15 11:15:25,603315,福鞍股份,16.31,0.3692,16.24,16.57,16.11,16.25,131625516.0,16.25,15.54
2026-06-15T11:15:28,2026-06-15 11:15:27,002490,山东墨龙,8.17,-7.5792,8.3,8.47,8.1,8.84,441173486.0,8.84,8.31
2026-06-15T11:15:28,2026-06-15 11:15:24,001268,联合精密,41.16,0.8576,41.12,41.63,40.01,40.81,66680199.0,40.81,38.02
2026-06-15T11:15:28,2026-06-15 11:15:21,002824,和胜股份,31.74,10.0173,29.23,31.74,29.02,28.85,425768849.23,28.85,26.91
2026-06-15T11:15:28,2026-06-15 11:15:27,002240,盛新锂能,49.5,-3.0932,51.1,53.47,49.35,51.08,3009776999.81,49.375,45.425
2026-06-15T11:16:28,2026-06-15 11:16:25,603315,福鞍股份,16.33,0.4923,16.24,16.57,16.11,16.25,131816567.0,16.25,15.54
2026-06-15T11:16:28,2026-06-15 11:16:27,002490,山东墨龙,8.18,-7.4661,8.3,8.47,8.1,8.84,441719175.0,8.84,8.31
2026-06-15T11:16:28,2026-06-15 11:16:27,001268,联合精密,41.14,0.8086,41.12,41.63,40.01,40.81,66803620.0,40.81,38.02
2026-06-15T11:16:28,2026-06-15 11:16:24,002824,和胜股份,31.74,10.0173,29.23,31.74,29.02,28.85,425772023.23,28.85,26.91
2026-06-15T11:16:28,2026-06-15 11:16:27,002240,盛新锂能,49.51,-3.0736,51.1,53.47,49.35,51.08,3018702897.32,49.375,45.425
2026-06-15T11:17:29,2026-06-15 11:17:28,603315,福鞍股份,16.33,0.4923,16.24,16.57,16.11,16.25,132014162.0,16.25,15.54
2026-06-15T11:17:29,2026-06-15 11:17:27,002490,山东墨龙,8.17,-7.5792,8.3,8.47,8.1,8.84,443911538.0,8.84,8.31
2026-06-15T11:17:29,2026-06-15 11:17:21,001268,联合精密,41.14,0.8086,41.12,41.63,40.01,40.81,66803620.0,40.81,38.02
2026-06-15T11:17:29,2026-06-15 11:17:24,002824,和胜股份,31.74,10.0173,29.23,31.74,29.02,28.85,425775197.23,28.85,26.91
2026-06-15T11:17:29,2026-06-15 11:17:27,002240,盛新锂能,49.47,-3.1519,51.1,53.47,49.35,51.08,3028660297.82,49.375,45.425
2026-06-15T11:18:29,2026-06-15 11:18:28,603315,福鞍股份,16.33,0.4923,16.24,16.57,16.11,16.25,132193795.0,16.25,15.54
2026-06-15T11:18:29,2026-06-15 11:18:27,002490,山东墨龙,8.16,-7.6923,8.3,8.47,8.1,8.84,444483333.0,8.84,8.31
2026-06-15T11:18:29,2026-06-15 11:18:27,001268,联合精密,41.15,0.8331,41.12,41.63,40.01,40.81,66890027.0,40.81,38.02
2026-06-15T11:18:29,2026-06-15 11:18:27,002824,和胜股份,31.74,10.0173,29.23,31.74,29.02,28.85,425819633.23,28.85,26.91
2026-06-15T11:18:29,2026-06-15 11:18:27,002240,盛新锂能,49.34,-3.4064,51.1,53.47,49.3,51.08,3054158600.82,49.375,45.425
2026-06-15T11:19:29,2026-06-15 11:19:28,603315,福鞍股份,16.32,0.4308,16.24,16.57,16.11,16.25,132383107.0,16.25,15.54
2026-06-15T11:19:29,2026-06-15 11:19:27,002490,山东墨龙,8.15,-7.8054,8.3,8.47,8.1,8.84,446447806.0,8.84,8.31
2026-06-15T11:19:29,2026-06-15 11:19:18,001268,联合精密,41.13,0.7841,41.12,41.63,40.01,40.81,66927052.0,40.81,38.02
2026-06-15T11:19:29,2026-06-15 11:19:27,002824,和胜股份,31.74,10.0173,29.23,31.74,29.02,28.85,425829155.23,28.85,26.91
2026-06-15T11:19:29,2026-06-15 11:19:27,002240,盛新锂能,49.31,-3.4652,51.1,53.47,49.3,51.08,3074495585.62,49.375,45.425
2026-06-15T11:20:29,2026-06-15 11:20:28,603315,福鞍股份,16.35,0.6154,16.24,16.57,16.11,16.25,132458238.0,16.25,15.54
2026-06-15T11:20:29,2026-06-15 11:20:27,002490,山东墨龙,8.15,-7.8054,8.3,8.47,8.1,8.84,451678806.0,8.84,8.31
2026-06-15T11:20:29,2026-06-15 11:20:27,001268,联合精密,41.1,0.7106,41.12,41.63,40.01,40.81,67095579.0,40.81,38.02
2026-06-15T11:20:29,2026-06-15 11:20:27,002824,和胜股份,31.74,10.0173,29.23,31.74,29.02,28.85,425832329.23,28.85,26.91
2026-06-15T11:20:29,2026-06-15 11:20:27,002240,盛新锂能,49.32,-3.4456,51.1,53.47,49.3,51.08,3087077254.62,49.375,45.425
2026-06-15T11:21:31,2026-06-15 11:21:28,603315,福鞍股份,16.34,0.5538,16.24,16.57,16.11,16.25,132788493.0,16.25,15.54
2026-06-15T11:21:31,2026-06-15 11:21:30,002490,山东墨龙,8.15,-7.8054,8.3,8.47,8.1,8.84,453309956.0,8.84,8.31
2026-06-15T11:21:31,2026-06-15 11:21:30,001268,联合精密,41.0,0.4656,41.12,41.63,40.01,40.81,67198218.0,40.81,38.02
2026-06-15T11:21:31,2026-06-15 11:21:30,002824,和胜股份,31.74,10.0173,29.23,31.74,29.02,28.85,426170677.63,28.85,26.91
2026-06-15T11:21:31,2026-06-15 11:21:30,002240,盛新锂能,49.34,-3.4064,51.1,53.47,49.3,51.08,3097769788.5,49.375,45.425
2026-06-15T11:22:31,2026-06-15 11:22:28,603315,福鞍股份,16.32,0.4308,16.24,16.57,16.11,16.25,132961654.0,16.25,15.54
2026-06-15T11:22:31,2026-06-15 11:22:30,002490,山东墨龙,8.15,-7.8054,8.3,8.47,8.1,8.84,454377409.0,8.84,8.31
2026-06-15T11:22:31,2026-06-15 11:22:30,001268,联合精密,40.99,0.4411,41.12,41.63,40.01,40.81,67382749.0,40.81,38.02
2026-06-15T11:22:31,2026-06-15 11:22:30,002824,和胜股份,31.74,10.0173,29.23,31.74,29.02,28.85,426183373.63,28.85,26.91
2026-06-15T11:22:31,2026-06-15 11:22:30,002240,盛新锂能,49.33,-3.426,51.1,53.47,49.3,51.08,3106264986.44,49.375,45.425
2026-06-15T11:23:32,2026-06-15 11:23:31,603315,福鞍股份,16.3,0.3077,16.24,16.57,16.11,16.25,133173655.0,16.25,15.54
2026-06-15T11:23:32,2026-06-15 11:23:30,002490,山东墨龙,8.14,-7.9186,8.3,8.47,8.1,8.84,454828710.0,8.84,8.31
2026-06-15T11:23:32,2026-06-15 11:23:30,001268,联合精密,40.98,0.4166,41.12,41.63,40.01,40.81,67415542.0,40.81,38.02
2026-06-15T11:23:32,2026-06-15 11:23:30,002824,和胜股份,31.74,10.0173,29.23,31.74,29.02,28.85,426230983.63,28.85,26.91
2026-06-15T11:23:32,2026-06-15 11:23:30,002240,盛新锂能,49.22,-3.6413,51.1,53.47,49.22,51.08,3131279501.44,49.375,45.425
2026-06-15T11:24:32,2026-06-15 11:24:31,603315,福鞍股份,16.3,0.3077,16.24,16.57,16.11,16.25,133297485.0,16.25,15.54
2026-06-15T11:24:32,2026-06-15 11:24:30,002490,山东墨龙,8.14,-7.9186,8.3,8.47,8.1,8.84,456248571.0,8.84,8.31
2026-06-15T11:24:32,2026-06-15 11:24:27,001268,联合精密,40.99,0.4411,41.12,41.63,40.01,40.81,67595763.0,40.81,38.02
2026-06-15T11:24:32,2026-06-15 11:24:27,002824,和胜股份,31.74,10.0173,29.23,31.74,29.02,28.85,426335725.63,28.85,26.91
2026-06-15T11:24:32,2026-06-15 11:24:30,002240,盛新锂能,49.18,-3.7197,51.1,53.47,49.18,51.08,3150585339.44,49.375,45.425
2026-06-15T11:25:32,2026-06-15 11:25:31,603315,福鞍股份,16.31,0.3692,16.24,16.57,16.11,16.25,133540500.0,16.25,15.54
2026-06-15T11:25:32,2026-06-15 11:25:30,002490,山东墨龙,8.15,-7.8054,8.3,8.47,8.1,8.84,457985892.0,8.84,8.31
2026-06-15T11:25:32,2026-06-15 11:25:24,001268,联合精密,41.0,0.4656,41.12,41.63,40.01,40.81,67649069.0,40.81,38.02
2026-06-15T11:25:32,2026-06-15 11:25:30,002824,和胜股份,31.74,10.0173,29.23,31.74,29.02,28.85,426345247.63,28.85,26.91
2026-06-15T11:25:32,2026-06-15 11:25:30,002240,盛新锂能,49.16,-3.7588,51.1,53.47,49.15,51.08,3165633955.66,49.375,45.425
2026-06-15T11:26:33,2026-06-15 11:26:31,603315,福鞍股份,16.3,0.3077,16.24,16.57,16.11,16.25,133819347.0,16.25,15.54
2026-06-15T11:26:33,2026-06-15 11:26:30,002490,山东墨龙,8.13,-8.0317,8.3,8.47,8.1,8.84,459277323.0,8.84,8.31
2026-06-15T11:26:33,2026-06-15 11:26:30,001268,联合精密,41.0,0.4656,41.12,41.63,40.01,40.81,67903302.0,40.81,38.02
2026-06-15T11:26:33,2026-06-15 11:26:21,002824,和胜股份,31.74,10.0173,29.23,31.74,29.02,28.85,426361117.63,28.85,26.91
2026-06-15T11:26:33,2026-06-15 11:26:30,002240,盛新锂能,49.19,-3.7001,51.1,53.47,49.15,51.08,3182478812.77,49.375,45.425
2026-06-15T11:27:34,2026-06-15 11:27:31,603315,福鞍股份,16.32,0.4308,16.24,16.57,16.11,16.25,133992162.0,16.25,15.54
2026-06-15T11:27:34,2026-06-15 11:27:33,002490,山东墨龙,8.13,-8.0317,8.3,8.47,8.1,8.84,460603897.0,8.84,8.31
2026-06-15T11:27:34,2026-06-15 11:27:24,001268,联合精密,41.09,0.6861,41.12,41.63,40.01,40.81,67985329.0,40.81,38.02
2026-06-15T11:27:34,2026-06-15 11:27:30,002824,和胜股份,31.74,10.0173,29.23,31.74,29.02,28.85,426567427.63,28.85,26.91
2026-06-15T11:27:34,2026-06-15 11:27:33,002240,盛新锂能,49.26,-3.563,51.1,53.47,49.15,51.08,3191688640.77,49.375,45.425
2026-06-15T11:28:34,2026-06-15 11:28:31,603315,福鞍股份,16.31,0.3692,16.24,16.57,16.11,16.25,134196154.0,16.25,15.54
2026-06-15T11:28:34,2026-06-15 11:28:33,002490,山东墨龙,8.13,-8.0317,8.3,8.47,8.1,8.84,463282161.0,8.84,8.31
2026-06-15T11:28:34,2026-06-15 11:28:33,001268,联合精密,41.1,0.7106,41.12,41.63,40.01,40.81,68005876.0,40.81,38.02
2026-06-15T11:28:34,2026-06-15 11:28:33,002824,和胜股份,31.74,10.0173,29.23,31.74,29.02,28.85,426576949.63,28.85,26.91
2026-06-15T11:28:34,2026-06-15 11:28:33,002240,盛新锂能,49.34,-3.4064,51.1,53.47,49.15,51.08,3201560144.77,49.375,45.425
2026-06-15T11:29:34,2026-06-15 11:29:34,603315,福鞍股份,16.3,0.3077,16.24,16.57,16.11,16.25,134430817.0,16.25,15.54
2026-06-15T11:29:34,2026-06-15 11:29:33,002490,山东墨龙,8.14,-7.9186,8.3,8.47,8.1,8.84,464728342.0,8.84,8.31
2026-06-15T11:29:34,2026-06-15 11:29:33,001268,联合精密,41.09,0.6861,41.12,41.63,40.01,40.81,68359544.0,40.81,38.02
2026-06-15T11:29:34,2026-06-15 11:29:30,002824,和胜股份,31.74,10.0173,29.23,31.74,29.02,28.85,426605515.63,28.85,26.91
2026-06-15T11:29:34,2026-06-15 11:29:33,002240,盛新锂能,49.31,-3.4652,51.1,53.47,49.15,51.08,3213366196.77,49.375,45.425
2026-06-15T11:30:35,2026-06-15 11:30:00,603315,福鞍股份,16.3,0.3077,16.24,16.57,16.11,16.25,134437335.0,16.25,15.54
2026-06-15T11:30:35,2026-06-15 11:30:00,002490,山东墨龙,8.14,-7.9186,8.3,8.47,8.1,8.84,465077514.0,8.84,8.31
2026-06-15T11:30:35,2026-06-15 11:30:00,001268,联合精密,41.05,0.5881,41.12,41.63,40.01,40.81,68400603.0,40.81,38.02
2026-06-15T11:30:35,2026-06-15 11:30:00,002824,和胜股份,31.74,10.0173,29.23,31.74,29.02,28.85,426605515.63,28.85,26.91
2026-06-15T11:30:35,2026-06-15 11:30:00,002240,盛新锂能,49.35,-3.3868,51.1,53.47,49.15,51.08,3215791263.06,49.375,45.425
2026-06-15T13:00:00,2026-06-15 11:30:00,603315,福鞍股份,16.3,0.3077,16.24,16.57,16.11,16.25,134437335.0,16.25,15.54
2026-06-15T13:00:00,2026-06-15 11:30:00,002490,山东墨龙,8.14,-7.9186,8.3,8.47,8.1,8.84,465077514.0,8.84,8.31
2026-06-15T13:00:00,2026-06-15 13:00:00,001268,联合精密,41.1,0.7106,41.12,41.63,40.01,40.81,68449911.0,40.81,38.02
2026-06-15T13:00:00,2026-06-15 11:30:00,002824,和胜股份,31.74,10.0173,29.23,31.74,29.02,28.85,426605515.63,28.85,26.91
2026-06-15T13:00:00,2026-06-15 13:00:00,002240,盛新锂能,49.35,-3.3868,51.1,53.47,49.15,51.08,3224540499.47,49.375,45.425
2026-06-15T13:01:01,2026-06-15 13:00:58,603315,福鞍股份,16.35,0.6154,16.24,16.57,16.11,16.25,138884450.0,16.25,15.54
2026-06-15T13:01:01,2026-06-15 13:01:00,002490,山东墨龙,8.14,-7.9186,8.3,8.47,8.1,8.84,469810849.0,8.84,8.31
2026-06-15T13:01:01,2026-06-15 13:00:57,001268,联合精密,40.95,0.3431,41.12,41.63,40.01,40.81,69024230.0,40.81,38.02
2026-06-15T13:01:01,2026-06-15 13:01:00,002824,和胜股份,31.74,10.0173,29.23,31.74,29.02,28.85,427143921.25,28.85,26.91
2026-06-15T13:01:01,2026-06-15 13:01:00,002240,盛新锂能,49.65,-2.7995,51.1,53.47,49.15,51.08,3233651734.37,49.375,45.425
2026-06-15T13:02:01,2026-06-15 13:02:01,603315,福鞍股份,16.31,0.3692,16.24,16.57,16.11,16.25,139145542.0,16.25,15.54
2026-06-15T13:02:01,2026-06-15 13:02:00,002490,山东墨龙,8.12,-8.1448,8.3,8.47,8.1,8.84,471871166.0,8.84,8.31
2026-06-15T13:02:01,2026-06-15 13:01:57,001268,联合精密,40.95,0.3431,41.12,41.63,40.01,40.81,69056993.0,40.81,38.02
2026-06-15T13:02:01,2026-06-15 13:02:00,002824,和胜股份,31.74,10.0173,29.23,31.74,29.02,28.85,427267707.25,28.85,26.91
2026-06-15T13:02:01,2026-06-15 13:02:00,002240,盛新锂能,49.36,-3.3673,51.1,53.47,49.15,51.08,3246215541.37,49.375,45.425
2026-06-15T13:03:01,2026-06-15 13:02:58,603315,福鞍股份,16.3,0.3077,16.24,16.57,16.11,16.25,139258061.0,16.25,15.54
2026-06-15T13:03:01,2026-06-15 13:03:00,002490,山东墨龙,8.13,-8.0317,8.3,8.47,8.1,8.84,473653888.0,8.84,8.31
2026-06-15T13:03:01,2026-06-15 13:02:54,001268,联合精密,40.95,0.3431,41.12,41.63,40.01,40.81,69081563.0,40.81,38.02
2026-06-15T13:03:01,2026-06-15 13:03:00,002824,和胜股份,31.74,10.0173,29.23,31.74,29.02,28.85,427274055.25,28.85,26.91
2026-06-15T13:03:01,2026-06-15 13:03:00,002240,盛新锂能,49.55,-2.9953,51.1,53.47,49.15,51.08,3256181283.37,49.375,45.425
2026-06-15T13:04:02,2026-06-15 13:04:01,603315,福鞍股份,16.28,0.1846,16.24,16.57,16.11,16.25,140158943.0,16.25,15.54
2026-06-15T13:04:02,2026-06-15 13:04:00,002490,山东墨龙,8.12,-8.1448,8.3,8.47,8.1,8.84,474496939.0,8.84,8.31
2026-06-15T13:04:02,2026-06-15 13:03:57,001268,联合精密,40.89,0.196,41.12,41.63,40.01,40.81,69273859.0,40.81,38.02
2026-06-15T13:04:02,2026-06-15 13:04:00,002824,和胜股份,31.74,10.0173,29.23,31.74,29.02,28.85,427328013.25,28.85,26.91
2026-06-15T13:04:02,2026-06-15 13:04:00,002240,盛新锂能,49.85,-2.408,51.1,53.47,49.15,51.08,3263415860.37,49.375,45.425
2026-06-15T13:05:02,2026-06-15 13:05:01,603315,福鞍股份,16.27,0.1231,16.24,16.57,16.11,16.25,141526253.0,16.25,15.54
2026-06-15T13:05:02,2026-06-15 13:05:00,002490,山东墨龙,8.13,-8.0317,8.3,8.47,8.1,8.84,475419549.0,8.84,8.31
2026-06-15T13:05:02,2026-06-15 13:05:00,001268,联合精密,40.89,0.196,41.12,41.63,40.01,40.81,69363768.0,40.81,38.02
2026-06-15T13:05:02,2026-06-15 13:04:39,002824,和胜股份,31.74,10.0173,29.23,31.74,29.02,28.85,427334361.25,28.85,26.91
2026-06-15T13:05:02,2026-06-15 13:05:00,002240,盛新锂能,49.98,-2.1535,51.1,53.47,49.15,51.08,3277609553.37,49.375,45.425
2026-06-15T13:06:03,2026-06-15 13:06:01,603315,福鞍股份,16.27,0.1231,16.24,16.57,16.11,16.25,142010996.0,16.25,15.54
2026-06-15T13:06:03,2026-06-15 13:06:00,002490,山东墨龙,8.12,-8.1448,8.3,8.47,8.1,8.84,476269283.0,8.84,8.31
2026-06-15T13:06:03,2026-06-15 13:05:57,001268,联合精密,40.88,0.1715,41.12,41.63,40.01,40.81,69466133.0,40.81,38.02
2026-06-15T13:06:03,2026-06-15 13:05:51,002824,和胜股份,31.74,10.0173,29.23,31.74,29.02,28.85,427397841.25,28.85,26.91
2026-06-15T13:06:03,2026-06-15 13:06:00,002240,盛新锂能,50.04,-2.036,51.1,53.47,49.15,51.08,3290149361.37,49.375,45.425
2026-06-15T13:07:04,2026-06-15 13:07:01,603315,福鞍股份,16.25,0.0,16.24,16.57,16.11,16.25,142284113.0,16.25,15.54
2026-06-15T13:07:04,2026-06-15 13:07:00,002490,山东墨龙,8.13,-8.0317,8.3,8.47,8.1,8.84,477974060.0,8.84,8.31
2026-06-15T13:07:04,2026-06-15 13:07:00,001268,联合精密,40.95,0.3431,41.12,41.63,40.01,40.81,69490697.0,40.81,38.02
2026-06-15T13:07:04,2026-06-15 13:06:57,002824,和胜股份,31.74,10.0173,29.23,31.74,29.02,28.85,427407363.25,28.85,26.91
2026-06-15T13:07:04,2026-06-15 13:07:00,002240,盛新锂能,49.8,-2.5059,51.1,53.47,49.15,51.08,3315864300.37,49.375,45.425
2026-06-15T13:08:04,2026-06-15 13:08:01,603315,福鞍股份,16.22,-0.1846,16.24,16.57,16.11,16.25,142727106.0,16.25,15.54
2026-06-15T13:08:04,2026-06-15 13:08:00,002490,山东墨龙,8.13,-8.0317,8.3,8.47,8.1,8.84,479231765.0,8.84,8.31
2026-06-15T13:08:04,2026-06-15 13:08:00,001268,联合精密,40.87,0.147,41.12,41.63,40.01,40.81,69932419.0,40.81,38.02
2026-06-15T13:08:04,2026-06-15 13:08:00,002824,和胜股份,31.74,10.0173,29.23,31.74,29.02,28.85,427499409.25,28.85,26.91
2026-06-15T13:08:04,2026-06-15 13:08:00,002240,盛新锂能,49.81,-2.4863,51.1,53.47,49.15,51.08,3326887091.37,49.375,45.425
2026-06-15T13:09:04,2026-06-15 13:09:04,603315,福鞍股份,16.22,-0.1846,16.24,16.57,16.11,16.25,143340511.0,16.25,15.54
2026-06-15T13:09:04,2026-06-15 13:09:03,002490,山东墨龙,8.14,-7.9186,8.3,8.47,8.1,8.84,480759234.0,8.84,8.31
2026-06-15T13:09:04,2026-06-15 13:09:00,001268,联合精密,40.89,0.196,41.12,41.63,40.01,40.81,70014170.0,40.81,38.02
2026-06-15T13:09:04,2026-06-15 13:09:03,002824,和胜股份,31.74,10.0173,29.23,31.74,29.02,28.85,427639065.25,28.85,26.91
2026-06-15T13:09:04,2026-06-15 13:09:03,002240,盛新锂能,50.09,-1.9381,51.1,53.47,49.15,51.08,3340612184.37,49.375,45.425
2026-06-15T13:10:05,2026-06-15 13:10:04,603315,福鞍股份,16.21,-0.2462,16.24,16.57,16.11,16.25,143528660.0,16.25,15.54
2026-06-15T13:10:05,2026-06-15 13:10:03,002490,山东墨龙,8.17,-7.5792,8.3,8.47,8.1,8.84,482775230.0,8.84,8.31
2026-06-15T13:10:05,2026-06-15 13:10:03,001268,联合精密,40.92,0.2695,41.12,41.63,40.01,40.81,70128689.0,40.81,38.02
2026-06-15T13:10:05,2026-06-15 13:10:00,002824,和胜股份,31.74,10.0173,29.23,31.74,29.02,28.85,427664457.25,28.85,26.91
2026-06-15T13:10:05,2026-06-15 13:10:03,002240,盛新锂能,50.04,-2.036,51.1,53.47,49.15,51.08,3353851756.37,49.375,45.425
2026-06-15T13:11:06,2026-06-15 13:11:04,603315,福鞍股份,16.19,-0.3692,16.24,16.57,16.11,16.25,144359769.0,16.25,15.54
2026-06-15T13:11:06,2026-06-15 13:11:03,002490,山东墨龙,8.17,-7.5792,8.3,8.47,8.1,8.84,484437821.0,8.84,8.31
2026-06-15T13:11:06,2026-06-15 13:11:03,001268,联合精密,40.83,0.049,41.12,41.63,40.01,40.81,70721352.0,40.81,38.02
2026-06-15T13:11:06,2026-06-15 13:11:03,002824,和胜股份,31.74,10.0173,29.23,31.74,29.02,28.85,427696197.25,28.85,26.91
2026-06-15T13:11:06,2026-06-15 13:11:03,002240,盛新锂能,50.05,-2.0164,51.1,53.47,49.15,51.08,3361384544.37,49.375,45.425
2026-06-15T13:12:06,2026-06-15 13:12:04,603315,福鞍股份,16.14,-0.6769,16.24,16.57,16.11,16.25,146766512.0,16.25,15.54
2026-06-15T13:12:06,2026-06-15 13:12:03,002490,山东墨龙,8.15,-7.8054,8.3,8.47,8.1,8.84,486898013.0,8.84,8.31
2026-06-15T13:12:06,2026-06-15 13:12:06,001268,联合精密,40.82,0.0245,41.12,41.63,40.01,40.81,71003152.0,40.81,38.02
2026-06-15T13:12:06,2026-06-15 13:12:03,002824,和胜股份,31.74,10.0173,29.23,31.74,29.02,28.85,427778721.25,28.85,26.91
2026-06-15T13:12:06,2026-06-15 13:12:03,002240,盛新锂能,49.87,-2.3688,51.1,53.47,49.15,51.08,3372231928.37,49.375,45.425
2026-06-15T13:13:07,2026-06-15 13:13:04,603315,福鞍股份,16.14,-0.6769,16.24,16.57,16.11,16.25,147620234.0,16.25,15.54
2026-06-15T13:13:07,2026-06-15 13:13:03,002490,山东墨龙,8.14,-7.9186,8.3,8.47,8.1,8.84,488241807.0,8.84,8.31
2026-06-15T13:13:07,2026-06-15 13:13:03,001268,联合精密,40.89,0.196,41.12,41.63,40.01,40.81,71301722.0,40.81,38.02
2026-06-15T13:13:07,2026-06-15 13:13:00,002824,和胜股份,31.74,10.0173,29.23,31.74,29.02,28.85,427880924.05,28.85,26.91
2026-06-15T13:13:07,2026-06-15 13:13:03,002240,盛新锂能,49.75,-2.6038,51.1,53.47,49.15,51.08,3378925041.37,49.375,45.425
2026-06-15T13:14:07,2026-06-15 13:14:04,603315,福鞍股份,16.15,-0.6154,16.24,16.57,16.11,16.25,148219493.0,16.25,15.54
2026-06-15T13:14:07,2026-06-15 13:14:03,002490,山东墨龙,8.14,-7.9186,8.3,8.47,8.1,8.84,488810791.0,8.84,8.31
2026-06-15T13:14:07,2026-06-15 13:14:06,001268,联合精密,40.95,0.3431,41.12,41.63,40.01,40.81,71621070.0,40.81,38.02
2026-06-15T13:14:07,2026-06-15 13:13:36,002824,和胜股份,31.74,10.0173,29.23,31.74,29.02,28.85,428124084.19,28.85,26.91
2026-06-15T13:14:07,2026-06-15 13:14:03,002240,盛新锂能,49.7,-2.7016,51.1,53.47,49.15,51.08,3385930871.37,49.375,45.425
2026-06-15T13:15:07,2026-06-15 13:15:04,603315,福鞍股份,16.16,-0.5538,16.24,16.57,16.11,16.25,148878592.0,16.25,15.54
2026-06-15T13:15:07,2026-06-15 13:15:06,002490,山东墨龙,8.13,-8.0317,8.3,8.47,8.1,8.84,489536970.0,8.84,8.31
2026-06-15T13:15:07,2026-06-15 13:15:06,001268,联合精密,41.3,1.2007,41.12,41.63,40.01,40.81,73011501.0,40.81,38.02
2026-06-15T13:15:07,2026-06-15 13:15:03,002824,和胜股份,31.74,10.0173,29.23,31.74,29.02,28.85,428190738.19,28.85,26.91
2026-06-15T13:15:07,2026-06-15 13:15:06,002240,盛新锂能,49.88,-2.3493,51.1,53.47,49.15,51.08,3394230481.64,49.375,45.425
2026-06-15T13:16:07,2026-06-15 13:16:07,603315,福鞍股份,16.2,-0.3077,16.24,16.57,16.11,16.25,149286038.0,16.25,15.54
2026-06-15T13:16:07,2026-06-15 13:16:06,002490,山东墨龙,8.14,-7.9186,8.3,8.47,8.1,8.84,490120526.0,8.84,8.31
2026-06-15T13:16:07,2026-06-15 13:16:06,001268,联合精密,41.24,1.0537,41.12,41.63,40.01,40.81,73660992.0,40.81,38.02
2026-06-15T13:16:07,2026-06-15 13:16:06,002824,和胜股份,31.74,10.0173,29.23,31.74,29.02,28.85,428292306.19,28.85,26.91
2026-06-15T13:16:07,2026-06-15 13:16:06,002240,盛新锂能,50.05,-2.0164,51.1,53.47,49.15,51.08,3401107616.64,49.375,45.425
2026-06-15T13:17:08,2026-06-15 13:17:04,603315,福鞍股份,16.19,-0.3692,16.24,16.57,16.11,16.25,149695652.0,16.25,15.54
2026-06-15T13:17:08,2026-06-15 13:17:06,002490,山东墨龙,8.14,-7.9186,8.3,8.47,8.1,8.84,490818833.0,8.84,8.31
2026-06-15T13:17:08,2026-06-15 13:17:03,001268,联合精密,41.3,1.2007,41.12,41.63,40.01,40.81,74041803.0,40.81,38.02
2026-06-15T13:17:08,2026-06-15 13:17:00,002824,和胜股份,31.74,10.0173,29.23,31.74,29.02,28.85,428381178.19,28.85,26.91
2026-06-15T13:17:08,2026-06-15 13:17:06,002240,盛新锂能,50.08,-1.9577,51.1,53.47,49.15,51.08,3410153912.64,49.375,45.425
2026-06-15T13:18:08,2026-06-15 13:18:07,603315,福鞍股份,16.2,-0.3077,16.24,16.57,16.11,16.25,149998490.0,16.25,15.54
2026-06-15T13:18:08,2026-06-15 13:18:06,002490,山东墨龙,8.14,-7.9186,8.3,8.47,8.1,8.84,492282583.0,8.84,8.31
2026-06-15T13:18:08,2026-06-15 13:18:03,001268,联合精密,41.32,1.2497,41.12,41.63,40.01,40.81,74194551.0,40.81,38.02
2026-06-15T13:18:08,2026-06-15 13:18:00,002824,和胜股份,31.74,10.0173,29.23,31.74,29.02,28.85,428384352.19,28.85,26.91
2026-06-15T13:18:08,2026-06-15 13:18:06,002240,盛新锂能,50.08,-1.9577,51.1,53.47,49.15,51.08,3422977213.64,49.375,45.425
2026-06-15T13:19:08,2026-06-15 13:19:04,603315,福鞍股份,16.23,-0.1231,16.24,16.57,16.11,16.25,150514252.0,16.25,15.54
2026-06-15T13:19:08,2026-06-15 13:19:06,002490,山东墨龙,8.16,-7.6923,8.3,8.47,8.1,8.84,494763030.0,8.84,8.31
2026-06-15T13:19:08,2026-06-15 13:19:06,001268,联合精密,41.22,1.0047,41.12,41.63,40.01,40.81,74252269.0,40.81,38.02
2026-06-15T13:19:08,2026-06-15 13:19:06,002824,和胜股份,31.74,10.0173,29.23,31.74,29.02,28.85,428397048.19,28.85,26.91
2026-06-15T13:19:08,2026-06-15 13:19:06,002240,盛新锂能,50.15,-1.8207,51.1,53.47,49.15,51.08,3441189895.64,49.375,45.425
2026-06-15T13:20:09,2026-06-15 13:20:07,603315,福鞍股份,16.23,-0.1231,16.24,16.57,16.11,16.25,150618136.0,16.25,15.54
2026-06-15T13:20:09,2026-06-15 13:20:06,002490,山东墨龙,8.16,-7.6923,8.3,8.47,8.1,8.84,495784319.0,8.84,8.31
2026-06-15T13:20:09,2026-06-15 13:20:06,001268,联合精密,41.03,0.5391,41.12,41.63,40.01,40.81,74926181.0,40.81,38.02
2026-06-15T13:20:09,2026-06-15 13:20:06,002824,和胜股份,31.74,10.0173,29.23,31.74,29.02,28.85,432294720.19,28.85,26.91
2026-06-15T13:20:09,2026-06-15 13:20:06,002240,盛新锂能,50.07,-1.9773,51.1,53.47,49.15,51.08,3449541526.64,49.375,45.425
2026-06-15T13:21:09,2026-06-15 13:21:07,603315,福鞍股份,16.24,-0.0615,16.24,16.57,16.11,16.25,151041864.0,16.25,15.54
2026-06-15T13:21:09,2026-06-15 13:21:06,002490,山东墨龙,8.19,-7.3529,8.3,8.47,8.1,8.84,497870788.0,8.84,8.31
2026-06-15T13:21:09,2026-06-15 13:21:06,001268,联合精密,40.98,0.4166,41.12,41.63,40.01,40.81,75024567.0,40.81,38.02
2026-06-15T13:21:09,2026-06-15 13:21:06,002824,和胜股份,31.74,10.0173,29.23,31.74,29.02,28.85,432323286.19,28.85,26.91
2026-06-15T13:21:09,2026-06-15 13:21:06,002240,盛新锂能,50.11,-1.899,51.1,53.47,49.15,51.08,3458530709.64,49.375,45.425
2026-06-15T13:22:09,2026-06-15 13:22:07,603315,福鞍股份,16.25,0.0,16.24,16.57,16.11,16.25,151331253.0,16.25,15.54
2026-06-15T13:22:09,2026-06-15 13:22:06,002490,山东墨龙,8.18,-7.4661,8.3,8.47,8.1,8.84,499891216.0,8.84,8.31
2026-06-15T13:22:09,2026-06-15 13:22:09,001268,联合精密,40.89,0.196,41.12,41.63,40.01,40.81,75102283.0,40.81,38.02
2026-06-15T13:22:09,2026-06-15 13:22:03,002824,和胜股份,31.74,10.0173,29.23,31.74,29.02,28.85,432408984.19,28.85,26.91
2026-06-15T13:22:09,2026-06-15 13:22:09,002240,盛新锂能,50.45,-1.2334,51.1,53.47,49.15,51.08,3469246351.64,49.375,45.425
2026-06-15T13:23:10,2026-06-15 13:23:07,603315,福鞍股份,16.26,0.0615,16.24,16.57,16.11,16.25,151737578.0,16.25,15.54
2026-06-15T13:23:10,2026-06-15 13:23:06,002490,山东墨龙,8.18,-7.4661,8.3,8.47,8.1,8.84,501710990.0,8.84,8.31
2026-06-15T13:23:10,2026-06-15 13:23:06,001268,联合精密,40.99,0.4411,41.12,41.63,40.01,40.81,75527641.0,40.81,38.02
2026-06-15T13:23:10,2026-06-15 13:23:03,002824,和胜股份,31.74,10.0173,29.23,31.74,29.02,28.85,432412158.19,28.85,26.91
2026-06-15T13:23:10,2026-06-15 13:23:06,002240,盛新锂能,50.51,-1.1159,51.1,53.47,49.15,51.08,3493284192.64,49.375,45.425
2026-06-15T13:24:10,2026-06-15 13:24:07,603315,福鞍股份,16.27,0.1231,16.24,16.57,16.11,16.25,153027382.0,16.25,15.54
2026-06-15T13:24:10,2026-06-15 13:24:06,002490,山东墨龙,8.19,-7.3529,8.3,8.47,8.1,8.84,502713344.0,8.84,8.31
2026-06-15T13:24:10,2026-06-15 13:24:09,001268,联合精密,40.92,0.2695,41.12,41.63,40.01,40.81,75617765.0,40.81,38.02
2026-06-15T13:24:10,2026-06-15 13:24:03,002824,和胜股份,31.74,10.0173,29.23,31.74,29.02,28.85,432456594.19,28.85,26.91
2026-06-15T13:24:10,2026-06-15 13:24:09,002240,盛新锂能,50.37,-1.39,51.1,53.47,49.15,51.08,3504524063.64,49.375,45.425
2026-06-15T13:25:10,2026-06-15 13:25:10,603315,福鞍股份,16.24,-0.0615,16.24,16.57,16.11,16.25,153381790.0,16.25,15.54
2026-06-15T13:25:10,2026-06-15 13:25:09,002490,山东墨龙,8.17,-7.5792,8.3,8.47,8.1,8.84,503655362.0,8.84,8.31
2026-06-15T13:25:10,2026-06-15 13:25:09,001268,联合精密,40.9,0.2205,41.12,41.63,40.01,40.81,75989867.0,40.81,38.02
2026-06-15T13:25:10,2026-06-15 13:25:06,002824,和胜股份,31.74,10.0173,29.23,31.74,29.02,28.85,432513726.19,28.85,26.91
2026-06-15T13:25:10,2026-06-15 13:25:09,002240,盛新锂能,50.44,-1.2529,51.1,53.47,49.15,51.08,3513521223.64,49.375,45.425
2026-06-15T13:26:12,2026-06-15 13:26:10,603315,福鞍股份,16.23,-0.1231,16.24,16.57,16.11,16.25,153786018.0,16.25,15.54
2026-06-15T13:26:12,2026-06-15 13:26:09,002490,山东墨龙,8.16,-7.6923,8.3,8.47,8.1,8.84,506305138.0,8.84,8.31
2026-06-15T13:26:12,2026-06-15 13:26:09,001268,联合精密,40.79,-0.049,41.12,41.63,40.01,40.81,76778160.0,40.81,38.02
2026-06-15T13:26:12,2026-06-15 13:25:42,002824,和胜股份,31.74,10.0173,29.23,31.74,29.02,28.85,432526422.19,28.85,26.91
2026-06-15T13:26:12,2026-06-15 13:26:09,002240,盛新锂能,50.56,-1.018,51.1,53.47,49.15,51.08,3523227837.64,49.375,45.425
2026-06-15T13:27:12,2026-06-15 13:27:10,603315,福鞍股份,16.23,-0.1231,16.24,16.57,16.11,16.25,153995366.0,16.25,15.54
2026-06-15T13:27:12,2026-06-15 13:27:09,002490,山东墨龙,8.16,-7.6923,8.3,8.47,8.1,8.84,506774797.0,8.84,8.31
2026-06-15T13:27:12,2026-06-15 13:27:12,001268,联合精密,40.76,-0.1225,41.12,41.63,40.01,40.81,76924965.0,40.81,38.02
2026-06-15T13:27:12,2026-06-15 13:27:09,002824,和胜股份,31.74,10.0173,29.23,31.74,29.02,28.85,432529596.19,28.85,26.91
2026-06-15T13:27:12,2026-06-15 13:27:12,002240,盛新锂能,50.78,-0.5873,51.1,53.47,49.15,51.08,3542560338.64,49.375,45.425
2026-06-15T13:28:12,2026-06-15 13:28:10,603315,福鞍股份,16.26,0.0615,16.24,16.57,16.11,16.25,154362616.0,16.25,15.54
2026-06-15T13:28:12,2026-06-15 13:28:09,002490,山东墨龙,8.15,-7.8054,8.3,8.47,8.1,8.84,507938207.0,8.84,8.31
2026-06-15T13:28:12,2026-06-15 13:28:09,001268,联合精密,40.94,0.3185,41.12,41.63,40.01,40.81,77324921.0,40.81,38.02
2026-06-15T13:28:12,2026-06-15 13:28:09,002824,和胜股份,31.74,10.0173,29.23,31.74,29.02,28.85,432570858.19,28.85,26.91
2026-06-15T13:28:12,2026-06-15 13:28:09,002240,盛新锂能,50.99,-0.1762,51.1,53.47,49.15,51.08,3574564130.64,49.375,45.425
2026-06-15T13:29:13,2026-06-15 13:29:10,603315,福鞍股份,16.27,0.1231,16.24,16.57,16.11,16.25,154735071.0,16.25,15.54
2026-06-15T13:29:13,2026-06-15 13:29:09,002490,山东墨龙,8.14,-7.9186,8.3,8.47,8.1,8.84,510291457.0,8.84,8.31
2026-06-15T13:29:13,2026-06-15 13:29:09,001268,联合精密,40.98,0.4166,41.12,41.63,40.01,40.81,77361784.0,40.81,38.02
2026-06-15T13:29:13,2026-06-15 13:29:00,002824,和胜股份,31.74,10.0173,29.23,31.74,29.02,28.85,432577206.19,28.85,26.91
2026-06-15T13:29:13,2026-06-15 13:29:09,002240,盛新锂能,50.85,-0.4503,51.1,53.47,49.15,51.08,3607650557.64,49.375,45.425
2026-06-15T13:30:13,2026-06-15 13:30:10,603315,福鞍股份,16.25,0.0,16.24,16.57,16.11,16.25,154886307.0,16.25,15.54
2026-06-15T13:30:13,2026-06-15 13:30:12,002490,山东墨龙,8.15,-7.8054,8.3,8.47,8.1,8.84,511666328.0,8.84,8.31
2026-06-15T13:30:13,2026-06-15 13:30:12,001268,联合精密,40.98,0.4166,41.12,41.63,40.01,40.81,77537995.0,40.81,38.02
2026-06-15T13:30:13,2026-06-15 13:30:03,002824,和胜股份,31.74,10.0173,29.23,31.74,29.02,28.85,432608946.19,28.85,26.91
2026-06-15T13:30:13,2026-06-15 13:30:12,002240,盛新锂能,50.57,-0.9984,51.1,53.47,49.15,51.08,3617562754.64,49.375,45.425
2026-06-15T13:31:14,2026-06-15 13:31:13,603315,福鞍股份,16.27,0.1231,16.24,16.57,16.11,16.25,155566325.0,16.25,15.54
2026-06-15T13:31:14,2026-06-15 13:31:12,002490,山东墨龙,8.14,-7.9186,8.3,8.47,8.1,8.84,513571911.0,8.84,8.31
2026-06-15T13:31:14,2026-06-15 13:31:12,001268,联合精密,41.0,0.4656,41.12,41.63,40.01,40.81,77722603.0,40.81,38.02
2026-06-15T13:31:14,2026-06-15 13:31:09,002824,和胜股份,31.74,10.0173,29.23,31.74,29.02,28.85,432669252.19,28.85,26.91
2026-06-15T13:31:14,2026-06-15 13:31:12,002240,盛新锂能,50.69,-0.7635,51.1,53.47,49.15,51.08,3629869873.64,49.375,45.425
2026-06-15T13:32:14,2026-06-15 13:32:13,603315,福鞍股份,16.26,0.0615,16.24,16.57,16.11,16.25,155798893.0,16.25,15.54
2026-06-15T13:32:14,2026-06-15 13:32:12,002490,山东墨龙,8.15,-7.8054,8.3,8.47,8.1,8.84,514244862.0,8.84,8.31
2026-06-15T13:32:14,2026-06-15 13:32:12,001268,联合精密,40.99,0.4411,41.12,41.63,40.01,40.81,77866206.0,40.81,38.02
2026-06-15T13:32:14,2026-06-15 13:32:12,002824,和胜股份,31.74,10.0173,29.23,31.74,29.02,28.85,433707150.19,28.85,26.91
2026-06-15T13:32:14,2026-06-15 13:32:12,002240,盛新锂能,50.89,-0.372,51.1,53.47,49.15,51.08,3639769058.18,49.375,45.425
2026-06-15T13:33:14,2026-06-15 13:33:13,603315,福鞍股份,16.25,0.0,16.24,16.57,16.11,16.25,156166133.0,16.25,15.54
2026-06-15T13:33:14,2026-06-15 13:33:12,002490,山东墨龙,8.15,-7.8054,8.3,8.47,8.1,8.84,516301641.0,8.84,8.31
2026-06-15T13:33:14,2026-06-15 13:33:12,001268,联合精密,40.99,0.4411,41.12,41.63,40.01,40.81,78001496.0,40.81,38.02
2026-06-15T13:33:14,2026-06-15 13:33:12,002824,和胜股份,31.74,10.0173,29.23,31.74,29.02,28.85,433761108.19,28.85,26.91
2026-06-15T13:33:14,2026-06-15 13:33:12,002240,盛新锂能,50.61,-0.9201,51.1,53.47,49.15,51.08,3663351773.68,49.375,45.425
2026-06-15T13:34:14,2026-06-15 13:34:13,603315,福鞍股份,16.25,0.0,16.24,16.57,16.11,16.25,156504009.0,16.25,15.54
2026-06-15T13:34:14,2026-06-15 13:34:12,002490,山东墨龙,8.16,-7.6923,8.3,8.47,8.1,8.84,517607265.0,8.84,8.31
2026-06-15T13:34:14,2026-06-15 13:34:12,001268,联合精密,40.99,0.4411,41.12,41.63,40.01,40.81,78026090.0,40.81,38.02
2026-06-15T13:34:14,2026-06-15 13:34:09,002824,和胜股份,31.74,10.0173,29.23,31.74,29.02,28.85,433840458.19,28.85,26.91
2026-06-15T13:34:14,2026-06-15 13:34:12,002240,盛新锂能,50.84,-0.4699,51.1,53.47,49.15,51.08,3670752128.98,49.375,45.425
2026-06-15T13:35:15,2026-06-15 13:35:13,603315,福鞍股份,16.24,-0.0615,16.24,16.57,16.11,16.25,156750862.0,16.25,15.54
2026-06-15T13:35:15,2026-06-15 13:35:12,002490,山东墨龙,8.16,-7.6923,8.3,8.47,8.1,8.84,518452147.0,8.84,8.31
2026-06-15T13:35:15,2026-06-15 13:35:12,001268,联合精密,40.89,0.196,41.12,41.63,40.01,40.81,78189874.0,40.81,38.02
2026-06-15T13:35:15,2026-06-15 13:35:06,002824,和胜股份,31.74,10.0173,29.23,31.74,29.02,28.85,433865850.19,28.85,26.91
2026-06-15T13:35:15,2026-06-15 13:35:12,002240,盛新锂能,50.98,-0.1958,51.1,53.47,49.15,51.08,3680521463.4,49.375,45.425
2026-06-15T13:36:16,2026-06-15 13:36:13,603315,福鞍股份,16.23,-0.1231,16.24,16.57,16.11,16.25,157417909.0,16.25,15.54
2026-06-15T13:36:16,2026-06-15 13:36:12,002490,山东墨龙,8.16,-7.6923,8.3,8.47,8.1,8.84,519024826.0,8.84,8.31
2026-06-15T13:36:16,2026-06-15 13:36:15,001268,联合精密,40.83,0.049,41.12,41.63,40.01,40.81,78512968.0,40.81,38.02
2026-06-15T13:36:16,2026-06-15 13:36:12,002824,和胜股份,31.74,10.0173,29.23,31.74,29.02,28.85,433872198.19,28.85,26.91
2026-06-15T13:36:16,2026-06-15 13:36:12,002240,盛新锂能,51.0,-0.1566,51.1,53.47,49.15,51.08,3699156356.92,49.375,45.425
2026-06-15T13:37:16,2026-06-15 13:37:13,603315,福鞍股份,16.21,-0.2462,16.24,16.57,16.11,16.25,159725869.0,16.25,15.54
2026-06-15T13:37:16,2026-06-15 13:37:15,002490,山东墨龙,8.16,-7.6923,8.3,8.47,8.1,8.84,519536504.0,8.84,8.31
2026-06-15T13:37:16,2026-06-15 13:37:09,001268,联合精密,40.85,0.098,41.12,41.63,40.01,40.81,78782784.0,40.81,38.02
2026-06-15T13:37:16,2026-06-15 13:37:09,002824,和胜股份,31.74,10.0173,29.23,31.74,29.02,28.85,434783770.99,28.85,26.91
2026-06-15T13:37:16,2026-06-15 13:37:15,002240,盛新锂能,50.8,-0.5482,51.1,53.47,49.15,51.08,3708344596.16,49.375,45.425
2026-06-15T13:38:17,2026-06-15 13:38:13,603315,福鞍股份,16.21,-0.2462,16.24,16.57,16.11,16.25,159899261.0,16.25,15.54
2026-06-15T13:38:17,2026-06-15 13:38:15,002490,山东墨龙,8.16,-7.6923,8.3,8.47,8.1,8.84,520837307.0,8.84,8.31
2026-06-15T13:38:17,2026-06-15 13:38:12,001268,联合精密,40.91,0.245,41.12,41.63,40.01,40.81,78893227.0,40.81,38.02
2026-06-15T13:38:17,2026-06-15 13:38:09,002824,和胜股份,31.74,10.0173,29.23,31.74,29.02,28.85,434866294.99,28.85,26.91
2026-06-15T13:38:17,2026-06-15 13:38:15,002240,盛新锂能,50.71,-0.7244,51.1,53.47,49.15,51.08,3716186183.16,49.375,45.425
2026-06-15T13:39:17,2026-06-15 13:39:16,603315,福鞍股份,16.22,-0.1846,16.24,16.57,16.11,16.25,159977115.0,16.25,15.54
2026-06-15T13:39:17,2026-06-15 13:39:15,002490,山东墨龙,8.14,-7.9186,8.3,8.47,8.1,8.84,523351043.0,8.84,8.31
2026-06-15T13:39:17,2026-06-15 13:39:15,001268,联合精密,40.95,0.3431,41.12,41.63,40.01,40.81,79032410.0,40.81,38.02
2026-06-15T13:39:17,2026-06-15 13:39:09,002824,和胜股份,31.74,10.0173,29.23,31.74,29.02,28.85,434885338.99,28.85,26.91
2026-06-15T13:39:17,2026-06-15 13:39:15,002240,盛新锂能,50.8,-0.5482,51.1,53.47,49.15,51.08,3723794268.16,49.375,45.425
2026-06-15T13:40:18,2026-06-15 13:40:16,603315,福鞍股份,16.21,-0.2462,16.24,16.57,16.11,16.25,160921118.0,16.25,15.54
2026-06-15T13:40:18,2026-06-15 13:40:15,002490,山东墨龙,8.15,-7.8054,8.3,8.47,8.1,8.84,524468592.0,8.84,8.31
2026-06-15T13:40:18,2026-06-15 13:40:15,001268,联合精密,40.91,0.245,41.12,41.63,40.01,40.81,79163312.0,40.81,38.02
2026-06-15T13:40:18,2026-06-15 13:40:15,002824,和胜股份,31.74,10.0173,29.23,31.74,29.02,28.85,434894860.99,28.85,26.91
2026-06-15T13:40:18,2026-06-15 13:40:15,002240,盛新锂能,50.78,-0.5873,51.1,53.47,49.15,51.08,3737575013.16,49.375,45.425
2026-06-15T13:41:19,2026-06-15 13:41:16,603315,福鞍股份,16.21,-0.2462,16.24,16.57,16.11,16.25,161183743.0,16.25,15.54
2026-06-15T13:41:19,2026-06-15 13:41:18,002490,山东墨龙,8.15,-7.8054,8.3,8.47,8.1,8.84,525045933.0,8.84,8.31
2026-06-15T13:41:19,2026-06-15 13:41:18,001268,联合精密,40.94,0.3185,41.12,41.63,40.01,40.81,79298356.0,40.81,38.02
2026-06-15T13:41:19,2026-06-15 13:41:15,002824,和胜股份,31.74,10.0173,29.23,31.74,29.02,28.85,435418570.99,28.85,26.91
2026-06-15T13:41:19,2026-06-15 13:41:18,002240,盛新锂能,50.8,-0.5482,51.1,53.47,49.15,51.08,3743416215.16,49.375,45.425
2026-06-15T13:42:19,2026-06-15 13:42:16,603315,福鞍股份,16.21,-0.2462,16.24,16.57,16.11,16.25,161486963.0,16.25,15.54
2026-06-15T13:42:19,2026-06-15 13:42:15,002490,山东墨龙,8.16,-7.6923,8.3,8.47,8.1,8.84,525779887.0,8.84,8.31
2026-06-15T13:42:19,2026-06-15 13:42:18,001268,联合精密,40.94,0.3185,41.12,41.63,40.01,40.81,79335208.0,40.81,38.02
2026-06-15T13:42:19,2026-06-15 13:42:12,002824,和胜股份,31.74,10.0173,29.23,31.74,29.02,28.85,435430124.35,28.85,26.91
2026-06-15T13:42:19,2026-06-15 13:42:18,002240,盛新锂能,50.77,-0.6069,51.1,53.47,49.15,51.08,3750283458.16,49.375,45.425
2026-06-15T13:43:19,2026-06-15 13:43:19,603315,福鞍股份,16.21,-0.2462,16.24,16.57,16.11,16.25,161655465.0,16.25,15.54
2026-06-15T13:43:19,2026-06-15 13:43:18,002490,山东墨龙,8.15,-7.8054,8.3,8.47,8.1,8.84,526843455.0,8.84,8.31
2026-06-15T13:43:19,2026-06-15 13:43:18,001268,联合精密,40.91,0.245,41.12,41.63,40.01,40.81,79429338.0,40.81,38.02
2026-06-15T13:43:19,2026-06-15 13:43:00,002824,和胜股份,31.74,10.0173,29.23,31.74,29.02,28.85,435636434.35,28.85,26.91
2026-06-15T13:43:19,2026-06-15 13:43:18,002240,盛新锂能,50.73,-0.6852,51.1,53.47,49.15,51.08,3759096292.16,49.375,45.425
2026-06-15T13:44:20,2026-06-15 13:44:16,603315,福鞍股份,16.2,-0.3077,16.24,16.57,16.11,16.25,162558797.0,16.25,15.54
2026-06-15T13:44:20,2026-06-15 13:44:18,002490,山东墨龙,8.16,-7.6923,8.3,8.47,8.1,8.84,527535300.0,8.84,8.31
2026-06-15T13:44:20,2026-06-15 13:44:18,001268,联合精密,40.92,0.2695,41.12,41.63,40.01,40.81,79449794.0,40.81,38.02
2026-06-15T13:44:20,2026-06-15 13:44:15,002824,和胜股份,31.74,10.0173,29.23,31.74,29.02,28.85,435639608.35,28.85,26.91
2026-06-15T13:44:20,2026-06-15 13:44:18,002240,盛新锂能,50.8,-0.5482,51.1,53.47,49.15,51.08,3769487190.16,49.375,45.425
2026-06-15T13:45:20,2026-06-15 13:45:19,603315,福鞍股份,16.18,-0.4308,16.24,16.57,16.11,16.25,163227087.0,16.25,15.54
2026-06-15T13:45:20,2026-06-15 13:45:18,002490,山东墨龙,8.16,-7.6923,8.3,8.47,8.1,8.84,528034051.0,8.84,8.31
2026-06-15T13:45:20,2026-06-15 13:45:18,001268,联合精密,40.96,0.3676,41.12,41.63,40.01,40.81,80052265.0,40.81,38.02
2026-06-15T13:45:20,2026-06-15 13:45:18,002824,和胜股份,31.74,10.0173,29.23,31.74,29.02,28.85,435661826.35,28.85,26.91
2026-06-15T13:45:20,2026-06-15 13:45:18,002240,盛新锂能,51.0,-0.1566,51.1,53.47,49.15,51.08,3780492221.92,49.375,45.425
2026-06-15T13:46:21,2026-06-15 13:46:19,603315,福鞍股份,16.18,-0.4308,16.24,16.57,16.11,16.25,163636472.0,16.25,15.54
2026-06-15T13:46:21,2026-06-15 13:46:21,002490,山东墨龙,8.17,-7.5792,8.3,8.47,8.1,8.84,528776284.0,8.84,8.31
2026-06-15T13:46:21,2026-06-15 13:46:21,001268,联合精密,40.94,0.3185,41.12,41.63,40.01,40.81,80187437.0,40.81,38.02
2026-06-15T13:46:21,2026-06-15 13:46:15,002824,和胜股份,31.74,10.0173,29.23,31.74,29.02,28.85,435661826.35,28.85,26.91
2026-06-15T13:46:21,2026-06-15 13:46:21,002240,盛新锂能,50.96,-0.2349,51.1,53.47,49.15,51.08,3792088457.92,49.375,45.425
2026-06-15T13:47:22,2026-06-15 13:47:19,603315,福鞍股份,16.17,-0.4923,16.24,16.57,16.11,16.25,164256158.0,16.25,15.54
2026-06-15T13:47:22,2026-06-15 13:47:21,002490,山东墨龙,8.15,-7.8054,8.3,8.47,8.1,8.84,530652888.0,8.84,8.31
2026-06-15T13:47:22,2026-06-15 13:47:21,001268,联合精密,40.92,0.2695,41.12,41.63,40.01,40.81,80277456.0,40.81,38.02
2026-06-15T13:47:22,2026-06-15 13:47:03,002824,和胜股份,31.74,10.0173,29.23,31.74,29.02,28.85,435668174.35,28.85,26.91
2026-06-15T13:47:22,2026-06-15 13:47:21,002240,盛新锂能,50.92,-0.3132,51.1,53.47,49.15,51.08,3800618729.92,49.375,45.425
2026-06-15T13:48:22,2026-06-15 13:48:19,603315,福鞍股份,16.17,-0.4923,16.24,16.57,16.11,16.25,165582868.0,16.25,15.54
2026-06-15T13:48:22,2026-06-15 13:48:21,002490,山东墨龙,8.16,-7.6923,8.3,8.47,8.1,8.84,531656580.0,8.84,8.31
2026-06-15T13:48:22,2026-06-15 13:48:21,001268,联合精密,40.9,0.2205,41.12,41.63,40.01,40.81,80375623.0,40.81,38.02
2026-06-15T13:48:22,2026-06-15 13:48:06,002824,和胜股份,31.74,10.0173,29.23,31.74,29.02,28.85,435680870.35,28.85,26.91
2026-06-15T13:48:22,2026-06-15 13:48:21,002240,盛新锂能,50.75,-0.646,51.1,53.47,49.15,51.08,3807603548.92,49.375,45.425
2026-06-15T13:49:22,2026-06-15 13:49:19,603315,福鞍股份,16.17,-0.4923,16.24,16.57,16.11,16.25,166785958.0,16.25,15.54
2026-06-15T13:49:22,2026-06-15 13:49:21,002490,山东墨龙,8.17,-7.5792,8.3,8.47,8.1,8.84,533264972.0,8.84,8.31
2026-06-15T13:49:22,2026-06-15 13:49:21,001268,联合精密,40.84,0.0735,41.12,41.63,40.01,40.81,80714993.0,40.81,38.02
2026-06-15T13:49:22,2026-06-15 13:49:21,002824,和胜股份,31.74,10.0173,29.23,31.74,29.02,28.85,435833222.35,28.85,26.91
2026-06-15T13:49:22,2026-06-15 13:49:21,002240,盛新锂能,50.73,-0.6852,51.1,53.47,49.15,51.08,3815171418.92,49.375,45.425
2026-06-15T13:50:23,2026-06-15 13:50:19,603315,福鞍股份,16.15,-0.6154,16.24,16.57,16.11,16.25,167469632.0,16.25,15.54
2026-06-15T13:50:23,2026-06-15 13:50:21,002490,山东墨龙,8.18,-7.4661,8.3,8.47,8.1,8.84,534115534.0,8.84,8.31
2026-06-15T13:50:23,2026-06-15 13:50:21,001268,联合精密,40.81,0.0,41.12,41.63,40.01,40.81,80800723.0,40.81,38.02
2026-06-15T13:50:23,2026-06-15 13:50:09,002824,和胜股份,31.74,10.0173,29.23,31.74,29.02,28.85,435880832.35,28.85,26.91
2026-06-15T13:50:23,2026-06-15 13:50:21,002240,盛新锂能,50.73,-0.6852,51.1,53.47,49.15,51.08,3821032049.92,49.375,45.425
2026-06-15T13:51:24,2026-06-15 13:51:22,603315,福鞍股份,16.16,-0.5538,16.24,16.57,16.11,16.25,167854240.0,16.25,15.54
2026-06-15T13:51:24,2026-06-15 13:51:21,002490,山东墨龙,8.18,-7.4661,8.3,8.47,8.1,8.84,534914521.0,8.84,8.31
2026-06-15T13:51:24,2026-06-15 13:51:21,001268,联合精密,40.81,0.0,41.12,41.63,40.01,40.81,81176201.0,40.81,38.02
2026-06-15T13:51:24,2026-06-15 13:51:18,002824,和胜股份,31.74,10.0173,29.23,31.74,29.02,28.85,436223624.35,28.85,26.91
2026-06-15T13:51:24,2026-06-15 13:51:21,002240,盛新锂能,50.73,-0.6852,51.1,53.47,49.15,51.08,3826889647.32,49.375,45.425
2026-06-15T13:52:24,2026-06-15 13:52:22,603315,福鞍股份,16.17,-0.4923,16.24,16.57,16.11,16.25,169304755.0,16.25,15.54
2026-06-15T13:52:24,2026-06-15 13:52:21,002490,山东墨龙,8.18,-7.4661,8.3,8.47,8.1,8.84,536302894.0,8.84,8.31
2026-06-15T13:52:24,2026-06-15 13:52:21,001268,联合精密,40.9,0.2205,41.12,41.63,40.01,40.81,81633893.0,40.81,38.02
2026-06-15T13:52:24,2026-06-15 13:52:21,002824,和胜股份,31.74,10.0173,29.23,31.74,29.02,28.85,436287104.35,28.85,26.91
2026-06-15T13:52:24,2026-06-15 13:52:21,002240,盛新锂能,50.61,-0.9201,51.1,53.47,49.15,51.08,3838273582.46,49.375,45.425
2026-06-15T13:53:25,2026-06-15 13:53:22,603315,福鞍股份,16.18,-0.4308,16.24,16.57,16.11,16.25,169544208.0,16.25,15.54
2026-06-15T13:53:25,2026-06-15 13:53:24,002490,山东墨龙,8.17,-7.5792,8.3,8.47,8.1,8.84,537653433.0,8.84,8.31
2026-06-15T13:53:25,2026-06-15 13:53:24,001268,联合精密,40.85,0.098,41.12,41.63,40.01,40.81,81646148.0,40.81,38.02
2026-06-15T13:53:25,2026-06-15 13:53:24,002824,和胜股份,31.74,10.0173,29.23,31.74,29.02,28.85,436404542.35,28.85,26.91
2026-06-15T13:53:25,2026-06-15 13:53:24,002240,盛新锂能,50.5,-1.1355,51.1,53.47,49.15,51.08,3849172601.46,49.375,45.425
2026-06-15T13:54:25,2026-06-15 13:54:22,603315,福鞍股份,16.17,-0.4923,16.24,16.57,16.11,16.25,170165544.0,16.25,15.54
2026-06-15T13:54:25,2026-06-15 13:54:24,002490,山东墨龙,8.17,-7.5792,8.3,8.47,8.1,8.84,540315690.0,8.84,8.31
2026-06-15T13:54:25,2026-06-15 13:54:24,001268,联合精密,40.89,0.196,41.12,41.63,40.01,40.81,82107721.0,40.81,38.02
2026-06-15T13:54:25,2026-06-15 13:54:21,002824,和胜股份,31.74,10.0173,29.23,31.74,29.02,28.85,436436282.35,28.85,26.91
2026-06-15T13:54:25,2026-06-15 13:54:24,002240,盛新锂能,50.33,-1.4683,51.1,53.47,49.15,51.08,3859004174.0,49.375,45.425
2026-06-15T13:55:25,2026-06-15 13:55:19,603315,福鞍股份,16.17,-0.4923,16.24,16.57,16.11,16.25,170248027.0,16.25,15.54
2026-06-15T13:55:25,2026-06-15 13:55:24,002490,山东墨龙,8.16,-7.6923,8.3,8.47,8.1,8.84,541101152.0,8.84,8.31
2026-06-15T13:55:25,2026-06-15 13:55:24,001268,联合精密,40.91,0.245,41.12,41.63,40.01,40.81,82958152.0,40.81,38.02
2026-06-15T13:55:25,2026-06-15 13:55:21,002824,和胜股份,31.74,10.0173,29.23,31.74,29.02,28.85,436487066.35,28.85,26.91
2026-06-15T13:55:25,2026-06-15 13:55:24,002240,盛新锂能,50.31,-1.5074,51.1,53.47,49.15,51.08,3867587324.7,49.375,45.425
2026-06-15T13:56:25,2026-06-15 13:56:22,603315,福鞍股份,16.18,-0.4308,16.24,16.57,16.11,16.25,170361282.0,16.25,15.54
2026-06-15T13:56:25,2026-06-15 13:56:24,002490,山东墨龙,8.17,-7.5792,8.3,8.47,8.1,8.84,542418454.0,8.84,8.31
2026-06-15T13:56:25,2026-06-15 13:56:15,001268,联合精密,40.93,0.294,41.12,41.63,40.01,40.81,83183349.0,40.81,38.02
2026-06-15T13:56:25,2026-06-15 13:56:15,002824,和胜股份,31.74,10.0173,29.23,31.74,29.02,28.85,436496588.35,28.85,26.91
2026-06-15T13:56:25,2026-06-15 13:56:24,002240,盛新锂能,50.35,-1.4291,51.1,53.47,49.15,51.08,3874898150.7,49.375,45.425
2026-06-15T13:57:26,2026-06-15 13:57:22,603315,福鞍股份,16.16,-0.5538,16.24,16.57,16.11,16.25,171565269.0,16.25,15.54
2026-06-15T13:57:26,2026-06-15 13:57:24,002490,山东墨龙,8.16,-7.6923,8.3,8.47,8.1,8.84,543635407.0,8.84,8.31
2026-06-15T13:57:26,2026-06-15 13:57:24,001268,联合精密,40.9,0.2205,41.12,41.63,40.01,40.81,83216082.0,40.81,38.02
2026-06-15T13:57:26,2026-06-15 13:57:24,002824,和胜股份,31.74,10.0173,29.23,31.74,29.02,28.85,436636244.35,28.85,26.91
2026-06-15T13:57:26,2026-06-15 13:57:24,002240,盛新锂能,50.32,-1.4879,51.1,53.47,49.15,51.08,3880052970.7,49.375,45.425
2026-06-15T13:58:26,2026-06-15 13:58:25,603315,福鞍股份,16.16,-0.5538,16.24,16.57,16.11,16.25,171715555.0,16.25,15.54
2026-06-15T13:58:26,2026-06-15 13:58:24,002490,山东墨龙,8.17,-7.5792,8.3,8.47,8.1,8.84,544084401.0,8.84,8.31
2026-06-15T13:58:26,2026-06-15 13:58:24,001268,联合精密,40.88,0.1715,41.12,41.63,40.01,40.81,83285589.0,40.81,38.02
2026-06-15T13:58:26,2026-06-15 13:58:15,002824,和胜股份,31.74,10.0173,29.23,31.74,29.02,28.85,436636244.35,28.85,26.91
2026-06-15T13:58:26,2026-06-15 13:58:24,002240,盛新锂能,50.35,-1.4291,51.1,53.47,49.15,51.08,3883716816.7,49.375,45.425
2026-06-15T13:59:26,2026-06-15 13:59:25,603315,福鞍股份,16.15,-0.6154,16.24,16.57,16.11,16.25,172595936.0,16.25,15.54
2026-06-15T13:59:26,2026-06-15 13:59:24,002490,山东墨龙,8.17,-7.5792,8.3,8.47,8.1,8.84,544423303.0,8.84,8.31
2026-06-15T13:59:26,2026-06-15 13:59:24,001268,联合精密,40.9,0.2205,41.12,41.63,40.01,40.81,83522859.0,40.81,38.02
2026-06-15T13:59:26,2026-06-15 13:59:06,002824,和胜股份,31.74,10.0173,29.23,31.74,29.02,28.85,436674332.35,28.85,26.91
2026-06-15T13:59:26,2026-06-15 13:59:24,002240,盛新锂能,50.52,-1.0963,51.1,53.47,49.15,51.08,3888568653.8,49.375,45.425
2026-06-15T14:00:27,2026-06-15 14:00:25,603315,福鞍股份,16.15,-0.6154,16.24,16.57,16.11,16.25,173453339.0,16.25,15.54
2026-06-15T14:00:27,2026-06-15 14:00:24,002490,山东墨龙,8.15,-7.8054,8.3,8.47,8.1,8.84,546018576.0,8.84,8.31
2026-06-15T14:00:27,2026-06-15 14:00:24,001268,联合精密,40.91,0.245,41.12,41.63,40.01,40.81,83625147.0,40.81,38.02
2026-06-15T14:00:27,2026-06-15 14:00:18,002824,和胜股份,31.74,10.0173,29.23,31.74,29.02,28.85,436902860.35,28.85,26.91
2026-06-15T14:00:27,2026-06-15 14:00:24,002240,盛新锂能,50.57,-0.9984,51.1,53.47,49.15,51.08,3894737646.05,49.375,45.425
2026-06-15T14:01:27,2026-06-15 14:01:25,603315,福鞍股份,16.15,-0.6154,16.24,16.57,16.11,16.25,173768331.0,16.25,15.54
2026-06-15T14:01:27,2026-06-15 14:01:24,002490,山东墨龙,8.16,-7.6923,8.3,8.47,8.1,8.84,546634960.0,8.84,8.31
2026-06-15T14:01:27,2026-06-15 14:01:24,001268,联合精密,40.95,0.3431,41.12,41.63,40.01,40.81,84120295.0,40.81,38.02
2026-06-15T14:01:27,2026-06-15 14:01:06,002824,和胜股份,31.74,10.0173,29.23,31.74,29.02,28.85,436940948.35,28.85,26.91
2026-06-15T14:01:27,2026-06-15 14:01:24,002240,盛新锂能,50.62,-0.9005,51.1,53.47,49.15,51.08,3899575709.05,49.375,45.425
2026-06-15T14:02:27,2026-06-15 14:02:25,603315,福鞍股份,16.14,-0.6769,16.24,16.57,16.11,16.25,177497046.0,16.25,15.54
2026-06-15T14:02:27,2026-06-15 14:02:24,002490,山东墨龙,8.17,-7.5792,8.3,8.47,8.1,8.84,547769902.0,8.84,8.31
2026-06-15T14:02:27,2026-06-15 14:02:24,001268,联合精密,40.96,0.3676,41.12,41.63,40.01,40.81,84173525.0,40.81,38.02
2026-06-15T14:02:27,2026-06-15 14:02:24,002824,和胜股份,31.74,10.0173,29.23,31.74,29.02,28.85,437125040.35,28.85,26.91
2026-06-15T14:02:27,2026-06-15 14:02:24,002240,盛新锂能,50.64,-0.8614,51.1,53.47,49.15,51.08,3903803027.05,49.375,45.425
2026-06-15T14:03:28,2026-06-15 14:03:25,603315,福鞍股份,16.13,-0.7385,16.24,16.57,16.11,16.25,178032704.0,16.25,15.54
2026-06-15T14:03:28,2026-06-15 14:03:27,002490,山东墨龙,8.16,-7.6923,8.3,8.47,8.1,8.84,549818604.0,8.84,8.31
2026-06-15T14:03:28,2026-06-15 14:03:27,001268,联合精密,40.92,0.2695,41.12,41.63,40.01,40.81,84296283.0,40.81,38.02
2026-06-15T14:03:28,2026-06-15 14:03:18,002824,和胜股份,31.74,10.0173,29.23,31.74,29.02,28.85,437312306.35,28.85,26.91
2026-06-15T14:03:28,2026-06-15 14:03:27,002240,盛新锂能,50.67,-0.8027,51.1,53.47,49.15,51.08,3907647702.05,49.375,45.425
2026-06-15T14:04:28,2026-06-15 14:04:25,603315,福鞍股份,16.12,-0.8,16.24,16.57,16.11,16.25,178905008.0,16.25,15.54
2026-06-15T14:04:28,2026-06-15 14:04:27,002490,山东墨龙,8.17,-7.5792,8.3,8.47,8.1,8.84,550228518.0,8.84,8.31
2026-06-15T14:04:28,2026-06-15 14:04:27,001268,联合精密,40.83,0.049,41.12,41.63,40.01,40.81,84745286.0,40.81,38.02
2026-06-15T14:04:28,2026-06-15 14:04:24,002824,和胜股份,31.74,10.0173,29.23,31.74,29.02,28.85,437318654.35,28.85,26.91
2026-06-15T14:04:28,2026-06-15 14:04:27,002240,盛新锂能,50.49,-1.1551,51.1,53.47,49.15,51.08,3915728467.05,49.375,45.425
2026-06-15T14:05:28,2026-06-15 14:05:28,603315,福鞍股份,16.12,-0.8,16.24,16.57,16.11,16.25,179241883.0,16.25,15.54
2026-06-15T14:05:28,2026-06-15 14:05:27,002490,山东墨龙,8.17,-7.5792,8.3,8.47,8.1,8.84,550605071.0,8.84,8.31
2026-06-15T14:05:28,2026-06-15 14:05:27,001268,联合精密,40.81,0.0,41.12,41.63,40.01,40.81,84757531.0,40.81,38.02
2026-06-15T14:05:28,2026-06-15 14:05:27,002824,和胜股份,31.74,10.0173,29.23,31.74,29.02,28.85,437350394.35,28.85,26.91
2026-06-15T14:05:28,2026-06-15 14:05:27,002240,盛新锂能,50.31,-1.5074,51.1,53.47,49.15,51.08,3923790843.11,49.375,45.425
2026-06-15T14:06:29,2026-06-15 14:06:27,603315,福鞍股份,16.12,-0.8,16.24,16.57,16.11,16.25,179567332.0,16.25,15.54
2026-06-15T14:06:29,2026-06-15 14:06:27,002490,山东墨龙,8.18,-7.4661,8.3,8.47,8.1,8.84,550900212.0,8.84,8.31
2026-06-15T14:06:29,2026-06-15 14:06:27,001268,联合精密,40.83,0.049,41.12,41.63,40.01,40.81,84818760.0,40.81,38.02
2026-06-15T14:06:29,2026-06-15 14:06:21,002824,和胜股份,31.74,10.0173,29.23,31.74,29.02,28.85,437391656.35,28.85,26.91
2026-06-15T14:06:29,2026-06-15 14:06:27,002240,盛新锂能,50.31,-1.5074,51.1,53.47,49.15,51.08,3928368596.11,49.375,45.425
2026-06-15T14:07:30,2026-06-15 14:07:28,603315,福鞍股份,16.14,-0.6769,16.24,16.57,16.11,16.25,180012257.0,16.25,15.54
2026-06-15T14:07:30,2026-06-15 14:07:27,002490,山东墨龙,8.18,-7.4661,8.3,8.47,8.1,8.84,552342251.0,8.84,8.31
2026-06-15T14:07:30,2026-06-15 14:07:27,001268,联合精密,40.77,-0.098,41.12,41.63,40.01,40.81,85500239.0,40.81,38.02
2026-06-15T14:07:30,2026-06-15 14:07:15,002824,和胜股份,31.74,10.0173,29.23,31.74,29.02,28.85,437407526.35,28.85,26.91
2026-06-15T14:07:30,2026-06-15 14:07:27,002240,盛新锂能,50.36,-1.4096,51.1,53.47,49.15,51.08,3933841845.11,49.375,45.425
2026-06-15T14:08:30,2026-06-15 14:08:28,603315,福鞍股份,16.14,-0.6769,16.24,16.57,16.11,16.25,180465818.0,16.25,15.54
2026-06-15T14:08:30,2026-06-15 14:08:27,002490,山东墨龙,8.21,-7.1267,8.3,8.47,8.1,8.84,554220157.0,8.84,8.31
2026-06-15T14:08:30,2026-06-15 14:08:27,001268,联合精密,40.91,0.245,41.12,41.63,40.01,40.81,85839128.0,40.81,38.02
2026-06-15T14:08:30,2026-06-15 14:08:18,002824,和胜股份,31.74,10.0173,29.23,31.74,29.02,28.85,437423396.35,28.85,26.91
2026-06-15T14:08:30,2026-06-15 14:08:27,002240,盛新锂能,50.5,-1.1355,51.1,53.47,49.15,51.08,3938681899.65,49.375,45.425
2026-06-15T14:09:30,2026-06-15 14:09:28,603315,福鞍股份,16.13,-0.7385,16.24,16.57,16.11,16.25,180551320.0,16.25,15.54
2026-06-15T14:09:30,2026-06-15 14:09:27,002490,山东墨龙,8.19,-7.3529,8.3,8.47,8.1,8.84,556787736.0,8.84,8.31
2026-06-15T14:09:30,2026-06-15 14:09:27,001268,联合精密,40.91,0.245,41.12,41.63,40.01,40.81,86219296.0,40.81,38.02
2026-06-15T14:09:30,2026-06-15 14:09:27,002824,和胜股份,31.74,10.0173,29.23,31.74,29.02,28.85,437528138.35,28.85,26.91
2026-06-15T14:09:30,2026-06-15 14:09:27,002240,盛新锂能,50.52,-1.0963,51.1,53.47,49.15,51.08,3941166797.65,49.375,45.425
2026-06-15T14:10:31,2026-06-15 14:10:28,603315,福鞍股份,16.13,-0.7385,16.24,16.57,16.11,16.25,180830464.0,16.25,15.54
2026-06-15T14:10:31,2026-06-15 14:10:27,002490,山东墨龙,8.2,-7.2398,8.3,8.47,8.1,8.84,558613060.0,8.84,8.31
2026-06-15T14:10:31,2026-06-15 14:10:24,001268,联合精密,40.89,0.196,41.12,41.63,40.01,40.81,86252011.0,40.81,38.02
2026-06-15T14:10:31,2026-06-15 14:10:18,002824,和胜股份,31.74,10.0173,29.23,31.74,29.02,28.85,437540834.35,28.85,26.91
2026-06-15T14:10:31,2026-06-15 14:10:27,002240,盛新锂能,50.58,-0.9789,51.1,53.47,49.15,51.08,3944472848.65,49.375,45.425
2026-06-15T14:11:31,2026-06-15 14:11:28,603315,福鞍股份,16.13,-0.7385,16.24,16.57,16.11,16.25,181999306.0,16.25,15.54
2026-06-15T14:11:31,2026-06-15 14:11:30,002490,山东墨龙,8.19,-7.3529,8.3,8.47,8.1,8.84,561352518.0,8.84,8.31
2026-06-15T14:11:31,2026-06-15 14:11:30,001268,联合精密,40.82,0.0245,41.12,41.63,40.01,40.81,86366377.0,40.81,38.02
2026-06-15T14:11:31,2026-06-15 14:11:24,002824,和胜股份,31.74,10.0173,29.23,31.74,29.02,28.85,437550356.35,28.85,26.91
2026-06-15T14:11:31,2026-06-15 14:11:30,002240,盛新锂能,50.59,-0.9593,51.1,53.47,49.15,51.08,3948180572.65,49.375,45.425
2026-06-15T14:12:32,2026-06-15 14:12:28,603315,福鞍股份,16.12,-0.8,16.24,16.57,16.11,16.25,182750449.0,16.25,15.54
2026-06-15T14:12:32,2026-06-15 14:12:30,002490,山东墨龙,8.18,-7.4661,8.3,8.47,8.1,8.84,562543474.0,8.84,8.31
2026-06-15T14:12:32,2026-06-15 14:12:27,001268,联合精密,40.81,0.0,41.12,41.63,40.01,40.81,86513304.0,40.81,38.02
2026-06-15T14:12:32,2026-06-15 14:12:30,002824,和胜股份,31.74,10.0173,29.23,31.74,29.02,28.85,437597966.35,28.85,26.91
2026-06-15T14:12:32,2026-06-15 14:12:30,002240,盛新锂能,50.58,-0.9789,51.1,53.47,49.15,51.08,3951757251.65,49.375,45.425
2026-06-15T14:13:32,2026-06-15 14:13:31,603315,福鞍股份,16.13,-0.7385,16.24,16.57,16.11,16.25,182968159.0,16.25,15.54
2026-06-15T14:13:32,2026-06-15 14:13:30,002490,山东墨龙,8.19,-7.3529,8.3,8.47,8.1,8.84,563285396.0,8.84,8.31
2026-06-15T14:13:32,2026-06-15 14:13:24,001268,联合精密,40.8,-0.0245,41.12,41.63,40.01,40.81,86623481.0,40.81,38.02
2026-06-15T14:13:32,2026-06-15 14:13:30,002824,和胜股份,31.74,10.0173,29.23,31.74,29.02,28.85,437658272.35,28.85,26.91
2026-06-15T14:13:32,2026-06-15 14:13:30,002240,盛新锂能,50.41,-1.3117,51.1,53.47,49.15,51.08,3957566554.65,49.375,45.425
2026-06-15T14:14:32,2026-06-15 14:14:31,603315,福鞍股份,16.13,-0.7385,16.24,16.57,16.11,16.25,183253523.0,16.25,15.54
2026-06-15T14:14:32,2026-06-15 14:14:30,002490,山东墨龙,8.18,-7.4661,8.3,8.47,8.1,8.84,565562032.0,8.84,8.31
2026-06-15T14:14:32,2026-06-15 14:14:27,001268,联合精密,40.8,-0.0245,41.12,41.63,40.01,40.81,86749969.0,40.81,38.02
2026-06-15T14:14:32,2026-06-15 14:14:30,002824,和胜股份,31.74,10.0173,29.23,31.74,29.02,28.85,437966150.35,28.85,26.91
2026-06-15T14:14:32,2026-06-15 14:14:30,002240,盛新锂能,50.39,-1.3508,51.1,53.47,49.15,51.08,3961431606.65,49.375,45.425
2026-06-15T14:15:32,2026-06-15 14:15:31,603315,福鞍股份,16.14,-0.6769,16.24,16.57,16.11,16.25,183440634.0,16.25,15.54
2026-06-15T14:15:32,2026-06-15 14:15:30,002490,山东墨龙,8.18,-7.4661,8.3,8.47,8.1,8.84,566123303.0,8.84,8.31
2026-06-15T14:15:32,2026-06-15 14:15:30,001268,联合精密,40.72,-0.2205,41.12,41.63,40.01,40.81,87887129.0,40.81,38.02
2026-06-15T14:15:32,2026-06-15 14:15:27,002824,和胜股份,31.74,10.0173,29.23,31.74,29.02,28.85,438197852.35,28.85,26.91
2026-06-15T14:15:32,2026-06-15 14:15:30,002240,盛新锂能,50.41,-1.3117,51.1,53.47,49.15,51.08,3968450605.65,49.375,45.425
2026-06-15T14:16:33,2026-06-15 14:16:31,603315,福鞍股份,16.14,-0.6769,16.24,16.57,16.11,16.25,183782772.0,16.25,15.54
2026-06-15T14:16:33,2026-06-15 14:16:30,002490,山东墨龙,8.18,-7.4661,8.3,8.47,8.1,8.84,567488554.0,8.84,8.31
2026-06-15T14:16:33,2026-06-15 14:16:30,001268,联合精密,40.66,-0.3676,41.12,41.63,40.01,40.81,88180157.0,40.81,38.02
2026-06-15T14:16:33,2026-06-15 14:16:30,002824,和胜股份,31.74,10.0173,29.23,31.74,29.02,28.85,438331160.35,28.85,26.91
2026-06-15T14:16:33,2026-06-15 14:16:30,002240,盛新锂能,50.41,-1.3117,51.1,53.47,49.15,51.08,3972765247.65,49.375,45.425
2026-06-15T14:17:33,2026-06-15 14:17:31,603315,福鞍股份,16.15,-0.6154,16.24,16.57,16.11,16.25,184145933.0,16.25,15.54
2026-06-15T14:17:33,2026-06-15 14:17:30,002490,山东墨龙,8.18,-7.4661,8.3,8.47,8.1,8.84,568158490.0,8.84,8.31
2026-06-15T14:17:33,2026-06-15 14:17:27,001268,联合精密,40.71,-0.245,41.12,41.63,40.01,40.81,88497401.0,40.81,38.02
2026-06-15T14:17:33,2026-06-15 14:17:12,002824,和胜股份,31.74,10.0173,29.23,31.74,29.02,28.85,438334334.35,28.85,26.91
2026-06-15T14:17:33,2026-06-15 14:17:33,002240,盛新锂能,50.3,-1.527,51.1,53.47,49.15,51.08,3980395036.65,49.375,45.425
2026-06-15T14:18:34,2026-06-15 14:18:31,603315,福鞍股份,16.14,-0.6769,16.24,16.57,16.11,16.25,184512337.0,16.25,15.54
2026-06-15T14:18:34,2026-06-15 14:18:33,002490,山东墨龙,8.17,-7.5792,8.3,8.47,8.1,8.84,568823116.0,8.84,8.31
2026-06-15T14:18:34,2026-06-15 14:18:27,001268,联合精密,40.69,-0.294,41.12,41.63,40.01,40.81,88599133.0,40.81,38.02
2026-06-15T14:18:34,2026-06-15 14:18:30,002824,和胜股份,31.74,10.0173,29.23,31.74,29.02,28.85,438381944.35,28.85,26.91
2026-06-15T14:18:34,2026-06-15 14:18:33,002240,盛新锂能,50.25,-1.6249,51.1,53.47,49.15,51.08,3991031779.75,49.375,45.425
2026-06-15T14:19:34,2026-06-15 14:19:31,603315,福鞍股份,16.14,-0.6769,16.24,16.57,16.11,16.25,184730245.0,16.25,15.54
2026-06-15T14:19:34,2026-06-15 14:19:30,002490,山东墨龙,8.17,-7.5792,8.3,8.47,8.1,8.84,571705617.0,8.84,8.31
2026-06-15T14:19:34,2026-06-15 14:19:33,001268,联合精密,40.68,-0.3185,41.12,41.63,40.01,40.81,88708981.0,40.81,38.02
2026-06-15T14:19:34,2026-06-15 14:19:30,002824,和胜股份,31.74,10.0173,29.23,31.74,29.02,28.85,438414319.15,28.85,26.91
2026-06-15T14:19:34,2026-06-15 14:19:33,002240,盛新锂能,50.16,-1.8011,51.1,53.47,49.15,51.08,3999573939.75,49.375,45.425
2026-06-15T14:20:34,2026-06-15 14:20:34,603315,福鞍股份,16.15,-0.6154,16.24,16.57,16.11,16.25,185025755.0,16.25,15.54
2026-06-15T14:20:34,2026-06-15 14:20:30,002490,山东墨龙,8.16,-7.6923,8.3,8.47,8.1,8.84,572648785.0,8.84,8.31
2026-06-15T14:20:34,2026-06-15 14:20:27,001268,联合精密,40.66,-0.3676,41.12,41.63,40.01,40.81,88855379.0,40.81,38.02
2026-06-15T14:20:34,2026-06-15 14:20:30,002824,和胜股份,31.74,10.0173,29.23,31.74,29.02,28.85,438528583.15,28.85,26.91
2026-06-15T14:20:34,2026-06-15 14:20:33,002240,盛新锂能,50.21,-1.7032,51.1,53.47,49.15,51.08,4008539031.75,49.375,45.425
2026-06-15T14:21:34,2026-06-15 14:21:31,603315,福鞍股份,16.16,-0.5538,16.24,16.57,16.11,16.25,185234202.0,16.25,15.54
2026-06-15T14:21:34,2026-06-15 14:21:33,002490,山东墨龙,8.17,-7.5792,8.3,8.47,8.1,8.84,575612430.0,8.84,8.31
2026-06-15T14:21:34,2026-06-15 14:21:30,001268,联合精密,40.72,-0.2205,41.12,41.63,40.01,40.81,89392660.0,40.81,38.02
2026-06-15T14:21:34,2026-06-15 14:21:21,002824,和胜股份,31.74,10.0173,29.23,31.74,29.02,28.85,438558418.75,28.85,26.91
2026-06-15T14:21:34,2026-06-15 14:21:33,002240,盛新锂能,50.46,-1.2138,51.1,53.47,49.15,51.08,4014753195.75,49.375,45.425
2026-06-15T14:22:35,2026-06-15 14:22:34,603315,福鞍股份,16.15,-0.6154,16.24,16.57,16.11,16.25,185518486.0,16.25,15.54
2026-06-15T14:22:35,2026-06-15 14:22:33,002490,山东墨龙,8.17,-7.5792,8.3,8.47,8.1,8.84,576983904.0,8.84,8.31
2026-06-15T14:22:35,2026-06-15 14:22:18,001268,联合精密,40.71,-0.245,41.12,41.63,40.01,40.81,89465951.0,40.81,38.02
2026-06-15T14:22:35,2026-06-15 14:22:30,002824,和胜股份,31.74,10.0173,29.23,31.74,29.02,28.85,438647290.75,28.85,26.91
2026-06-15T14:22:35,2026-06-15 14:22:33,002240,盛新锂能,50.5,-1.1355,51.1,53.47,49.15,51.08,4020418895.75,49.375,45.425
2026-06-15T14:23:35,2026-06-15 14:23:34,603315,福鞍股份,16.16,-0.5538,16.24,16.57,16.11,16.25,185978695.0,16.25,15.54
2026-06-15T14:23:35,2026-06-15 14:23:33,002490,山东墨龙,8.17,-7.5792,8.3,8.47,8.1,8.84,577609677.0,8.84,8.31
2026-06-15T14:23:35,2026-06-15 14:23:33,001268,联合精密,40.68,-0.3185,41.12,41.63,40.01,40.81,89604313.0,40.81,38.02
2026-06-15T14:23:35,2026-06-15 14:23:27,002824,和胜股份,31.74,10.0173,29.23,31.74,29.02,28.85,438672682.75,28.85,26.91
2026-06-15T14:23:35,2026-06-15 14:23:33,002240,盛新锂能,50.31,-1.5074,51.1,53.47,49.15,51.08,4026152635.92,49.375,45.425
2026-06-15T14:24:35,2026-06-15 14:24:34,603315,福鞍股份,16.17,-0.4923,16.24,16.57,16.11,16.25,186321328.0,16.25,15.54
2026-06-15T14:24:35,2026-06-15 14:24:33,002490,山东墨龙,8.17,-7.5792,8.3,8.47,8.1,8.84,578033089.0,8.84,8.31
2026-06-15T14:24:35,2026-06-15 14:24:33,001268,联合精密,40.78,-0.0735,41.12,41.63,40.01,40.81,90318040.0,40.81,38.02
2026-06-15T14:24:35,2026-06-15 14:24:27,002824,和胜股份,31.74,10.0173,29.23,31.74,29.02,28.85,438799642.75,28.85,26.91
2026-06-15T14:24:35,2026-06-15 14:24:33,002240,盛新锂能,50.28,-1.5662,51.1,53.47,49.15,51.08,4030713780.75,49.375,45.425
2026-06-15T14:25:36,2026-06-15 14:25:34,603315,福鞍股份,16.17,-0.4923,16.24,16.57,16.11,16.25,186735278.0,16.25,15.54
2026-06-15T14:25:36,2026-06-15 14:25:33,002490,山东墨龙,8.18,-7.4661,8.3,8.47,8.1,8.84,578719086.0,8.84,8.31
2026-06-15T14:25:36,2026-06-15 14:25:33,001268,联合精密,40.89,0.196,41.12,41.63,40.01,40.81,90726672.0,40.81,38.02
2026-06-15T14:25:36,2026-06-15 14:25:27,002824,和胜股份,31.74,10.0173,29.23,31.74,29.02,28.85,438805990.75,28.85,26.91
2026-06-15T14:25:36,2026-06-15 14:25:33,002240,盛新锂能,50.27,-1.5857,51.1,53.47,49.15,51.08,4034946162.45,49.375,45.425
2026-06-15T14:26:36,2026-06-15 14:26:34,603315,福鞍股份,16.17,-0.4923,16.24,16.57,16.11,16.25,187192908.0,16.25,15.54
2026-06-15T14:26:36,2026-06-15 14:26:33,002490,山东墨龙,8.17,-7.5792,8.3,8.47,8.1,8.84,579823838.0,8.84,8.31
2026-06-15T14:26:36,2026-06-15 14:26:30,001268,联合精密,40.98,0.4166,41.12,41.63,40.01,40.81,91111675.0,40.81,38.02
2026-06-15T14:26:36,2026-06-15 14:26:27,002824,和胜股份,31.74,10.0173,29.23,31.74,29.02,28.85,438834556.75,28.85,26.91
2026-06-15T14:26:36,2026-06-15 14:26:33,002240,盛新锂能,50.3,-1.527,51.1,53.47,49.15,51.08,4042069565.0,49.375,45.425
2026-06-15T14:27:36,2026-06-15 14:27:34,603315,福鞍股份,16.16,-0.5538,16.24,16.57,16.11,16.25,187768484.0,16.25,15.54
2026-06-15T14:27:36,2026-06-15 14:27:33,002490,山东墨龙,8.18,-7.4661,8.3,8.47,8.1,8.84,580281500.0,8.84,8.31
2026-06-15T14:27:36,2026-06-15 14:27:18,001268,联合精密,40.87,0.147,41.12,41.63,40.01,40.81,91148494.0,40.81,38.02
2026-06-15T14:27:36,2026-06-15 14:27:33,002824,和胜股份,31.74,10.0173,29.23,31.74,29.02,28.85,438889784.35,28.85,26.91
2026-06-15T14:27:36,2026-06-15 14:27:36,002240,盛新锂能,50.3,-1.527,51.1,53.47,49.15,51.08,4049729788.0,49.375,45.425
2026-06-15T14:28:37,2026-06-15 14:28:34,603315,福鞍股份,16.18,-0.4308,16.24,16.57,16.11,16.25,188190554.0,16.25,15.54
2026-06-15T14:28:37,2026-06-15 14:28:36,002490,山东墨龙,8.18,-7.4661,8.3,8.47,8.1,8.84,581005048.0,8.84,8.31
2026-06-15T14:28:37,2026-06-15 14:28:36,001268,联合精密,40.9,0.2205,41.12,41.63,40.01,40.81,91267072.0,40.81,38.02
2026-06-15T14:28:37,2026-06-15 14:28:30,002824,和胜股份,31.74,10.0173,29.23,31.74,29.02,28.85,439080224.35,28.85,26.91
2026-06-15T14:28:37,2026-06-15 14:28:36,002240,盛新锂能,50.28,-1.5662,51.1,53.47,49.15,51.08,4057158039.0,49.375,45.425
2026-06-15T14:29:37,2026-06-15 14:29:34,603315,福鞍股份,16.17,-0.4923,16.24,16.57,16.11,16.25,188507564.0,16.25,15.54
2026-06-15T14:29:37,2026-06-15 14:29:36,002490,山东墨龙,8.17,-7.5792,8.3,8.47,8.1,8.84,582301333.0,8.84,8.31
2026-06-15T14:29:37,2026-06-15 14:29:36,001268,联合精密,40.88,0.1715,41.12,41.63,40.01,40.81,91520431.0,40.81,38.02
2026-06-15T14:29:37,2026-06-15 14:29:36,002824,和胜股份,31.74,10.0173,29.23,31.74,29.02,28.85,439137356.35,28.85,26.91
2026-06-15T14:29:37,2026-06-15 14:29:36,002240,盛新锂能,50.3,-1.527,51.1,53.47,49.15,51.08,4072031266.0,49.375,45.425
2026-06-15T14:30:37,2026-06-15 14:30:34,603315,福鞍股份,16.16,-0.5538,16.24,16.57,16.11,16.25,190491623.0,16.25,15.54
2026-06-15T14:30:37,2026-06-15 14:30:36,002490,山东墨龙,8.16,-7.6923,8.3,8.47,8.1,8.84,590342737.0,8.84,8.31
2026-06-15T14:30:37,2026-06-15 14:30:36,001268,联合精密,40.96,0.3676,41.12,41.63,40.01,40.81,92395221.0,40.81,38.02
2026-06-15T14:30:37,2026-06-15 14:30:27,002824,和胜股份,31.74,10.0173,29.23,31.74,29.02,28.85,439150052.35,28.85,26.91
2026-06-15T14:30:37,2026-06-15 14:30:36,002240,盛新锂能,50.28,-1.5662,51.1,53.47,49.15,51.08,4078780383.0,49.375,45.425
2026-06-15T14:31:39,2026-06-15 14:31:37,603315,福鞍股份,16.17,-0.4923,16.24,16.57,16.11,16.25,190839244.0,16.25,15.54
2026-06-15T14:31:39,2026-06-15 14:31:36,002490,山东墨龙,8.17,-7.5792,8.3,8.47,8.1,8.84,590894681.0,8.84,8.31
2026-06-15T14:31:39,2026-06-15 14:31:33,001268,联合精密,40.95,0.3431,41.12,41.63,40.01,40.81,92727172.0,40.81,38.02
2026-06-15T14:31:39,2026-06-15 14:31:36,002824,和胜股份,31.74,10.0173,29.23,31.74,29.02,28.85,439407146.35,28.85,26.91
2026-06-15T14:31:39,2026-06-15 14:31:36,002240,盛新锂能,50.21,-1.7032,51.1,53.47,49.15,51.08,4089416448.0,49.375,45.425
2026-06-15T14:32:39,2026-06-15 14:32:37,603315,福鞍股份,16.18,-0.4308,16.24,16.57,16.11,16.25,191280575.0,16.25,15.54
2026-06-15T14:32:39,2026-06-15 14:32:36,002490,山东墨龙,8.17,-7.5792,8.3,8.47,8.1,8.84,591971441.0,8.84,8.31
2026-06-15T14:32:39,2026-06-15 14:32:36,001268,联合精密,41.08,0.6616,41.12,41.63,40.01,40.81,93252063.0,40.81,38.02
2026-06-15T14:32:39,2026-06-15 14:32:30,002824,和胜股份,31.74,10.0173,29.23,31.74,29.02,28.85,439470626.35,28.85,26.91
2026-06-15T14:32:39,2026-06-15 14:32:36,002240,盛新锂能,50.26,-1.6053,51.1,53.47,49.15,51.08,4101637719.0,49.375,45.425
2026-06-15T14:33:39,2026-06-15 14:33:37,603315,福鞍股份,16.18,-0.4308,16.24,16.57,16.11,16.25,191437496.0,16.25,15.54
2026-06-15T14:33:39,2026-06-15 14:33:36,002490,山东墨龙,8.17,-7.5792,8.3,8.47,8.1,8.84,592779981.0,8.84,8.31
2026-06-15T14:33:39,2026-06-15 14:33:36,001268,联合精密,41.09,0.6861,41.12,41.63,40.01,40.81,93634270.0,40.81,38.02
2026-06-15T14:33:39,2026-06-15 14:33:27,002824,和胜股份,31.74,10.0173,29.23,31.74,29.02,28.85,439502366.35,28.85,26.91
2026-06-15T14:33:39,2026-06-15 14:33:36,002240,盛新锂能,50.29,-1.5466,51.1,53.47,49.15,51.08,4109669656.0,49.375,45.425
2026-06-15T14:34:40,2026-06-15 14:34:37,603315,福鞍股份,16.18,-0.4308,16.24,16.57,16.11,16.25,191779006.0,16.25,15.54
2026-06-15T14:34:40,2026-06-15 14:34:39,002490,山东墨龙,8.16,-7.6923,8.3,8.47,8.1,8.84,594672547.0,8.84,8.31
2026-06-15T14:34:40,2026-06-15 14:34:39,001268,联合精密,41.23,1.0292,41.12,41.63,40.01,40.81,94197918.0,40.81,38.02
2026-06-15T14:34:40,2026-06-15 14:34:21,002824,和胜股份,31.74,10.0173,29.23,31.74,29.02,28.85,439524584.35,28.85,26.91
2026-06-15T14:34:40,2026-06-15 14:34:39,002240,盛新锂能,50.31,-1.5074,51.1,53.47,49.15,51.08,4117718870.5,49.375,45.425
2026-06-15T14:35:40,2026-06-15 14:35:37,603315,福鞍股份,16.17,-0.4923,16.24,16.57,16.11,16.25,192089637.0,16.25,15.54
2026-06-15T14:35:40,2026-06-15 14:35:39,002490,山东墨龙,8.17,-7.5792,8.3,8.47,8.1,8.84,595665353.0,8.84,8.31
2026-06-15T14:35:40,2026-06-15 14:35:39,001268,联合精密,41.28,1.1517,41.12,41.63,40.01,40.81,94713621.0,40.81,38.02
2026-06-15T14:35:40,2026-06-15 14:35:33,002824,和胜股份,31.74,10.0173,29.23,31.74,29.02,28.85,439556324.35,28.85,26.91
2026-06-15T14:35:40,2026-06-15 14:35:39,002240,盛新锂能,50.39,-1.3508,51.1,53.47,49.15,51.08,4123578535.5,49.375,45.425
2026-06-15T14:36:40,2026-06-15 14:36:40,603315,福鞍股份,16.15,-0.6154,16.24,16.57,16.11,16.25,192892966.0,16.25,15.54
2026-06-15T14:36:40,2026-06-15 14:36:39,002490,山东墨龙,8.17,-7.5792,8.3,8.47,8.1,8.84,596103486.0,8.84,8.31
2026-06-15T14:36:40,2026-06-15 14:36:39,001268,联合精密,41.28,1.1517,41.12,41.63,40.01,40.81,95370330.0,40.81,38.02
2026-06-15T14:36:40,2026-06-15 14:36:39,002824,和胜股份,31.74,10.0173,29.23,31.74,29.02,28.85,439622978.35,28.85,26.91
2026-06-15T14:36:40,2026-06-15 14:36:39,002240,盛新锂能,50.53,-1.0767,51.1,53.47,49.15,51.08,4129966516.5,49.375,45.425
2026-06-15T14:37:41,2026-06-15 14:37:40,603315,福鞍股份,16.15,-0.6154,16.24,16.57,16.11,16.25,193266146.0,16.25,15.54
2026-06-15T14:37:41,2026-06-15 14:37:39,002490,山东墨龙,8.17,-7.5792,8.3,8.47,8.1,8.84,596915977.0,8.84,8.31
2026-06-15T14:37:41,2026-06-15 14:37:39,001268,联合精密,41.34,1.2987,41.12,41.63,40.01,40.81,96488773.0,40.81,38.02
2026-06-15T14:37:41,2026-06-15 14:37:39,002824,和胜股份,31.74,10.0173,29.23,31.74,29.02,28.85,439635674.35,28.85,26.91
2026-06-15T14:37:41,2026-06-15 14:37:39,002240,盛新锂能,50.63,-0.881,51.1,53.47,49.15,51.08,4139808739.0,49.375,45.425
2026-06-15T14:38:41,2026-06-15 14:38:40,603315,福鞍股份,16.16,-0.5538,16.24,16.57,16.11,16.25,194824363.0,16.25,15.54
2026-06-15T14:38:41,2026-06-15 14:38:39,002490,山东墨龙,8.18,-7.4661,8.3,8.47,8.1,8.84,599070343.0,8.84,8.31
2026-06-15T14:38:41,2026-06-15 14:38:39,001268,联合精密,41.32,1.2497,41.12,41.63,40.01,40.81,97952804.0,40.81,38.02
2026-06-15T14:38:41,2026-06-15 14:38:39,002824,和胜股份,31.74,10.0173,29.23,31.74,29.02,28.85,439721372.35,28.85,26.91
2026-06-15T14:38:41,2026-06-15 14:38:39,002240,盛新锂能,50.75,-0.646,51.1,53.47,49.15,51.08,4148175916.37,49.375,45.425
2026-06-15T14:39:41,2026-06-15 14:39:40,603315,福鞍股份,16.14,-0.6769,16.24,16.57,16.11,16.25,196322087.0,16.25,15.54
2026-06-15T14:39:41,2026-06-15 14:39:39,002490,山东墨龙,8.17,-7.5792,8.3,8.47,8.1,8.84,600898387.0,8.84,8.31
2026-06-15T14:39:41,2026-06-15 14:39:39,001268,联合精密,41.4,1.4457,41.12,41.63,40.01,40.81,99412772.0,40.81,38.02
2026-06-15T14:39:41,2026-06-15 14:39:30,002824,和胜股份,31.74,10.0173,29.23,31.74,29.02,28.85,439730894.35,28.85,26.91
2026-06-15T14:39:41,2026-06-15 14:39:39,002240,盛新锂能,50.96,-0.2349,51.1,53.47,49.15,51.08,4159535202.37,49.375,45.425
2026-06-15T14:40:42,2026-06-15 14:40:40,603315,福鞍股份,16.14,-0.6769,16.24,16.57,16.11,16.25,196949909.0,16.25,15.54
2026-06-15T14:40:42,2026-06-15 14:40:39,002490,山东墨龙,8.16,-7.6923,8.3,8.47,8.1,8.84,606153478.0,8.84,8.31
2026-06-15T14:40:42,2026-06-15 14:40:39,001268,联合精密,41.39,1.4212,41.12,41.63,40.01,40.81,99586598.0,40.81,38.02
2026-06-15T14:40:42,2026-06-15 14:40:36,002824,和胜股份,31.74,10.0173,29.23,31.74,29.02,28.85,439807070.35,28.85,26.91
2026-06-15T14:40:42,2026-06-15 14:40:39,002240,盛新锂能,50.88,-0.3915,51.1,53.47,49.15,51.08,4194698775.81,49.375,45.425
2026-06-15T14:41:42,2026-06-15 14:41:40,603315,福鞍股份,16.14,-0.6769,16.24,16.57,16.11,16.25,197419545.0,16.25,15.54
2026-06-15T14:41:42,2026-06-15 14:41:39,002490,山东墨龙,8.17,-7.5792,8.3,8.47,8.1,8.84,607777435.0,8.84,8.31
2026-06-15T14:41:42,2026-06-15 14:41:39,001268,联合精密,41.59,1.9113,41.12,41.63,40.01,40.81,101151472.0,40.81,38.02
2026-06-15T14:41:42,2026-06-15 14:41:30,002824,和胜股份,31.74,10.0173,29.23,31.74,29.02,28.85,439807070.35,28.85,26.91
2026-06-15T14:41:42,2026-06-15 14:41:39,002240,盛新锂能,50.73,-0.6852,51.1,53.47,49.15,51.08,4207912842.81,49.375,45.425
2026-06-15T14:42:42,2026-06-15 14:42:40,603315,福鞍股份,16.13,-0.7385,16.24,16.57,16.11,16.25,198392114.0,16.25,15.54
2026-06-15T14:42:42,2026-06-15 14:42:39,002490,山东墨龙,8.17,-7.5792,8.3,8.47,8.1,8.84,610037877.0,8.84,8.31
2026-06-15T14:42:42,2026-06-15 14:42:39,001268,联合精密,41.69,2.1563,41.12,41.78,40.01,40.81,102577286.0,40.81,38.02
2026-06-15T14:42:42,2026-06-15 14:42:39,002824,和胜股份,31.74,10.0173,29.23,31.74,29.02,28.85,439965770.35,28.85,26.91
2026-06-15T14:42:42,2026-06-15 14:42:39,002240,盛新锂能,50.9,-0.3524,51.1,53.47,49.15,51.08,4221860309.81,49.375,45.425
2026-06-15T14:43:43,2026-06-15 14:43:40,603315,福鞍股份,16.16,-0.5538,16.24,16.57,16.11,16.25,199042555.0,16.25,15.54
2026-06-15T14:43:43,2026-06-15 14:43:42,002490,山东墨龙,8.17,-7.5792,8.3,8.47,8.1,8.84,612818610.0,8.84,8.31
2026-06-15T14:43:43,2026-06-15 14:43:42,001268,联合精密,41.75,2.3034,41.12,41.81,40.01,40.81,105040982.0,40.81,38.02
2026-06-15T14:43:43,2026-06-15 14:43:42,002824,和胜股份,31.74,10.0173,29.23,31.74,29.02,28.85,440038772.35,28.85,26.91
2026-06-15T14:43:43,2026-06-15 14:43:42,002240,盛新锂能,50.99,-0.1762,51.1,53.47,49.15,51.08,4238758324.81,49.375,45.425
2026-06-15T14:44:43,2026-06-15 14:44:40,603315,福鞍股份,16.16,-0.5538,16.24,16.57,16.11,16.25,199634048.0,16.25,15.54
2026-06-15T14:44:43,2026-06-15 14:44:42,002490,山东墨龙,8.16,-7.6923,8.3,8.47,8.1,8.84,615446421.0,8.84,8.31
2026-06-15T14:44:43,2026-06-15 14:44:42,001268,联合精密,41.64,2.0338,41.12,41.81,40.01,40.81,105453572.0,40.81,38.02
2026-06-15T14:44:43,2026-06-15 14:44:42,002824,和胜股份,31.74,10.0173,29.23,31.74,29.02,28.85,440083208.35,28.85,26.91
2026-06-15T14:44:43,2026-06-15 14:44:42,002240,盛新锂能,51.0,-0.1566,51.1,53.47,49.15,51.08,4260288442.81,49.375,45.425
2026-06-15T14:45:43,2026-06-15 14:45:40,603315,福鞍股份,16.16,-0.5538,16.24,16.57,16.11,16.25,200834453.0,16.25,15.54
2026-06-15T14:45:43,2026-06-15 14:45:42,002490,山东墨龙,8.16,-7.6923,8.3,8.47,8.1,8.84,622970458.0,8.84,8.31
2026-06-15T14:45:43,2026-06-15 14:45:42,001268,联合精密,41.75,2.3034,41.12,41.81,40.01,40.81,106071483.0,40.81,38.02
2026-06-15T14:45:43,2026-06-15 14:45:33,002824,和胜股份,31.74,10.0173,29.23,31.74,29.02,28.85,440146688.35,28.85,26.91
2026-06-15T14:45:43,2026-06-15 14:45:42,002240,盛新锂能,51.01,-0.137,51.1,53.47,49.15,51.08,4276464776.81,49.375,45.425
2026-06-15T14:46:44,2026-06-15 14:46:43,603315,福鞍股份,16.16,-0.5538,16.24,16.57,16.11,16.25,201396951.0,16.25,15.54
2026-06-15T14:46:44,2026-06-15 14:46:42,002490,山东墨龙,8.17,-7.5792,8.3,8.47,8.1,8.84,626313212.0,8.84,8.31
2026-06-15T14:46:44,2026-06-15 14:46:42,001268,联合精密,41.84,2.5239,41.12,41.89,40.01,40.81,107175688.0,40.81,38.02
2026-06-15T14:46:44,2026-06-15 14:46:42,002824,和胜股份,31.74,10.0173,29.23,31.74,29.02,28.85,440181602.35,28.85,26.91
2026-06-15T14:46:44,2026-06-15 14:46:42,002240,盛新锂能,50.96,-0.2349,51.1,53.47,49.15,51.08,4292967803.81,49.375,45.425
2026-06-15T14:47:44,2026-06-15 14:47:43,603315,福鞍股份,16.17,-0.4923,16.24,16.57,16.11,16.25,202504070.0,16.25,15.54
2026-06-15T14:47:44,2026-06-15 14:47:42,002490,山东墨龙,8.18,-7.4661,8.3,8.47,8.1,8.84,629359174.0,8.84,8.31
2026-06-15T14:47:44,2026-06-15 14:47:42,001268,联合精密,41.98,2.8669,41.12,42.0,40.01,40.81,109367534.0,40.81,38.02
2026-06-15T14:47:44,2026-06-15 14:47:42,002824,和胜股份,31.74,10.0173,29.23,31.74,29.02,28.85,440405051.95,28.85,26.91
2026-06-15T14:47:44,2026-06-15 14:47:42,002240,盛新锂能,50.92,-0.3132,51.1,53.47,49.15,51.08,4307817500.78,49.375,45.425
2026-06-15T14:48:44,2026-06-15 14:48:43,603315,福鞍股份,16.19,-0.3692,16.24,16.57,16.11,16.25,203431840.0,16.25,15.54
2026-06-15T14:48:44,2026-06-15 14:48:42,002490,山东墨龙,8.18,-7.4661,8.3,8.47,8.1,8.84,631000080.0,8.84,8.31
2026-06-15T14:48:44,2026-06-15 14:48:42,001268,联合精密,41.9,2.6709,41.12,42.0,40.01,40.81,111032293.0,40.81,38.02
2026-06-15T14:48:44,2026-06-15 14:48:42,002824,和胜股份,31.74,10.0173,29.23,31.74,29.02,28.85,440757365.95,28.85,26.91
2026-06-15T14:48:44,2026-06-15 14:48:42,002240,盛新锂能,50.93,-0.2937,51.1,53.47,49.15,51.08,4320899763.78,49.375,45.425
2026-06-15T14:49:45,2026-06-15 14:49:43,603315,福鞍股份,16.2,-0.3077,16.24,16.57,16.11,16.25,204553668.0,16.25,15.54
2026-06-15T14:49:45,2026-06-15 14:49:42,002490,山东墨龙,8.18,-7.4661,8.3,8.47,8.1,8.84,632837815.0,8.84,8.31
2026-06-15T14:49:45,2026-06-15 14:49:42,001268,联合精密,42.12,3.21,41.12,42.17,40.01,40.81,112787249.0,40.81,38.02
2026-06-15T14:49:45,2026-06-15 14:49:33,002824,和胜股份,31.74,10.0173,29.23,31.74,29.02,28.85,440979545.95,28.85,26.91
2026-06-15T14:49:45,2026-06-15 14:49:42,002240,盛新锂能,50.93,-0.2937,51.1,53.47,49.15,51.08,4337626497.78,49.375,45.425
2026-06-15T14:50:45,2026-06-15 14:50:43,603315,福鞍股份,16.2,-0.3077,16.24,16.57,16.11,16.25,206024885.0,16.25,15.54
2026-06-15T14:50:45,2026-06-15 14:50:42,002490,山东墨龙,8.18,-7.4661,8.3,8.47,8.1,8.84,641539593.0,8.84,8.31
2026-06-15T14:50:45,2026-06-15 14:50:42,001268,联合精密,41.98,2.8669,41.12,42.28,40.01,40.81,114991774.0,40.81,38.02
2026-06-15T14:50:45,2026-06-15 14:50:42,002824,和胜股份,31.74,10.0173,29.23,31.74,29.02,28.85,441065243.95,28.85,26.91
2026-06-15T14:50:45,2026-06-15 14:50:42,002240,盛新锂能,50.97,-0.2153,51.1,53.47,49.15,51.08,4355947317.63,49.375,45.425
2026-06-15T14:51:45,2026-06-15 14:51:43,603315,福鞍股份,16.22,-0.1846,16.24,16.57,16.11,16.25,207257614.0,16.25,15.54
2026-06-15T14:51:45,2026-06-15 14:51:42,002490,山东墨龙,8.18,-7.4661,8.3,8.47,8.1,8.84,645252090.0,8.84,8.31
2026-06-15T14:51:45,2026-06-15 14:51:42,001268,联合精密,42.0,2.916,41.12,42.28,40.01,40.81,115928597.0,40.81,38.02
2026-06-15T14:51:45,2026-06-15 14:51:42,002824,和胜股份,31.74,10.0173,29.23,31.74,29.02,28.85,441100157.95,28.85,26.91
2026-06-15T14:51:45,2026-06-15 14:51:42,002240,盛新锂能,50.99,-0.1762,51.1,53.47,49.15,51.08,4372594737.63,49.375,45.425
2026-06-15T14:52:46,2026-06-15 14:52:43,603315,福鞍股份,16.24,-0.0615,16.24,16.57,16.11,16.25,209222580.0,16.25,15.54
2026-06-15T14:52:46,2026-06-15 14:52:45,002490,山东墨龙,8.19,-7.3529,8.3,8.47,8.1,8.84,648009920.3,8.84,8.31
2026-06-15T14:52:46,2026-06-15 14:52:45,001268,联合精密,42.27,3.5776,41.12,42.28,40.01,40.81,117380763.0,40.81,38.02
2026-06-15T14:52:46,2026-06-15 14:52:45,002824,和胜股份,31.74,10.0173,29.23,31.74,29.02,28.85,441801611.95,28.85,26.91
2026-06-15T14:52:46,2026-06-15 14:52:45,002240,盛新锂能,51.04,-0.0783,51.1,53.47,49.15,51.08,4396431189.63,49.375,45.425
2026-06-15T14:53:46,2026-06-15 14:53:43,603315,福鞍股份,16.25,0.0,16.24,16.57,16.11,16.25,211745098.0,16.25,15.54
2026-06-15T14:53:46,2026-06-15 14:53:45,002490,山东墨龙,8.2,-7.2398,8.3,8.47,8.1,8.84,653163455.3,8.84,8.31
2026-06-15T14:53:46,2026-06-15 14:53:45,001268,联合精密,42.38,3.8471,41.12,42.45,40.01,40.81,118993059.0,40.81,38.02
2026-06-15T14:53:46,2026-06-15 14:53:45,002824,和胜股份,31.74,10.0173,29.23,31.74,29.02,28.85,442490369.95,28.85,26.91
2026-06-15T14:53:46,2026-06-15 14:53:45,002240,盛新锂能,51.1,0.0392,51.1,53.47,49.15,51.08,4413857036.03,49.375,45.425
2026-06-15T14:54:46,2026-06-15 14:54:43,603315,福鞍股份,16.23,-0.1231,16.24,16.57,16.11,16.25,214029209.0,16.25,15.54
2026-06-15T14:54:46,2026-06-15 14:54:45,002490,山东墨龙,8.22,-7.0136,8.3,8.47,8.1,8.84,660405753.3,8.84,8.31
2026-06-15T14:54:46,2026-06-15 14:54:45,001268,联合精密,42.41,3.9206,41.12,42.45,40.01,40.81,121876657.0,40.81,38.02
2026-06-15T14:54:46,2026-06-15 14:54:45,002824,和胜股份,31.74,10.0173,29.23,31.74,29.02,28.85,443194997.95,28.85,26.91
2026-06-15T14:54:46,2026-06-15 14:54:45,002240,盛新锂能,51.22,0.2741,51.1,53.47,49.15,51.08,4432030054.03,49.375,45.425
2026-06-15T14:55:46,2026-06-15 14:55:46,603315,福鞍股份,16.25,0.0,16.24,16.57,16.11,16.25,216081385.0,16.25,15.54
2026-06-15T14:55:46,2026-06-15 14:55:45,002490,山东墨龙,8.22,-7.0136,8.3,8.47,8.1,8.84,667088515.3,8.84,8.31
2026-06-15T14:55:46,2026-06-15 14:55:45,001268,联合精密,42.39,3.8716,41.12,42.66,40.01,40.81,123930697.0,40.81,38.02
2026-06-15T14:55:46,2026-06-15 14:55:45,002824,和胜股份,31.74,10.0173,29.23,31.74,29.02,28.85,444118631.95,28.85,26.91
2026-06-15T14:55:46,2026-06-15 14:55:45,002240,盛新锂能,51.42,0.6656,51.1,53.47,49.15,51.08,4453805980.28,49.375,45.425
2026-06-15T14:56:47,2026-06-15 14:56:46,603315,福鞍股份,16.26,0.0615,16.24,16.57,16.11,16.25,218661854.0,16.25,15.54
2026-06-15T14:56:47,2026-06-15 14:56:45,002490,山东墨龙,8.23,-6.9005,8.3,8.47,8.1,8.84,674386943.29,8.84,8.31
2026-06-15T14:56:47,2026-06-15 14:56:45,001268,联合精密,42.53,4.2147,41.12,42.66,40.01,40.81,125632534.0,40.81,38.02
2026-06-15T14:56:47,2026-06-15 14:56:45,002824,和胜股份,31.74,10.0173,29.23,31.74,29.02,28.85,445150181.95,28.85,26.91
2026-06-15T14:56:47,2026-06-15 14:56:45,002240,盛新锂能,51.59,0.9984,51.1,53.47,49.15,51.08,4484983399.38,49.375,45.425
2026-06-15T14:57:47,2026-06-15 14:57:46,603315,福鞍股份,16.27,0.1231,16.24,16.57,16.11,16.25,219200163.0,16.25,15.54
2026-06-15T14:57:47,2026-06-15 14:57:45,002490,山东墨龙,8.23,-6.9005,8.3,8.47,8.1,8.84,675325772.29,8.84,8.31
2026-06-15T14:57:47,2026-06-15 14:57:45,001268,联合精密,42.59,4.3617,41.12,42.66,40.01,40.81,125798602.0,40.81,38.02
2026-06-15T14:57:47,2026-06-15 14:57:45,002824,和胜股份,31.74,10.0173,29.23,31.74,29.02,28.85,445162877.95,28.85,26.91
2026-06-15T14:57:47,2026-06-15 14:57:45,002240,盛新锂能,51.63,1.0767,51.1,53.47,49.15,51.08,4495135498.38,49.375,45.425
2026-06-15T14:58:47,2026-06-15 14:58:46,603315,福鞍股份,16.27,0.1231,16.24,16.57,16.11,16.25,219200163.0,16.25,15.54
2026-06-15T14:58:47,2026-06-15 14:58:39,002490,山东墨龙,8.23,-6.9005,8.3,8.47,8.1,8.84,675325772.29,8.84,8.31
2026-06-15T14:58:47,2026-06-15 14:58:39,001268,联合精密,42.59,4.3617,41.12,42.66,40.01,40.81,125798602.0,40.81,38.02
2026-06-15T14:58:47,2026-06-15 14:58:39,002824,和胜股份,31.74,10.0173,29.23,31.74,29.02,28.85,445162877.95,28.85,26.91
2026-06-15T14:58:47,2026-06-15 14:58:39,002240,盛新锂能,51.63,1.0767,51.1,53.47,49.15,51.08,4495135498.38,49.375,45.425
2026-06-15T14:59:48,2026-06-15 14:59:45,603315,福鞍股份,16.27,0.1231,16.24,16.57,16.11,16.25,219200163.0,16.25,15.54
2026-06-15T14:59:48,2026-06-15 14:59:42,002490,山东墨龙,8.23,-6.9005,8.3,8.47,8.1,8.84,675325772.29,8.84,8.31
2026-06-15T14:59:48,2026-06-15 14:59:42,001268,联合精密,42.59,4.3617,41.12,42.66,40.01,40.81,125798602.0,40.81,38.02
2026-06-15T14:59:48,2026-06-15 14:59:42,002824,和胜股份,31.74,10.0173,29.23,31.74,29.02,28.85,445162877.95,28.85,26.91
2026-06-15T14:59:48,2026-06-15 14:59:42,002240,盛新锂能,51.63,1.0767,51.1,53.47,49.15,51.08,4495135498.38,49.375,45.425
