local_time,quote_time,code,name,price,pct,open,high,low,prev_close,amount,trigger_price,invalid_price
2026-06-23T09:25:28,2026-06-23 09:25:16,603616,韩建河山,6.58,0.0,6.58,6.58,6.58,6.58,7403158.0,6.58,5.91
2026-06-23T09:25:28,2026-06-23 09:25:00,000839,国安股份,2.9,-1.3605,2.9,2.9,2.9,2.94,2814740.0,2.94,2.59
2026-06-23T09:25:28,2026-06-23 09:25:00,002907,华森制药,13.02,-0.5348,13.02,13.02,13.02,13.09,1628802.0,13.09,12.09
2026-06-23T09:25:28,2026-06-23 09:25:00,002158,汉钟精机,35.2,2.5044,35.2,35.2,35.2,34.34,7441280.0,34.34,31.23
2026-06-23T09:25:28,2026-06-23 09:25:12,603956,威派格,5.17,0.0,5.17,5.17,5.17,5.17,1983729.0,5.17,4.53
2026-06-23T09:25:28,2026-06-23 09:25:00,000534,万泽股份,31.48,-0.1902,31.48,31.48,31.48,31.54,1621220.0,31.54,29.88
2026-06-23T09:25:28,2026-06-23 09:25:02,600183,生益科技,179.0,-2.981,179.0,179.0,179.0,184.5,157617555.0,184.075,169.349
2026-06-23T09:26:32,2026-06-23 09:26:16,603616,韩建河山,6.58,0.0,6.58,6.58,6.58,6.58,7403158.0,6.58,5.91
2026-06-23T09:26:32,2026-06-23 09:25:00,000839,国安股份,2.9,-1.3605,2.9,2.9,2.9,2.94,2814740.0,2.94,2.59
2026-06-23T09:26:32,2026-06-23 09:25:00,002907,华森制药,13.02,-0.5348,13.02,13.02,13.02,13.09,1628802.0,13.09,12.09
2026-06-23T09:26:32,2026-06-23 09:25:00,002158,汉钟精机,35.2,2.5044,35.2,35.2,35.2,34.34,7441280.0,34.34,31.23
2026-06-23T09:26:32,2026-06-23 09:26:12,603956,威派格,5.17,0.0,5.17,5.17,5.17,5.17,1983729.0,5.17,4.53
2026-06-23T09:26:32,2026-06-23 09:25:00,000534,万泽股份,31.48,-0.1902,31.48,31.48,31.48,31.54,1621220.0,31.54,29.88
2026-06-23T09:26:32,2026-06-23 09:26:02,600183,生益科技,179.0,-2.981,179.0,179.0,179.0,184.5,157617555.0,184.075,169.349
2026-06-23T09:27:33,2026-06-23 09:27:16,603616,韩建河山,6.58,0.0,6.58,6.58,6.58,6.58,7403158.0,6.58,5.91
2026-06-23T09:27:33,2026-06-23 09:25:00,000839,国安股份,2.9,-1.3605,2.9,2.9,2.9,2.94,2814740.0,2.94,2.59
2026-06-23T09:27:33,2026-06-23 09:25:00,002907,华森制药,13.02,-0.5348,13.02,13.02,13.02,13.09,1628802.0,13.09,12.09
2026-06-23T09:27:33,2026-06-23 09:25:00,002158,汉钟精机,35.2,2.5044,35.2,35.2,35.2,34.34,7441280.0,34.34,31.23
2026-06-23T09:27:33,2026-06-23 09:27:12,603956,威派格,5.17,0.0,5.17,5.17,5.17,5.17,1983729.0,5.17,4.53
2026-06-23T09:27:33,2026-06-23 09:25:00,000534,万泽股份,31.48,-0.1902,31.48,31.48,31.48,31.54,1621220.0,31.54,29.88
2026-06-23T09:27:33,2026-06-23 09:27:02,600183,生益科技,179.0,-2.981,179.0,179.0,179.0,184.5,157617555.0,184.075,169.349
2026-06-23T09:28:34,2026-06-23 09:28:16,603616,韩建河山,6.58,0.0,6.58,6.58,6.58,6.58,7403158.0,6.58,5.91
2026-06-23T09:28:34,2026-06-23 09:25:00,000839,国安股份,2.9,-1.3605,2.9,2.9,2.9,2.94,2814740.0,2.94,2.59
2026-06-23T09:28:34,2026-06-23 09:25:00,002907,华森制药,13.02,-0.5348,13.02,13.02,13.02,13.09,1628802.0,13.09,12.09
2026-06-23T09:28:34,2026-06-23 09:25:00,002158,汉钟精机,35.2,2.5044,35.2,35.2,35.2,34.34,7441280.0,34.34,31.23
2026-06-23T09:28:34,2026-06-23 09:28:12,603956,威派格,5.17,0.0,5.17,5.17,5.17,5.17,1983729.0,5.17,4.53
2026-06-23T09:28:34,2026-06-23 09:25:00,000534,万泽股份,31.48,-0.1902,31.48,31.48,31.48,31.54,1621220.0,31.54,29.88
2026-06-23T09:28:34,2026-06-23 09:28:02,600183,生益科技,179.0,-2.981,179.0,179.0,179.0,184.5,157617555.0,184.075,169.349
2026-06-23T09:29:36,2026-06-23 09:29:16,603616,韩建河山,6.58,0.0,6.58,6.58,6.58,6.58,7403158.0,6.58,5.91
2026-06-23T09:29:36,2026-06-23 09:25:00,000839,国安股份,2.9,-1.3605,2.9,2.9,2.9,2.94,2814740.0,2.94,2.59
2026-06-23T09:29:36,2026-06-23 09:25:00,002907,华森制药,13.02,-0.5348,13.02,13.02,13.02,13.09,1628802.0,13.09,12.09
2026-06-23T09:29:36,2026-06-23 09:25:00,002158,汉钟精机,35.2,2.5044,35.2,35.2,35.2,34.34,7441280.0,34.34,31.23
2026-06-23T09:29:36,2026-06-23 09:29:12,603956,威派格,5.17,0.0,5.17,5.17,5.17,5.17,1983729.0,5.17,4.53
2026-06-23T09:29:36,2026-06-23 09:25:00,000534,万泽股份,31.48,-0.1902,31.48,31.48,31.48,31.54,1621220.0,31.54,29.88
2026-06-23T09:29:36,2026-06-23 09:29:32,600183,生益科技,179.0,-2.981,179.0,179.0,179.0,184.5,157617555.0,184.075,169.349
2026-06-23T09:30:37,2026-06-23 09:30:36,603616,韩建河山,6.65,1.0638,6.58,6.73,6.57,6.58,14097171.0,6.58,5.91
2026-06-23T09:30:37,2026-06-23 09:30:36,000839,国安股份,2.86,-2.7211,2.9,2.91,2.85,2.94,13971322.0,2.94,2.59
2026-06-23T09:30:37,2026-06-23 09:30:33,002907,华森制药,13.55,3.5141,13.02,13.61,13.02,13.09,7074959.0,13.09,12.09
2026-06-23T09:30:37,2026-06-23 09:30:33,002158,汉钟精机,34.78,1.2813,35.2,35.4,34.7,34.34,40383063.0,34.34,31.23
2026-06-23T09:30:37,2026-06-23 09:30:35,603956,威派格,5.11,-1.1605,5.17,5.18,5.11,5.17,3784736.0,5.17,4.53
2026-06-23T09:30:37,2026-06-23 09:30:36,000534,万泽股份,31.55,0.0317,31.48,32.07,31.1,31.54,20084908.72,31.54,29.88
2026-06-23T09:30:37,2026-06-23 09:30:34,600183,生益科技,179.11,-2.9214,179.0,180.0,179.0,184.5,329293235.0,184.075,169.349
2026-06-23T09:31:38,2026-06-23 09:31:36,603616,韩建河山,6.63,0.7599,6.58,6.73,6.57,6.58,24021630.0,6.58,5.91
2026-06-23T09:31:38,2026-06-23 09:31:36,000839,国安股份,2.85,-3.0612,2.9,2.91,2.85,2.94,22674250.0,2.94,2.59
2026-06-23T09:31:38,2026-06-23 09:31:36,002907,华森制药,13.57,3.6669,13.02,13.84,13.02,13.09,15872657.0,13.09,12.09
2026-06-23T09:31:38,2026-06-23 09:31:36,002158,汉钟精机,34.51,0.495,35.2,35.4,34.43,34.34,57183098.0,34.34,31.23
2026-06-23T09:31:38,2026-06-23 09:31:35,603956,威派格,5.07,-1.9342,5.17,5.18,5.05,5.17,6955454.0,5.17,4.53
2026-06-23T09:31:38,2026-06-23 09:31:36,000534,万泽股份,31.57,0.0951,31.48,32.07,31.1,31.54,34846053.72,31.54,29.88
2026-06-23T09:31:38,2026-06-23 09:31:34,600183,生益科技,176.79,-4.1789,179.0,180.0,176.68,184.5,630945298.0,184.075,169.349
2026-06-23T09:32:39,2026-06-23 09:32:36,603616,韩建河山,6.7,1.8237,6.58,6.73,6.57,6.58,30149605.0,6.58,5.91
2026-06-23T09:32:39,2026-06-23 09:32:36,000839,国安股份,2.88,-2.0408,2.9,2.91,2.85,2.94,28247542.0,2.94,2.59
2026-06-23T09:32:39,2026-06-23 09:32:36,002907,华森制药,13.64,4.2017,13.02,13.84,13.02,13.09,22997323.0,13.09,12.09
2026-06-23T09:32:39,2026-06-23 09:32:36,002158,汉钟精机,34.5,0.4659,35.2,35.4,34.26,34.34,68113148.0,34.34,31.23
2026-06-23T09:32:39,2026-06-23 09:32:38,603956,威派格,5.06,-2.1277,5.17,5.18,5.03,5.17,9950904.0,5.17,4.53
2026-06-23T09:32:39,2026-06-23 09:32:36,000534,万泽股份,31.39,-0.4756,31.48,32.07,31.1,31.54,43535899.72,31.54,29.88
2026-06-23T09:32:39,2026-06-23 09:32:37,600183,生益科技,175.05,-5.122,179.0,180.0,175.01,184.5,1023203216.0,184.075,169.349
2026-06-23T09:33:41,2026-06-23 09:33:39,603616,韩建河山,6.72,2.1277,6.58,6.75,6.57,6.58,40369775.0,6.58,5.91
2026-06-23T09:33:41,2026-06-23 09:33:39,000839,国安股份,2.86,-2.7211,2.9,2.91,2.85,2.94,33087522.0,2.94,2.59
2026-06-23T09:33:41,2026-06-23 09:33:39,002907,华森制药,13.72,4.8128,13.02,13.84,13.02,13.09,30342203.0,13.09,12.09
2026-06-23T09:33:41,2026-06-23 09:33:39,002158,汉钟精机,34.46,0.3494,35.2,35.4,34.26,34.34,80528174.0,34.34,31.23
2026-06-23T09:33:41,2026-06-23 09:33:38,603956,威派格,5.03,-2.7079,5.17,5.18,5.02,5.17,13017233.0,5.17,4.53
2026-06-23T09:33:41,2026-06-23 09:33:39,000534,万泽股份,31.32,-0.6975,31.48,32.07,31.1,31.54,48017535.34,31.54,29.88
2026-06-23T09:33:41,2026-06-23 09:33:40,600183,生益科技,177.0,-4.065,179.0,180.0,174.9,184.5,1449544796.0,184.075,169.349
2026-06-23T09:34:42,2026-06-23 09:34:39,603616,韩建河山,6.72,2.1277,6.58,6.78,6.57,6.58,47622516.0,6.58,5.91
2026-06-23T09:34:42,2026-06-23 09:34:39,000839,国安股份,2.87,-2.381,2.9,2.91,2.85,2.94,38196859.0,2.94,2.59
2026-06-23T09:34:42,2026-06-23 09:34:39,002907,华森制药,13.71,4.7364,13.02,13.84,13.02,13.09,34548292.0,13.09,12.09
2026-06-23T09:34:42,2026-06-23 09:34:39,002158,汉钟精机,34.32,-0.0582,35.2,35.4,34.2,34.34,88689825.0,34.34,31.23
2026-06-23T09:34:42,2026-06-23 09:34:41,603956,威派格,5.02,-2.9014,5.17,5.18,5.02,5.17,15438418.0,5.17,4.53
2026-06-23T09:34:42,2026-06-23 09:34:39,000534,万泽股份,31.25,-0.9195,31.48,32.07,31.1,31.54,54821058.34,31.54,29.88
2026-06-23T09:34:42,2026-06-23 09:34:40,600183,生益科技,178.49,-3.2575,179.0,180.0,174.9,184.5,1624297854.0,184.075,169.349
2026-06-23T09:35:43,2026-06-23 09:35:42,603616,韩建河山,6.77,2.8875,6.58,6.78,6.57,6.58,55599719.0,6.58,5.91
2026-06-23T09:35:43,2026-06-23 09:35:42,000839,国安股份,2.89,-1.7007,2.9,2.91,2.85,2.94,42825803.0,2.94,2.59
2026-06-23T09:35:43,2026-06-23 09:35:42,002907,华森制药,13.8,5.424,13.02,13.84,13.02,13.09,40400328.0,13.09,12.09
2026-06-23T09:35:43,2026-06-23 09:35:42,002158,汉钟精机,34.11,-0.6698,35.2,35.4,34.09,34.34,97772172.0,34.34,31.23
2026-06-23T09:35:43,2026-06-23 09:35:41,603956,威派格,5.03,-2.7079,5.17,5.18,5.01,5.17,16521250.0,5.17,4.53
2026-06-23T09:35:43,2026-06-23 09:35:42,000534,万泽股份,31.02,-1.6487,31.48,32.07,31.01,31.54,60419557.34,31.54,29.88
2026-06-23T09:35:43,2026-06-23 09:35:40,600183,生益科技,177.11,-4.0054,179.0,180.0,174.9,184.5,1798046328.0,184.075,169.349
2026-06-23T09:36:46,2026-06-23 09:36:42,603616,韩建河山,6.81,3.4954,6.58,6.84,6.57,6.58,63624453.0,6.58,5.91
2026-06-23T09:36:46,2026-06-23 09:36:42,000839,国安股份,2.88,-2.0408,2.9,2.91,2.85,2.94,45075235.0,2.94,2.59
2026-06-23T09:36:46,2026-06-23 09:36:42,002907,华森制药,14.04,7.2574,13.02,14.28,13.02,13.09,49294481.0,13.09,12.09
2026-06-23T09:36:46,2026-06-23 09:36:42,002158,汉钟精机,34.16,-0.5242,35.2,35.4,34.08,34.34,109889674.0,34.34,31.23
2026-06-23T09:36:46,2026-06-23 09:36:44,603956,威派格,5.05,-2.3211,5.17,5.18,5.01,5.17,17918246.0,5.17,4.53
2026-06-23T09:36:46,2026-06-23 09:36:42,000534,万泽股份,31.05,-1.5536,31.48,32.07,31.0,31.54,65815310.34,31.54,29.88
2026-06-23T09:36:46,2026-06-23 09:36:43,600183,生益科技,175.9,-4.6612,179.0,180.0,174.9,184.5,1982795197.0,184.075,169.349
2026-06-23T09:37:47,2026-06-23 09:37:45,603616,韩建河山,6.78,3.0395,6.58,6.84,6.57,6.58,71179094.0,6.58,5.91
2026-06-23T09:37:47,2026-06-23 09:37:45,000839,国安股份,2.88,-2.0408,2.9,2.91,2.85,2.94,48265349.0,2.94,2.59
2026-06-23T09:37:47,2026-06-23 09:37:45,002907,华森制药,14.13,7.945,13.02,14.28,13.02,13.09,54017023.0,13.09,12.09
2026-06-23T09:37:47,2026-06-23 09:37:45,002158,汉钟精机,33.87,-1.3687,35.2,35.4,33.82,34.34,115356331.18,34.34,31.23
2026-06-23T09:37:47,2026-06-23 09:37:44,603956,威派格,5.06,-2.1277,5.17,5.18,5.01,5.17,18807766.0,5.17,4.53
2026-06-23T09:37:47,2026-06-23 09:37:45,000534,万泽股份,30.93,-1.9341,31.48,32.07,30.88,31.54,73955434.34,31.54,29.88
2026-06-23T09:37:47,2026-06-23 09:37:43,600183,生益科技,174.99,-5.1545,179.0,180.0,174.9,184.5,2244813544.0,184.075,169.349
2026-06-23T09:38:48,2026-06-23 09:38:45,603616,韩建河山,6.71,1.9757,6.58,6.84,6.57,6.58,76367964.0,6.58,5.91
2026-06-23T09:38:48,2026-06-23 09:38:45,000839,国安股份,2.88,-2.0408,2.9,2.91,2.85,2.94,49318475.0,2.94,2.59
2026-06-23T09:38:48,2026-06-23 09:38:45,002907,华森制药,14.24,8.7853,13.02,14.29,13.02,13.09,60122227.0,13.09,12.09
2026-06-23T09:38:48,2026-06-23 09:38:45,002158,汉钟精机,33.42,-2.6791,35.2,35.4,33.41,34.34,126292487.18,34.34,31.23
2026-06-23T09:38:48,2026-06-23 09:38:44,603956,威派格,5.04,-2.5145,5.17,5.18,5.01,5.17,19438070.0,5.17,4.53
2026-06-23T09:38:48,2026-06-23 09:38:45,000534,万泽股份,30.82,-2.2828,31.48,32.07,30.8,31.54,83920190.34,31.54,29.88
2026-06-23T09:38:48,2026-06-23 09:38:46,600183,生益科技,173.5,-5.9621,179.0,180.0,173.26,184.5,2479966341.0,184.075,169.349
2026-06-23T09:39:49,2026-06-23 09:39:48,603616,韩建河山,6.72,2.1277,6.58,6.84,6.57,6.58,79554028.0,6.58,5.91
2026-06-23T09:39:49,2026-06-23 09:39:48,000839,国安股份,2.88,-2.0408,2.9,2.91,2.85,2.94,51824410.0,2.94,2.59
2026-06-23T09:39:49,2026-06-23 09:39:48,002907,华森制药,14.26,8.9381,13.02,14.29,13.02,13.09,64325501.0,13.09,12.09
2026-06-23T09:39:49,2026-06-23 09:39:48,002158,汉钟精机,33.63,-2.0676,35.2,35.4,33.35,34.34,136165889.18,34.34,31.23
2026-06-23T09:39:49,2026-06-23 09:39:47,603956,威派格,5.04,-2.5145,5.17,5.18,5.01,5.17,20841601.0,5.17,4.53
2026-06-23T09:39:49,2026-06-23 09:39:48,000534,万泽股份,30.95,-1.8706,31.48,32.07,30.8,31.54,94860709.34,31.54,29.88
2026-06-23T09:39:49,2026-06-23 09:39:46,600183,生益科技,174.36,-5.4959,179.0,180.0,172.68,184.5,2762105634.0,184.075,169.349
2026-06-23T09:40:51,2026-06-23 09:40:48,603616,韩建河山,6.69,1.6717,6.58,6.84,6.57,6.58,82193241.0,6.58,5.91
2026-06-23T09:40:51,2026-06-23 09:40:48,000839,国安股份,2.87,-2.381,2.9,2.91,2.85,2.94,53944294.0,2.94,2.59
2026-06-23T09:40:51,2026-06-23 09:40:48,002907,华森制药,14.31,9.3201,13.02,14.32,13.02,13.09,71457779.0,13.09,12.09
2026-06-23T09:40:51,2026-06-23 09:40:48,002158,汉钟精机,33.5,-2.4461,35.2,35.4,33.35,34.34,143232789.18,34.34,31.23
2026-06-23T09:40:51,2026-06-23 09:40:47,603956,威派格,5.06,-2.1277,5.17,5.18,5.01,5.17,21527884.0,5.17,4.53
2026-06-23T09:40:51,2026-06-23 09:40:48,000534,万泽股份,30.98,-1.7755,31.48,32.07,30.8,31.54,100178339.34,31.54,29.88
2026-06-23T09:40:51,2026-06-23 09:40:49,600183,生益科技,175.5,-4.878,179.0,180.0,172.68,184.5,2967868130.0,184.075,169.349
2026-06-23T09:41:53,2026-06-23 09:41:51,603616,韩建河山,6.69,1.6717,6.58,6.84,6.57,6.58,88091706.0,6.58,5.91
2026-06-23T09:41:53,2026-06-23 09:41:51,000839,国安股份,2.87,-2.381,2.9,2.91,2.85,2.94,56720583.0,2.94,2.59
2026-06-23T09:41:53,2026-06-23 09:41:51,002907,华森制药,14.27,9.0145,13.02,14.32,13.02,13.09,74650921.0,13.09,12.09
2026-06-23T09:41:53,2026-06-23 09:41:51,002158,汉钟精机,33.38,-2.7956,35.2,35.4,33.35,34.34,149080948.18,34.34,31.23
2026-06-23T09:41:53,2026-06-23 09:41:50,603956,威派格,5.08,-1.7408,5.17,5.18,5.01,5.17,22300474.0,5.17,4.53
2026-06-23T09:41:53,2026-06-23 09:41:51,000534,万泽股份,31.09,-1.4268,31.48,32.07,30.8,31.54,104433393.34,31.54,29.88
2026-06-23T09:41:53,2026-06-23 09:41:49,600183,生益科技,174.84,-5.2358,179.0,180.0,172.68,184.5,3141327754.0,184.075,169.349
2026-06-23T09:42:54,2026-06-23 09:42:51,603616,韩建河山,6.74,2.4316,6.58,6.84,6.57,6.58,90933867.0,6.58,5.91
2026-06-23T09:42:54,2026-06-23 09:42:51,000839,国安股份,2.9,-1.3605,2.9,2.91,2.85,2.94,61124887.0,2.94,2.59
2026-06-23T09:42:54,2026-06-23 09:42:51,002907,华森制药,14.21,8.5561,13.02,14.32,13.02,13.09,77165376.0,13.09,12.09
2026-06-23T09:42:54,2026-06-23 09:42:51,002158,汉钟精机,33.46,-2.5626,35.2,35.4,33.25,34.34,157352625.18,34.34,31.23
2026-06-23T09:42:54,2026-06-23 09:42:53,603956,威派格,5.05,-2.3211,5.17,5.18,5.01,5.17,24012757.0,5.17,4.53
2026-06-23T09:42:54,2026-06-23 09:42:51,000534,万泽股份,30.88,-2.0926,31.48,32.07,30.8,31.54,110643618.34,31.54,29.88
2026-06-23T09:42:54,2026-06-23 09:42:52,600183,生益科技,174.51,-5.4146,179.0,180.0,172.68,184.5,3324416977.0,184.075,169.349
2026-06-23T09:43:55,2026-06-23 09:43:51,603616,韩建河山,6.76,2.7356,6.58,6.84,6.57,6.58,93889133.0,6.58,5.91
2026-06-23T09:43:55,2026-06-23 09:43:54,000839,国安股份,2.89,-1.7007,2.9,2.91,2.85,2.94,62402593.0,2.94,2.59
2026-06-23T09:43:55,2026-06-23 09:43:54,002907,华森制药,14.2,8.4798,13.02,14.32,13.02,13.09,78641314.0,13.09,12.09
2026-06-23T09:43:55,2026-06-23 09:43:54,002158,汉钟精机,33.35,-2.8829,35.2,35.4,33.25,34.34,162176885.18,34.34,31.23
2026-06-23T09:43:55,2026-06-23 09:43:53,603956,威派格,5.06,-2.1277,5.17,5.18,5.01,5.17,25588733.0,5.17,4.53
2026-06-23T09:43:55,2026-06-23 09:43:54,000534,万泽股份,30.99,-1.7438,31.48,32.07,30.8,31.54,115935828.34,31.54,29.88
2026-06-23T09:43:55,2026-06-23 09:43:52,600183,生益科技,174.77,-5.2737,179.0,180.0,172.68,184.5,3453817037.0,184.075,169.349
2026-06-23T09:44:56,2026-06-23 09:44:54,603616,韩建河山,6.74,2.4316,6.58,6.84,6.57,6.58,97430348.0,6.58,5.91
2026-06-23T09:44:56,2026-06-23 09:44:54,000839,国安股份,2.88,-2.0408,2.9,2.91,2.85,2.94,63866248.0,2.94,2.59
2026-06-23T09:44:56,2026-06-23 09:44:54,002907,华森制药,14.12,7.8686,13.02,14.32,13.02,13.09,80128957.0,13.09,12.09
2026-06-23T09:44:56,2026-06-23 09:44:54,002158,汉钟精机,33.11,-3.5818,35.2,35.4,33.0,34.34,174402698.18,34.34,31.23
2026-06-23T09:44:56,2026-06-23 09:44:53,603956,威派格,5.07,-1.9342,5.17,5.18,5.01,5.17,27991234.0,5.17,4.53
2026-06-23T09:44:56,2026-06-23 09:44:54,000534,万泽股份,31.06,-1.5219,31.48,32.07,30.8,31.54,120524531.34,31.54,29.88
2026-06-23T09:44:56,2026-06-23 09:44:55,600183,生益科技,173.01,-6.2276,179.0,180.0,172.68,184.5,3644507189.0,184.075,169.349
2026-06-23T09:45:57,2026-06-23 09:45:54,603616,韩建河山,6.75,2.5836,6.58,6.84,6.57,6.58,99860757.0,6.58,5.91
2026-06-23T09:45:57,2026-06-23 09:45:57,000839,国安股份,2.88,-2.0408,2.9,2.91,2.85,2.94,66937033.0,2.94,2.59
2026-06-23T09:45:57,2026-06-23 09:45:54,002907,华森制药,14.18,8.327,13.02,14.32,13.02,13.09,81922983.0,13.09,12.09
2026-06-23T09:45:57,2026-06-23 09:45:57,002158,汉钟精机,32.81,-4.4554,35.2,35.4,32.78,34.34,182237754.7,34.34,31.23
2026-06-23T09:45:57,2026-06-23 09:45:53,603956,威派格,5.04,-2.5145,5.17,5.18,5.01,5.17,31243228.0,5.17,4.53
2026-06-23T09:45:57,2026-06-23 09:45:57,000534,万泽股份,30.85,-2.1877,31.48,32.07,30.8,31.54,124526577.34,31.54,29.88
2026-06-23T09:45:57,2026-06-23 09:45:55,600183,生益科技,171.21,-7.2033,179.0,180.0,171.11,184.5,3937032608.0,184.075,169.349
2026-06-23T09:46:59,2026-06-23 09:46:57,603616,韩建河山,6.75,2.5836,6.58,6.84,6.57,6.58,102101727.0,6.58,5.91
2026-06-23T09:46:59,2026-06-23 09:46:57,000839,国安股份,2.87,-2.381,2.9,2.91,2.85,2.94,71241294.0,2.94,2.59
2026-06-23T09:46:59,2026-06-23 09:46:57,002907,华森制药,14.15,8.0978,13.02,14.32,13.02,13.09,83378000.0,13.09,12.09
2026-06-23T09:46:59,2026-06-23 09:46:57,002158,汉钟精机,32.6,-5.067,35.2,35.4,32.0,34.34,194411055.7,34.34,31.23
2026-06-23T09:46:59,2026-06-23 09:46:56,603956,威派格,5.04,-2.5145,5.17,5.18,5.01,5.17,36743855.0,5.17,4.53
2026-06-23T09:46:59,2026-06-23 09:46:57,000534,万泽股份,30.93,-1.9341,31.48,32.07,30.8,31.54,127991252.34,31.54,29.88
2026-06-23T09:46:59,2026-06-23 09:46:58,600183,生益科技,170.48,-7.5989,179.0,180.0,170.03,184.5,4234633431.0,184.075,169.349
2026-06-23T09:48:00,2026-06-23 09:47:57,603616,韩建河山,6.72,2.1277,6.58,6.84,6.57,6.58,104316173.0,6.58,5.91
2026-06-23T09:48:00,2026-06-23 09:47:57,000839,国安股份,2.86,-2.7211,2.9,2.91,2.85,2.94,75678456.0,2.94,2.59
2026-06-23T09:48:00,2026-06-23 09:47:57,002907,华森制药,14.1,7.7158,13.02,14.32,13.02,13.09,85789531.0,13.09,12.09
2026-06-23T09:48:00,2026-06-23 09:47:57,002158,汉钟精机,32.33,-5.8532,35.2,35.4,32.0,34.34,207417272.7,34.34,31.23
2026-06-23T09:48:00,2026-06-23 09:47:59,603956,威派格,5.02,-2.9014,5.17,5.18,5.01,5.17,38760821.0,5.17,4.53
2026-06-23T09:48:00,2026-06-23 09:47:57,000534,万泽股份,30.74,-2.5365,31.48,32.07,30.71,31.54,134571813.34,31.54,29.88
2026-06-23T09:48:00,2026-06-23 09:47:58,600183,生益科技,170.29,-7.7019,179.0,180.0,170.0,184.5,4463160010.0,184.075,169.349
2026-06-23T09:49:02,2026-06-23 09:49:00,603616,韩建河山,6.7,1.8237,6.58,6.84,6.57,6.58,105889926.0,6.58,5.91
2026-06-23T09:49:02,2026-06-23 09:49:00,000839,国安股份,2.86,-2.7211,2.9,2.91,2.85,2.94,78362167.0,2.94,2.59
2026-06-23T09:49:02,2026-06-23 09:49:00,002907,华森制药,14.16,8.1742,13.02,14.32,13.02,13.09,88512011.0,13.09,12.09
2026-06-23T09:49:02,2026-06-23 09:49:00,002158,汉钟精机,32.25,-6.0862,35.2,35.4,32.0,34.34,224616713.7,34.34,31.23
2026-06-23T09:49:02,2026-06-23 09:48:59,603956,威派格,5.02,-2.9014,5.17,5.18,5.01,5.17,41977984.0,5.17,4.53
2026-06-23T09:49:02,2026-06-23 09:49:00,000534,万泽股份,30.83,-2.2511,31.48,32.07,30.71,31.54,137899658.34,31.54,29.88
2026-06-23T09:49:02,2026-06-23 09:48:58,600183,生益科技,171.29,-7.1599,179.0,180.0,169.5,184.5,4659880241.0,184.075,169.349
2026-06-23T09:50:03,2026-06-23 09:50:00,603616,韩建河山,6.69,1.6717,6.58,6.84,6.57,6.58,107881280.0,6.58,5.91
2026-06-23T09:50:03,2026-06-23 09:50:00,000839,国安股份,2.86,-2.7211,2.9,2.91,2.85,2.94,84934302.0,2.94,2.59
2026-06-23T09:50:03,2026-06-23 09:50:00,002907,华森制药,14.13,7.945,13.02,14.32,13.02,13.09,89451319.0,13.09,12.09
2026-06-23T09:50:03,2026-06-23 09:50:00,002158,汉钟精机,32.17,-6.3192,35.2,35.4,32.0,34.34,234588512.7,34.34,31.23
2026-06-23T09:50:03,2026-06-23 09:50:02,603956,威派格,5.03,-2.7079,5.17,5.18,5.01,5.17,43386970.0,5.17,4.53
2026-06-23T09:50:03,2026-06-23 09:50:00,000534,万泽股份,30.79,-2.3779,31.48,32.07,30.71,31.54,140169946.34,31.54,29.88
2026-06-23T09:50:03,2026-06-23 09:50:01,600183,生益科技,171.33,-7.1382,179.0,180.0,169.5,184.5,4777716434.0,184.075,169.349
2026-06-23T09:51:05,2026-06-23 09:51:03,603616,韩建河山,6.7,1.8237,6.58,6.84,6.57,6.58,109646931.0,6.58,5.91
2026-06-23T09:51:05,2026-06-23 09:51:03,000839,国安股份,2.86,-2.7211,2.9,2.91,2.85,2.94,87685547.0,2.94,2.59
2026-06-23T09:51:05,2026-06-23 09:51:03,002907,华森制药,14.12,7.8686,13.02,14.32,13.02,13.09,90389034.0,13.09,12.09
2026-06-23T09:51:05,2026-06-23 09:51:03,002158,汉钟精机,32.2,-6.2318,35.2,35.4,32.0,34.34,240475596.7,34.34,31.23
2026-06-23T09:51:05,2026-06-23 09:51:02,603956,威派格,5.01,-3.0948,5.17,5.18,5.0,5.17,46609340.0,5.17,4.53
2026-06-23T09:51:05,2026-06-23 09:51:03,000534,万泽股份,30.89,-2.0609,31.48,32.07,30.71,31.54,143410839.34,31.54,29.88
2026-06-23T09:51:05,2026-06-23 09:51:04,600183,生益科技,171.61,-6.9864,179.0,180.0,169.5,184.5,4906450648.0,184.075,169.349
2026-06-23T09:52:06,2026-06-23 09:52:03,603616,韩建河山,6.76,2.7356,6.58,6.84,6.57,6.58,112545691.0,6.58,5.91
2026-06-23T09:52:06,2026-06-23 09:52:06,000839,国安股份,2.88,-2.0408,2.9,2.91,2.85,2.94,90840402.0,2.94,2.59
2026-06-23T09:52:06,2026-06-23 09:52:03,002907,华森制药,14.18,8.327,13.02,14.32,13.02,13.09,91970736.0,13.09,12.09
2026-06-23T09:52:06,2026-06-23 09:52:06,002158,汉钟精机,32.41,-5.6203,35.2,35.4,32.0,34.34,251217229.7,34.34,31.23
2026-06-23T09:52:06,2026-06-23 09:52:05,603956,威派格,5.03,-2.7079,5.17,5.18,5.0,5.17,48972601.0,5.17,4.53
2026-06-23T09:52:06,2026-06-23 09:52:06,000534,万泽股份,30.79,-2.3779,31.48,32.07,30.71,31.54,147334190.34,31.54,29.88
2026-06-23T09:52:06,2026-06-23 09:52:04,600183,生益科技,173.39,-6.0217,179.0,180.0,169.5,184.5,5058312779.0,184.075,169.349
2026-06-23T09:53:07,2026-06-23 09:53:06,603616,韩建河山,6.78,3.0395,6.58,6.84,6.57,6.58,115915158.0,6.58,5.91
2026-06-23T09:53:07,2026-06-23 09:53:06,000839,国安股份,2.88,-2.0408,2.9,2.91,2.85,2.94,92168191.85,2.94,2.59
2026-06-23T09:53:07,2026-06-23 09:53:06,002907,华森制药,14.15,8.0978,13.02,14.32,13.02,13.09,93563982.0,13.09,12.09
2026-06-23T09:53:07,2026-06-23 09:53:06,002158,汉钟精机,32.31,-5.9115,35.2,35.4,32.0,34.34,258355550.7,34.34,31.23
2026-06-23T09:53:07,2026-06-23 09:53:05,603956,威派格,5.02,-2.9014,5.17,5.18,5.0,5.17,50537878.0,5.17,4.53
2026-06-23T09:53:07,2026-06-23 09:53:06,000534,万泽股份,30.95,-1.8706,31.48,32.07,30.71,31.54,149682060.34,31.54,29.88
2026-06-23T09:53:07,2026-06-23 09:53:04,600183,生益科技,174.01,-5.6856,179.0,180.0,169.5,184.5,5168694229.0,184.075,169.349
2026-06-23T09:54:09,2026-06-23 09:54:06,603616,韩建河山,6.81,3.4954,6.58,6.84,6.57,6.58,122468624.0,6.58,5.91
2026-06-23T09:54:09,2026-06-23 09:54:06,000839,国安股份,2.89,-1.7007,2.9,2.91,2.85,2.94,92877284.85,2.94,2.59
2026-06-23T09:54:09,2026-06-23 09:54:06,002907,华森制药,14.09,7.6394,13.02,14.32,13.02,13.09,94958170.0,13.09,12.09
2026-06-23T09:54:09,2026-06-23 09:54:06,002158,汉钟精机,32.37,-5.7368,35.2,35.4,32.0,34.34,263473264.7,34.34,31.23
2026-06-23T09:54:09,2026-06-23 09:54:05,603956,威派格,5.02,-2.9014,5.17,5.18,5.0,5.17,51345026.0,5.17,4.53
2026-06-23T09:54:09,2026-06-23 09:54:06,000534,万泽股份,31.0,-1.7121,31.48,32.07,30.71,31.54,154620303.34,31.54,29.88
2026-06-23T09:54:09,2026-06-23 09:54:07,600183,生益科技,174.41,-5.4688,179.0,180.0,169.5,184.5,5274985492.0,184.075,169.349
2026-06-23T09:55:10,2026-06-23 09:55:09,603616,韩建河山,6.79,3.1915,6.58,6.84,6.57,6.58,127509289.0,6.58,5.91
2026-06-23T09:55:10,2026-06-23 09:55:09,000839,国安股份,2.87,-2.381,2.9,2.91,2.85,2.94,93445676.85,2.94,2.59
2026-06-23T09:55:10,2026-06-23 09:55:06,002907,华森制药,14.04,7.2574,13.02,14.32,13.02,13.09,96368362.0,13.09,12.09
2026-06-23T09:55:10,2026-06-23 09:55:09,002158,汉钟精机,32.43,-5.562,35.2,35.4,32.0,34.34,269594245.7,34.34,31.23
2026-06-23T09:55:10,2026-06-23 09:55:08,603956,威派格,5.02,-2.9014,5.17,5.18,5.0,5.17,51734409.0,5.17,4.53
2026-06-23T09:55:10,2026-06-23 09:55:09,000534,万泽股份,31.04,-1.5853,31.48,32.07,30.71,31.54,162713428.34,31.54,29.88
2026-06-23T09:55:10,2026-06-23 09:55:07,600183,生益科技,173.77,-5.8157,179.0,180.0,169.5,184.5,5364799279.0,184.075,169.349
2026-06-23T09:56:13,2026-06-23 09:56:09,603616,韩建河山,6.79,3.1915,6.58,6.84,6.57,6.58,129426025.0,6.58,5.91
2026-06-23T09:56:13,2026-06-23 09:56:12,000839,国安股份,2.87,-2.381,2.9,2.91,2.85,2.94,94783638.85,2.94,2.59
2026-06-23T09:56:13,2026-06-23 09:56:09,002907,华森制药,14.03,7.1811,13.02,14.32,13.02,13.09,98751022.0,13.09,12.09
2026-06-23T09:56:13,2026-06-23 09:56:12,002158,汉钟精机,32.52,-5.2999,35.2,35.4,32.0,34.34,273150329.7,34.34,31.23
2026-06-23T09:56:13,2026-06-23 09:56:11,603956,威派格,5.02,-2.9014,5.17,5.18,5.0,5.17,52344515.0,5.17,4.53
2026-06-23T09:56:13,2026-06-23 09:56:12,000534,万泽股份,30.92,-1.9658,31.48,32.07,30.71,31.54,166139400.34,31.54,29.88
2026-06-23T09:56:13,2026-06-23 09:56:10,600183,生益科技,172.69,-6.4011,179.0,180.0,169.5,184.5,5431517077.0,184.075,169.349
2026-06-23T09:57:14,2026-06-23 09:57:12,603616,韩建河山,6.78,3.0395,6.58,6.84,6.57,6.58,132036851.0,6.58,5.91
2026-06-23T09:57:14,2026-06-23 09:57:12,000839,国安股份,2.86,-2.7211,2.9,2.91,2.85,2.94,97217849.85,2.94,2.59
2026-06-23T09:57:14,2026-06-23 09:57:12,002907,华森制药,13.97,6.7227,13.02,14.32,13.02,13.09,101348753.0,13.09,12.09
2026-06-23T09:57:14,2026-06-23 09:57:12,002158,汉钟精机,32.44,-5.5329,35.2,35.4,32.0,34.34,275384910.7,34.34,31.23
2026-06-23T09:57:14,2026-06-23 09:57:11,603956,威派格,5.0,-3.2882,5.17,5.18,5.0,5.17,53034730.0,5.17,4.53
2026-06-23T09:57:14,2026-06-23 09:57:12,000534,万泽股份,30.88,-2.0926,31.48,32.07,30.71,31.54,168314874.34,31.54,29.88
2026-06-23T09:57:14,2026-06-23 09:57:13,600183,生益科技,173.28,-6.0813,179.0,180.0,169.5,184.5,5508499589.0,184.075,169.349
2026-06-23T09:58:15,2026-06-23 09:58:15,603616,韩建河山,6.76,2.7356,6.58,6.84,6.57,6.58,133769501.0,6.58,5.91
2026-06-23T09:58:15,2026-06-23 09:58:12,000839,国安股份,2.87,-2.381,2.9,2.91,2.85,2.94,99882080.85,2.94,2.59
2026-06-23T09:58:15,2026-06-23 09:58:12,002907,华森制药,13.93,6.4171,13.02,14.32,13.02,13.09,102193735.0,13.09,12.09
2026-06-23T09:58:15,2026-06-23 09:58:12,002158,汉钟精机,32.44,-5.5329,35.2,35.4,32.0,34.34,279522747.7,34.34,31.23
2026-06-23T09:58:15,2026-06-23 09:58:14,603956,威派格,5.0,-3.2882,5.17,5.18,5.0,5.17,53847335.0,5.17,4.53
2026-06-23T09:58:15,2026-06-23 09:58:12,000534,万泽股份,30.99,-1.7438,31.48,32.07,30.71,31.54,170613145.34,31.54,29.88
2026-06-23T09:58:15,2026-06-23 09:58:13,600183,生益科技,174.44,-5.4526,179.0,180.0,169.5,184.5,5602216391.0,184.075,169.349
2026-06-23T09:59:16,2026-06-23 09:59:15,603616,韩建河山,6.74,2.4316,6.58,6.84,6.57,6.58,134977516.0,6.58,5.91
2026-06-23T09:59:16,2026-06-23 09:59:15,000839,国安股份,2.86,-2.7211,2.9,2.91,2.85,2.94,103150242.85,2.94,2.59
2026-06-23T09:59:16,2026-06-23 09:59:15,002907,华森制药,13.85,5.806,13.02,14.32,13.02,13.09,103904081.0,13.09,12.09
2026-06-23T09:59:16,2026-06-23 09:59:15,002158,汉钟精机,32.5,-5.3582,35.2,35.4,32.0,34.34,284560988.7,34.34,31.23
2026-06-23T09:59:16,2026-06-23 09:59:14,603956,威派格,5.02,-2.9014,5.17,5.18,5.0,5.17,54721689.0,5.17,4.53
2026-06-23T09:59:16,2026-06-23 09:59:15,000534,万泽股份,31.03,-1.617,31.48,32.07,30.71,31.54,173445665.34,31.54,29.88
2026-06-23T09:59:16,2026-06-23 09:59:13,600183,生益科技,173.99,-5.6965,179.0,180.0,169.5,184.5,5670609197.0,184.075,169.349
2026-06-23T10:00:18,2026-06-23 10:00:15,603616,韩建河山,6.74,2.4316,6.58,6.84,6.57,6.58,136322141.0,6.58,5.91
2026-06-23T10:00:18,2026-06-23 10:00:15,000839,国安股份,2.87,-2.381,2.9,2.91,2.85,2.94,105347850.85,2.94,2.59
2026-06-23T10:00:18,2026-06-23 10:00:15,002907,华森制药,13.93,6.4171,13.02,14.32,13.02,13.09,107256443.0,13.09,12.09
2026-06-23T10:00:18,2026-06-23 10:00:15,002158,汉钟精机,32.52,-5.2999,35.2,35.4,32.0,34.34,288486470.7,34.34,31.23
2026-06-23T10:00:18,2026-06-23 10:00:14,603956,威派格,5.01,-3.0948,5.17,5.18,5.0,5.17,55287393.0,5.17,4.53
2026-06-23T10:00:18,2026-06-23 10:00:15,000534,万泽股份,30.9,-2.0292,31.48,32.07,30.71,31.54,175293097.34,31.54,29.88
2026-06-23T10:00:18,2026-06-23 10:00:16,600183,生益科技,173.5,-5.9621,179.0,180.0,169.5,184.5,5733733042.0,184.075,169.349
2026-06-23T10:01:20,2026-06-23 10:01:18,603616,韩建河山,6.78,3.0395,6.58,6.84,6.57,6.58,138047886.0,6.58,5.91
2026-06-23T10:01:20,2026-06-23 10:01:18,000839,国安股份,2.87,-2.381,2.9,2.91,2.85,2.94,107958577.85,2.94,2.59
2026-06-23T10:01:20,2026-06-23 10:01:18,002907,华森制药,13.9,6.1879,13.02,14.32,13.02,13.09,108759329.0,13.09,12.09
2026-06-23T10:01:20,2026-06-23 10:01:18,002158,汉钟精机,32.7,-4.7758,35.2,35.4,32.0,34.34,292641323.7,34.34,31.23
2026-06-23T10:01:20,2026-06-23 10:01:17,603956,威派格,5.02,-2.9014,5.17,5.18,5.0,5.17,56452935.0,5.17,4.53
2026-06-23T10:01:20,2026-06-23 10:01:18,000534,万泽股份,31.05,-1.5536,31.48,32.07,30.71,31.54,178220079.34,31.54,29.88
2026-06-23T10:01:20,2026-06-23 10:01:16,600183,生益科技,174.01,-5.6856,179.0,180.0,169.5,184.5,5803258327.0,184.075,169.349
2026-06-23T10:02:21,2026-06-23 10:02:18,603616,韩建河山,6.79,3.1915,6.58,6.84,6.57,6.58,140226219.0,6.58,5.91
2026-06-23T10:02:21,2026-06-23 10:02:18,000839,国安股份,2.88,-2.0408,2.9,2.91,2.85,2.94,108986046.85,2.94,2.59
2026-06-23T10:02:21,2026-06-23 10:02:18,002907,华森制药,13.88,6.0351,13.02,14.32,13.02,13.09,109509067.0,13.09,12.09
2026-06-23T10:02:21,2026-06-23 10:02:18,002158,汉钟精机,32.91,-4.1642,35.2,35.4,32.0,34.34,297844499.7,34.34,31.23
2026-06-23T10:02:21,2026-06-23 10:02:20,603956,威派格,5.02,-2.9014,5.17,5.18,5.0,5.17,57060577.0,5.17,4.53
2026-06-23T10:02:21,2026-06-23 10:02:18,000534,万泽股份,31.12,-1.3316,31.48,32.07,30.71,31.54,180319004.34,31.54,29.88
2026-06-23T10:02:21,2026-06-23 10:02:19,600183,生益科技,174.0,-5.6911,179.0,180.0,169.5,184.5,5888628096.0,184.075,169.349
2026-06-23T10:03:22,2026-06-23 10:03:21,603616,韩建河山,6.8,3.3435,6.58,6.84,6.57,6.58,142697686.0,6.58,5.91
2026-06-23T10:03:22,2026-06-23 10:03:21,000839,国安股份,2.87,-2.381,2.9,2.91,2.85,2.94,111025678.85,2.94,2.59
2026-06-23T10:03:22,2026-06-23 10:03:18,002907,华森制药,13.83,5.6532,13.02,14.32,13.02,13.09,110898127.0,13.09,12.09
2026-06-23T10:03:22,2026-06-23 10:03:21,002158,汉钟精机,33.16,-3.4362,35.2,35.4,32.0,34.34,301162870.7,34.34,31.23
2026-06-23T10:03:22,2026-06-23 10:03:20,603956,威派格,5.03,-2.7079,5.17,5.18,5.0,5.17,57183088.0,5.17,4.53
2026-06-23T10:03:22,2026-06-23 10:03:21,000534,万泽股份,31.09,-1.4268,31.48,32.07,30.71,31.54,184013643.34,31.54,29.88
2026-06-23T10:03:22,2026-06-23 10:03:19,600183,生益科技,173.95,-5.7182,179.0,180.0,169.5,184.5,5955843973.0,184.075,169.349
2026-06-23T10:04:23,2026-06-23 10:04:21,603616,韩建河山,6.81,3.4954,6.58,6.84,6.57,6.58,144933207.0,6.58,5.91
2026-06-23T10:04:23,2026-06-23 10:04:21,000839,国安股份,2.87,-2.381,2.9,2.91,2.85,2.94,111853623.85,2.94,2.59
2026-06-23T10:04:23,2026-06-23 10:04:21,002907,华森制药,13.84,5.7296,13.02,14.32,13.02,13.09,111781277.0,13.09,12.09
2026-06-23T10:04:23,2026-06-23 10:04:21,002158,汉钟精机,33.23,-3.2324,35.2,35.4,32.0,34.34,305783489.7,34.34,31.23
2026-06-23T10:04:23,2026-06-23 10:04:20,603956,威派格,5.01,-3.0948,5.17,5.18,5.0,5.17,58156809.0,5.17,4.53
2026-06-23T10:04:23,2026-06-23 10:04:21,000534,万泽股份,31.09,-1.4268,31.48,32.07,30.71,31.54,185107430.34,31.54,29.88
2026-06-23T10:04:23,2026-06-23 10:04:22,600183,生益科技,173.93,-5.729,179.0,180.0,169.5,184.5,6020605824.0,184.075,169.349
2026-06-23T10:05:24,2026-06-23 10:05:21,603616,韩建河山,6.8,3.3435,6.58,6.84,6.57,6.58,147144527.0,6.58,5.91
2026-06-23T10:05:24,2026-06-23 10:05:24,000839,国安股份,2.87,-2.381,2.9,2.91,2.85,2.94,112658180.85,2.94,2.59
2026-06-23T10:05:24,2026-06-23 10:05:24,002907,华森制药,13.87,5.9587,13.02,14.32,13.02,13.09,112404850.0,13.09,12.09
2026-06-23T10:05:24,2026-06-23 10:05:24,002158,汉钟精机,32.96,-4.0186,35.2,35.4,32.0,34.34,311008592.7,34.34,31.23
2026-06-23T10:05:24,2026-06-23 10:05:20,603956,威派格,5.02,-2.9014,5.17,5.18,5.0,5.17,59144846.0,5.17,4.53
2026-06-23T10:05:24,2026-06-23 10:05:24,000534,万泽股份,30.99,-1.7438,31.48,32.07,30.71,31.54,188446485.34,31.54,29.88
2026-06-23T10:05:24,2026-06-23 10:05:22,600183,生益科技,172.49,-6.5095,179.0,180.0,169.5,184.5,6113519202.0,184.075,169.349
2026-06-23T10:06:27,2026-06-23 10:06:24,603616,韩建河山,6.81,3.4954,6.58,6.84,6.57,6.58,149937961.0,6.58,5.91
2026-06-23T10:06:27,2026-06-23 10:06:24,000839,国安股份,2.86,-2.7211,2.9,2.91,2.85,2.94,113677895.85,2.94,2.59
2026-06-23T10:06:27,2026-06-23 10:06:24,002907,华森制药,13.9,6.1879,13.02,14.32,13.02,13.09,113371271.0,13.09,12.09
2026-06-23T10:06:27,2026-06-23 10:06:24,002158,汉钟精机,32.96,-4.0186,35.2,35.4,32.0,34.34,313296560.7,34.34,31.23
2026-06-23T10:06:27,2026-06-23 10:06:23,603956,威派格,5.0,-3.2882,5.17,5.18,5.0,5.17,59503470.0,5.17,4.53
2026-06-23T10:06:27,2026-06-23 10:06:24,000534,万泽股份,30.96,-1.8389,31.48,32.07,30.71,31.54,192065940.34,31.54,29.88
2026-06-23T10:06:27,2026-06-23 10:06:25,600183,生益科技,172.35,-6.5854,179.0,180.0,169.5,184.5,6205423012.0,184.075,169.349
2026-06-23T10:07:28,2026-06-23 10:07:27,603616,韩建河山,6.81,3.4954,6.58,6.84,6.57,6.58,151760394.0,6.58,5.91
2026-06-23T10:07:28,2026-06-23 10:07:24,000839,国安股份,2.86,-2.7211,2.9,2.91,2.85,2.94,116802209.85,2.94,2.59
2026-06-23T10:07:28,2026-06-23 10:07:24,002907,华森制药,13.87,5.9587,13.02,14.32,13.02,13.09,113747711.0,13.09,12.09
2026-06-23T10:07:28,2026-06-23 10:07:24,002158,汉钟精机,32.89,-4.2225,35.2,35.4,32.0,34.34,315714146.7,34.34,31.23
2026-06-23T10:07:28,2026-06-23 10:07:26,603956,威派格,5.0,-3.2882,5.17,5.18,4.99,5.17,60875768.0,5.17,4.53
2026-06-23T10:07:28,2026-06-23 10:07:24,000534,万泽股份,30.85,-2.1877,31.48,32.07,30.71,31.54,195234276.34,31.54,29.88
2026-06-23T10:07:28,2026-06-23 10:07:25,600183,生益科技,171.1,-7.2629,179.0,180.0,169.5,184.5,6294700983.0,184.075,169.349
2026-06-23T10:08:29,2026-06-23 10:08:27,603616,韩建河山,6.8,3.3435,6.58,6.84,6.57,6.58,154372107.0,6.58,5.91
2026-06-23T10:08:29,2026-06-23 10:08:27,000839,国安股份,2.85,-3.0612,2.9,2.91,2.85,2.94,118093489.85,2.94,2.59
2026-06-23T10:08:29,2026-06-23 10:08:27,002907,华森制药,13.81,5.5004,13.02,14.32,13.02,13.09,115189740.0,13.09,12.09
2026-06-23T10:08:29,2026-06-23 10:08:27,002158,汉钟精机,33.0,-3.9022,35.2,35.4,32.0,34.34,318165420.7,34.34,31.23
2026-06-23T10:08:29,2026-06-23 10:08:26,603956,威派格,5.01,-3.0948,5.17,5.18,4.99,5.17,61585409.0,5.17,4.53
2026-06-23T10:08:29,2026-06-23 10:08:27,000534,万泽股份,30.89,-2.0609,31.48,32.07,30.71,31.54,197263029.34,31.54,29.88
2026-06-23T10:08:29,2026-06-23 10:08:28,600183,生益科技,171.96,-6.7967,179.0,180.0,169.5,184.5,6394030705.0,184.075,169.349
2026-06-23T10:09:30,2026-06-23 10:09:27,603616,韩建河山,6.79,3.1915,6.58,6.84,6.57,6.58,154975979.0,6.58,5.91
2026-06-23T10:09:30,2026-06-23 10:09:27,000839,国安股份,2.85,-3.0612,2.9,2.91,2.85,2.94,119642740.85,2.94,2.59
2026-06-23T10:09:30,2026-06-23 10:09:27,002907,华森制药,13.77,5.1948,13.02,14.32,13.02,13.09,115950788.0,13.09,12.09
2026-06-23T10:09:30,2026-06-23 10:09:27,002158,汉钟精机,33.1,-3.6109,35.2,35.4,32.0,34.34,319788945.7,34.34,31.23
2026-06-23T10:09:30,2026-06-23 10:09:26,603956,威派格,5.01,-3.0948,5.17,5.18,4.99,5.17,61812909.0,5.17,4.53
2026-06-23T10:09:30,2026-06-23 10:09:30,000534,万泽股份,30.93,-1.9341,31.48,32.07,30.71,31.54,199733446.34,31.54,29.88
2026-06-23T10:09:30,2026-06-23 10:09:28,600183,生益科技,172.68,-6.4065,179.0,180.0,169.5,184.5,6458675220.0,184.075,169.349
2026-06-23T10:10:31,2026-06-23 10:10:30,603616,韩建河山,6.79,3.1915,6.58,6.84,6.57,6.58,155795077.0,6.58,5.91
2026-06-23T10:10:31,2026-06-23 10:10:30,000839,国安股份,2.86,-2.7211,2.9,2.91,2.85,2.94,122980231.85,2.94,2.59
2026-06-23T10:10:31,2026-06-23 10:10:30,002907,华森制药,13.78,5.2712,13.02,14.32,13.02,13.09,117109930.0,13.09,12.09
2026-06-23T10:10:31,2026-06-23 10:10:30,002158,汉钟精机,33.06,-3.7274,35.2,35.4,32.0,34.34,323879002.7,34.34,31.23
2026-06-23T10:10:31,2026-06-23 10:10:29,603956,威派格,5.01,-3.0948,5.17,5.18,4.99,5.17,62232508.0,5.17,4.53
2026-06-23T10:10:31,2026-06-23 10:10:30,000534,万泽股份,30.94,-1.9023,31.48,32.07,30.71,31.54,200809948.34,31.54,29.88
2026-06-23T10:10:31,2026-06-23 10:10:28,600183,生益科技,172.11,-6.7154,179.0,180.0,169.5,184.5,6522145254.0,184.075,169.349
2026-06-23T10:11:32,2026-06-23 10:11:30,603616,韩建河山,6.8,3.3435,6.58,6.84,6.57,6.58,157993599.0,6.58,5.91
2026-06-23T10:11:32,2026-06-23 10:11:30,000839,国安股份,2.86,-2.7211,2.9,2.91,2.85,2.94,123862877.85,2.94,2.59
2026-06-23T10:11:32,2026-06-23 10:11:30,002907,华森制药,13.76,5.1184,13.02,14.32,13.02,13.09,117956434.0,13.09,12.09
2026-06-23T10:11:32,2026-06-23 10:11:30,002158,汉钟精机,32.98,-3.9604,35.2,35.4,32.0,34.34,325509875.7,34.34,31.23
2026-06-23T10:11:32,2026-06-23 10:11:29,603956,威派格,5.02,-2.9014,5.17,5.18,4.99,5.17,62449282.0,5.17,4.53
2026-06-23T10:11:32,2026-06-23 10:11:30,000534,万泽股份,30.97,-1.8072,31.48,32.07,30.71,31.54,203475933.34,31.54,29.88
2026-06-23T10:11:32,2026-06-23 10:11:31,600183,生益科技,171.79,-6.8889,179.0,180.0,169.5,184.5,6591247451.0,184.075,169.349
2026-06-23T10:12:34,2026-06-23 10:12:33,603616,韩建河山,6.82,3.6474,6.58,6.84,6.57,6.58,162420035.0,6.58,5.91
2026-06-23T10:12:34,2026-06-23 10:12:33,000839,国安股份,2.86,-2.7211,2.9,2.91,2.85,2.94,124959285.85,2.94,2.59
2026-06-23T10:12:34,2026-06-23 10:12:33,002907,华森制药,13.76,5.1184,13.02,14.32,13.02,13.09,119038860.0,13.09,12.09
2026-06-23T10:12:34,2026-06-23 10:12:33,002158,汉钟精机,33.02,-3.8439,35.2,35.4,32.0,34.34,326394188.7,34.34,31.23
2026-06-23T10:12:34,2026-06-23 10:12:32,603956,威派格,5.02,-2.9014,5.17,5.18,4.99,5.17,62548100.0,5.17,4.53
2026-06-23T10:12:34,2026-06-23 10:12:33,000534,万泽股份,31.02,-1.6487,31.48,32.07,30.71,31.54,204766127.34,31.54,29.88
2026-06-23T10:12:34,2026-06-23 10:12:31,600183,生益科技,171.84,-6.8618,179.0,180.0,169.5,184.5,6667605010.0,184.075,169.349
2026-06-23T10:13:35,2026-06-23 10:13:33,603616,韩建河山,6.8,3.3435,6.58,6.84,6.57,6.58,164185618.0,6.58,5.91
2026-06-23T10:13:35,2026-06-23 10:13:33,000839,国安股份,2.86,-2.7211,2.9,2.91,2.85,2.94,125371809.85,2.94,2.59
2026-06-23T10:13:35,2026-06-23 10:13:33,002907,华森制药,13.74,4.9656,13.02,14.32,13.02,13.09,119635993.0,13.09,12.09
2026-06-23T10:13:35,2026-06-23 10:13:33,002158,汉钟精机,33.01,-3.873,35.2,35.4,32.0,34.34,328564498.2,34.34,31.23
2026-06-23T10:13:35,2026-06-23 10:13:32,603956,威派格,5.02,-2.9014,5.17,5.18,4.99,5.17,62774455.0,5.17,4.53
2026-06-23T10:13:35,2026-06-23 10:13:33,000534,万泽股份,31.01,-1.6804,31.48,32.07,30.71,31.54,206381099.34,31.54,29.88
2026-06-23T10:13:35,2026-06-23 10:13:34,600183,生益科技,171.15,-7.2358,179.0,180.0,169.5,184.5,6750390882.0,184.075,169.349
2026-06-23T10:14:36,2026-06-23 10:14:33,603616,韩建河山,6.8,3.3435,6.58,6.84,6.57,6.58,165355230.0,6.58,5.91
2026-06-23T10:14:36,2026-06-23 10:14:33,000839,国安股份,2.85,-3.0612,2.9,2.91,2.85,2.94,126894424.85,2.94,2.59
2026-06-23T10:14:36,2026-06-23 10:14:33,002907,华森制药,13.7,4.66,13.02,14.32,13.02,13.09,120661662.0,13.09,12.09
2026-06-23T10:14:36,2026-06-23 10:14:33,002158,汉钟精机,33.07,-3.6983,35.2,35.4,32.0,34.34,329334725.2,34.34,31.23
2026-06-23T10:14:36,2026-06-23 10:14:32,603956,威派格,5.02,-2.9014,5.17,5.18,4.99,5.17,63746467.0,5.17,4.53
2026-06-23T10:14:36,2026-06-23 10:14:33,000534,万泽股份,31.07,-1.4902,31.48,32.07,30.71,31.54,207583509.34,31.54,29.88
2026-06-23T10:14:36,2026-06-23 10:14:34,600183,生益科技,171.5,-7.0461,179.0,180.0,169.5,184.5,6886976439.0,184.075,169.349
2026-06-23T10:15:37,2026-06-23 10:15:36,603616,韩建河山,6.79,3.1915,6.58,6.84,6.57,6.58,166596728.0,6.58,5.91
2026-06-23T10:15:37,2026-06-23 10:15:36,000839,国安股份,2.85,-3.0612,2.9,2.91,2.85,2.94,128362610.85,2.94,2.59
2026-06-23T10:15:37,2026-06-23 10:15:36,002907,华森制药,13.7,4.66,13.02,14.32,13.02,13.09,121109363.0,13.09,12.09
2026-06-23T10:15:37,2026-06-23 10:15:36,002158,汉钟精机,32.91,-4.1642,35.2,35.4,32.0,34.34,330433272.2,34.34,31.23
2026-06-23T10:15:37,2026-06-23 10:15:35,603956,威派格,5.01,-3.0948,5.17,5.18,4.99,5.17,64486428.0,5.17,4.53
2026-06-23T10:15:37,2026-06-23 10:15:36,000534,万泽股份,30.97,-1.8072,31.48,32.07,30.71,31.54,209110240.34,31.54,29.88
2026-06-23T10:15:37,2026-06-23 10:15:34,600183,生益科技,170.94,-7.3496,179.0,180.0,169.5,184.5,6998669390.0,184.075,169.349
2026-06-23T10:16:39,2026-06-23 10:16:36,603616,韩建河山,6.8,3.3435,6.58,6.84,6.57,6.58,167599629.0,6.58,5.91
2026-06-23T10:16:39,2026-06-23 10:16:36,000839,国安股份,2.85,-3.0612,2.9,2.91,2.85,2.94,129043455.85,2.94,2.59
2026-06-23T10:16:39,2026-06-23 10:16:36,002907,华森制药,13.69,4.5837,13.02,14.32,13.02,13.09,122188496.0,13.09,12.09
2026-06-23T10:16:39,2026-06-23 10:16:36,002158,汉钟精机,32.98,-3.9604,35.2,35.4,32.0,34.34,332193048.2,34.34,31.23
2026-06-23T10:16:39,2026-06-23 10:16:35,603956,威派格,5.0,-3.2882,5.17,5.18,4.99,5.17,64874516.0,5.17,4.53
2026-06-23T10:16:39,2026-06-23 10:16:36,000534,万泽股份,31.03,-1.617,31.48,32.07,30.71,31.54,210133895.34,31.54,29.88
2026-06-23T10:16:39,2026-06-23 10:16:37,600183,生益科技,171.02,-7.3062,179.0,180.0,169.5,184.5,7080028553.0,184.075,169.349
2026-06-23T10:17:39,2026-06-23 10:17:36,603616,韩建河山,6.81,3.4954,6.58,6.84,6.57,6.58,168672022.0,6.58,5.91
2026-06-23T10:17:39,2026-06-23 10:17:36,000839,国安股份,2.85,-3.0612,2.9,2.91,2.85,2.94,129967229.85,2.94,2.59
2026-06-23T10:17:39,2026-06-23 10:17:36,002907,华森制药,13.68,4.5073,13.02,14.32,13.02,13.09,122482796.0,13.09,12.09
2026-06-23T10:17:39,2026-06-23 10:17:36,002158,汉钟精机,33.0,-3.9022,35.2,35.4,32.0,34.34,333278838.2,34.34,31.23
2026-06-23T10:17:39,2026-06-23 10:17:38,603956,威派格,5.01,-3.0948,5.17,5.18,4.99,5.17,65603630.0,5.17,4.53
2026-06-23T10:17:39,2026-06-23 10:17:36,000534,万泽股份,31.0,-1.7121,31.48,32.07,30.71,31.54,211944153.34,31.54,29.88
2026-06-23T10:17:39,2026-06-23 10:17:37,600183,生益科技,171.38,-7.1111,179.0,180.0,169.5,184.5,7168847410.0,184.075,169.349
2026-06-23T10:18:40,2026-06-23 10:18:36,603616,韩建河山,6.8,3.3435,6.58,6.84,6.57,6.58,169433735.0,6.58,5.91
2026-06-23T10:18:40,2026-06-23 10:18:39,000839,国安股份,2.86,-2.7211,2.9,2.91,2.85,2.94,130561743.85,2.94,2.59
2026-06-23T10:18:40,2026-06-23 10:18:36,002907,华森制药,13.68,4.5073,13.02,14.32,13.02,13.09,122910805.0,13.09,12.09
2026-06-23T10:18:40,2026-06-23 10:18:39,002158,汉钟精机,33.02,-3.8439,35.2,35.4,32.0,34.34,335109428.2,34.34,31.23
2026-06-23T10:18:40,2026-06-23 10:18:38,603956,威派格,5.01,-3.0948,5.17,5.18,4.99,5.17,65932071.0,5.17,4.53
2026-06-23T10:18:40,2026-06-23 10:18:39,000534,万泽股份,30.99,-1.7438,31.48,32.07,30.71,31.54,212789795.34,31.54,29.88
2026-06-23T10:18:40,2026-06-23 10:18:37,600183,生益科技,171.24,-7.187,179.0,180.0,169.5,184.5,7229961643.0,184.075,169.349
2026-06-23T10:19:40,2026-06-23 10:19:39,603616,韩建河山,6.78,3.0395,6.58,6.84,6.57,6.58,170692874.0,6.58,5.91
2026-06-23T10:19:40,2026-06-23 10:19:39,000839,国安股份,2.87,-2.381,2.9,2.91,2.85,2.94,134330415.85,2.94,2.59
2026-06-23T10:19:40,2026-06-23 10:19:36,002907,华森制药,13.63,4.1253,13.02,14.32,13.02,13.09,123875903.0,13.09,12.09
2026-06-23T10:19:40,2026-06-23 10:19:36,002158,汉钟精机,33.05,-3.7566,35.2,35.4,32.0,34.34,335849709.2,34.34,31.23
2026-06-23T10:19:40,2026-06-23 10:19:38,603956,威派格,5.01,-3.0948,5.17,5.18,4.99,5.17,66494363.0,5.17,4.53
2026-06-23T10:19:40,2026-06-23 10:19:39,000534,万泽股份,30.91,-1.9975,31.48,32.07,30.71,31.54,214576069.34,31.54,29.88
2026-06-23T10:19:40,2026-06-23 10:19:37,600183,生益科技,171.5,-7.0461,179.0,180.0,169.5,184.5,7286491805.0,184.075,169.349
2026-06-23T10:20:40,2026-06-23 10:20:39,603616,韩建河山,6.79,3.1915,6.58,6.84,6.57,6.58,172222046.0,6.58,5.91
2026-06-23T10:20:40,2026-06-23 10:20:39,000839,国安股份,2.86,-2.7211,2.9,2.91,2.85,2.94,135344352.85,2.94,2.59
2026-06-23T10:20:40,2026-06-23 10:20:39,002907,华森制药,13.65,4.2781,13.02,14.32,13.02,13.09,124496146.52,13.09,12.09
2026-06-23T10:20:40,2026-06-23 10:20:39,002158,汉钟精机,33.14,-3.4945,35.2,35.4,32.0,34.34,337806823.2,34.34,31.23
2026-06-23T10:20:40,2026-06-23 10:20:38,603956,威派格,5.01,-3.0948,5.17,5.18,4.99,5.17,66691629.0,5.17,4.53
2026-06-23T10:20:40,2026-06-23 10:20:39,000534,万泽股份,30.93,-1.9341,31.48,32.07,30.71,31.54,215947124.34,31.54,29.88
2026-06-23T10:20:40,2026-06-23 10:20:37,600183,生益科技,172.18,-6.6775,179.0,180.0,169.5,184.5,7334640137.0,184.075,169.349
2026-06-23T10:21:41,2026-06-23 10:21:39,603616,韩建河山,6.78,3.0395,6.58,6.84,6.57,6.58,172978300.0,6.58,5.91
2026-06-23T10:21:41,2026-06-23 10:21:39,000839,国安股份,2.86,-2.7211,2.9,2.91,2.85,2.94,135825845.85,2.94,2.59
2026-06-23T10:21:41,2026-06-23 10:21:39,002907,华森制药,13.67,4.4309,13.02,14.32,13.02,13.09,124944290.52,13.09,12.09
2026-06-23T10:21:41,2026-06-23 10:21:39,002158,汉钟精机,33.18,-3.378,35.2,35.4,32.0,34.34,338913987.2,34.34,31.23
2026-06-23T10:21:41,2026-06-23 10:21:38,603956,威派格,5.01,-3.0948,5.17,5.18,4.99,5.17,67156864.0,5.17,4.53
2026-06-23T10:21:41,2026-06-23 10:21:39,000534,万泽股份,30.98,-1.7755,31.48,32.07,30.71,31.54,216854092.34,31.54,29.88
2026-06-23T10:21:41,2026-06-23 10:21:40,600183,生益科技,172.0,-6.7751,179.0,180.0,169.5,184.5,7405603853.0,184.075,169.349
2026-06-23T10:22:41,2026-06-23 10:22:39,603616,韩建河山,6.78,3.0395,6.58,6.84,6.57,6.58,173663335.0,6.58,5.91
2026-06-23T10:22:41,2026-06-23 10:22:39,000839,国安股份,2.87,-2.381,2.9,2.91,2.85,2.94,136496987.85,2.94,2.59
2026-06-23T10:22:41,2026-06-23 10:22:39,002907,华森制药,13.7,4.66,13.02,14.32,13.02,13.09,125414919.52,13.09,12.09
2026-06-23T10:22:41,2026-06-23 10:22:39,002158,汉钟精机,33.06,-3.7274,35.2,35.4,32.0,34.34,343068749.2,34.34,31.23
2026-06-23T10:22:41,2026-06-23 10:22:38,603956,威派格,5.01,-3.0948,5.17,5.18,4.99,5.17,67581060.0,5.17,4.53
2026-06-23T10:22:41,2026-06-23 10:22:39,000534,万泽股份,31.0,-1.7121,31.48,32.07,30.71,31.54,218836947.34,31.54,29.88
2026-06-23T10:22:41,2026-06-23 10:22:37,600183,生益科技,172.13,-6.7046,179.0,180.0,169.5,184.5,7460533328.0,184.075,169.349
2026-06-23T10:23:42,2026-06-23 10:23:39,603616,韩建河山,6.79,3.1915,6.58,6.84,6.57,6.58,175034725.0,6.58,5.91
2026-06-23T10:23:42,2026-06-23 10:23:39,000839,国安股份,2.86,-2.7211,2.9,2.91,2.85,2.94,137297719.85,2.94,2.59
2026-06-23T10:23:42,2026-06-23 10:23:39,002907,华森制药,13.76,5.1184,13.02,14.32,13.02,13.09,127090385.52,13.09,12.09
2026-06-23T10:23:42,2026-06-23 10:23:39,002158,汉钟精机,33.09,-3.6401,35.2,35.4,32.0,34.34,344790593.2,34.34,31.23
2026-06-23T10:23:42,2026-06-23 10:23:38,603956,威派格,5.01,-3.0948,5.17,5.18,4.99,5.17,67816125.0,5.17,4.53
2026-06-23T10:23:42,2026-06-23 10:23:39,000534,万泽股份,31.07,-1.4902,31.48,32.07,30.71,31.54,219600243.34,31.54,29.88
2026-06-23T10:23:42,2026-06-23 10:23:40,600183,生益科技,173.34,-6.0488,179.0,180.0,169.5,184.5,7523220388.0,184.075,169.349
2026-06-23T10:24:42,2026-06-23 10:24:39,603616,韩建河山,6.77,2.8875,6.58,6.84,6.57,6.58,175988140.0,6.58,5.91
2026-06-23T10:24:42,2026-06-23 10:24:39,000839,国安股份,2.86,-2.7211,2.9,2.91,2.85,2.94,138044343.85,2.94,2.59
2026-06-23T10:24:42,2026-06-23 10:24:36,002907,华森制药,13.76,5.1184,13.02,14.32,13.02,13.09,127998826.52,13.09,12.09
2026-06-23T10:24:42,2026-06-23 10:24:39,002158,汉钟精机,33.07,-3.6983,35.2,35.4,32.0,34.34,345508024.2,34.34,31.23
2026-06-23T10:24:42,2026-06-23 10:24:38,603956,威派格,5.02,-2.9014,5.17,5.18,4.99,5.17,68428093.0,5.17,4.53
2026-06-23T10:24:42,2026-06-23 10:24:39,000534,万泽股份,31.02,-1.6487,31.48,32.07,30.71,31.54,221101691.34,31.54,29.88
2026-06-23T10:24:42,2026-06-23 10:24:40,600183,生益科技,173.92,-5.7344,179.0,180.0,169.5,184.5,7598527377.0,184.075,169.349
2026-06-23T10:25:43,2026-06-23 10:25:39,603616,韩建河山,6.74,2.4316,6.58,6.84,6.57,6.58,176846148.0,6.58,5.91
2026-06-23T10:25:43,2026-06-23 10:25:42,000839,国安股份,2.86,-2.7211,2.9,2.91,2.85,2.94,138488705.85,2.94,2.59
2026-06-23T10:25:43,2026-06-23 10:25:39,002907,华森制药,13.73,4.8892,13.02,14.32,13.02,13.09,128186934.52,13.09,12.09
2026-06-23T10:25:43,2026-06-23 10:25:42,002158,汉钟精机,33.01,-3.873,35.2,35.4,32.0,34.34,346647960.2,34.34,31.23
2026-06-23T10:25:43,2026-06-23 10:25:41,603956,威派格,5.01,-3.0948,5.17,5.18,4.99,5.17,68886484.0,5.17,4.53
2026-06-23T10:25:43,2026-06-23 10:25:42,000534,万泽股份,31.04,-1.5853,31.48,32.07,30.71,31.54,222907574.34,31.54,29.88
2026-06-23T10:25:43,2026-06-23 10:25:40,600183,生益科技,173.78,-5.8103,179.0,180.0,169.5,184.5,7686213934.0,184.075,169.349
2026-06-23T10:26:44,2026-06-23 10:26:42,603616,韩建河山,6.72,2.1277,6.58,6.84,6.57,6.58,179775587.0,6.58,5.91
2026-06-23T10:26:44,2026-06-23 10:26:42,000839,国安股份,2.86,-2.7211,2.9,2.91,2.85,2.94,140001381.85,2.94,2.59
2026-06-23T10:26:44,2026-06-23 10:26:42,002907,华森制药,13.71,4.7364,13.02,14.32,13.02,13.09,128515947.52,13.09,12.09
2026-06-23T10:26:44,2026-06-23 10:26:42,002158,汉钟精机,33.07,-3.6983,35.2,35.4,32.0,34.34,348648624.2,34.34,31.23
2026-06-23T10:26:44,2026-06-23 10:26:41,603956,威派格,4.99,-3.4816,5.17,5.18,4.99,5.17,69407004.0,5.17,4.53
2026-06-23T10:26:44,2026-06-23 10:26:42,000534,万泽股份,30.98,-1.7755,31.48,32.07,30.71,31.54,224588166.34,31.54,29.88
2026-06-23T10:26:44,2026-06-23 10:26:40,600183,生益科技,174.27,-5.5447,179.0,180.0,169.5,184.5,7768698404.0,184.075,169.349
2026-06-23T10:27:44,2026-06-23 10:27:42,603616,韩建河山,6.74,2.4316,6.58,6.84,6.57,6.58,180974929.0,6.58,5.91
2026-06-23T10:27:44,2026-06-23 10:27:42,000839,国安股份,2.85,-3.0612,2.9,2.91,2.85,2.94,140783360.85,2.94,2.59
2026-06-23T10:27:44,2026-06-23 10:27:42,002907,华森制药,13.73,4.8892,13.02,14.32,13.02,13.09,128666900.52,13.09,12.09
2026-06-23T10:27:44,2026-06-23 10:27:42,002158,汉钟精机,33.03,-3.8148,35.2,35.4,32.0,34.34,349626579.2,34.34,31.23
2026-06-23T10:27:44,2026-06-23 10:27:41,603956,威派格,4.99,-3.4816,5.17,5.18,4.99,5.17,69963405.0,5.17,4.53
2026-06-23T10:27:44,2026-06-23 10:27:42,000534,万泽股份,31.03,-1.617,31.48,32.07,30.71,31.54,225654483.34,31.54,29.88
2026-06-23T10:27:44,2026-06-23 10:27:43,600183,生益科技,173.89,-5.7507,179.0,180.0,169.5,184.5,7834627133.0,184.075,169.349
2026-06-23T10:28:45,2026-06-23 10:28:42,603616,韩建河山,6.73,2.2796,6.58,6.84,6.57,6.58,181586566.0,6.58,5.91
2026-06-23T10:28:45,2026-06-23 10:28:42,000839,国安股份,2.86,-2.7211,2.9,2.91,2.85,2.94,141670108.85,2.94,2.59
2026-06-23T10:28:45,2026-06-23 10:28:42,002907,华森制药,13.75,5.042,13.02,14.32,13.02,13.09,128852362.52,13.09,12.09
2026-06-23T10:28:45,2026-06-23 10:28:42,002158,汉钟精机,33.05,-3.7566,35.2,35.4,32.0,34.34,350244160.2,34.34,31.23
2026-06-23T10:28:45,2026-06-23 10:28:41,603956,威派格,5.0,-3.2882,5.17,5.18,4.99,5.17,71707583.0,5.17,4.53
2026-06-23T10:28:45,2026-06-23 10:28:42,000534,万泽股份,31.02,-1.6487,31.48,32.07,30.71,31.54,227037319.34,31.54,29.88
2026-06-23T10:28:45,2026-06-23 10:28:43,600183,生益科技,173.82,-5.7886,179.0,180.0,169.5,184.5,7883720256.0,184.075,169.349
2026-06-23T10:29:45,2026-06-23 10:29:42,603616,韩建河山,6.73,2.2796,6.58,6.84,6.57,6.58,182638044.0,6.58,5.91
2026-06-23T10:29:45,2026-06-23 10:29:42,000839,国安股份,2.85,-3.0612,2.9,2.91,2.85,2.94,142263960.85,2.94,2.59
2026-06-23T10:29:45,2026-06-23 10:29:42,002907,华森制药,13.75,5.042,13.02,14.32,13.02,13.09,129497519.52,13.09,12.09
2026-06-23T10:29:45,2026-06-23 10:29:42,002158,汉钟精机,33.22,-3.2615,35.2,35.4,32.0,34.34,352406687.2,34.34,31.23
2026-06-23T10:29:45,2026-06-23 10:29:41,603956,威派格,5.0,-3.2882,5.17,5.18,4.99,5.17,71815613.0,5.17,4.53
2026-06-23T10:29:45,2026-06-23 10:29:42,000534,万泽股份,30.99,-1.7438,31.48,32.07,30.71,31.54,228760818.34,31.54,29.88
2026-06-23T10:29:45,2026-06-23 10:29:43,600183,生益科技,173.74,-5.832,179.0,180.0,169.5,184.5,7940998870.0,184.075,169.349
2026-06-23T10:30:45,2026-06-23 10:30:42,603616,韩建河山,6.72,2.1277,6.58,6.84,6.57,6.58,183573092.0,6.58,5.91
2026-06-23T10:30:45,2026-06-23 10:30:42,000839,国安股份,2.86,-2.7211,2.9,2.91,2.85,2.94,142513485.85,2.94,2.59
2026-06-23T10:30:45,2026-06-23 10:30:42,002907,华森制药,13.76,5.1184,13.02,14.32,13.02,13.09,129688546.52,13.09,12.09
2026-06-23T10:30:45,2026-06-23 10:30:42,002158,汉钟精机,33.19,-3.3489,35.2,35.4,32.0,34.34,356318517.2,34.34,31.23
2026-06-23T10:30:45,2026-06-23 10:30:44,603956,威派格,5.0,-3.2882,5.17,5.18,4.99,5.17,72314569.0,5.17,4.53
2026-06-23T10:30:45,2026-06-23 10:30:42,000534,万泽股份,30.98,-1.7755,31.48,32.07,30.71,31.54,230322168.34,31.54,29.88
2026-06-23T10:30:45,2026-06-23 10:30:43,600183,生益科技,173.03,-6.2168,179.0,180.0,169.5,184.5,7992961381.0,184.075,169.349
2026-06-23T10:31:48,2026-06-23 10:31:45,603616,韩建河山,6.71,1.9757,6.58,6.84,6.57,6.58,184126527.0,6.58,5.91
2026-06-23T10:31:48,2026-06-23 10:31:45,000839,国安股份,2.86,-2.7211,2.9,2.91,2.85,2.94,143978844.85,2.94,2.59
2026-06-23T10:31:48,2026-06-23 10:31:45,002907,华森制药,13.76,5.1184,13.02,14.32,13.02,13.09,130019191.52,13.09,12.09
2026-06-23T10:31:48,2026-06-23 10:31:45,002158,汉钟精机,33.21,-3.2906,35.2,35.4,32.0,34.34,357659773.2,34.34,31.23
2026-06-23T10:31:48,2026-06-23 10:31:44,603956,威派格,5.0,-3.2882,5.17,5.18,4.99,5.17,72671572.0,5.17,4.53
2026-06-23T10:31:48,2026-06-23 10:31:45,000534,万泽股份,31.06,-1.5219,31.48,32.07,30.71,31.54,232305373.34,31.54,29.88
2026-06-23T10:31:48,2026-06-23 10:31:46,600183,生益科技,173.73,-5.8374,179.0,180.0,169.5,184.5,8058684413.0,184.075,169.349
2026-06-23T10:32:49,2026-06-23 10:32:48,603616,韩建河山,6.72,2.1277,6.58,6.84,6.57,6.58,185395579.0,6.58,5.91
2026-06-23T10:32:49,2026-06-23 10:32:48,000839,国安股份,2.86,-2.7211,2.9,2.91,2.85,2.94,144148209.85,2.94,2.59
2026-06-23T10:32:49,2026-06-23 10:32:48,002907,华森制药,13.77,5.1948,13.02,14.32,13.02,13.09,130353700.52,13.09,12.09
2026-06-23T10:32:49,2026-06-23 10:32:48,002158,汉钟精机,33.13,-3.5236,35.2,35.4,32.0,34.34,358999945.2,34.34,31.23
2026-06-23T10:32:49,2026-06-23 10:32:47,603956,威派格,5.01,-3.0948,5.17,5.18,4.99,5.17,73133288.0,5.17,4.53
2026-06-23T10:32:49,2026-06-23 10:32:48,000534,万泽股份,31.09,-1.4268,31.48,32.07,30.71,31.54,233943038.34,31.54,29.88
2026-06-23T10:32:49,2026-06-23 10:32:46,600183,生益科技,172.98,-6.2439,179.0,180.0,169.5,184.5,8128873691.0,184.075,169.349
2026-06-23T10:33:51,2026-06-23 10:33:48,603616,韩建河山,6.75,2.5836,6.58,6.84,6.57,6.58,186365524.0,6.58,5.91
2026-06-23T10:33:51,2026-06-23 10:33:48,000839,国安股份,2.86,-2.7211,2.9,2.91,2.85,2.94,144678824.85,2.94,2.59
2026-06-23T10:33:51,2026-06-23 10:33:48,002907,华森制药,13.73,4.8892,13.02,14.32,13.02,13.09,130815586.52,13.09,12.09
2026-06-23T10:33:51,2026-06-23 10:33:48,002158,汉钟精机,33.24,-3.2033,35.2,35.4,32.0,34.34,361161942.2,34.34,31.23
2026-06-23T10:33:51,2026-06-23 10:33:47,603956,威派格,5.01,-3.0948,5.17,5.18,4.99,5.17,73413650.0,5.17,4.53
2026-06-23T10:33:51,2026-06-23 10:33:48,000534,万泽股份,31.06,-1.5219,31.48,32.07,30.71,31.54,234707564.34,31.54,29.88
2026-06-23T10:33:51,2026-06-23 10:33:49,600183,生益科技,172.92,-6.2764,179.0,180.0,169.5,184.5,8205145963.0,184.075,169.349
2026-06-23T10:34:52,2026-06-23 10:34:51,603616,韩建河山,6.74,2.4316,6.58,6.84,6.57,6.58,186749046.0,6.58,5.91
2026-06-23T10:34:52,2026-06-23 10:34:51,000839,国安股份,2.87,-2.381,2.9,2.91,2.85,2.94,147102311.85,2.94,2.59
2026-06-23T10:34:52,2026-06-23 10:34:51,002907,华森制药,13.71,4.7364,13.02,14.32,13.02,13.09,131522287.52,13.09,12.09
2026-06-23T10:34:52,2026-06-23 10:34:51,002158,汉钟精机,33.16,-3.4362,35.2,35.4,32.0,34.34,362476667.2,34.34,31.23
2026-06-23T10:34:52,2026-06-23 10:34:50,603956,威派格,5.01,-3.0948,5.17,5.18,4.99,5.17,73584943.0,5.17,4.53
2026-06-23T10:34:52,2026-06-23 10:34:51,000534,万泽股份,31.06,-1.5219,31.48,32.07,30.71,31.54,236343978.34,31.54,29.88
2026-06-23T10:34:52,2026-06-23 10:34:49,600183,生益科技,172.4,-6.5583,179.0,180.0,169.5,184.5,8249915099.0,184.075,169.349
2026-06-23T10:35:53,2026-06-23 10:35:51,603616,韩建河山,6.72,2.1277,6.58,6.84,6.57,6.58,187191713.0,6.58,5.91
2026-06-23T10:35:53,2026-06-23 10:35:51,000839,国安股份,2.88,-2.0408,2.9,2.91,2.85,2.94,147738112.85,2.94,2.59
2026-06-23T10:35:53,2026-06-23 10:35:51,002907,华森制药,13.69,4.5837,13.02,14.32,13.02,13.09,131716831.52,13.09,12.09
2026-06-23T10:35:53,2026-06-23 10:35:51,002158,汉钟精机,33.19,-3.3489,35.2,35.4,32.0,34.34,363126339.2,34.34,31.23
2026-06-23T10:35:53,2026-06-23 10:35:50,603956,威派格,5.01,-3.0948,5.17,5.18,4.99,5.17,73655573.0,5.17,4.53
2026-06-23T10:35:53,2026-06-23 10:35:51,000534,万泽股份,31.02,-1.6487,31.48,32.07,30.71,31.54,237088346.34,31.54,29.88
2026-06-23T10:35:53,2026-06-23 10:35:52,600183,生益科技,172.26,-6.6341,179.0,180.0,169.5,184.5,8301458132.0,184.075,169.349
2026-06-23T10:36:55,2026-06-23 10:36:54,603616,韩建河山,6.72,2.1277,6.58,6.84,6.57,6.58,187664836.0,6.58,5.91
2026-06-23T10:36:55,2026-06-23 10:36:54,000839,国安股份,2.87,-2.381,2.9,2.91,2.85,2.94,147877731.85,2.94,2.59
2026-06-23T10:36:55,2026-06-23 10:36:51,002907,华森制药,13.68,4.5073,13.02,14.32,13.02,13.09,132179618.52,13.09,12.09
2026-06-23T10:36:55,2026-06-23 10:36:54,002158,汉钟精机,33.13,-3.5236,35.2,35.4,32.0,34.34,364164402.2,34.34,31.23
2026-06-23T10:36:55,2026-06-23 10:36:53,603956,威派格,5.01,-3.0948,5.17,5.18,4.99,5.17,73804858.0,5.17,4.53
2026-06-23T10:36:55,2026-06-23 10:36:54,000534,万泽股份,31.0,-1.7121,31.48,32.07,30.71,31.54,238074442.34,31.54,29.88
2026-06-23T10:36:55,2026-06-23 10:36:52,600183,生益科技,172.01,-6.7696,179.0,180.0,169.5,184.5,8340944556.0,184.075,169.349
2026-06-23T10:37:56,2026-06-23 10:37:54,603616,韩建河山,6.71,1.9757,6.58,6.84,6.57,6.58,188196648.0,6.58,5.91
2026-06-23T10:37:56,2026-06-23 10:37:54,000839,国安股份,2.86,-2.7211,2.9,2.91,2.85,2.94,148901607.85,2.94,2.59
2026-06-23T10:37:56,2026-06-23 10:37:51,002907,华森制药,13.69,4.5837,13.02,14.32,13.02,13.09,132286403.52,13.09,12.09
2026-06-23T10:37:56,2026-06-23 10:37:54,002158,汉钟精机,33.04,-3.7857,35.2,35.4,32.0,34.34,366471410.2,34.34,31.23
2026-06-23T10:37:56,2026-06-23 10:37:50,603956,威派格,5.01,-3.0948,5.17,5.18,4.99,5.17,74091331.0,5.17,4.53
2026-06-23T10:37:56,2026-06-23 10:37:54,000534,万泽股份,30.91,-1.9975,31.48,32.07,30.71,31.54,241167045.34,31.54,29.88
2026-06-23T10:37:56,2026-06-23 10:37:55,600183,生益科技,171.5,-7.0461,179.0,180.0,169.5,184.5,8437913563.0,184.075,169.349
2026-06-23T10:38:57,2026-06-23 10:38:54,603616,韩建河山,6.69,1.6717,6.58,6.84,6.57,6.58,189951448.0,6.58,5.91
2026-06-23T10:38:57,2026-06-23 10:38:54,000839,国安股份,2.86,-2.7211,2.9,2.91,2.85,2.94,149105103.85,2.94,2.59
2026-06-23T10:38:57,2026-06-23 10:38:54,002907,华森制药,13.65,4.2781,13.02,14.32,13.02,13.09,133484378.52,13.09,12.09
2026-06-23T10:38:57,2026-06-23 10:38:54,002158,汉钟精机,33.04,-3.7857,35.2,35.4,32.0,34.34,368729696.2,34.34,31.23
2026-06-23T10:38:57,2026-06-23 10:38:53,603956,威派格,5.0,-3.2882,5.17,5.18,4.99,5.17,74247379.0,5.17,4.53
2026-06-23T10:38:57,2026-06-23 10:38:54,000534,万泽股份,30.88,-2.0926,31.48,32.07,30.71,31.54,242535455.34,31.54,29.88
2026-06-23T10:38:57,2026-06-23 10:38:55,600183,生益科技,171.59,-6.9973,179.0,180.0,169.5,184.5,8497339968.0,184.075,169.349
2026-06-23T10:39:58,2026-06-23 10:39:57,603616,韩建河山,6.68,1.5198,6.58,6.84,6.57,6.58,191906322.0,6.58,5.91
2026-06-23T10:39:58,2026-06-23 10:39:57,000839,国安股份,2.86,-2.7211,2.9,2.91,2.85,2.94,149576549.85,2.94,2.59
2026-06-23T10:39:58,2026-06-23 10:39:57,002907,华森制药,13.65,4.2781,13.02,14.32,13.02,13.09,133682365.52,13.09,12.09
2026-06-23T10:39:58,2026-06-23 10:39:57,002158,汉钟精机,33.12,-3.5527,35.2,35.4,32.0,34.34,369636146.2,34.34,31.23
2026-06-23T10:39:58,2026-06-23 10:39:56,603956,威派格,5.0,-3.2882,5.17,5.18,4.99,5.17,74769076.0,5.17,4.53
2026-06-23T10:39:58,2026-06-23 10:39:57,000534,万泽股份,30.87,-2.1243,31.48,32.07,30.71,31.54,243653115.34,31.54,29.88
2026-06-23T10:39:58,2026-06-23 10:39:55,600183,生益科技,171.64,-6.9702,179.0,180.0,169.5,184.5,8545752629.0,184.075,169.349
2026-06-23T10:40:59,2026-06-23 10:40:57,603616,韩建河山,6.71,1.9757,6.58,6.84,6.57,6.58,193016482.0,6.58,5.91
2026-06-23T10:40:59,2026-06-23 10:40:57,000839,国安股份,2.86,-2.7211,2.9,2.91,2.85,2.94,149678912.85,2.94,2.59
2026-06-23T10:40:59,2026-06-23 10:40:57,002907,华森制药,13.66,4.3545,13.02,14.32,13.02,13.09,133797052.52,13.09,12.09
2026-06-23T10:40:59,2026-06-23 10:40:57,002158,汉钟精机,33.06,-3.7274,35.2,35.4,32.0,34.34,370973317.2,34.34,31.23
2026-06-23T10:40:59,2026-06-23 10:40:56,603956,威派格,5.0,-3.2882,5.17,5.18,4.99,5.17,75381577.0,5.17,4.53
2026-06-23T10:40:59,2026-06-23 10:40:57,000534,万泽股份,30.88,-2.0926,31.48,32.07,30.71,31.54,244678527.34,31.54,29.88
2026-06-23T10:40:59,2026-06-23 10:40:58,600183,生益科技,171.19,-7.2141,179.0,180.0,169.5,184.5,8610156654.0,184.075,169.349
2026-06-23T10:42:01,2026-06-23 10:41:57,603616,韩建河山,6.7,1.8237,6.58,6.84,6.57,6.58,193507055.0,6.58,5.91
2026-06-23T10:42:01,2026-06-23 10:42:00,000839,国安股份,2.87,-2.381,2.9,2.91,2.85,2.94,149831765.85,2.94,2.59
2026-06-23T10:42:01,2026-06-23 10:41:57,002907,华森制药,13.68,4.5073,13.02,14.32,13.02,13.09,134040438.52,13.09,12.09
2026-06-23T10:42:01,2026-06-23 10:41:57,002158,汉钟精机,33.09,-3.6401,35.2,35.4,32.0,34.34,371287486.2,34.34,31.23
2026-06-23T10:42:01,2026-06-23 10:41:59,603956,威派格,4.99,-3.4816,5.17,5.18,4.99,5.17,75609202.0,5.17,4.53
2026-06-23T10:42:01,2026-06-23 10:42:00,000534,万泽股份,30.89,-2.0609,31.48,32.07,30.71,31.54,245259413.34,31.54,29.88
2026-06-23T10:42:01,2026-06-23 10:41:58,600183,生益科技,171.57,-7.0081,179.0,180.0,169.5,184.5,8682213446.0,184.075,169.349
2026-06-23T10:43:02,2026-06-23 10:43:00,603616,韩建河山,6.71,1.9757,6.58,6.84,6.57,6.58,193916108.0,6.58,5.91
2026-06-23T10:43:02,2026-06-23 10:43:00,000839,国安股份,2.87,-2.381,2.9,2.91,2.85,2.94,150164136.85,2.94,2.59
2026-06-23T10:43:02,2026-06-23 10:43:00,002907,华森制药,13.68,4.5073,13.02,14.32,13.02,13.09,134472642.52,13.09,12.09
2026-06-23T10:43:02,2026-06-23 10:43:00,002158,汉钟精机,33.01,-3.873,35.2,35.4,32.0,34.34,372246029.2,34.34,31.23
2026-06-23T10:43:02,2026-06-23 10:42:59,603956,威派格,4.99,-3.4816,5.17,5.18,4.99,5.17,75968019.0,5.17,4.53
2026-06-23T10:43:02,2026-06-23 10:43:00,000534,万泽股份,30.83,-2.2511,31.48,32.07,30.71,31.54,247275357.34,31.54,29.88
2026-06-23T10:43:02,2026-06-23 10:43:01,600183,生益科技,171.08,-7.2737,179.0,180.0,169.5,184.5,8747784896.0,184.075,169.349
2026-06-23T10:44:03,2026-06-23 10:44:00,603616,韩建河山,6.69,1.6717,6.58,6.84,6.57,6.58,194451909.0,6.58,5.91
2026-06-23T10:44:03,2026-06-23 10:44:03,000839,国安股份,2.87,-2.381,2.9,2.91,2.85,2.94,150269748.85,2.94,2.59
2026-06-23T10:44:03,2026-06-23 10:44:00,002907,华森制药,13.68,4.5073,13.02,14.32,13.02,13.09,134820247.52,13.09,12.09
2026-06-23T10:44:03,2026-06-23 10:44:00,002158,汉钟精机,33.01,-3.873,35.2,35.4,32.0,34.34,373341163.2,34.34,31.23
2026-06-23T10:44:03,2026-06-23 10:44:02,603956,威派格,4.99,-3.4816,5.17,5.18,4.99,5.17,76166165.0,5.17,4.53
2026-06-23T10:44:03,2026-06-23 10:44:03,000534,万泽股份,30.82,-2.2828,31.48,32.07,30.71,31.54,248770021.34,31.54,29.88
2026-06-23T10:44:03,2026-06-23 10:44:01,600183,生益科技,170.97,-7.3333,179.0,180.0,169.5,184.5,8878490000.0,184.075,169.349
2026-06-23T10:45:04,2026-06-23 10:45:03,603616,韩建河山,6.7,1.8237,6.58,6.84,6.57,6.58,194947704.0,6.58,5.91
2026-06-23T10:45:04,2026-06-23 10:45:03,000839,国安股份,2.86,-2.7211,2.9,2.91,2.85,2.94,150658995.85,2.94,2.59
2026-06-23T10:45:04,2026-06-23 10:45:03,002907,华森制药,13.69,4.5837,13.02,14.32,13.02,13.09,135314156.52,13.09,12.09
2026-06-23T10:45:04,2026-06-23 10:45:03,002158,汉钟精机,33.21,-3.2906,35.2,35.4,32.0,34.34,377052919.2,34.34,31.23
2026-06-23T10:45:04,2026-06-23 10:45:02,603956,威派格,5.0,-3.2882,5.17,5.18,4.99,5.17,76257015.0,5.17,4.53
2026-06-23T10:45:04,2026-06-23 10:45:03,000534,万泽股份,30.85,-2.1877,31.48,32.07,30.71,31.54,249263456.34,31.54,29.88
2026-06-23T10:45:04,2026-06-23 10:45:01,600183,生益科技,171.66,-6.9593,179.0,180.0,169.5,184.5,8983332982.0,184.075,169.349
2026-06-23T10:46:06,2026-06-23 10:46:03,603616,韩建河山,6.7,1.8237,6.58,6.84,6.57,6.58,195267024.0,6.58,5.91
2026-06-23T10:46:06,2026-06-23 10:46:03,000839,国安股份,2.87,-2.381,2.9,2.91,2.85,2.94,151368296.85,2.94,2.59
2026-06-23T10:46:06,2026-06-23 10:46:03,002907,华森制药,13.67,4.4309,13.02,14.32,13.02,13.09,135729736.52,13.09,12.09
2026-06-23T10:46:06,2026-06-23 10:46:03,002158,汉钟精机,33.27,-3.1159,35.2,35.4,32.0,34.34,378397757.2,34.34,31.23
2026-06-23T10:46:06,2026-06-23 10:46:02,603956,威派格,4.99,-3.4816,5.17,5.18,4.99,5.17,77175200.0,5.17,4.53
2026-06-23T10:46:06,2026-06-23 10:46:03,000534,万泽股份,30.86,-2.156,31.48,32.07,30.71,31.54,250797062.34,31.54,29.88
2026-06-23T10:46:06,2026-06-23 10:46:04,600183,生益科技,171.79,-6.8889,179.0,180.0,169.5,184.5,9035706123.0,184.075,169.349
2026-06-23T10:47:07,2026-06-23 10:47:06,603616,韩建河山,6.69,1.6717,6.58,6.84,6.57,6.58,195863409.0,6.58,5.91
2026-06-23T10:47:07,2026-06-23 10:47:06,000839,国安股份,2.87,-2.381,2.9,2.91,2.85,2.94,151977997.85,2.94,2.59
2026-06-23T10:47:07,2026-06-23 10:47:03,002907,华森制药,13.66,4.3545,13.02,14.32,13.02,13.09,135751606.52,13.09,12.09
2026-06-23T10:47:07,2026-06-23 10:47:06,002158,汉钟精机,33.3,-3.0285,35.2,35.4,32.0,34.34,380538801.2,34.34,31.23
2026-06-23T10:47:07,2026-06-23 10:47:02,603956,威派格,4.98,-3.675,5.17,5.18,4.98,5.17,77347567.0,5.17,4.53
2026-06-23T10:47:07,2026-06-23 10:47:06,000534,万泽股份,30.88,-2.0926,31.48,32.07,30.71,31.54,251572560.34,31.54,29.88
2026-06-23T10:47:07,2026-06-23 10:47:04,600183,生益科技,173.0,-6.2331,179.0,180.0,169.5,184.5,9071064963.0,184.075,169.349
2026-06-23T10:48:08,2026-06-23 10:48:06,603616,韩建河山,6.69,1.6717,6.58,6.84,6.57,6.58,196491169.0,6.58,5.91
2026-06-23T10:48:08,2026-06-23 10:48:06,000839,国安股份,2.86,-2.7211,2.9,2.91,2.85,2.94,152135975.85,2.94,2.59
2026-06-23T10:48:08,2026-06-23 10:48:06,002907,华森制药,13.69,4.5837,13.02,14.32,13.02,13.09,135888365.52,13.09,12.09
2026-06-23T10:48:08,2026-06-23 10:48:06,002158,汉钟精机,33.16,-3.4362,35.2,35.4,32.0,34.34,381892149.2,34.34,31.23
2026-06-23T10:48:08,2026-06-23 10:48:05,603956,威派格,4.97,-3.8685,5.17,5.18,4.97,5.17,78557768.0,5.17,4.53
2026-06-23T10:48:08,2026-06-23 10:48:06,000534,万泽股份,30.88,-2.0926,31.48,32.07,30.71,31.54,252505067.34,31.54,29.88
2026-06-23T10:48:08,2026-06-23 10:48:07,600183,生益科技,172.5,-6.5041,179.0,180.0,169.5,184.5,9107169218.0,184.075,169.349
2026-06-23T10:49:09,2026-06-23 10:49:06,603616,韩建河山,6.69,1.6717,6.58,6.84,6.57,6.58,197114674.0,6.58,5.91
2026-06-23T10:49:09,2026-06-23 10:49:06,000839,国安股份,2.85,-3.0612,2.9,2.91,2.85,2.94,153945743.85,2.94,2.59
2026-06-23T10:49:09,2026-06-23 10:49:06,002907,华森制药,13.69,4.5837,13.02,14.32,13.02,13.09,136123849.52,13.09,12.09
2026-06-23T10:49:09,2026-06-23 10:49:06,002158,汉钟精机,33.15,-3.4653,35.2,35.4,32.0,34.34,382896213.2,34.34,31.23
2026-06-23T10:49:09,2026-06-23 10:49:08,603956,威派格,4.97,-3.8685,5.17,5.18,4.97,5.17,79265030.0,5.17,4.53
2026-06-23T10:49:09,2026-06-23 10:49:06,000534,万泽股份,30.87,-2.1243,31.48,32.07,30.71,31.54,253671784.34,31.54,29.88
2026-06-23T10:49:09,2026-06-23 10:49:07,600183,生益科技,172.23,-6.6504,179.0,180.0,169.5,184.5,9132155153.0,184.075,169.349
2026-06-23T10:50:10,2026-06-23 10:50:09,603616,韩建河山,6.68,1.5198,6.58,6.84,6.57,6.58,197408635.0,6.58,5.91
2026-06-23T10:50:10,2026-06-23 10:50:09,000839,国安股份,2.86,-2.7211,2.9,2.91,2.85,2.94,154537784.85,2.94,2.59
2026-06-23T10:50:10,2026-06-23 10:50:09,002907,华森制药,13.7,4.66,13.02,14.32,13.02,13.09,136337624.52,13.09,12.09
2026-06-23T10:50:10,2026-06-23 10:50:09,002158,汉钟精机,33.09,-3.6401,35.2,35.4,32.0,34.34,383505323.2,34.34,31.23
2026-06-23T10:50:10,2026-06-23 10:50:08,603956,威派格,4.97,-3.8685,5.17,5.18,4.97,5.17,79521588.0,5.17,4.53
2026-06-23T10:50:10,2026-06-23 10:50:09,000534,万泽股份,30.86,-2.156,31.48,32.07,30.71,31.54,254307809.34,31.54,29.88
2026-06-23T10:50:10,2026-06-23 10:50:07,600183,生益科技,171.83,-6.8672,179.0,180.0,169.5,184.5,9161823519.0,184.075,169.349
2026-06-23T10:51:12,2026-06-23 10:51:09,603616,韩建河山,6.67,1.3678,6.58,6.84,6.57,6.58,198211653.0,6.58,5.91
2026-06-23T10:51:12,2026-06-23 10:51:09,000839,国安股份,2.86,-2.7211,2.9,2.91,2.85,2.94,154829219.85,2.94,2.59
2026-06-23T10:51:12,2026-06-23 10:51:09,002907,华森制药,13.68,4.5073,13.02,14.32,13.02,13.09,136763524.52,13.09,12.09
2026-06-23T10:51:12,2026-06-23 10:51:09,002158,汉钟精机,33.11,-3.5818,35.2,35.4,32.0,34.34,384342912.2,34.34,31.23
2026-06-23T10:51:12,2026-06-23 10:51:08,603956,威派格,4.98,-3.675,5.17,5.18,4.96,5.17,80015630.0,5.17,4.53
2026-06-23T10:51:12,2026-06-23 10:51:09,000534,万泽股份,30.84,-2.2194,31.48,32.07,30.71,31.54,256578682.34,31.54,29.88
2026-06-23T10:51:12,2026-06-23 10:51:10,600183,生益科技,172.36,-6.5799,179.0,180.0,169.5,184.5,9206583629.0,184.075,169.349
2026-06-23T10:52:13,2026-06-23 10:52:12,603616,韩建河山,6.69,1.6717,6.58,6.84,6.57,6.58,200342555.0,6.58,5.91
2026-06-23T10:52:13,2026-06-23 10:52:12,000839,国安股份,2.85,-3.0612,2.9,2.91,2.85,2.94,156340744.85,2.94,2.59
2026-06-23T10:52:13,2026-06-23 10:52:12,002907,华森制药,13.7,4.66,13.02,14.32,13.02,13.09,137034609.52,13.09,12.09
2026-06-23T10:52:13,2026-06-23 10:52:12,002158,汉钟精机,33.02,-3.8439,35.2,35.4,32.0,34.34,385565471.2,34.34,31.23
2026-06-23T10:52:13,2026-06-23 10:52:11,603956,威派格,4.99,-3.4816,5.17,5.18,4.96,5.17,80428244.0,5.17,4.53
2026-06-23T10:52:13,2026-06-23 10:52:12,000534,万泽股份,30.84,-2.2194,31.48,32.07,30.71,31.54,258024349.34,31.54,29.88
2026-06-23T10:52:13,2026-06-23 10:52:10,600183,生益科技,171.9,-6.8293,179.0,180.0,169.5,184.5,9225164868.0,184.075,169.349
2026-06-23T10:53:14,2026-06-23 10:53:12,603616,韩建河山,6.68,1.5198,6.58,6.84,6.57,6.58,200553862.0,6.58,5.91
2026-06-23T10:53:14,2026-06-23 10:53:12,000839,国安股份,2.85,-3.0612,2.9,2.91,2.85,2.94,156560427.85,2.94,2.59
2026-06-23T10:53:14,2026-06-23 10:53:12,002907,华森制药,13.72,4.8128,13.02,14.32,13.02,13.09,137229366.52,13.09,12.09
2026-06-23T10:53:14,2026-06-23 10:53:12,002158,汉钟精机,33.02,-3.8439,35.2,35.4,32.0,34.34,386674454.2,34.34,31.23
2026-06-23T10:53:14,2026-06-23 10:53:11,603956,威派格,5.0,-3.2882,5.17,5.18,4.96,5.17,80886367.0,5.17,4.53
2026-06-23T10:53:14,2026-06-23 10:53:12,000534,万泽股份,30.84,-2.2194,31.48,32.07,30.71,31.54,258542498.34,31.54,29.88
2026-06-23T10:53:14,2026-06-23 10:53:13,600183,生益科技,171.99,-6.7805,179.0,180.0,169.5,184.5,9264363312.0,184.075,169.349
2026-06-23T10:54:15,2026-06-23 10:54:15,603616,韩建河山,6.68,1.5198,6.58,6.84,6.57,6.58,201182503.0,6.58,5.91
2026-06-23T10:54:15,2026-06-23 10:54:12,000839,国安股份,2.85,-3.0612,2.9,2.91,2.85,2.94,157312857.85,2.94,2.59
2026-06-23T10:54:15,2026-06-23 10:54:09,002907,华森制药,13.73,4.8892,13.02,14.32,13.02,13.09,137332311.52,13.09,12.09
2026-06-23T10:54:15,2026-06-23 10:54:12,002158,汉钟精机,32.99,-3.9313,35.2,35.4,32.0,34.34,387988335.2,34.34,31.23
2026-06-23T10:54:15,2026-06-23 10:54:14,603956,威派格,4.99,-3.4816,5.17,5.18,4.96,5.17,80976752.0,5.17,4.53
2026-06-23T10:54:15,2026-06-23 10:54:12,000534,万泽股份,30.85,-2.1877,31.48,32.07,30.71,31.54,259233025.34,31.54,29.88
2026-06-23T10:54:15,2026-06-23 10:54:13,600183,生益科技,172.45,-6.5312,179.0,180.0,169.5,184.5,9288041355.0,184.075,169.349
2026-06-23T10:55:17,2026-06-23 10:55:15,603616,韩建河山,6.68,1.5198,6.58,6.84,6.57,6.58,201590799.0,6.58,5.91
2026-06-23T10:55:17,2026-06-23 10:55:15,000839,国安股份,2.86,-2.7211,2.9,2.91,2.85,2.94,157616251.85,2.94,2.59
2026-06-23T10:55:17,2026-06-23 10:55:15,002907,华森制药,13.72,4.8128,13.02,14.32,13.02,13.09,137910625.52,13.09,12.09
2026-06-23T10:55:17,2026-06-23 10:55:15,002158,汉钟精机,33.03,-3.8148,35.2,35.4,32.0,34.34,388586103.2,34.34,31.23
2026-06-23T10:55:17,2026-06-23 10:55:14,603956,威派格,4.99,-3.4816,5.17,5.18,4.96,5.17,81400668.0,5.17,4.53
2026-06-23T10:55:17,2026-06-23 10:55:15,000534,万泽股份,30.84,-2.2194,31.48,32.07,30.71,31.54,259958175.34,31.54,29.88
2026-06-23T10:55:17,2026-06-23 10:55:13,600183,生益科技,173.15,-6.1518,179.0,180.0,169.5,184.5,9327144868.0,184.075,169.349
2026-06-23T10:56:18,2026-06-23 10:56:15,603616,韩建河山,6.69,1.6717,6.58,6.84,6.57,6.58,201819951.0,6.58,5.91
2026-06-23T10:56:18,2026-06-23 10:56:15,000839,国安股份,2.86,-2.7211,2.9,2.91,2.85,2.94,157829458.85,2.94,2.59
2026-06-23T10:56:18,2026-06-23 10:56:15,002907,华森制药,13.7,4.66,13.02,14.32,13.02,13.09,138080579.52,13.09,12.09
2026-06-23T10:56:18,2026-06-23 10:56:15,002158,汉钟精机,33.1,-3.6109,35.2,35.4,32.0,34.34,389201021.2,34.34,31.23
2026-06-23T10:56:18,2026-06-23 10:56:14,603956,威派格,4.99,-3.4816,5.17,5.18,4.96,5.17,81680125.0,5.17,4.53
2026-06-23T10:56:18,2026-06-23 10:56:15,000534,万泽股份,30.88,-2.0926,31.48,32.07,30.71,31.54,261121322.34,31.54,29.88
2026-06-23T10:56:18,2026-06-23 10:56:16,600183,生益科技,173.47,-5.9783,179.0,180.0,169.5,184.5,9358142767.0,184.075,169.349
2026-06-23T10:57:19,2026-06-23 10:57:18,603616,韩建河山,6.67,1.3678,6.58,6.84,6.57,6.58,202438499.0,6.58,5.91
2026-06-23T10:57:19,2026-06-23 10:57:18,000839,国安股份,2.86,-2.7211,2.9,2.91,2.85,2.94,162669150.85,2.94,2.59
2026-06-23T10:57:19,2026-06-23 10:57:18,002907,华森制药,13.7,4.66,13.02,14.32,13.02,13.09,138150045.2,13.09,12.09
2026-06-23T10:57:19,2026-06-23 10:57:18,002158,汉钟精机,33.04,-3.7857,35.2,35.4,32.0,34.34,389763193.2,34.34,31.23
2026-06-23T10:57:19,2026-06-23 10:57:17,603956,威派格,4.99,-3.4816,5.17,5.18,4.96,5.17,81889712.0,5.17,4.53
2026-06-23T10:57:19,2026-06-23 10:57:18,000534,万泽股份,30.87,-2.1243,31.48,32.07,30.71,31.54,261813024.34,31.54,29.88
2026-06-23T10:57:19,2026-06-23 10:57:16,600183,生益科技,172.94,-6.2656,179.0,180.0,169.5,184.5,9390339570.0,184.075,169.349
2026-06-23T10:58:20,2026-06-23 10:58:18,603616,韩建河山,6.68,1.5198,6.58,6.84,6.57,6.58,202606052.0,6.58,5.91
2026-06-23T10:58:20,2026-06-23 10:58:18,000839,国安股份,2.84,-3.4014,2.9,2.91,2.84,2.94,164057161.85,2.94,2.59
2026-06-23T10:58:20,2026-06-23 10:58:18,002907,华森制药,13.7,4.66,13.02,14.32,13.02,13.09,138206202.2,13.09,12.09
2026-06-23T10:58:20,2026-06-23 10:58:18,002158,汉钟精机,32.99,-3.9313,35.2,35.4,32.0,34.34,391515760.2,34.34,31.23
2026-06-23T10:58:20,2026-06-23 10:58:17,603956,威派格,4.99,-3.4816,5.17,5.18,4.96,5.17,82003388.0,5.17,4.53
2026-06-23T10:58:20,2026-06-23 10:58:18,000534,万泽股份,30.84,-2.2194,31.48,32.07,30.71,31.54,262649325.34,31.54,29.88
2026-06-23T10:58:20,2026-06-23 10:58:19,600183,生益科技,172.05,-6.748,179.0,180.0,169.5,184.5,9408530496.0,184.075,169.349
2026-06-23T10:59:22,2026-06-23 10:59:21,603616,韩建河山,6.7,1.8237,6.58,6.84,6.57,6.58,205223399.0,6.58,5.91
2026-06-23T10:59:22,2026-06-23 10:59:21,000839,国安股份,2.84,-3.4014,2.9,2.91,2.84,2.94,165014006.85,2.94,2.59
2026-06-23T10:59:22,2026-06-23 10:59:21,002907,华森制药,13.71,4.7364,13.02,14.32,13.02,13.09,138325376.2,13.09,12.09
2026-06-23T10:59:22,2026-06-23 10:59:21,002158,汉钟精机,32.99,-3.9313,35.2,35.4,32.0,34.34,392053638.2,34.34,31.23
2026-06-23T10:59:22,2026-06-23 10:59:17,603956,威派格,4.98,-3.675,5.17,5.18,4.96,5.17,82210413.0,5.17,4.53
2026-06-23T10:59:22,2026-06-23 10:59:21,000534,万泽股份,30.81,-2.3145,31.48,32.07,30.71,31.54,264387238.34,31.54,29.88
2026-06-23T10:59:22,2026-06-23 10:59:19,600183,生益科技,172.03,-6.7588,179.0,180.0,169.5,184.5,9435660671.0,184.075,169.349
2026-06-23T11:00:23,2026-06-23 11:00:21,603616,韩建河山,6.7,1.8237,6.58,6.84,6.57,6.58,205934497.0,6.58,5.91
2026-06-23T11:00:23,2026-06-23 11:00:21,000839,国安股份,2.84,-3.4014,2.9,2.91,2.84,2.94,167264139.37,2.94,2.59
2026-06-23T11:00:23,2026-06-23 11:00:21,002907,华森制药,13.7,4.66,13.02,14.32,13.02,13.09,138371980.2,13.09,12.09
2026-06-23T11:00:23,2026-06-23 11:00:21,002158,汉钟精机,32.97,-3.9895,35.2,35.4,32.0,34.34,393006639.2,34.34,31.23
2026-06-23T11:00:23,2026-06-23 11:00:20,603956,威派格,4.98,-3.675,5.17,5.18,4.96,5.17,82398496.0,5.17,4.53
2026-06-23T11:00:23,2026-06-23 11:00:21,000534,万泽股份,30.79,-2.3779,31.48,32.07,30.71,31.54,266459942.34,31.54,29.88
2026-06-23T11:00:23,2026-06-23 11:00:19,600183,生益科技,172.18,-6.6775,179.0,180.0,169.5,184.5,9480795174.0,184.075,169.349
2026-06-23T11:01:26,2026-06-23 11:01:24,603616,韩建河山,6.68,1.5198,6.58,6.84,6.57,6.58,206295406.0,6.58,5.91
2026-06-23T11:01:26,2026-06-23 11:01:24,000839,国安股份,2.85,-3.0612,2.9,2.91,2.84,2.94,168833323.37,2.94,2.59
2026-06-23T11:01:26,2026-06-23 11:01:24,002907,华森制药,13.7,4.66,13.02,14.32,13.02,13.09,138667901.2,13.09,12.09
2026-06-23T11:01:26,2026-06-23 11:01:24,002158,汉钟精机,32.93,-4.106,35.2,35.4,32.0,34.34,394176126.2,34.34,31.23
2026-06-23T11:01:26,2026-06-23 11:01:23,603956,威派格,4.98,-3.675,5.17,5.18,4.96,5.17,82463246.0,5.17,4.53
2026-06-23T11:01:26,2026-06-23 11:01:24,000534,万泽股份,30.71,-2.6316,31.48,32.07,30.71,31.54,271001461.34,31.54,29.88
2026-06-23T11:01:26,2026-06-23 11:01:25,600183,生益科技,171.04,-7.2954,179.0,180.0,169.5,184.5,9538397928.0,184.075,169.349
2026-06-23T11:02:28,2026-06-23 11:02:24,603616,韩建河山,6.68,1.5198,6.58,6.84,6.57,6.58,206868891.0,6.58,5.91
2026-06-23T11:02:28,2026-06-23 11:02:24,000839,国安股份,2.84,-3.4014,2.9,2.91,2.84,2.94,169098053.37,2.94,2.59
2026-06-23T11:02:28,2026-06-23 11:02:24,002907,华森制药,13.7,4.66,13.02,14.32,13.02,13.09,138877405.2,13.09,12.09
2026-06-23T11:02:28,2026-06-23 11:02:24,002158,汉钟精机,32.84,-4.3681,35.2,35.4,32.0,34.34,395054100.2,34.34,31.23
2026-06-23T11:02:28,2026-06-23 11:02:26,603956,威派格,4.98,-3.675,5.17,5.18,4.96,5.17,82514545.0,5.17,4.53
2026-06-23T11:02:28,2026-06-23 11:02:24,000534,万泽股份,30.69,-2.695,31.48,32.07,30.62,31.54,276509925.34,31.54,29.88
2026-06-23T11:02:28,2026-06-23 11:02:25,600183,生益科技,170.97,-7.3333,179.0,180.0,169.5,184.5,9620051829.0,184.075,169.349
2026-06-23T11:03:29,2026-06-23 11:03:27,603616,韩建河山,6.68,1.5198,6.58,6.84,6.57,6.58,207726317.0,6.58,5.91
2026-06-23T11:03:29,2026-06-23 11:03:27,000839,国安股份,2.85,-3.0612,2.9,2.91,2.84,2.94,169586228.37,2.94,2.59
2026-06-23T11:03:29,2026-06-23 11:03:21,002907,华森制药,13.69,4.5837,13.02,14.32,13.02,13.09,139123899.2,13.09,12.09
2026-06-23T11:03:29,2026-06-23 11:03:27,002158,汉钟精机,32.96,-4.0186,35.2,35.4,32.0,34.34,398883003.2,34.34,31.23
2026-06-23T11:03:29,2026-06-23 11:03:26,603956,威派格,4.98,-3.675,5.17,5.18,4.96,5.17,82565392.0,5.17,4.53
2026-06-23T11:03:29,2026-06-23 11:03:27,000534,万泽股份,30.73,-2.5682,31.48,32.07,30.62,31.54,277968048.34,31.54,29.88
2026-06-23T11:03:29,2026-06-23 11:03:28,600183,生益科技,171.16,-7.2304,179.0,180.0,169.5,184.5,9660952458.0,184.075,169.349
2026-06-23T11:04:30,2026-06-23 11:04:27,603616,韩建河山,6.67,1.3678,6.58,6.84,6.57,6.58,208705792.0,6.58,5.91
2026-06-23T11:04:30,2026-06-23 11:04:27,000839,国安股份,2.85,-3.0612,2.9,2.91,2.84,2.94,170146669.37,2.94,2.59
2026-06-23T11:04:30,2026-06-23 11:04:24,002907,华森制药,13.66,4.3545,13.02,14.32,13.02,13.09,139782294.8,13.09,12.09
2026-06-23T11:04:30,2026-06-23 11:04:27,002158,汉钟精机,32.99,-3.9313,35.2,35.4,32.0,34.34,399176340.2,34.34,31.23
2026-06-23T11:04:30,2026-06-23 11:04:26,603956,威派格,4.99,-3.4816,5.17,5.18,4.96,5.17,82607800.0,5.17,4.53
2026-06-23T11:04:30,2026-06-23 11:04:27,000534,万泽股份,30.75,-2.5048,31.48,32.07,30.62,31.54,278601487.34,31.54,29.88
2026-06-23T11:04:30,2026-06-23 11:04:28,600183,生益科技,171.64,-6.9702,179.0,180.0,169.5,184.5,9692912316.0,184.075,169.349
2026-06-23T11:05:31,2026-06-23 11:05:30,603616,韩建河山,6.65,1.0638,6.58,6.84,6.57,6.58,210144866.0,6.58,5.91
2026-06-23T11:05:31,2026-06-23 11:05:30,000839,国安股份,2.84,-3.4014,2.9,2.91,2.84,2.94,170855231.37,2.94,2.59
2026-06-23T11:05:31,2026-06-23 11:05:30,002907,华森制药,13.65,4.2781,13.02,14.32,13.02,13.09,140164766.8,13.09,12.09
2026-06-23T11:05:31,2026-06-23 11:05:30,002158,汉钟精机,32.94,-4.0769,35.2,35.4,32.0,34.34,399644564.2,34.34,31.23
2026-06-23T11:05:31,2026-06-23 11:05:29,603956,威派格,4.98,-3.675,5.17,5.18,4.96,5.17,82743447.0,5.17,4.53
2026-06-23T11:05:31,2026-06-23 11:05:30,000534,万泽股份,30.74,-2.5365,31.48,32.07,30.62,31.54,279806532.34,31.54,29.88
2026-06-23T11:05:31,2026-06-23 11:05:28,600183,生益科技,171.31,-7.1491,179.0,180.0,169.5,184.5,9743091934.0,184.075,169.349
2026-06-23T11:06:33,2026-06-23 11:06:30,603616,韩建河山,6.65,1.0638,6.58,6.84,6.57,6.58,212924322.0,6.58,5.91
2026-06-23T11:06:33,2026-06-23 11:06:30,000839,国安股份,2.84,-3.4014,2.9,2.91,2.84,2.94,171622242.37,2.94,2.59
2026-06-23T11:06:33,2026-06-23 11:06:30,002907,华森制药,13.66,4.3545,13.02,14.32,13.02,13.09,140256243.8,13.09,12.09
2026-06-23T11:06:33,2026-06-23 11:06:30,002158,汉钟精机,32.95,-4.0478,35.2,35.4,32.0,34.34,400546605.2,34.34,31.23
2026-06-23T11:06:33,2026-06-23 11:06:29,603956,威派格,4.98,-3.675,5.17,5.18,4.96,5.17,83185676.0,5.17,4.53
2026-06-23T11:06:33,2026-06-23 11:06:30,000534,万泽股份,30.73,-2.5682,31.48,32.07,30.62,31.54,280648380.34,31.54,29.88
2026-06-23T11:06:33,2026-06-23 11:06:31,600183,生益科技,171.25,-7.1816,179.0,180.0,169.5,184.5,9776232423.0,184.075,169.349
2026-06-23T11:07:34,2026-06-23 11:07:33,603616,韩建河山,6.63,0.7599,6.58,6.84,6.57,6.58,213803263.0,6.58,5.91
2026-06-23T11:07:34,2026-06-23 11:07:33,000839,国安股份,2.84,-3.4014,2.9,2.91,2.83,2.94,172521378.37,2.94,2.59
2026-06-23T11:07:34,2026-06-23 11:07:24,002907,华森制药,13.65,4.2781,13.02,14.32,13.02,13.09,140486953.8,13.09,12.09
2026-06-23T11:07:34,2026-06-23 11:07:33,002158,汉钟精机,32.95,-4.0478,35.2,35.4,32.0,34.34,400833327.2,34.34,31.23
2026-06-23T11:07:34,2026-06-23 11:07:32,603956,威派格,4.97,-3.8685,5.17,5.18,4.96,5.17,83272682.0,5.17,4.53
2026-06-23T11:07:34,2026-06-23 11:07:33,000534,万泽股份,30.74,-2.5365,31.48,32.07,30.62,31.54,281708610.34,31.54,29.88
2026-06-23T11:07:34,2026-06-23 11:07:31,600183,生益科技,171.5,-7.0461,179.0,180.0,169.5,184.5,9800613389.0,184.075,169.349
2026-06-23T11:08:35,2026-06-23 11:08:33,603616,韩建河山,6.62,0.6079,6.58,6.84,6.57,6.58,214796386.0,6.58,5.91
2026-06-23T11:08:35,2026-06-23 11:08:33,000839,国安股份,2.84,-3.4014,2.9,2.91,2.83,2.94,173108125.37,2.94,2.59
2026-06-23T11:08:35,2026-06-23 11:08:30,002907,华森制药,13.67,4.4309,13.02,14.32,13.02,13.09,140696962.32,13.09,12.09
2026-06-23T11:08:35,2026-06-23 11:08:33,002158,汉钟精机,32.94,-4.0769,35.2,35.4,32.0,34.34,402198280.2,34.34,31.23
2026-06-23T11:08:35,2026-06-23 11:08:32,603956,威派格,4.98,-3.675,5.17,5.18,4.96,5.17,83407892.0,5.17,4.53
2026-06-23T11:08:35,2026-06-23 11:08:33,000534,万泽股份,30.72,-2.5999,31.48,32.07,30.62,31.54,283046491.34,31.54,29.88
2026-06-23T11:08:35,2026-06-23 11:08:34,600183,生益科技,171.55,-7.019,179.0,180.0,169.5,184.5,9824017764.0,184.075,169.349
2026-06-23T11:09:37,2026-06-23 11:09:33,603616,韩建河山,6.64,0.9119,6.58,6.84,6.57,6.58,216235026.0,6.58,5.91
2026-06-23T11:09:37,2026-06-23 11:09:36,000839,国安股份,2.84,-3.4014,2.9,2.91,2.83,2.94,174052143.37,2.94,2.59
2026-06-23T11:09:37,2026-06-23 11:09:33,002907,华森制药,13.66,4.3545,13.02,14.32,13.02,13.09,140839096.32,13.09,12.09
2026-06-23T11:09:37,2026-06-23 11:09:33,002158,汉钟精机,32.93,-4.106,35.2,35.4,32.0,34.34,403064290.2,34.34,31.23
2026-06-23T11:09:37,2026-06-23 11:09:35,603956,威派格,4.97,-3.8685,5.17,5.18,4.96,5.17,83439700.0,5.17,4.53
2026-06-23T11:09:37,2026-06-23 11:09:36,000534,万泽股份,30.7,-2.6633,31.48,32.07,30.62,31.54,283823311.34,31.54,29.88
2026-06-23T11:09:37,2026-06-23 11:09:34,600183,生益科技,171.56,-7.0136,179.0,180.0,169.5,184.5,9848025358.0,184.075,169.349
2026-06-23T11:10:38,2026-06-23 11:10:36,603616,韩建河山,6.64,0.9119,6.58,6.84,6.57,6.58,217008511.0,6.58,5.91
2026-06-23T11:10:38,2026-06-23 11:10:36,000839,国安股份,2.84,-3.4014,2.9,2.91,2.83,2.94,174375010.37,2.94,2.59
2026-06-23T11:10:38,2026-06-23 11:10:33,002907,华森制药,13.66,4.3545,13.02,14.32,13.02,13.09,140922422.32,13.09,12.09
2026-06-23T11:10:38,2026-06-23 11:10:36,002158,汉钟精机,32.91,-4.1642,35.2,35.4,32.0,34.34,404603485.2,34.34,31.23
2026-06-23T11:10:38,2026-06-23 11:10:35,603956,威派格,4.97,-3.8685,5.17,5.18,4.96,5.17,83858681.0,5.17,4.53
2026-06-23T11:10:38,2026-06-23 11:10:36,000534,万泽股份,30.67,-2.7584,31.48,32.07,30.62,31.54,286774777.34,31.54,29.88
2026-06-23T11:10:38,2026-06-23 11:10:37,600183,生益科技,171.36,-7.122,179.0,180.0,169.5,184.5,9877988881.0,184.075,169.349
2026-06-23T11:11:39,2026-06-23 11:11:36,603616,韩建河山,6.64,0.9119,6.58,6.84,6.57,6.58,217380848.0,6.58,5.91
2026-06-23T11:11:39,2026-06-23 11:11:36,000839,国安股份,2.85,-3.0612,2.9,2.91,2.83,2.94,174989393.37,2.94,2.59
2026-06-23T11:11:39,2026-06-23 11:11:36,002907,华森制药,13.66,4.3545,13.02,14.32,13.02,13.09,141261201.32,13.09,12.09
2026-06-23T11:11:39,2026-06-23 11:11:36,002158,汉钟精机,32.95,-4.0478,35.2,35.4,32.0,34.34,405578131.2,34.34,31.23
2026-06-23T11:11:39,2026-06-23 11:11:38,603956,威派格,4.97,-3.8685,5.17,5.18,4.96,5.17,83992882.0,5.17,4.53
2026-06-23T11:11:39,2026-06-23 11:11:36,000534,万泽股份,30.65,-2.8218,31.48,32.07,30.62,31.54,288080102.34,31.54,29.88
2026-06-23T11:11:39,2026-06-23 11:11:37,600183,生益科技,171.05,-7.29,179.0,180.0,169.5,184.5,9936123920.0,184.075,169.349
2026-06-23T11:12:40,2026-06-23 11:12:39,603616,韩建河山,6.64,0.9119,6.58,6.84,6.57,6.58,217628352.0,6.58,5.91
2026-06-23T11:12:40,2026-06-23 11:12:39,000839,国安股份,2.84,-3.4014,2.9,2.91,2.83,2.94,175890737.37,2.94,2.59
2026-06-23T11:12:40,2026-06-23 11:12:39,002907,华森制药,13.67,4.4309,13.02,14.32,13.02,13.09,141339068.32,13.09,12.09
2026-06-23T11:12:40,2026-06-23 11:12:39,002158,汉钟精机,32.9,-4.1934,35.2,35.4,32.0,34.34,405877771.2,34.34,31.23
2026-06-23T11:12:40,2026-06-23 11:12:38,603956,威派格,4.97,-3.8685,5.17,5.18,4.96,5.17,84145461.0,5.17,4.53
2026-06-23T11:12:40,2026-06-23 11:12:39,000534,万泽股份,30.63,-2.8852,31.48,32.07,30.62,31.54,288787837.34,31.54,29.88
2026-06-23T11:12:40,2026-06-23 11:12:37,600183,生益科技,170.97,-7.3333,179.0,180.0,169.5,184.5,9974771641.0,184.075,169.349
2026-06-23T11:13:41,2026-06-23 11:13:39,603616,韩建河山,6.63,0.7599,6.58,6.84,6.57,6.58,217910817.0,6.58,5.91
2026-06-23T11:13:41,2026-06-23 11:13:39,000839,国安股份,2.84,-3.4014,2.9,2.91,2.83,2.94,175991604.37,2.94,2.59
2026-06-23T11:13:41,2026-06-23 11:13:39,002907,华森制药,13.64,4.2017,13.02,14.32,13.02,13.09,142116000.8,13.09,12.09
2026-06-23T11:13:41,2026-06-23 11:13:39,002158,汉钟精机,32.88,-4.2516,35.2,35.4,32.0,34.34,406308588.2,34.34,31.23
2026-06-23T11:13:41,2026-06-23 11:13:38,603956,威派格,4.97,-3.8685,5.17,5.18,4.96,5.17,84229522.0,5.17,4.53
2026-06-23T11:13:41,2026-06-23 11:13:39,000534,万泽股份,30.61,-2.9486,31.48,32.07,30.6,31.54,290302912.34,31.54,29.88
2026-06-23T11:13:41,2026-06-23 11:13:40,600183,生益科技,170.59,-7.5393,179.0,180.0,169.5,184.5,10039743001.0,184.075,169.349
2026-06-23T11:14:42,2026-06-23 11:14:39,603616,韩建河山,6.64,0.9119,6.58,6.84,6.57,6.58,218600899.0,6.58,5.91
2026-06-23T11:14:42,2026-06-23 11:14:42,000839,国安股份,2.84,-3.4014,2.9,2.91,2.83,2.94,176782909.37,2.94,2.59
2026-06-23T11:14:42,2026-06-23 11:14:39,002907,华森制药,13.62,4.0489,13.02,14.32,13.02,13.09,142372129.8,13.09,12.09
2026-06-23T11:14:42,2026-06-23 11:14:42,002158,汉钟精机,32.9,-4.1934,35.2,35.4,32.0,34.34,407190077.2,34.34,31.23
2026-06-23T11:14:42,2026-06-23 11:14:38,603956,威派格,4.97,-3.8685,5.17,5.18,4.96,5.17,84389561.0,5.17,4.53
2026-06-23T11:14:42,2026-06-23 11:14:42,000534,万泽股份,30.57,-3.0755,31.48,32.07,30.57,31.54,291239205.34,31.54,29.88
2026-06-23T11:14:42,2026-06-23 11:14:40,600183,生益科技,170.2,-7.7507,179.0,180.0,169.5,184.5,10086124170.0,184.075,169.349
2026-06-23T11:15:44,2026-06-23 11:15:42,603616,韩建河山,6.64,0.9119,6.58,6.84,6.57,6.58,219149772.0,6.58,5.91
2026-06-23T11:15:44,2026-06-23 11:15:42,000839,国安股份,2.85,-3.0612,2.9,2.91,2.83,2.94,177201848.37,2.94,2.59
2026-06-23T11:15:44,2026-06-23 11:15:42,002907,华森制药,13.62,4.0489,13.02,14.32,13.02,13.09,142596783.8,13.09,12.09
2026-06-23T11:15:44,2026-06-23 11:15:42,002158,汉钟精机,32.88,-4.2516,35.2,35.4,32.0,34.34,407761951.2,34.34,31.23
2026-06-23T11:15:44,2026-06-23 11:15:41,603956,威派格,4.96,-4.0619,5.17,5.18,4.96,5.17,84797684.0,5.17,4.53
2026-06-23T11:15:44,2026-06-23 11:15:42,000534,万泽股份,30.56,-3.1072,31.48,32.07,30.55,31.54,293839670.34,31.54,29.88
2026-06-23T11:15:44,2026-06-23 11:15:43,600183,生益科技,169.88,-7.9241,179.0,180.0,169.5,184.5,10329547277.0,184.075,169.349
2026-06-23T11:16:45,2026-06-23 11:16:42,603616,韩建河山,6.64,0.9119,6.58,6.84,6.57,6.58,219480248.0,6.58,5.91
2026-06-23T11:16:45,2026-06-23 11:16:42,000839,国安股份,2.84,-3.4014,2.9,2.91,2.83,2.94,177478191.37,2.94,2.59
2026-06-23T11:16:45,2026-06-23 11:16:42,002907,华森制药,13.62,4.0489,13.02,14.32,13.02,13.09,142810575.8,13.09,12.09
2026-06-23T11:16:45,2026-06-23 11:16:42,002158,汉钟精机,32.92,-4.1351,35.2,35.4,32.0,34.34,408235702.2,34.34,31.23
2026-06-23T11:16:45,2026-06-23 11:16:44,603956,威派格,4.96,-4.0619,5.17,5.18,4.96,5.17,84904902.0,5.17,4.53
2026-06-23T11:16:45,2026-06-23 11:16:42,000534,万泽股份,30.58,-3.0438,31.48,32.07,30.55,31.54,295132866.34,31.54,29.88
2026-06-23T11:16:45,2026-06-23 11:16:43,600183,生益科技,170.29,-7.7019,179.0,180.0,169.5,184.5,10393771938.0,184.075,169.349
2026-06-23T11:17:46,2026-06-23 11:17:45,603616,韩建河山,6.62,0.6079,6.58,6.84,6.57,6.58,220620138.0,6.58,5.91
2026-06-23T11:17:46,2026-06-23 11:17:45,000839,国安股份,2.83,-3.7415,2.9,2.91,2.83,2.94,177917983.37,2.94,2.59
2026-06-23T11:17:46,2026-06-23 11:17:45,002907,华森制药,13.61,3.9725,13.02,14.32,13.02,13.09,142851414.8,13.09,12.09
2026-06-23T11:17:46,2026-06-23 11:17:42,002158,汉钟精机,32.9,-4.1934,35.2,35.4,32.0,34.34,409450917.2,34.34,31.23
2026-06-23T11:17:46,2026-06-23 11:17:44,603956,威派格,4.96,-4.0619,5.17,5.18,4.96,5.17,84978325.0,5.17,4.53
2026-06-23T11:17:46,2026-06-23 11:17:45,000534,万泽股份,30.56,-3.1072,31.48,32.07,30.55,31.54,296420235.34,31.54,29.88
2026-06-23T11:17:46,2026-06-23 11:17:46,600183,生益科技,170.02,-7.8482,179.0,180.0,169.5,184.5,10423212758.0,184.075,169.349
2026-06-23T11:18:47,2026-06-23 11:18:45,603616,韩建河山,6.62,0.6079,6.58,6.84,6.57,6.58,220814164.0,6.58,5.91
2026-06-23T11:18:47,2026-06-23 11:18:45,000839,国安股份,2.84,-3.4014,2.9,2.91,2.83,2.94,178505099.37,2.94,2.59
2026-06-23T11:18:47,2026-06-23 11:18:45,002907,华森制药,13.6,3.8961,13.02,14.32,13.02,13.09,143300295.8,13.09,12.09
2026-06-23T11:18:47,2026-06-23 11:18:45,002158,汉钟精机,32.81,-4.4554,35.2,35.4,32.0,34.34,411869443.2,34.34,31.23
2026-06-23T11:18:47,2026-06-23 11:18:44,603956,威派格,4.96,-4.0619,5.17,5.18,4.96,5.17,85178837.0,5.17,4.53
2026-06-23T11:18:47,2026-06-23 11:18:45,000534,万泽股份,30.51,-3.2657,31.48,32.07,30.51,31.54,298432714.34,31.54,29.88
2026-06-23T11:18:47,2026-06-23 11:18:46,600183,生益科技,169.91,-7.9079,179.0,180.0,169.5,184.5,10467686555.0,184.075,169.349
2026-06-23T11:19:48,2026-06-23 11:19:48,603616,韩建河山,6.61,0.4559,6.58,6.84,6.57,6.58,221912271.0,6.58,5.91
2026-06-23T11:19:48,2026-06-23 11:19:48,000839,国安股份,2.83,-3.7415,2.9,2.91,2.83,2.94,178928850.37,2.94,2.59
2026-06-23T11:19:48,2026-06-23 11:19:45,002907,华森制药,13.6,3.8961,13.02,14.32,13.02,13.09,143454025.8,13.09,12.09
2026-06-23T11:19:48,2026-06-23 11:19:45,002158,汉钟精机,32.82,-4.4263,35.2,35.4,32.0,34.34,412732468.2,34.34,31.23
2026-06-23T11:19:48,2026-06-23 11:19:47,603956,威派格,4.97,-3.8685,5.17,5.18,4.96,5.17,85401296.0,5.17,4.53
2026-06-23T11:19:48,2026-06-23 11:19:48,000534,万泽股份,30.42,-3.551,31.48,32.07,30.42,31.54,301536146.34,31.54,29.88
2026-06-23T11:19:48,2026-06-23 11:19:46,600183,生益科技,169.67,-8.0379,179.0,180.0,169.5,184.5,10523189067.0,184.075,169.349
2026-06-23T11:20:50,2026-06-23 11:20:48,603616,韩建河山,6.61,0.4559,6.58,6.84,6.57,6.58,222701578.0,6.58,5.91
2026-06-23T11:20:50,2026-06-23 11:20:48,000839,国安股份,2.84,-3.4014,2.9,2.91,2.83,2.94,179824899.37,2.94,2.59
2026-06-23T11:20:50,2026-06-23 11:20:48,002907,华森制药,13.6,3.8961,13.02,14.32,13.02,13.09,143743765.8,13.09,12.09
2026-06-23T11:20:50,2026-06-23 11:20:48,002158,汉钟精机,32.83,-4.3972,35.2,35.4,32.0,34.34,413690741.2,34.34,31.23
2026-06-23T11:20:50,2026-06-23 11:20:47,603956,威派格,4.96,-4.0619,5.17,5.18,4.96,5.17,85615779.0,5.17,4.53
2026-06-23T11:20:50,2026-06-23 11:20:48,000534,万泽股份,30.46,-3.4242,31.48,32.07,30.41,31.54,302558971.34,31.54,29.88
2026-06-23T11:20:50,2026-06-23 11:20:49,600183,生益科技,169.94,-7.8916,179.0,180.0,169.5,184.5,10601870336.0,184.075,169.349
2026-06-23T11:21:51,2026-06-23 11:21:48,603616,韩建河山,6.6,0.304,6.58,6.84,6.57,6.58,223139685.0,6.58,5.91
2026-06-23T11:21:51,2026-06-23 11:21:48,000839,国安股份,2.83,-3.7415,2.9,2.91,2.83,2.94,180138470.37,2.94,2.59
2026-06-23T11:21:51,2026-06-23 11:21:45,002907,华森制药,13.63,4.1253,13.02,14.32,13.02,13.09,143972647.8,13.09,12.09
2026-06-23T11:21:51,2026-06-23 11:21:48,002158,汉钟精机,32.85,-4.339,35.2,35.4,32.0,34.34,415313231.2,34.34,31.23
2026-06-23T11:21:51,2026-06-23 11:21:47,603956,威派格,4.96,-4.0619,5.17,5.18,4.96,5.17,85885140.0,5.17,4.53
2026-06-23T11:21:51,2026-06-23 11:21:48,000534,万泽股份,30.5,-3.2974,31.48,32.07,30.41,31.54,303707870.34,31.54,29.88
2026-06-23T11:21:51,2026-06-23 11:21:49,600183,生益科技,169.91,-7.9079,179.0,180.0,169.5,184.5,10632898256.0,184.075,169.349
2026-06-23T11:22:52,2026-06-23 11:22:51,603616,韩建河山,6.61,0.4559,6.58,6.84,6.57,6.58,223394544.0,6.58,5.91
2026-06-23T11:22:52,2026-06-23 11:22:51,000839,国安股份,2.83,-3.7415,2.9,2.91,2.83,2.94,180578319.37,2.94,2.59
2026-06-23T11:22:52,2026-06-23 11:22:45,002907,华森制药,13.64,4.2017,13.02,14.32,13.02,13.09,144031289.8,13.09,12.09
2026-06-23T11:22:52,2026-06-23 11:22:51,002158,汉钟精机,32.84,-4.3681,35.2,35.4,32.0,34.34,415973177.2,34.34,31.23
2026-06-23T11:22:52,2026-06-23 11:22:50,603956,威派格,4.96,-4.0619,5.17,5.18,4.96,5.17,86704552.0,5.17,4.53
2026-06-23T11:22:52,2026-06-23 11:22:51,000534,万泽股份,30.48,-3.3608,31.48,32.07,30.41,31.54,304351272.34,31.54,29.88
2026-06-23T11:22:52,2026-06-23 11:22:49,600183,生益科技,169.8,-7.9675,179.0,180.0,169.5,184.5,10664732391.0,184.075,169.349
2026-06-23T11:23:53,2026-06-23 11:23:51,603616,韩建河山,6.61,0.4559,6.58,6.84,6.57,6.58,224228438.0,6.58,5.91
2026-06-23T11:23:53,2026-06-23 11:23:51,000839,国安股份,2.83,-3.7415,2.9,2.91,2.83,2.94,180812175.37,2.94,2.59
2026-06-23T11:23:53,2026-06-23 11:23:45,002907,华森制药,13.65,4.2781,13.02,14.32,13.02,13.09,144188212.8,13.09,12.09
2026-06-23T11:23:53,2026-06-23 11:23:51,002158,汉钟精机,32.83,-4.3972,35.2,35.4,32.0,34.34,417309265.2,34.34,31.23
2026-06-23T11:23:53,2026-06-23 11:23:50,603956,威派格,4.95,-4.2553,5.17,5.18,4.95,5.17,86746154.0,5.17,4.53
2026-06-23T11:23:53,2026-06-23 11:23:51,000534,万泽股份,30.46,-3.4242,31.48,32.07,30.41,31.54,305472737.34,31.54,29.88
2026-06-23T11:23:53,2026-06-23 11:23:49,600183,生益科技,169.77,-7.9837,179.0,180.0,169.5,184.5,10699308741.0,184.075,169.349
2026-06-23T11:24:54,2026-06-23 11:24:51,603616,韩建河山,6.61,0.4559,6.58,6.84,6.57,6.58,224602066.0,6.58,5.91
2026-06-23T11:24:54,2026-06-23 11:24:51,000839,国安股份,2.83,-3.7415,2.9,2.91,2.83,2.94,181187394.37,2.94,2.59
2026-06-23T11:24:54,2026-06-23 11:24:48,002907,华森制药,13.65,4.2781,13.02,14.32,13.02,13.09,144290587.8,13.09,12.09
2026-06-23T11:24:54,2026-06-23 11:24:51,002158,汉钟精机,32.79,-4.5137,35.2,35.4,32.0,34.34,418119254.2,34.34,31.23
2026-06-23T11:24:54,2026-06-23 11:24:47,603956,威派格,4.95,-4.2553,5.17,5.18,4.95,5.17,87096614.0,5.17,4.53
2026-06-23T11:24:54,2026-06-23 11:24:51,000534,万泽股份,30.43,-3.5193,31.48,32.07,30.41,31.54,306331380.34,31.54,29.88
2026-06-23T11:24:54,2026-06-23 11:24:52,600183,生益科技,169.52,-8.1192,179.0,180.0,169.5,184.5,10765074494.0,184.075,169.349
2026-06-23T11:25:55,2026-06-23 11:25:54,603616,韩建河山,6.59,0.152,6.58,6.84,6.57,6.58,226272451.0,6.58,5.91
2026-06-23T11:25:55,2026-06-23 11:25:54,000839,国安股份,2.83,-3.7415,2.9,2.91,2.83,2.94,181483713.37,2.94,2.59
2026-06-23T11:25:55,2026-06-23 11:25:54,002907,华森制药,13.64,4.2017,13.02,14.32,13.02,13.09,145369597.8,13.09,12.09
2026-06-23T11:25:55,2026-06-23 11:25:54,002158,汉钟精机,32.73,-4.6884,35.2,35.4,32.0,34.34,419419834.2,34.34,31.23
2026-06-23T11:25:55,2026-06-23 11:25:53,603956,威派格,4.94,-4.4487,5.17,5.18,4.94,5.17,88121772.0,5.17,4.53
2026-06-23T11:25:55,2026-06-23 11:25:54,000534,万泽股份,30.38,-3.6779,31.48,32.07,30.38,31.54,307927604.34,31.54,29.88
2026-06-23T11:25:55,2026-06-23 11:25:52,600183,生益科技,169.18,-8.3035,179.0,180.0,169.18,184.5,10810075985.0,184.075,169.349
2026-06-23T11:26:59,2026-06-23 11:26:57,603616,韩建河山,6.6,0.304,6.58,6.84,6.57,6.58,228153382.0,6.58,5.91
2026-06-23T11:26:59,2026-06-23 11:26:57,000839,国安股份,2.84,-3.4014,2.9,2.91,2.83,2.94,181614761.37,2.94,2.59
2026-06-23T11:26:59,2026-06-23 11:26:57,002907,华森制药,13.64,4.2017,13.02,14.32,13.02,13.09,145697140.8,13.09,12.09
2026-06-23T11:26:59,2026-06-23 11:26:57,002158,汉钟精机,32.79,-4.5137,35.2,35.4,32.0,34.34,420497502.2,34.34,31.23
2026-06-23T11:26:59,2026-06-23 11:26:53,603956,威派格,4.96,-4.0619,5.17,5.18,4.94,5.17,88991329.0,5.17,4.53
2026-06-23T11:26:59,2026-06-23 11:26:57,000534,万泽股份,30.5,-3.2974,31.48,32.07,30.38,31.54,312521077.34,31.54,29.88
2026-06-23T11:26:59,2026-06-23 11:26:58,600183,生益科技,169.73,-8.0054,179.0,180.0,169.09,184.5,10866735264.0,184.075,169.349
2026-06-23T11:28:00,2026-06-23 11:27:57,603616,韩建河山,6.62,0.6079,6.58,6.84,6.57,6.58,228841912.0,6.58,5.91
2026-06-23T11:28:00,2026-06-23 11:28:00,000839,国安股份,2.83,-3.7415,2.9,2.91,2.83,2.94,181808104.37,2.94,2.59
2026-06-23T11:28:00,2026-06-23 11:27:57,002907,华森制药,13.64,4.2017,13.02,14.32,13.02,13.09,145742138.8,13.09,12.09
2026-06-23T11:28:00,2026-06-23 11:28:00,002158,汉钟精机,32.83,-4.3972,35.2,35.4,32.0,34.34,421226271.2,34.34,31.23
2026-06-23T11:28:00,2026-06-23 11:27:59,603956,威派格,4.96,-4.0619,5.17,5.18,4.94,5.17,89486882.0,5.17,4.53
2026-06-23T11:28:00,2026-06-23 11:28:00,000534,万泽股份,30.5,-3.2974,31.48,32.07,30.38,31.54,313826752.34,31.54,29.88
2026-06-23T11:28:00,2026-06-23 11:27:58,600183,生益科技,169.93,-7.897,179.0,180.0,169.09,184.5,10908537628.0,184.075,169.349
2026-06-23T11:29:02,2026-06-23 11:28:57,603616,韩建河山,6.63,0.7599,6.58,6.84,6.57,6.58,230304241.0,6.58,5.91
2026-06-23T11:29:02,2026-06-23 11:29:00,000839,国安股份,2.83,-3.7415,2.9,2.91,2.83,2.94,182446507.37,2.94,2.59
2026-06-23T11:29:02,2026-06-23 11:29:00,002907,华森制药,13.62,4.0489,13.02,14.32,13.02,13.09,145855244.8,13.09,12.09
2026-06-23T11:29:02,2026-06-23 11:29:00,002158,汉钟精机,32.84,-4.3681,35.2,35.4,32.0,34.34,422024285.2,34.34,31.23
2026-06-23T11:29:02,2026-06-23 11:28:59,603956,威派格,4.96,-4.0619,5.17,5.18,4.94,5.17,89571593.0,5.17,4.53
2026-06-23T11:29:02,2026-06-23 11:29:00,000534,万泽股份,30.58,-3.0438,31.48,32.07,30.38,31.54,314672641.34,31.54,29.88
2026-06-23T11:29:02,2026-06-23 11:28:58,600183,生益科技,169.9,-7.9133,179.0,180.0,169.09,184.5,10931621550.0,184.075,169.349
2026-06-23T11:30:03,2026-06-23 11:29:59,603616,韩建河山,6.63,0.7599,6.58,6.84,6.57,6.58,230990789.0,6.58,5.91
2026-06-23T11:30:03,2026-06-23 11:30:00,000839,国安股份,2.84,-3.4014,2.9,2.91,2.83,2.94,182688589.37,2.94,2.59
2026-06-23T11:30:03,2026-06-23 11:30:00,002907,华森制药,13.62,4.0489,13.02,14.32,13.02,13.09,145940639.72,13.09,12.09
2026-06-23T11:30:03,2026-06-23 11:30:00,002158,汉钟精机,32.86,-4.3098,35.2,35.4,32.0,34.34,423825783.2,34.34,31.23
2026-06-23T11:30:03,2026-06-23 11:29:59,603956,威派格,4.96,-4.0619,5.17,5.18,4.94,5.17,89637065.0,5.17,4.53
2026-06-23T11:30:03,2026-06-23 11:30:00,000534,万泽股份,30.56,-3.1072,31.48,32.07,30.38,31.54,315063740.34,31.54,29.88
2026-06-23T11:30:03,2026-06-23 11:29:59,600183,生益科技,170.0,-7.8591,179.0,180.0,169.09,184.5,10952269346.0,184.075,169.349
2026-06-23T13:00:32,2026-06-23 13:00:30,603616,韩建河山,6.6,0.304,6.58,6.84,6.57,6.58,231993271.0,6.58,5.91
2026-06-23T13:00:32,2026-06-23 13:00:30,000839,国安股份,2.83,-3.7415,2.9,2.91,2.83,2.94,183587813.37,2.94,2.59
2026-06-23T13:00:32,2026-06-23 13:00:30,002907,华森制药,13.6,3.8961,13.02,14.32,13.02,13.09,146423179.08,13.09,12.09
2026-06-23T13:00:32,2026-06-23 13:00:30,002158,汉钟精机,32.67,-4.8631,35.2,35.4,32.0,34.34,426777928.2,34.34,31.23
2026-06-23T13:00:32,2026-06-23 13:00:29,603956,威派格,4.95,-4.2553,5.17,5.18,4.94,5.17,90610701.0,5.17,4.53
2026-06-23T13:00:32,2026-06-23 13:00:30,000534,万泽股份,30.51,-3.2657,31.48,32.07,30.38,31.54,318315878.34,31.54,29.88
2026-06-23T13:00:32,2026-06-23 13:00:31,600183,生益科技,169.49,-8.1355,179.0,180.0,169.09,184.5,11041773107.0,184.075,169.349
2026-06-23T13:01:34,2026-06-23 13:01:30,603616,韩建河山,6.61,0.4559,6.58,6.84,6.57,6.58,232892364.0,6.58,5.91
2026-06-23T13:01:34,2026-06-23 13:01:27,000839,国安股份,2.83,-3.7415,2.9,2.91,2.83,2.94,183699053.37,2.94,2.59
2026-06-23T13:01:34,2026-06-23 13:01:30,002907,华森制药,13.62,4.0489,13.02,14.32,13.02,13.09,146715714.08,13.09,12.09
2026-06-23T13:01:34,2026-06-23 13:01:30,002158,汉钟精机,32.76,-4.601,35.2,35.4,32.0,34.34,428020518.2,34.34,31.23
2026-06-23T13:01:34,2026-06-23 13:01:32,603956,威派格,4.94,-4.4487,5.17,5.18,4.94,5.17,90825634.0,5.17,4.53
2026-06-23T13:01:34,2026-06-23 13:01:33,000534,万泽股份,30.53,-3.2023,31.48,32.07,30.38,31.54,319226428.34,31.54,29.88
2026-06-23T13:01:34,2026-06-23 13:01:31,600183,生益科技,170.76,-7.4472,179.0,180.0,169.09,184.5,11109130029.0,184.075,169.349
2026-06-23T13:02:34,2026-06-23 13:02:33,603616,韩建河山,6.64,0.9119,6.58,6.84,6.57,6.58,233756871.0,6.58,5.91
2026-06-23T13:02:34,2026-06-23 13:02:33,000839,国安股份,2.83,-3.7415,2.9,2.91,2.83,2.94,184157255.37,2.94,2.59
2026-06-23T13:02:34,2026-06-23 13:02:33,002907,华森制药,13.61,3.9725,13.02,14.32,13.02,13.09,146917235.36,13.09,12.09
2026-06-23T13:02:34,2026-06-23 13:02:33,002158,汉钟精机,32.74,-4.6593,35.2,35.4,32.0,34.34,429252318.2,34.34,31.23
2026-06-23T13:02:34,2026-06-23 13:02:32,603956,威派格,4.95,-4.2553,5.17,5.18,4.94,5.17,91385375.0,5.17,4.53
2026-06-23T13:02:34,2026-06-23 13:02:33,000534,万泽股份,30.51,-3.2657,31.48,32.07,30.38,31.54,320163556.34,31.54,29.88
2026-06-23T13:02:34,2026-06-23 13:02:31,600183,生益科技,169.95,-7.8862,179.0,180.0,169.09,184.5,11149935517.0,184.075,169.349
2026-06-23T13:03:34,2026-06-23 13:03:33,603616,韩建河山,6.64,0.9119,6.58,6.84,6.57,6.58,234063457.0,6.58,5.91
2026-06-23T13:03:34,2026-06-23 13:03:33,000839,国安股份,2.84,-3.4014,2.9,2.91,2.83,2.94,184515834.37,2.94,2.59
2026-06-23T13:03:34,2026-06-23 13:03:33,002907,华森制药,13.63,4.1253,13.02,14.32,13.02,13.09,147121638.36,13.09,12.09
2026-06-23T13:03:34,2026-06-23 13:03:33,002158,汉钟精机,32.8,-4.4846,35.2,35.4,32.0,34.34,430031763.2,34.34,31.23
2026-06-23T13:03:34,2026-06-23 13:03:32,603956,威派格,5.01,-3.0948,5.17,5.18,4.94,5.17,93034158.0,5.17,4.53
2026-06-23T13:03:34,2026-06-23 13:03:33,000534,万泽股份,30.5,-3.2974,31.48,32.07,30.38,31.54,321120728.34,31.54,29.88
2026-06-23T13:03:34,2026-06-23 13:03:31,600183,生益科技,169.63,-8.0596,179.0,180.0,169.09,184.5,11203119995.0,184.075,169.349
2026-06-23T13:04:35,2026-06-23 13:04:33,603616,韩建河山,6.63,0.7599,6.58,6.84,6.57,6.58,234843665.0,6.58,5.91
2026-06-23T13:04:35,2026-06-23 13:04:33,000839,国安股份,2.84,-3.4014,2.9,2.91,2.83,2.94,184767256.37,2.94,2.59
2026-06-23T13:04:35,2026-06-23 13:04:33,002907,华森制药,13.6,3.8961,13.02,14.32,13.02,13.09,147269982.36,13.09,12.09
2026-06-23T13:04:35,2026-06-23 13:04:33,002158,汉钟精机,32.78,-4.5428,35.2,35.4,32.0,34.34,430985298.2,34.34,31.23
2026-06-23T13:04:35,2026-06-23 13:04:32,603956,威派格,4.98,-3.675,5.17,5.18,4.94,5.17,93299655.0,5.17,4.53
2026-06-23T13:04:35,2026-06-23 13:04:33,000534,万泽股份,30.51,-3.2657,31.48,32.07,30.38,31.54,322161243.34,31.54,29.88
2026-06-23T13:04:35,2026-06-23 13:04:34,600183,生益科技,169.5,-8.1301,179.0,180.0,169.09,184.5,11244612650.0,184.075,169.349
2026-06-23T13:05:35,2026-06-23 13:05:33,603616,韩建河山,6.62,0.6079,6.58,6.84,6.57,6.58,235196830.0,6.58,5.91
2026-06-23T13:05:35,2026-06-23 13:05:33,000839,国安股份,2.83,-3.7415,2.9,2.91,2.83,2.94,185011661.37,2.94,2.59
2026-06-23T13:05:35,2026-06-23 13:05:33,002907,华森制药,13.61,3.9725,13.02,14.32,13.02,13.09,147503917.36,13.09,12.09
2026-06-23T13:05:35,2026-06-23 13:05:33,002158,汉钟精机,32.78,-4.5428,35.2,35.4,32.0,34.34,431506240.2,34.34,31.23
2026-06-23T13:05:35,2026-06-23 13:05:32,603956,威派格,4.98,-3.675,5.17,5.18,4.94,5.17,93531661.0,5.17,4.53
2026-06-23T13:05:35,2026-06-23 13:05:33,000534,万泽股份,30.67,-2.7584,31.48,32.07,30.38,31.54,323314808.34,31.54,29.88
2026-06-23T13:05:35,2026-06-23 13:05:34,600183,生益科技,170.5,-7.5881,179.0,180.0,169.09,184.5,11293911632.0,184.075,169.349
2026-06-23T13:06:36,2026-06-23 13:06:33,603616,韩建河山,6.65,1.0638,6.58,6.84,6.57,6.58,236393827.0,6.58,5.91
2026-06-23T13:06:36,2026-06-23 13:06:33,000839,国安股份,2.83,-3.7415,2.9,2.91,2.83,2.94,185284621.37,2.94,2.59
2026-06-23T13:06:36,2026-06-23 13:06:33,002907,华森制药,13.6,3.8961,13.02,14.32,13.02,13.09,147546097.36,13.09,12.09
2026-06-23T13:06:36,2026-06-23 13:06:33,002158,汉钟精机,32.77,-4.5719,35.2,35.4,32.0,34.34,432306006.2,34.34,31.23
2026-06-23T13:06:36,2026-06-23 13:06:35,603956,威派格,4.98,-3.675,5.17,5.18,4.94,5.17,93845184.0,5.17,4.53
2026-06-23T13:06:36,2026-06-23 13:06:33,000534,万泽股份,30.69,-2.695,31.48,32.07,30.38,31.54,325305688.34,31.54,29.88
2026-06-23T13:06:36,2026-06-23 13:06:34,600183,生益科技,169.7,-8.0217,179.0,180.0,169.09,184.5,11320568881.0,184.075,169.349
2026-06-23T13:07:36,2026-06-23 13:07:36,603616,韩建河山,6.65,1.0638,6.58,6.84,6.57,6.58,237057461.0,6.58,5.91
2026-06-23T13:07:36,2026-06-23 13:07:33,000839,国安股份,2.83,-3.7415,2.9,2.91,2.83,2.94,185337341.37,2.94,2.59
2026-06-23T13:07:36,2026-06-23 13:07:33,002907,华森制药,13.59,3.8197,13.02,14.32,13.02,13.09,148083130.36,13.09,12.09
2026-06-23T13:07:36,2026-06-23 13:07:33,002158,汉钟精机,32.77,-4.5719,35.2,35.4,32.0,34.34,432954877.2,34.34,31.23
2026-06-23T13:07:36,2026-06-23 13:07:35,603956,威派格,4.99,-3.4816,5.17,5.18,4.94,5.17,94287656.0,5.17,4.53
2026-06-23T13:07:36,2026-06-23 13:07:33,000534,万泽股份,30.59,-3.012,31.48,32.07,30.38,31.54,326261857.34,31.54,29.88
2026-06-23T13:07:36,2026-06-23 13:07:34,600183,生益科技,170.0,-7.8591,179.0,180.0,169.09,184.5,11348191211.0,184.075,169.349
2026-06-23T13:08:37,2026-06-23 13:08:33,603616,韩建河山,6.63,0.7599,6.58,6.84,6.57,6.58,237524069.0,6.58,5.91
2026-06-23T13:08:37,2026-06-23 13:08:36,000839,国安股份,2.83,-3.7415,2.9,2.91,2.83,2.94,185447252.37,2.94,2.59
2026-06-23T13:08:37,2026-06-23 13:08:36,002907,华森制药,13.57,3.6669,13.02,14.32,13.02,13.09,148311272.36,13.09,12.09
2026-06-23T13:08:37,2026-06-23 13:08:36,002158,汉钟精机,32.71,-4.7467,35.2,35.4,32.0,34.34,434011930.2,34.34,31.23
2026-06-23T13:08:37,2026-06-23 13:08:35,603956,威派格,4.99,-3.4816,5.17,5.18,4.94,5.17,94801578.0,5.17,4.53
2026-06-23T13:08:37,2026-06-23 13:08:36,000534,万泽股份,30.52,-3.234,31.48,32.07,30.38,31.54,327040964.34,31.54,29.88
2026-06-23T13:08:37,2026-06-23 13:08:34,600183,生益科技,169.62,-8.065,179.0,180.0,169.09,184.5,11382009294.0,184.075,169.349
2026-06-23T13:09:37,2026-06-23 13:09:36,603616,韩建河山,6.61,0.4559,6.58,6.84,6.57,6.58,238178783.0,6.58,5.91
2026-06-23T13:09:37,2026-06-23 13:09:36,000839,国安股份,2.82,-4.0816,2.9,2.91,2.82,2.94,187165403.37,2.94,2.59
2026-06-23T13:09:37,2026-06-23 13:09:36,002907,华森制药,13.58,3.7433,13.02,14.32,13.02,13.09,149051788.36,13.09,12.09
2026-06-23T13:09:37,2026-06-23 13:09:36,002158,汉钟精机,32.69,-4.8049,35.2,35.4,32.0,34.34,437456342.2,34.34,31.23
2026-06-23T13:09:37,2026-06-23 13:09:32,603956,威派格,4.99,-3.4816,5.17,5.18,4.94,5.17,94868449.0,5.17,4.53
2026-06-23T13:09:37,2026-06-23 13:09:36,000534,万泽股份,30.62,-2.9169,31.48,32.07,30.38,31.54,327887671.34,31.54,29.88
2026-06-23T13:09:37,2026-06-23 13:09:34,600183,生益科技,169.39,-8.1897,179.0,180.0,169.09,184.5,11432875403.0,184.075,169.349
2026-06-23T13:10:37,2026-06-23 13:10:36,603616,韩建河山,6.62,0.6079,6.58,6.84,6.57,6.58,238664253.0,6.58,5.91
2026-06-23T13:10:37,2026-06-23 13:10:36,000839,国安股份,2.82,-4.0816,2.9,2.91,2.82,2.94,187986190.37,2.94,2.59
2026-06-23T13:10:37,2026-06-23 13:10:36,002907,华森制药,13.57,3.6669,13.02,14.32,13.02,13.09,149146778.36,13.09,12.09
2026-06-23T13:10:37,2026-06-23 13:10:36,002158,汉钟精机,32.72,-4.7175,35.2,35.4,32.0,34.34,438885348.2,34.34,31.23
2026-06-23T13:10:37,2026-06-23 13:10:35,603956,威派格,4.99,-3.4816,5.17,5.18,4.94,5.17,95093002.0,5.17,4.53
2026-06-23T13:10:37,2026-06-23 13:10:36,000534,万泽股份,30.63,-2.8852,31.48,32.07,30.38,31.54,328340760.34,31.54,29.88
2026-06-23T13:10:37,2026-06-23 13:10:34,600183,生益科技,169.6,-8.0759,179.0,180.0,169.09,184.5,11489561829.0,184.075,169.349
2026-06-23T13:11:38,2026-06-23 13:11:36,603616,韩建河山,6.63,0.7599,6.58,6.84,6.57,6.58,239101342.0,6.58,5.91
2026-06-23T13:11:38,2026-06-23 13:11:36,000839,国安股份,2.82,-4.0816,2.9,2.91,2.82,2.94,188363526.37,2.94,2.59
2026-06-23T13:11:38,2026-06-23 13:11:36,002907,华森制药,13.58,3.7433,13.02,14.32,13.02,13.09,149369481.36,13.09,12.09
2026-06-23T13:11:38,2026-06-23 13:11:36,002158,汉钟精机,32.69,-4.8049,35.2,35.4,32.0,34.34,439765125.2,34.34,31.23
2026-06-23T13:11:38,2026-06-23 13:11:35,603956,威派格,4.98,-3.675,5.17,5.18,4.94,5.17,95116410.0,5.17,4.53
2026-06-23T13:11:38,2026-06-23 13:11:36,000534,万泽股份,30.56,-3.1072,31.48,32.07,30.38,31.54,329304564.34,31.54,29.88
2026-06-23T13:11:38,2026-06-23 13:11:37,600183,生益科技,169.28,-8.2493,179.0,180.0,169.09,184.5,11525009113.0,184.075,169.349
2026-06-23T13:12:38,2026-06-23 13:12:36,603616,韩建河山,6.64,0.9119,6.58,6.84,6.57,6.58,239348671.0,6.58,5.91
2026-06-23T13:12:38,2026-06-23 13:12:36,000839,国安股份,2.82,-4.0816,2.9,2.91,2.82,2.94,188635463.37,2.94,2.59
2026-06-23T13:12:38,2026-06-23 13:12:33,002907,华森制药,13.6,3.8961,13.02,14.32,13.02,13.09,149497230.36,13.09,12.09
2026-06-23T13:12:38,2026-06-23 13:12:36,002158,汉钟精机,32.77,-4.5719,35.2,35.4,32.0,34.34,440884143.2,34.34,31.23
2026-06-23T13:12:38,2026-06-23 13:12:35,603956,威派格,5.0,-3.2882,5.17,5.18,4.94,5.17,95255630.0,5.17,4.53
2026-06-23T13:12:38,2026-06-23 13:12:36,000534,万泽股份,30.65,-2.8218,31.48,32.07,30.38,31.54,330109195.34,31.54,29.88
2026-06-23T13:12:38,2026-06-23 13:12:37,600183,生益科技,169.96,-7.8808,179.0,180.0,169.09,184.5,11578238720.0,184.075,169.349
2026-06-23T13:13:39,2026-06-23 13:13:36,603616,韩建河山,6.65,1.0638,6.58,6.84,6.57,6.58,239960942.0,6.58,5.91
2026-06-23T13:13:39,2026-06-23 13:13:36,000839,国安股份,2.82,-4.0816,2.9,2.91,2.82,2.94,188885495.37,2.94,2.59
2026-06-23T13:13:39,2026-06-23 13:13:33,002907,华森制药,13.6,3.8961,13.02,14.32,13.02,13.09,149533950.36,13.09,12.09
2026-06-23T13:13:39,2026-06-23 13:13:36,002158,汉钟精机,32.76,-4.601,35.2,35.4,32.0,34.34,441722875.2,34.34,31.23
2026-06-23T13:13:39,2026-06-23 13:13:35,603956,威派格,4.99,-3.4816,5.17,5.18,4.94,5.17,95702087.0,5.17,4.53
2026-06-23T13:13:39,2026-06-23 13:13:36,000534,万泽股份,30.65,-2.8218,31.48,32.07,30.38,31.54,330838695.34,31.54,29.88
2026-06-23T13:13:39,2026-06-23 13:13:37,600183,生益科技,169.57,-8.0921,179.0,180.0,169.09,184.5,11619480973.0,184.075,169.349
2026-06-23T13:14:39,2026-06-23 13:14:36,603616,韩建河山,6.64,0.9119,6.58,6.84,6.57,6.58,241387092.0,6.58,5.91
2026-06-23T13:14:39,2026-06-23 13:14:36,000839,国安股份,2.83,-3.7415,2.9,2.91,2.82,2.94,190354923.37,2.94,2.59
2026-06-23T13:14:39,2026-06-23 13:14:36,002907,华森制药,13.59,3.8197,13.02,14.32,13.02,13.09,149608734.36,13.09,12.09
2026-06-23T13:14:39,2026-06-23 13:14:36,002158,汉钟精机,32.8,-4.4846,35.2,35.4,32.0,34.34,443214622.2,34.34,31.23
2026-06-23T13:14:39,2026-06-23 13:14:38,603956,威派格,4.99,-3.4816,5.17,5.18,4.94,5.17,95802582.0,5.17,4.53
2026-06-23T13:14:39,2026-06-23 13:14:36,000534,万泽股份,30.65,-2.8218,31.48,32.07,30.38,31.54,331491868.34,31.54,29.88
2026-06-23T13:14:39,2026-06-23 13:14:37,600183,生益科技,169.55,-8.103,179.0,180.0,169.09,184.5,11664873716.0,184.075,169.349
2026-06-23T13:15:39,2026-06-23 13:15:39,603616,韩建河山,6.64,0.9119,6.58,6.84,6.57,6.58,241646680.0,6.58,5.91
2026-06-23T13:15:39,2026-06-23 13:15:39,000839,国安股份,2.82,-4.0816,2.9,2.91,2.82,2.94,191498644.37,2.94,2.59
2026-06-23T13:15:39,2026-06-23 13:15:36,002907,华森制药,13.6,3.8961,13.02,14.32,13.02,13.09,149771909.36,13.09,12.09
2026-06-23T13:15:39,2026-06-23 13:15:39,002158,汉钟精机,32.84,-4.3681,35.2,35.4,32.0,34.34,444068242.2,34.34,31.23
2026-06-23T13:15:39,2026-06-23 13:15:29,603956,威派格,5.0,-3.2882,5.17,5.18,4.94,5.17,96105082.0,5.17,4.53
2026-06-23T13:15:39,2026-06-23 13:15:39,000534,万泽股份,30.63,-2.8852,31.48,32.07,30.38,31.54,332181144.34,31.54,29.88
2026-06-23T13:15:39,2026-06-23 13:15:37,600183,生益科技,169.78,-7.9783,179.0,180.0,169.09,184.5,11705625707.0,184.075,169.349
2026-06-23T13:16:41,2026-06-23 13:16:39,603616,韩建河山,6.63,0.7599,6.58,6.84,6.57,6.58,241832464.0,6.58,5.91
2026-06-23T13:16:41,2026-06-23 13:16:39,000839,国安股份,2.82,-4.0816,2.9,2.91,2.82,2.94,192203130.37,2.94,2.59
2026-06-23T13:16:41,2026-06-23 13:16:39,002907,华森制药,13.59,3.8197,13.02,14.32,13.02,13.09,149960542.92,13.09,12.09
2026-06-23T13:16:41,2026-06-23 13:16:39,002158,汉钟精机,32.81,-4.4554,35.2,35.4,32.0,34.34,444935530.2,34.34,31.23
2026-06-23T13:16:41,2026-06-23 13:16:35,603956,威派格,4.99,-3.4816,5.17,5.18,4.94,5.17,96235577.0,5.17,4.53
2026-06-23T13:16:41,2026-06-23 13:16:39,000534,万泽股份,30.7,-2.6633,31.48,32.07,30.38,31.54,333889958.34,31.54,29.88
2026-06-23T13:16:41,2026-06-23 13:16:37,600183,生益科技,169.44,-8.1626,179.0,180.0,169.09,184.5,11735749024.0,184.075,169.349
2026-06-23T13:17:41,2026-06-23 13:17:39,603616,韩建河山,6.64,0.9119,6.58,6.84,6.57,6.58,242534290.0,6.58,5.91
2026-06-23T13:17:41,2026-06-23 13:17:39,000839,国安股份,2.82,-4.0816,2.9,2.91,2.81,2.94,192557713.37,2.94,2.59
2026-06-23T13:17:41,2026-06-23 13:17:39,002907,华森制药,13.59,3.8197,13.02,14.32,13.02,13.09,150048863.92,13.09,12.09
2026-06-23T13:17:41,2026-06-23 13:17:39,002158,汉钟精机,32.8,-4.4846,35.2,35.4,32.0,34.34,446004910.2,34.34,31.23
2026-06-23T13:17:41,2026-06-23 13:17:38,603956,威派格,4.99,-3.4816,5.17,5.18,4.94,5.17,96265054.0,5.17,4.53
2026-06-23T13:17:41,2026-06-23 13:17:39,000534,万泽股份,30.62,-2.9169,31.48,32.07,30.38,31.54,334466292.34,31.54,29.88
2026-06-23T13:17:41,2026-06-23 13:17:40,600183,生益科技,169.73,-8.0054,179.0,180.0,169.09,184.5,11786417936.0,184.075,169.349
2026-06-23T13:18:41,2026-06-23 13:18:36,603616,韩建河山,6.63,0.7599,6.58,6.84,6.57,6.58,242786231.0,6.58,5.91
2026-06-23T13:18:41,2026-06-23 13:18:39,000839,国安股份,2.82,-4.0816,2.9,2.91,2.81,2.94,192794312.37,2.94,2.59
2026-06-23T13:18:41,2026-06-23 13:18:33,002907,华森制药,13.58,3.7433,13.02,14.32,13.02,13.09,150167032.92,13.09,12.09
2026-06-23T13:18:41,2026-06-23 13:18:39,002158,汉钟精机,32.72,-4.7175,35.2,35.4,32.0,34.34,447053125.2,34.34,31.23
2026-06-23T13:18:41,2026-06-23 13:18:38,603956,威派格,4.99,-3.4816,5.17,5.18,4.94,5.17,96737578.0,5.17,4.53
2026-06-23T13:18:41,2026-06-23 13:18:39,000534,万泽股份,30.56,-3.1072,31.48,32.07,30.38,31.54,335142228.34,31.54,29.88
2026-06-23T13:18:41,2026-06-23 13:18:40,600183,生益科技,169.39,-8.1897,179.0,180.0,169.09,184.5,11820063376.0,184.075,169.349
2026-06-23T13:19:42,2026-06-23 13:19:39,603616,韩建河山,6.63,0.7599,6.58,6.84,6.57,6.58,243372973.0,6.58,5.91
2026-06-23T13:19:42,2026-06-23 13:19:39,000839,国安股份,2.81,-4.4218,2.9,2.91,2.81,2.94,193521163.37,2.94,2.59
2026-06-23T13:19:42,2026-06-23 13:19:39,002907,华森制药,13.57,3.6669,13.02,14.32,13.02,13.09,150686896.4,13.09,12.09
2026-06-23T13:19:42,2026-06-23 13:19:39,002158,汉钟精机,32.66,-4.8923,35.2,35.4,32.0,34.34,452391792.2,34.34,31.23
2026-06-23T13:19:42,2026-06-23 13:19:38,603956,威派格,4.98,-3.675,5.17,5.18,4.94,5.17,96786952.0,5.17,4.53
2026-06-23T13:19:42,2026-06-23 13:19:39,000534,万泽股份,30.51,-3.2657,31.48,32.07,30.38,31.54,336177341.34,31.54,29.88
2026-06-23T13:19:42,2026-06-23 13:19:40,600183,生益科技,169.61,-8.0705,179.0,180.0,169.09,184.5,11863646485.0,184.075,169.349
2026-06-23T13:20:42,2026-06-23 13:20:39,603616,韩建河山,6.62,0.6079,6.58,6.84,6.57,6.58,243945119.0,6.58,5.91
2026-06-23T13:20:42,2026-06-23 13:20:42,000839,国安股份,2.82,-4.0816,2.9,2.91,2.81,2.94,194866555.37,2.94,2.59
2026-06-23T13:20:42,2026-06-23 13:20:39,002907,华森制药,13.56,3.5905,13.02,14.32,13.02,13.09,150829324.4,13.09,12.09
2026-06-23T13:20:42,2026-06-23 13:20:42,002158,汉钟精机,32.68,-4.834,35.2,35.4,32.0,34.34,454734195.2,34.34,31.23
2026-06-23T13:20:42,2026-06-23 13:20:41,603956,威派格,4.98,-3.675,5.17,5.18,4.94,5.17,96932403.0,5.17,4.53
2026-06-23T13:20:42,2026-06-23 13:20:42,000534,万泽股份,30.49,-3.3291,31.48,32.07,30.38,31.54,337226561.34,31.54,29.88
2026-06-23T13:20:42,2026-06-23 13:20:40,600183,生益科技,170.45,-7.6152,179.0,180.0,169.09,184.5,11903582073.0,184.075,169.349
2026-06-23T13:21:42,2026-06-23 13:21:42,603616,韩建河山,6.69,1.6717,6.58,6.84,6.57,6.58,245659094.0,6.58,5.91
2026-06-23T13:21:42,2026-06-23 13:21:42,000839,国安股份,2.82,-4.0816,2.9,2.91,2.81,2.94,195179706.37,2.94,2.59
2026-06-23T13:21:42,2026-06-23 13:21:33,002907,华森制药,13.56,3.5905,13.02,14.32,13.02,13.09,150936403.4,13.09,12.09
2026-06-23T13:21:42,2026-06-23 13:21:39,002158,汉钟精机,32.7,-4.7758,35.2,35.4,32.0,34.34,455391360.2,34.34,31.23
2026-06-23T13:21:42,2026-06-23 13:21:41,603956,威派格,4.99,-3.4816,5.17,5.18,4.94,5.17,96988788.0,5.17,4.53
2026-06-23T13:21:42,2026-06-23 13:21:42,000534,万泽股份,30.53,-3.2023,31.48,32.07,30.38,31.54,337949767.34,31.54,29.88
2026-06-23T13:21:42,2026-06-23 13:21:40,600183,生益科技,170.97,-7.3333,179.0,180.0,169.09,184.5,11945697103.0,184.075,169.349
2026-06-23T13:22:43,2026-06-23 13:22:42,603616,韩建河山,6.68,1.5198,6.58,6.84,6.57,6.58,247368375.0,6.58,5.91
2026-06-23T13:22:43,2026-06-23 13:22:42,000839,国安股份,2.82,-4.0816,2.9,2.91,2.81,2.94,195280152.37,2.94,2.59
2026-06-23T13:22:43,2026-06-23 13:22:36,002907,华森制药,13.55,3.5141,13.02,14.32,13.02,13.09,151021830.4,13.09,12.09
2026-06-23T13:22:43,2026-06-23 13:22:42,002158,汉钟精机,32.72,-4.7175,35.2,35.4,32.0,34.34,456052080.2,34.34,31.23
2026-06-23T13:22:43,2026-06-23 13:22:23,603956,威派格,4.98,-3.675,5.17,5.18,4.94,5.17,97104324.0,5.17,4.53
2026-06-23T13:22:43,2026-06-23 13:22:42,000534,万泽股份,30.51,-3.2657,31.48,32.07,30.38,31.54,338669729.34,31.54,29.88
2026-06-23T13:22:43,2026-06-23 13:22:40,600183,生益科技,171.06,-7.2846,179.0,180.0,169.09,184.5,11990137447.0,184.075,169.349
2026-06-23T13:23:43,2026-06-23 13:23:42,603616,韩建河山,6.65,1.0638,6.58,6.84,6.57,6.58,248314025.0,6.58,5.91
2026-06-23T13:23:43,2026-06-23 13:23:42,000839,国安股份,2.82,-4.0816,2.9,2.91,2.81,2.94,195571010.37,2.94,2.59
2026-06-23T13:23:43,2026-06-23 13:23:36,002907,华森制药,13.56,3.5905,13.02,14.32,13.02,13.09,151236092.4,13.09,12.09
2026-06-23T13:23:43,2026-06-23 13:23:42,002158,汉钟精机,32.73,-4.6884,35.2,35.4,32.0,34.34,456902988.76,34.34,31.23
2026-06-23T13:23:43,2026-06-23 13:23:41,603956,威派格,4.99,-3.4816,5.17,5.18,4.94,5.17,97226064.0,5.17,4.53
2026-06-23T13:23:43,2026-06-23 13:23:42,000534,万泽股份,30.55,-3.1389,31.48,32.07,30.38,31.54,339213301.34,31.54,29.88
2026-06-23T13:23:43,2026-06-23 13:23:40,600183,生益科技,171.52,-7.0352,179.0,180.0,169.09,184.5,12035670167.0,184.075,169.349
2026-06-23T13:24:44,2026-06-23 13:24:42,603616,韩建河山,6.66,1.2158,6.58,6.84,6.57,6.58,248899360.0,6.58,5.91
2026-06-23T13:24:44,2026-06-23 13:24:42,000839,国安股份,2.83,-3.7415,2.9,2.91,2.81,2.94,195768923.37,2.94,2.59
2026-06-23T13:24:44,2026-06-23 13:24:42,002907,华森制药,13.57,3.6669,13.02,14.32,13.02,13.09,151274081.4,13.09,12.09
2026-06-23T13:24:44,2026-06-23 13:24:42,002158,汉钟精机,32.84,-4.3681,35.2,35.4,32.0,34.34,457948528.76,34.34,31.23
2026-06-23T13:24:44,2026-06-23 13:24:41,603956,威派格,4.99,-3.4816,5.17,5.18,4.94,5.17,97616781.0,5.17,4.53
2026-06-23T13:24:44,2026-06-23 13:24:42,000534,万泽股份,30.58,-3.0438,31.48,32.07,30.38,31.54,339717476.34,31.54,29.88
2026-06-23T13:24:44,2026-06-23 13:24:40,600183,生益科技,171.43,-7.084,179.0,180.0,169.09,184.5,12082608004.0,184.075,169.349
2026-06-23T13:25:44,2026-06-23 13:25:42,603616,韩建河山,6.65,1.0638,6.58,6.84,6.57,6.58,250267907.0,6.58,5.91
2026-06-23T13:25:44,2026-06-23 13:25:42,000839,国安股份,2.82,-4.0816,2.9,2.91,2.81,2.94,196041724.37,2.94,2.59
2026-06-23T13:25:44,2026-06-23 13:25:39,002907,华森制药,13.56,3.5905,13.02,14.32,13.02,13.09,151324276.4,13.09,12.09
2026-06-23T13:25:44,2026-06-23 13:25:42,002158,汉钟精机,32.84,-4.3681,35.2,35.4,32.0,34.34,459011888.71,34.34,31.23
2026-06-23T13:25:44,2026-06-23 13:25:38,603956,威派格,4.99,-3.4816,5.17,5.18,4.94,5.17,97805910.0,5.17,4.53
2026-06-23T13:25:44,2026-06-23 13:25:42,000534,万泽股份,30.54,-3.1706,31.48,32.07,30.38,31.54,340768073.34,31.54,29.88
2026-06-23T13:25:44,2026-06-23 13:25:40,600183,生益科技,170.38,-7.6531,179.0,180.0,169.09,184.5,12114712250.0,184.075,169.349
2026-06-23T13:26:44,2026-06-23 13:26:42,603616,韩建河山,6.66,1.2158,6.58,6.84,6.57,6.58,250729434.0,6.58,5.91
2026-06-23T13:26:44,2026-06-23 13:26:42,000839,国安股份,2.82,-4.0816,2.9,2.91,2.81,2.94,196253224.37,2.94,2.59
2026-06-23T13:26:44,2026-06-23 13:26:42,002907,华森制药,13.56,3.5905,13.02,14.32,13.02,13.09,151488362.4,13.09,12.09
2026-06-23T13:26:44,2026-06-23 13:26:42,002158,汉钟精机,32.77,-4.5719,35.2,35.4,32.0,34.34,459488788.76,34.34,31.23
2026-06-23T13:26:44,2026-06-23 13:26:41,603956,威派格,4.98,-3.675,5.17,5.18,4.94,5.17,97826826.0,5.17,4.53
2026-06-23T13:26:44,2026-06-23 13:26:42,000534,万泽股份,30.5,-3.2974,31.48,32.07,30.38,31.54,341664870.34,31.54,29.88
2026-06-23T13:26:44,2026-06-23 13:26:43,600183,生益科技,170.03,-7.8428,179.0,180.0,169.09,184.5,12151553210.0,184.075,169.349
2026-06-23T13:27:45,2026-06-23 13:27:42,603616,韩建河山,6.64,0.9119,6.58,6.84,6.57,6.58,251358040.0,6.58,5.91
2026-06-23T13:27:45,2026-06-23 13:27:42,000839,国安股份,2.83,-3.7415,2.9,2.91,2.81,2.94,197190360.37,2.94,2.59
2026-06-23T13:27:45,2026-06-23 13:27:42,002907,华森制药,13.52,3.285,13.02,14.32,13.02,13.09,152258644.4,13.09,12.09
2026-06-23T13:27:45,2026-06-23 13:27:39,002158,汉钟精机,32.73,-4.6884,35.2,35.4,32.0,34.34,459826012.76,34.34,31.23
2026-06-23T13:27:45,2026-06-23 13:27:41,603956,威派格,4.98,-3.675,5.17,5.18,4.94,5.17,97864685.0,5.17,4.53
2026-06-23T13:27:45,2026-06-23 13:27:42,000534,万泽股份,30.48,-3.3608,31.48,32.07,30.38,31.54,342375301.34,31.54,29.88
2026-06-23T13:27:45,2026-06-23 13:27:43,600183,生益科技,170.0,-7.8591,179.0,180.0,169.09,184.5,12179741630.0,184.075,169.349
2026-06-23T13:28:45,2026-06-23 13:28:42,603616,韩建河山,6.65,1.0638,6.58,6.84,6.57,6.58,251721304.0,6.58,5.91
2026-06-23T13:28:45,2026-06-23 13:28:42,000839,国安股份,2.82,-4.0816,2.9,2.91,2.81,2.94,197373698.37,2.94,2.59
2026-06-23T13:28:45,2026-06-23 13:28:42,002907,华森制药,13.49,3.0558,13.02,14.32,13.02,13.09,153670449.96,13.09,12.09
2026-06-23T13:28:45,2026-06-23 13:28:42,002158,汉钟精机,32.71,-4.7467,35.2,35.4,32.0,34.34,460702711.76,34.34,31.23
2026-06-23T13:28:45,2026-06-23 13:28:44,603956,威派格,4.99,-3.4816,5.17,5.18,4.94,5.17,97944487.0,5.17,4.53
2026-06-23T13:28:45,2026-06-23 13:28:42,000534,万泽股份,30.48,-3.3608,31.48,32.07,30.38,31.54,343283823.34,31.54,29.88
2026-06-23T13:28:45,2026-06-23 13:28:43,600183,生益科技,169.91,-7.9079,179.0,180.0,169.09,184.5,12207563814.0,184.075,169.349
2026-06-23T13:29:46,2026-06-23 13:29:42,603616,韩建河山,6.67,1.3678,6.58,6.84,6.57,6.58,252315646.0,6.58,5.91
2026-06-23T13:29:46,2026-06-23 13:29:45,000839,国安股份,2.83,-3.7415,2.9,2.91,2.81,2.94,197503832.37,2.94,2.59
2026-06-23T13:29:46,2026-06-23 13:29:42,002907,华森制药,13.49,3.0558,13.02,14.32,13.02,13.09,154875673.96,13.09,12.09
2026-06-23T13:29:46,2026-06-23 13:29:45,002158,汉钟精机,32.68,-4.834,35.2,35.4,32.0,34.34,465070905.76,34.34,31.23
2026-06-23T13:29:46,2026-06-23 13:29:44,603956,威派格,5.0,-3.2882,5.17,5.18,4.94,5.17,98095379.0,5.17,4.53
2026-06-23T13:29:46,2026-06-23 13:29:45,000534,万泽股份,30.47,-3.3925,31.48,32.07,30.38,31.54,345062504.34,31.54,29.88
2026-06-23T13:29:46,2026-06-23 13:29:43,600183,生益科技,169.54,-8.1084,179.0,180.0,169.09,184.5,12244493001.0,184.075,169.349
2026-06-23T13:30:46,2026-06-23 13:30:45,603616,韩建河山,6.66,1.2158,6.58,6.84,6.57,6.58,252771847.0,6.58,5.91
2026-06-23T13:30:46,2026-06-23 13:30:45,000839,国安股份,2.82,-4.0816,2.9,2.91,2.81,2.94,197601522.83,2.94,2.59
2026-06-23T13:30:46,2026-06-23 13:30:42,002907,华森制药,13.52,3.285,13.02,14.32,13.02,13.09,155286190.96,13.09,12.09
2026-06-23T13:30:46,2026-06-23 13:30:45,002158,汉钟精机,32.68,-4.834,35.2,35.4,32.0,34.34,465632839.76,34.34,31.23
2026-06-23T13:30:46,2026-06-23 13:30:44,603956,威派格,5.0,-3.2882,5.17,5.18,4.94,5.17,98246392.0,5.17,4.53
2026-06-23T13:30:46,2026-06-23 13:30:45,000534,万泽股份,30.45,-3.4559,31.48,32.07,30.38,31.54,346530602.34,31.54,29.88
2026-06-23T13:30:46,2026-06-23 13:30:43,600183,生益科技,169.61,-8.0705,179.0,180.0,169.09,184.5,12273948250.0,184.075,169.349
2026-06-23T13:31:49,2026-06-23 13:31:45,603616,韩建河山,6.67,1.3678,6.58,6.84,6.57,6.58,253183322.0,6.58,5.91
2026-06-23T13:31:49,2026-06-23 13:31:48,000839,国安股份,2.82,-4.0816,2.9,2.91,2.81,2.94,198023411.83,2.94,2.59
2026-06-23T13:31:49,2026-06-23 13:31:45,002907,华森制药,13.52,3.285,13.02,14.32,13.02,13.09,155401105.96,13.09,12.09
2026-06-23T13:31:49,2026-06-23 13:31:48,002158,汉钟精机,32.68,-4.834,35.2,35.4,32.0,34.34,466407060.76,34.34,31.23
2026-06-23T13:31:49,2026-06-23 13:31:47,603956,威派格,4.99,-3.4816,5.17,5.18,4.94,5.17,98539864.0,5.17,4.53
2026-06-23T13:31:49,2026-06-23 13:31:48,000534,万泽股份,30.42,-3.551,31.48,32.07,30.38,31.54,348510819.34,31.54,29.88
2026-06-23T13:31:49,2026-06-23 13:31:46,600183,生益科技,169.7,-8.0217,179.0,180.0,169.09,184.5,12308803714.0,184.075,169.349
2026-06-23T13:32:50,2026-06-23 13:32:48,603616,韩建河山,6.66,1.2158,6.58,6.84,6.57,6.58,254637326.0,6.58,5.91
2026-06-23T13:32:50,2026-06-23 13:32:48,000839,国安股份,2.83,-3.7415,2.9,2.91,2.81,2.94,198203617.83,2.94,2.59
2026-06-23T13:32:50,2026-06-23 13:32:48,002907,华森制药,13.52,3.285,13.02,14.32,13.02,13.09,155490340.96,13.09,12.09
2026-06-23T13:32:50,2026-06-23 13:32:48,002158,汉钟精机,32.71,-4.7467,35.2,35.4,32.0,34.34,467044593.76,34.34,31.23
2026-06-23T13:32:50,2026-06-23 13:32:47,603956,威派格,4.99,-3.4816,5.17,5.18,4.94,5.17,98679103.0,5.17,4.53
2026-06-23T13:32:50,2026-06-23 13:32:48,000534,万泽股份,30.42,-3.551,31.48,32.07,30.38,31.54,349602927.34,31.54,29.88
2026-06-23T13:32:50,2026-06-23 13:32:49,600183,生益科技,170.0,-7.8591,179.0,180.0,169.09,184.5,12326285662.0,184.075,169.349
2026-06-23T13:33:51,2026-06-23 13:33:48,603616,韩建河山,6.65,1.0638,6.58,6.84,6.57,6.58,256056163.0,6.58,5.91
2026-06-23T13:33:51,2026-06-23 13:33:51,000839,国安股份,2.83,-3.7415,2.9,2.91,2.81,2.94,198296555.83,2.94,2.59
2026-06-23T13:33:51,2026-06-23 13:33:45,002907,华森制药,13.52,3.285,13.02,14.32,13.02,13.09,155751184.96,13.09,12.09
2026-06-23T13:33:51,2026-06-23 13:33:51,002158,汉钟精机,32.8,-4.4846,35.2,35.4,32.0,34.34,467781857.76,34.34,31.23
2026-06-23T13:33:51,2026-06-23 13:33:50,603956,威派格,4.99,-3.4816,5.17,5.18,4.94,5.17,98764011.0,5.17,4.53
2026-06-23T13:33:51,2026-06-23 13:33:51,000534,万泽股份,30.45,-3.4559,31.48,32.07,30.38,31.54,351224339.34,31.54,29.88
2026-06-23T13:33:51,2026-06-23 13:33:49,600183,生益科技,170.68,-7.4905,179.0,180.0,169.09,184.5,12344137599.0,184.075,169.349
2026-06-23T13:34:53,2026-06-23 13:34:51,603616,韩建河山,6.66,1.2158,6.58,6.84,6.57,6.58,256338175.0,6.58,5.91
2026-06-23T13:34:53,2026-06-23 13:34:51,000839,国安股份,2.82,-4.0816,2.9,2.91,2.81,2.94,198464751.83,2.94,2.59
2026-06-23T13:34:53,2026-06-23 13:34:51,002907,华森制药,13.58,3.7433,13.02,14.32,13.02,13.09,156086930.96,13.09,12.09
2026-06-23T13:34:53,2026-06-23 13:34:51,002158,汉钟精机,32.85,-4.339,35.2,35.4,32.0,34.34,469137346.76,34.34,31.23
2026-06-23T13:34:53,2026-06-23 13:34:50,603956,威派格,4.99,-3.4816,5.17,5.18,4.94,5.17,98854440.0,5.17,4.53
2026-06-23T13:34:53,2026-06-23 13:34:51,000534,万泽股份,30.4,-3.6145,31.48,32.07,30.38,31.54,353238233.34,31.54,29.88
2026-06-23T13:34:53,2026-06-23 13:34:52,600183,生益科技,170.7,-7.4797,179.0,180.0,169.09,184.5,12381955181.0,184.075,169.349
2026-06-23T13:35:54,2026-06-23 13:35:51,603616,韩建河山,6.67,1.3678,6.58,6.84,6.57,6.58,256711823.0,6.58,5.91
2026-06-23T13:35:54,2026-06-23 13:35:51,000839,国安股份,2.82,-4.0816,2.9,2.91,2.81,2.94,198621161.83,2.94,2.59
2026-06-23T13:35:54,2026-06-23 13:35:51,002907,华森制药,13.55,3.5141,13.02,14.32,13.02,13.09,156274093.96,13.09,12.09
2026-06-23T13:35:54,2026-06-23 13:35:51,002158,汉钟精机,32.81,-4.4554,35.2,35.4,32.0,34.34,469862725.76,34.34,31.23
2026-06-23T13:35:54,2026-06-23 13:35:53,603956,威派格,4.99,-3.4816,5.17,5.18,4.94,5.17,98894862.0,5.17,4.53
2026-06-23T13:35:54,2026-06-23 13:35:51,000534,万泽股份,30.41,-3.5828,31.48,32.07,30.38,31.54,354768188.34,31.54,29.88
2026-06-23T13:35:54,2026-06-23 13:35:52,600183,生益科技,170.31,-7.6911,179.0,180.0,169.09,184.5,12399103253.0,184.075,169.349
2026-06-23T13:36:55,2026-06-23 13:36:54,603616,韩建河山,6.66,1.2158,6.58,6.84,6.57,6.58,257290013.0,6.58,5.91
2026-06-23T13:36:55,2026-06-23 13:36:54,000839,国安股份,2.82,-4.0816,2.9,2.91,2.81,2.94,199340911.83,2.94,2.59
2026-06-23T13:36:55,2026-06-23 13:36:45,002907,华森制药,13.57,3.6669,13.02,14.32,13.02,13.09,156557512.96,13.09,12.09
2026-06-23T13:36:55,2026-06-23 13:36:54,002158,汉钟精机,32.7,-4.7758,35.2,35.4,32.0,34.34,470498206.76,34.34,31.23
2026-06-23T13:36:55,2026-06-23 13:36:53,603956,威派格,4.99,-3.4816,5.17,5.18,4.94,5.17,98974710.0,5.17,4.53
2026-06-23T13:36:55,2026-06-23 13:36:54,000534,万泽股份,30.33,-3.8364,31.48,32.07,30.32,31.54,357786638.34,31.54,29.88
2026-06-23T13:36:55,2026-06-23 13:36:52,600183,生益科技,169.94,-7.8916,179.0,180.0,169.09,184.5,12424454857.0,184.075,169.349
2026-06-23T13:37:56,2026-06-23 13:37:54,603616,韩建河山,6.66,1.2158,6.58,6.84,6.57,6.58,257661502.0,6.58,5.91
2026-06-23T13:37:56,2026-06-23 13:37:54,000839,国安股份,2.82,-4.0816,2.9,2.91,2.81,2.94,199563148.83,2.94,2.59
2026-06-23T13:37:56,2026-06-23 13:37:54,002907,华森制药,13.55,3.5141,13.02,14.32,13.02,13.09,156743242.96,13.09,12.09
2026-06-23T13:37:56,2026-06-23 13:37:54,002158,汉钟精机,32.72,-4.7175,35.2,35.4,32.0,34.34,471359008.76,34.34,31.23
2026-06-23T13:37:56,2026-06-23 13:37:53,603956,威派格,4.98,-3.675,5.17,5.18,4.94,5.17,99078901.0,5.17,4.53
2026-06-23T13:37:56,2026-06-23 13:37:54,000534,万泽股份,30.27,-4.0266,31.48,32.07,30.27,31.54,360844689.34,31.54,29.88
2026-06-23T13:37:56,2026-06-23 13:37:55,600183,生益科技,170.01,-7.8537,179.0,180.0,169.09,184.5,12453481127.0,184.075,169.349
2026-06-23T13:38:58,2026-06-23 13:38:54,603616,韩建河山,6.65,1.0638,6.58,6.84,6.57,6.58,258137960.0,6.58,5.91
2026-06-23T13:38:58,2026-06-23 13:38:54,000839,国安股份,2.82,-4.0816,2.9,2.91,2.81,2.94,199890834.83,2.94,2.59
2026-06-23T13:38:58,2026-06-23 13:38:57,002907,华森制药,13.53,3.3613,13.02,14.32,13.02,13.09,156838006.96,13.09,12.09
2026-06-23T13:38:58,2026-06-23 13:38:57,002158,汉钟精机,32.68,-4.834,35.2,35.4,32.0,34.34,471953973.76,34.34,31.23
2026-06-23T13:38:58,2026-06-23 13:38:56,603956,威派格,4.98,-3.675,5.17,5.18,4.94,5.17,99084380.0,5.17,4.53
2026-06-23T13:38:58,2026-06-23 13:38:57,000534,万泽股份,30.26,-4.0583,31.48,32.07,30.23,31.54,362760517.34,31.54,29.88
2026-06-23T13:38:58,2026-06-23 13:38:55,600183,生益科技,169.95,-7.8862,179.0,180.0,169.09,184.5,12482672005.0,184.075,169.349
2026-06-23T13:39:59,2026-06-23 13:39:57,603616,韩建河山,6.66,1.2158,6.58,6.84,6.57,6.58,258786886.0,6.58,5.91
2026-06-23T13:39:59,2026-06-23 13:39:57,000839,国安股份,2.82,-4.0816,2.9,2.91,2.81,2.94,200091216.83,2.94,2.59
2026-06-23T13:39:59,2026-06-23 13:39:57,002907,华森制药,13.55,3.5141,13.02,14.32,13.02,13.09,157034230.96,13.09,12.09
2026-06-23T13:39:59,2026-06-23 13:39:57,002158,汉钟精机,32.74,-4.6593,35.2,35.4,32.0,34.34,473724491.76,34.34,31.23
2026-06-23T13:39:59,2026-06-23 13:39:56,603956,威派格,4.99,-3.4816,5.17,5.18,4.94,5.17,99508491.0,5.17,4.53
2026-06-23T13:39:59,2026-06-23 13:39:57,000534,万泽股份,30.32,-3.8681,31.48,32.07,30.23,31.54,364826084.34,31.54,29.88
2026-06-23T13:39:59,2026-06-23 13:39:58,600183,生益科技,170.26,-7.7182,179.0,180.0,169.09,184.5,12501936294.0,184.075,169.349
2026-06-23T13:41:00,2026-06-23 13:40:57,603616,韩建河山,6.66,1.2158,6.58,6.84,6.57,6.58,259321682.0,6.58,5.91
2026-06-23T13:41:00,2026-06-23 13:40:57,000839,国安股份,2.82,-4.0816,2.9,2.91,2.81,2.94,200584377.83,2.94,2.59
2026-06-23T13:41:00,2026-06-23 13:40:57,002907,华森制药,13.56,3.5905,13.02,14.32,13.02,13.09,157252485.96,13.09,12.09
2026-06-23T13:41:00,2026-06-23 13:40:57,002158,汉钟精机,32.78,-4.5428,35.2,35.4,32.0,34.34,474196554.76,34.34,31.23
2026-06-23T13:41:00,2026-06-23 13:40:59,603956,威派格,4.99,-3.4816,5.17,5.18,4.94,5.17,99628251.0,5.17,4.53
2026-06-23T13:41:00,2026-06-23 13:40:57,000534,万泽股份,30.29,-3.9632,31.48,32.07,30.23,31.54,367262517.34,31.54,29.88
2026-06-23T13:41:00,2026-06-23 13:40:58,600183,生益科技,170.13,-7.7886,179.0,180.0,169.09,184.5,12524149621.0,184.075,169.349
2026-06-23T13:42:01,2026-06-23 13:42:00,603616,韩建河山,6.65,1.0638,6.58,6.84,6.57,6.58,259592484.0,6.58,5.91
2026-06-23T13:42:01,2026-06-23 13:42:00,000839,国安股份,2.82,-4.0816,2.9,2.91,2.81,2.94,200703535.83,2.94,2.59
2026-06-23T13:42:01,2026-06-23 13:42:00,002907,华森制药,13.57,3.6669,13.02,14.32,13.02,13.09,157567030.96,13.09,12.09
2026-06-23T13:42:01,2026-06-23 13:42:00,002158,汉钟精机,32.85,-4.339,35.2,35.4,32.0,34.34,475546151.76,34.34,31.23
2026-06-23T13:42:01,2026-06-23 13:41:59,603956,威派格,5.0,-3.2882,5.17,5.18,4.94,5.17,99816048.0,5.17,4.53
2026-06-23T13:42:01,2026-06-23 13:42:00,000534,万泽股份,30.31,-3.8998,31.48,32.07,30.23,31.54,368966703.34,31.54,29.88
2026-06-23T13:42:01,2026-06-23 13:41:58,600183,生益科技,170.17,-7.7669,179.0,180.0,169.09,184.5,12561614972.0,184.075,169.349
2026-06-23T13:43:02,2026-06-23 13:43:00,603616,韩建河山,6.66,1.2158,6.58,6.84,6.57,6.58,260018056.0,6.58,5.91
2026-06-23T13:43:02,2026-06-23 13:43:00,000839,国安股份,2.82,-4.0816,2.9,2.91,2.81,2.94,200782269.83,2.94,2.59
2026-06-23T13:43:02,2026-06-23 13:43:00,002907,华森制药,13.56,3.5905,13.02,14.32,13.02,13.09,157576527.96,13.09,12.09
2026-06-23T13:43:02,2026-06-23 13:43:00,002158,汉钟精机,32.88,-4.2516,35.2,35.4,32.0,34.34,476735433.76,34.34,31.23
2026-06-23T13:43:02,2026-06-23 13:42:56,603956,威派格,5.01,-3.0948,5.17,5.18,4.94,5.17,99939715.0,5.17,4.53
2026-06-23T13:43:02,2026-06-23 13:43:00,000534,万泽股份,30.31,-3.8998,31.48,32.07,30.23,31.54,371147496.34,31.54,29.88
2026-06-23T13:43:02,2026-06-23 13:43:01,600183,生益科技,170.06,-7.8266,179.0,180.0,169.09,184.5,12595827949.0,184.075,169.349
2026-06-23T13:44:04,2026-06-23 13:44:00,603616,韩建河山,6.66,1.2158,6.58,6.84,6.57,6.58,261017544.0,6.58,5.91
2026-06-23T13:44:04,2026-06-23 13:44:03,000839,国安股份,2.83,-3.7415,2.9,2.91,2.81,2.94,201609209.83,2.94,2.59
2026-06-23T13:44:04,2026-06-23 13:44:00,002907,华森制药,13.57,3.6669,13.02,14.32,13.02,13.09,157660646.96,13.09,12.09
2026-06-23T13:44:04,2026-06-23 13:44:00,002158,汉钟精机,32.88,-4.2516,35.2,35.4,32.0,34.34,477675880.76,34.34,31.23
2026-06-23T13:44:04,2026-06-23 13:43:56,603956,威派格,5.0,-3.2882,5.17,5.18,4.94,5.17,99967715.0,5.17,4.53
2026-06-23T13:44:04,2026-06-23 13:44:03,000534,万泽股份,30.31,-3.8998,31.48,32.07,30.23,31.54,372205344.34,31.54,29.88
2026-06-23T13:44:04,2026-06-23 13:44:01,600183,生益科技,170.18,-7.7615,179.0,180.0,169.09,184.5,12621033656.0,184.075,169.349
2026-06-23T13:45:05,2026-06-23 13:45:03,603616,韩建河山,6.67,1.3678,6.58,6.84,6.57,6.58,261281546.0,6.58,5.91
2026-06-23T13:45:05,2026-06-23 13:45:03,000839,国安股份,2.83,-3.7415,2.9,2.91,2.81,2.94,201862252.83,2.94,2.59
2026-06-23T13:45:05,2026-06-23 13:44:57,002907,华森制药,13.57,3.6669,13.02,14.32,13.02,13.09,157761028.96,13.09,12.09
2026-06-23T13:45:05,2026-06-23 13:45:03,002158,汉钟精机,32.9,-4.1934,35.2,35.4,32.0,34.34,478507844.76,34.34,31.23
2026-06-23T13:45:05,2026-06-23 13:44:59,603956,威派格,5.01,-3.0948,5.17,5.18,4.94,5.17,100183646.0,5.17,4.53
2026-06-23T13:45:05,2026-06-23 13:45:03,000534,万泽股份,30.34,-3.8047,31.48,32.07,30.23,31.54,374080412.34,31.54,29.88
2026-06-23T13:45:05,2026-06-23 13:45:04,600183,生益科技,170.59,-7.5393,179.0,180.0,169.09,184.5,12638210188.0,184.075,169.349
2026-06-23T13:46:07,2026-06-23 13:46:03,603616,韩建河山,6.66,1.2158,6.58,6.84,6.57,6.58,262571502.0,6.58,5.91
2026-06-23T13:46:07,2026-06-23 13:46:06,000839,国安股份,2.82,-4.0816,2.9,2.91,2.81,2.94,202118706.83,2.94,2.59
2026-06-23T13:46:07,2026-06-23 13:46:06,002907,华森制药,13.55,3.5141,13.02,14.32,13.02,13.09,158133820.96,13.09,12.09
2026-06-23T13:46:07,2026-06-23 13:46:06,002158,汉钟精机,32.97,-3.9895,35.2,35.4,32.0,34.34,479689752.76,34.34,31.23
2026-06-23T13:46:07,2026-06-23 13:46:05,603956,威派格,5.02,-2.9014,5.17,5.18,4.94,5.17,100347685.0,5.17,4.53
2026-06-23T13:46:07,2026-06-23 13:46:06,000534,万泽股份,30.38,-3.6779,31.48,32.07,30.23,31.54,376176233.34,31.54,29.88
2026-06-23T13:46:07,2026-06-23 13:46:04,600183,生益科技,170.7,-7.4797,179.0,180.0,169.09,184.5,12667799825.0,184.075,169.349
2026-06-23T13:47:08,2026-06-23 13:47:06,603616,韩建河山,6.67,1.3678,6.58,6.84,6.57,6.58,263113521.0,6.58,5.91
2026-06-23T13:47:08,2026-06-23 13:47:06,000839,国安股份,2.83,-3.7415,2.9,2.91,2.81,2.94,202286693.83,2.94,2.59
2026-06-23T13:47:08,2026-06-23 13:47:06,002907,华森制药,13.54,3.4377,13.02,14.32,13.02,13.09,158190694.96,13.09,12.09
2026-06-23T13:47:08,2026-06-23 13:47:06,002158,汉钟精机,32.92,-4.1351,35.2,35.4,32.0,34.34,480595645.76,34.34,31.23
2026-06-23T13:47:08,2026-06-23 13:47:05,603956,威派格,5.02,-2.9014,5.17,5.18,4.94,5.17,100455611.0,5.17,4.53
2026-06-23T13:47:08,2026-06-23 13:47:06,000534,万泽股份,30.24,-4.1218,31.48,32.07,30.23,31.54,378832761.34,31.54,29.88
2026-06-23T13:47:08,2026-06-23 13:47:07,600183,生益科技,170.21,-7.7453,179.0,180.0,169.09,184.5,12697524387.0,184.075,169.349
2026-06-23T13:48:10,2026-06-23 13:48:06,603616,韩建河山,6.66,1.2158,6.58,6.84,6.57,6.58,263661571.0,6.58,5.91
2026-06-23T13:48:10,2026-06-23 13:48:09,000839,国安股份,2.82,-4.0816,2.9,2.91,2.81,2.94,202362651.83,2.94,2.59
2026-06-23T13:48:10,2026-06-23 13:48:09,002907,华森制药,13.53,3.3613,13.02,14.32,13.02,13.09,158477743.96,13.09,12.09
2026-06-23T13:48:10,2026-06-23 13:48:09,002158,汉钟精机,32.82,-4.4263,35.2,35.4,32.0,34.34,481634166.76,34.34,31.23
2026-06-23T13:48:10,2026-06-23 13:48:08,603956,威派格,5.01,-3.0948,5.17,5.18,4.94,5.17,100681061.0,5.17,4.53
2026-06-23T13:48:10,2026-06-23 13:48:09,000534,万泽股份,30.12,-4.5022,31.48,32.07,30.11,31.54,383544154.34,31.54,29.88
2026-06-23T13:48:10,2026-06-23 13:48:07,600183,生益科技,170.08,-7.8157,179.0,180.0,169.09,184.5,12716752981.0,184.075,169.349
2026-06-23T13:49:11,2026-06-23 13:49:09,603616,韩建河山,6.66,1.2158,6.58,6.84,6.57,6.58,263849573.0,6.58,5.91
2026-06-23T13:49:11,2026-06-23 13:49:09,000839,国安股份,2.82,-4.0816,2.9,2.91,2.81,2.94,202687326.83,2.94,2.59
2026-06-23T13:49:11,2026-06-23 13:49:06,002907,华森制药,13.54,3.4377,13.02,14.32,13.02,13.09,158546776.96,13.09,12.09
2026-06-23T13:49:11,2026-06-23 13:49:09,002158,汉钟精机,32.91,-4.1642,35.2,35.4,32.0,34.34,483607684.76,34.34,31.23
2026-06-23T13:49:11,2026-06-23 13:49:08,603956,威派格,5.01,-3.0948,5.17,5.18,4.94,5.17,100856471.0,5.17,4.53
2026-06-23T13:49:11,2026-06-23 13:49:09,000534,万泽股份,30.11,-4.5339,31.48,32.07,30.1,31.54,386930911.34,31.54,29.88
2026-06-23T13:49:11,2026-06-23 13:49:10,600183,生益科技,170.0,-7.8591,179.0,180.0,169.09,184.5,12738854622.0,184.075,169.349
2026-06-23T13:50:12,2026-06-23 13:50:09,603616,韩建河山,6.66,1.2158,6.58,6.84,6.57,6.58,264051411.0,6.58,5.91
2026-06-23T13:50:12,2026-06-23 13:50:09,000839,国安股份,2.82,-4.0816,2.9,2.91,2.81,2.94,202809078.83,2.94,2.59
2026-06-23T13:50:12,2026-06-23 13:50:09,002907,华森制药,13.53,3.3613,13.02,14.32,13.02,13.09,158623922.96,13.09,12.09
2026-06-23T13:50:12,2026-06-23 13:50:09,002158,汉钟精机,32.9,-4.1934,35.2,35.4,32.0,34.34,485206191.76,34.34,31.23
2026-06-23T13:50:12,2026-06-23 13:50:08,603956,威派格,5.01,-3.0948,5.17,5.18,4.94,5.17,101116513.0,5.17,4.53
2026-06-23T13:50:12,2026-06-23 13:50:09,000534,万泽股份,30.11,-4.5339,31.48,32.07,30.1,31.54,389327921.34,31.54,29.88
2026-06-23T13:50:12,2026-06-23 13:50:10,600183,生益科技,169.83,-7.9512,179.0,180.0,169.09,184.5,12769072105.0,184.075,169.349
2026-06-23T13:51:14,2026-06-23 13:51:12,603616,韩建河山,6.66,1.2158,6.58,6.84,6.57,6.58,264633522.0,6.58,5.91
2026-06-23T13:51:14,2026-06-23 13:51:12,000839,国安股份,2.82,-4.0816,2.9,2.91,2.81,2.94,203009957.83,2.94,2.59
2026-06-23T13:51:14,2026-06-23 13:51:12,002907,华森制药,13.53,3.3613,13.02,14.32,13.02,13.09,158802366.96,13.09,12.09
2026-06-23T13:51:14,2026-06-23 13:51:12,002158,汉钟精机,32.81,-4.4554,35.2,35.4,32.0,34.34,487963658.76,34.34,31.23
2026-06-23T13:51:14,2026-06-23 13:51:11,603956,威派格,5.02,-2.9014,5.17,5.18,4.94,5.17,101332463.0,5.17,4.53
2026-06-23T13:51:14,2026-06-23 13:51:12,000534,万泽股份,30.01,-4.851,31.48,32.07,30.01,31.54,392923112.34,31.54,29.88
2026-06-23T13:51:14,2026-06-23 13:51:13,600183,生益科技,170.0,-7.8591,179.0,180.0,169.09,184.5,12830730267.0,184.075,169.349
2026-06-23T13:52:15,2026-06-23 13:52:12,603616,韩建河山,6.66,1.2158,6.58,6.84,6.57,6.58,265441899.0,6.58,5.91
2026-06-23T13:52:15,2026-06-23 13:52:12,000839,国安股份,2.83,-3.7415,2.9,2.91,2.81,2.94,203145482.83,2.94,2.59
2026-06-23T13:52:15,2026-06-23 13:52:12,002907,华森制药,13.53,3.3613,13.02,14.32,13.02,13.09,158833489.96,13.09,12.09
2026-06-23T13:52:15,2026-06-23 13:52:12,002158,汉钟精机,32.81,-4.4554,35.2,35.4,32.0,34.34,488682170.76,34.34,31.23
2026-06-23T13:52:15,2026-06-23 13:52:14,603956,威派格,5.01,-3.0948,5.17,5.18,4.94,5.17,101480800.0,5.17,4.53
2026-06-23T13:52:15,2026-06-23 13:52:12,000534,万泽股份,29.98,-4.9461,31.48,32.07,29.98,31.54,399734207.34,31.54,29.88
2026-06-23T13:52:15,2026-06-23 13:52:13,600183,生益科技,169.66,-8.0434,179.0,180.0,169.09,184.5,12855550043.0,184.075,169.349
2026-06-23T13:53:16,2026-06-23 13:53:15,603616,韩建河山,6.65,1.0638,6.58,6.84,6.57,6.58,266066425.0,6.58,5.91
2026-06-23T13:53:16,2026-06-23 13:53:15,000839,国安股份,2.82,-4.0816,2.9,2.91,2.81,2.94,203208411.83,2.94,2.59
2026-06-23T13:53:16,2026-06-23 13:53:09,002907,华森制药,13.52,3.285,13.02,14.32,13.02,13.09,158980895.96,13.09,12.09
2026-06-23T13:53:16,2026-06-23 13:53:15,002158,汉钟精机,32.77,-4.5719,35.2,35.4,32.0,34.34,490538402.76,34.34,31.23
2026-06-23T13:53:16,2026-06-23 13:53:14,603956,威派格,5.0,-3.2882,5.17,5.18,4.94,5.17,101525388.0,5.17,4.53
2026-06-23T13:53:16,2026-06-23 13:53:15,000534,万泽股份,29.97,-4.9778,31.48,32.07,29.96,31.54,401742801.34,31.54,29.88
2026-06-23T13:53:16,2026-06-23 13:53:13,600183,生益科技,169.56,-8.0976,179.0,180.0,169.09,184.5,12881634019.0,184.075,169.349
2026-06-23T13:54:18,2026-06-23 13:54:15,603616,韩建河山,6.65,1.0638,6.58,6.84,6.57,6.58,266509585.0,6.58,5.91
2026-06-23T13:54:18,2026-06-23 13:54:15,000839,国安股份,2.82,-4.0816,2.9,2.91,2.81,2.94,203497234.83,2.94,2.59
2026-06-23T13:54:18,2026-06-23 13:54:12,002907,华森制药,13.52,3.285,13.02,14.32,13.02,13.09,159037691.96,13.09,12.09
2026-06-23T13:54:18,2026-06-23 13:54:15,002158,汉钟精机,32.76,-4.601,35.2,35.4,32.0,34.34,491510778.76,34.34,31.23
2026-06-23T13:54:18,2026-06-23 13:54:14,603956,威派格,5.0,-3.2882,5.17,5.18,4.94,5.17,101540408.0,5.17,4.53
2026-06-23T13:54:18,2026-06-23 13:54:15,000534,万泽股份,29.96,-5.0095,31.48,32.07,29.92,31.54,404726030.34,31.54,29.88
2026-06-23T13:54:18,2026-06-23 13:54:16,600183,生益科技,169.51,-8.1247,179.0,180.0,169.09,184.5,12905202896.0,184.075,169.349
2026-06-23T13:55:19,2026-06-23 13:55:15,603616,韩建河山,6.65,1.0638,6.58,6.84,6.57,6.58,266744562.0,6.58,5.91
2026-06-23T13:55:19,2026-06-23 13:55:18,000839,国安股份,2.82,-4.0816,2.9,2.91,2.81,2.94,203969095.83,2.94,2.59
2026-06-23T13:55:19,2026-06-23 13:55:12,002907,华森制药,13.52,3.285,13.02,14.32,13.02,13.09,159527121.96,13.09,12.09
2026-06-23T13:55:19,2026-06-23 13:55:18,002158,汉钟精机,32.69,-4.8049,35.2,35.4,32.0,34.34,492881669.76,34.34,31.23
2026-06-23T13:55:19,2026-06-23 13:55:14,603956,威派格,5.01,-3.0948,5.17,5.18,4.94,5.17,101641609.0,5.17,4.53
2026-06-23T13:55:19,2026-06-23 13:55:18,000534,万泽股份,29.85,-5.3583,31.48,32.07,29.85,31.54,410409545.34,31.54,29.88
2026-06-23T13:55:19,2026-06-23 13:55:16,600183,生益科技,169.3,-8.2385,179.0,180.0,169.09,184.5,12945295692.0,184.075,169.349
2026-06-23T13:56:21,2026-06-23 13:56:18,603616,韩建河山,6.66,1.2158,6.58,6.84,6.57,6.58,267666975.0,6.58,5.91
2026-06-23T13:56:21,2026-06-23 13:56:18,000839,国安股份,2.82,-4.0816,2.9,2.91,2.81,2.94,204130991.83,2.94,2.59
2026-06-23T13:56:21,2026-06-23 13:56:15,002907,华森制药,13.5,3.1322,13.02,14.32,13.02,13.09,159693255.96,13.09,12.09
2026-06-23T13:56:21,2026-06-23 13:56:18,002158,汉钟精机,32.69,-4.8049,35.2,35.4,32.0,34.34,494548337.76,34.34,31.23
2026-06-23T13:56:21,2026-06-23 13:56:17,603956,威派格,5.0,-3.2882,5.17,5.18,4.94,5.17,101985109.0,5.17,4.53
2026-06-23T13:56:21,2026-06-23 13:56:18,000534,万泽股份,29.85,-5.3583,31.48,32.07,29.85,31.54,416047336.34,31.54,29.88
2026-06-23T13:56:21,2026-06-23 13:56:19,600183,生益科技,169.1,-8.3469,179.0,180.0,169.09,184.5,12993894561.0,184.075,169.349
2026-06-23T13:57:22,2026-06-23 13:57:21,603616,韩建河山,6.65,1.0638,6.58,6.84,6.57,6.58,268519982.0,6.58,5.91
2026-06-23T13:57:22,2026-06-23 13:57:21,000839,国安股份,2.82,-4.0816,2.9,2.91,2.81,2.94,204505223.83,2.94,2.59
2026-06-23T13:57:22,2026-06-23 13:57:21,002907,华森制药,13.5,3.1322,13.02,14.32,13.02,13.09,159798557.96,13.09,12.09
2026-06-23T13:57:22,2026-06-23 13:57:21,002158,汉钟精机,32.69,-4.8049,35.2,35.4,32.0,34.34,495303061.76,34.34,31.23
2026-06-23T13:57:22,2026-06-23 13:57:20,603956,威派格,4.99,-3.4816,5.17,5.18,4.94,5.17,102028034.0,5.17,4.53
2026-06-23T13:57:22,2026-06-23 13:57:21,000534,万泽股份,29.85,-5.3583,31.48,32.07,29.85,31.54,420851210.34,31.54,29.88
2026-06-23T13:57:22,2026-06-23 13:57:19,600183,生益科技,169.18,-8.3035,179.0,180.0,169.0,184.5,13065635244.0,184.075,169.349
2026-06-23T13:58:23,2026-06-23 13:58:21,603616,韩建河山,6.65,1.0638,6.58,6.84,6.57,6.58,268938300.0,6.58,5.91
2026-06-23T13:58:23,2026-06-23 13:58:21,000839,国安股份,2.82,-4.0816,2.9,2.91,2.81,2.94,204684301.83,2.94,2.59
2026-06-23T13:58:23,2026-06-23 13:58:09,002907,华森制药,13.51,3.2086,13.02,14.32,13.02,13.09,159893066.96,13.09,12.09
2026-06-23T13:58:23,2026-06-23 13:58:21,002158,汉钟精机,32.67,-4.8631,35.2,35.4,32.0,34.34,496110223.76,34.34,31.23
2026-06-23T13:58:23,2026-06-23 13:58:20,603956,威派格,5.0,-3.2882,5.17,5.18,4.94,5.17,102045034.0,5.17,4.53
2026-06-23T13:58:23,2026-06-23 13:58:21,000534,万泽股份,29.99,-4.9144,31.48,32.07,29.85,31.54,424096047.34,31.54,29.88
2026-06-23T13:58:23,2026-06-23 13:58:22,600183,生益科技,169.03,-8.3848,179.0,180.0,169.0,184.5,13117106425.0,184.075,169.349
2026-06-23T13:59:24,2026-06-23 13:59:21,603616,韩建河山,6.65,1.0638,6.58,6.84,6.57,6.58,269117178.0,6.58,5.91
2026-06-23T13:59:24,2026-06-23 13:59:21,000839,国安股份,2.82,-4.0816,2.9,2.91,2.81,2.94,205628919.83,2.94,2.59
2026-06-23T13:59:24,2026-06-23 13:59:21,002907,华森制药,13.49,3.0558,13.02,14.32,13.02,13.09,160107669.96,13.09,12.09
2026-06-23T13:59:24,2026-06-23 13:59:21,002158,汉钟精机,32.66,-4.8923,35.2,35.4,32.0,34.34,497204973.76,34.34,31.23
2026-06-23T13:59:24,2026-06-23 13:59:23,603956,威派格,5.0,-3.2882,5.17,5.18,4.94,5.17,102433826.0,5.17,4.53
2026-06-23T13:59:24,2026-06-23 13:59:21,000534,万泽股份,30.0,-4.8827,31.48,32.07,29.85,31.54,425730806.34,31.54,29.88
2026-06-23T13:59:24,2026-06-23 13:59:22,600183,生益科技,169.21,-8.2873,179.0,180.0,169.0,184.5,13158070973.0,184.075,169.349
2026-06-23T14:00:26,2026-06-23 14:00:24,603616,韩建河山,6.64,0.9119,6.58,6.84,6.57,6.58,269459976.0,6.58,5.91
2026-06-23T14:00:26,2026-06-23 14:00:24,000839,国安股份,2.82,-4.0816,2.9,2.91,2.81,2.94,205858650.83,2.94,2.59
2026-06-23T14:00:26,2026-06-23 14:00:24,002907,华森制药,13.47,2.903,13.02,14.32,13.02,13.09,160370500.96,13.09,12.09
2026-06-23T14:00:26,2026-06-23 14:00:24,002158,汉钟精机,32.61,-5.0379,35.2,35.4,32.0,34.34,500141536.76,34.34,31.23
2026-06-23T14:00:26,2026-06-23 14:00:23,603956,威派格,4.99,-3.4816,5.17,5.18,4.94,5.17,102498696.0,5.17,4.53
2026-06-23T14:00:26,2026-06-23 14:00:24,000534,万泽股份,30.04,-4.7559,31.48,32.07,29.85,31.54,428494016.34,31.54,29.88
2026-06-23T14:00:26,2026-06-23 14:00:22,600183,生益科技,169.15,-8.3198,179.0,180.0,169.0,184.5,13189346985.0,184.075,169.349
2026-06-23T14:01:29,2026-06-23 14:01:27,603616,韩建河山,6.66,1.2158,6.58,6.84,6.57,6.58,270235261.0,6.58,5.91
2026-06-23T14:01:29,2026-06-23 14:01:27,000839,国安股份,2.81,-4.4218,2.9,2.91,2.81,2.94,206032657.83,2.94,2.59
2026-06-23T14:01:29,2026-06-23 14:01:27,002907,华森制药,13.47,2.903,13.02,14.32,13.02,13.09,160840669.96,13.09,12.09
2026-06-23T14:01:29,2026-06-23 14:01:27,002158,汉钟精机,32.64,-4.9505,35.2,35.4,32.0,34.34,504696126.76,34.34,31.23
2026-06-23T14:01:29,2026-06-23 14:01:26,603956,威派格,5.0,-3.2882,5.17,5.18,4.94,5.17,102794610.0,5.17,4.53
2026-06-23T14:01:29,2026-06-23 14:01:27,000534,万泽股份,30.04,-4.7559,31.48,32.07,29.85,31.54,430337935.34,31.54,29.88
2026-06-23T14:01:29,2026-06-23 14:01:25,600183,生益科技,169.26,-8.2602,179.0,180.0,169.0,184.5,13222760375.0,184.075,169.349
2026-06-23T14:02:31,2026-06-23 14:02:30,603616,韩建河山,6.66,1.2158,6.58,6.84,6.57,6.58,271097445.0,6.58,5.91
2026-06-23T14:02:31,2026-06-23 14:02:30,000839,国安股份,2.82,-4.0816,2.9,2.91,2.81,2.94,206631604.83,2.94,2.59
2026-06-23T14:02:31,2026-06-23 14:02:30,002907,华森制药,13.46,2.8266,13.02,14.32,13.02,13.09,161073610.96,13.09,12.09
2026-06-23T14:02:31,2026-06-23 14:02:30,002158,汉钟精机,32.6,-5.067,35.2,35.4,32.0,34.34,505253849.76,34.34,31.23
2026-06-23T14:02:31,2026-06-23 14:02:23,603956,威派格,5.0,-3.2882,5.17,5.18,4.94,5.17,102840027.0,5.17,4.53
2026-06-23T14:02:31,2026-06-23 14:02:30,000534,万泽股份,30.03,-4.7876,31.48,32.07,29.85,31.54,431866491.34,31.54,29.88
2026-06-23T14:02:31,2026-06-23 14:02:28,600183,生益科技,169.29,-8.2439,179.0,180.0,169.0,184.5,13257206027.0,184.075,169.349
2026-06-23T14:03:32,2026-06-23 14:03:30,603616,韩建河山,6.66,1.2158,6.58,6.84,6.57,6.58,271289072.0,6.58,5.91
2026-06-23T14:03:32,2026-06-23 14:03:30,000839,国安股份,2.81,-4.4218,2.9,2.91,2.81,2.94,206882674.83,2.94,2.59
2026-06-23T14:03:32,2026-06-23 14:03:30,002907,华森制药,13.47,2.903,13.02,14.32,13.02,13.09,161264832.96,13.09,12.09
2026-06-23T14:03:32,2026-06-23 14:03:30,002158,汉钟精机,32.61,-5.0379,35.2,35.4,32.0,34.34,506144269.76,34.34,31.23
2026-06-23T14:03:32,2026-06-23 14:03:29,603956,威派格,4.99,-3.4816,5.17,5.18,4.94,5.17,102879490.0,5.17,4.53
2026-06-23T14:03:32,2026-06-23 14:03:30,000534,万泽股份,30.03,-4.7876,31.48,32.07,29.85,31.54,432680255.34,31.54,29.88
2026-06-23T14:03:32,2026-06-23 14:03:28,600183,生益科技,169.27,-8.2547,179.0,180.0,169.0,184.5,13288770093.0,184.075,169.349
2026-06-23T14:04:33,2026-06-23 14:04:30,603616,韩建河山,6.65,1.0638,6.58,6.84,6.57,6.58,271963443.0,6.58,5.91
2026-06-23T14:04:33,2026-06-23 14:04:30,000839,国安股份,2.82,-4.0816,2.9,2.91,2.81,2.94,207331266.83,2.94,2.59
2026-06-23T14:04:33,2026-06-23 14:04:30,002907,华森制药,13.47,2.903,13.02,14.32,13.02,13.09,161390018.96,13.09,12.09
2026-06-23T14:04:33,2026-06-23 14:04:30,002158,汉钟精机,32.65,-4.9214,35.2,35.4,32.0,34.34,507671580.76,34.34,31.23
2026-06-23T14:04:33,2026-06-23 14:04:32,603956,威派格,4.99,-3.4816,5.17,5.18,4.94,5.17,102953332.0,5.17,4.53
2026-06-23T14:04:33,2026-06-23 14:04:30,000534,万泽股份,30.04,-4.7559,31.48,32.07,29.85,31.54,433878687.34,31.54,29.88
2026-06-23T14:04:33,2026-06-23 14:04:31,600183,生益科技,169.2,-8.2927,179.0,180.0,169.0,184.5,13323715109.0,184.075,169.349
2026-06-23T14:05:34,2026-06-23 14:05:33,603616,韩建河山,6.65,1.0638,6.58,6.84,6.57,6.58,272254005.0,6.58,5.91
2026-06-23T14:05:34,2026-06-23 14:05:33,000839,国安股份,2.82,-4.0816,2.9,2.91,2.81,2.94,207562890.83,2.94,2.59
2026-06-23T14:05:34,2026-06-23 14:05:27,002907,华森制药,13.46,2.8266,13.02,14.32,13.02,13.09,161843552.96,13.09,12.09
2026-06-23T14:05:34,2026-06-23 14:05:33,002158,汉钟精机,32.59,-5.0961,35.2,35.4,32.0,34.34,508587834.76,34.34,31.23
2026-06-23T14:05:34,2026-06-23 14:05:32,603956,威派格,4.98,-3.675,5.17,5.18,4.94,5.17,103080324.0,5.17,4.53
2026-06-23T14:05:34,2026-06-23 14:05:33,000534,万泽股份,30.01,-4.851,31.48,32.07,29.85,31.54,435392216.34,31.54,29.88
2026-06-23T14:05:34,2026-06-23 14:05:31,600183,生益科技,169.05,-8.374,179.0,180.0,169.0,184.5,13365510942.0,184.075,169.349
2026-06-23T14:06:37,2026-06-23 14:06:36,603616,韩建河山,6.66,1.2158,6.58,6.84,6.57,6.58,272741980.0,6.58,5.91
2026-06-23T14:06:37,2026-06-23 14:06:36,000839,国安股份,2.81,-4.4218,2.9,2.91,2.81,2.94,207755228.83,2.94,2.59
2026-06-23T14:06:37,2026-06-23 14:06:36,002907,华森制药,13.47,2.903,13.02,14.32,13.02,13.09,162238068.96,13.09,12.09
2026-06-23T14:06:37,2026-06-23 14:06:36,002158,汉钟精机,32.71,-4.7467,35.2,35.4,32.0,34.34,511206962.76,34.34,31.23
2026-06-23T14:06:37,2026-06-23 14:06:35,603956,威派格,4.99,-3.4816,5.17,5.18,4.94,5.17,103147151.0,5.17,4.53
2026-06-23T14:06:37,2026-06-23 14:06:36,000534,万泽股份,30.06,-4.6925,31.48,32.07,29.85,31.54,436753168.34,31.54,29.88
2026-06-23T14:06:37,2026-06-23 14:06:34,600183,生益科技,168.72,-8.5528,179.0,180.0,168.65,184.5,13479700296.0,184.075,169.349
2026-06-23T14:07:38,2026-06-23 14:07:36,603616,韩建河山,6.65,1.0638,6.58,6.84,6.57,6.58,273089071.0,6.58,5.91
2026-06-23T14:07:38,2026-06-23 14:07:36,000839,国安股份,2.81,-4.4218,2.9,2.91,2.81,2.94,207834220.83,2.94,2.59
2026-06-23T14:07:38,2026-06-23 14:07:36,002907,华森制药,13.46,2.8266,13.02,14.32,13.02,13.09,162450788.96,13.09,12.09
2026-06-23T14:07:38,2026-06-23 14:07:36,002158,汉钟精机,32.62,-5.0087,35.2,35.4,32.0,34.34,512941331.76,34.34,31.23
2026-06-23T14:07:38,2026-06-23 14:07:29,603956,威派格,4.99,-3.4816,5.17,5.18,4.94,5.17,103169574.0,5.17,4.53
2026-06-23T14:07:38,2026-06-23 14:07:36,000534,万泽股份,30.0,-4.8827,31.48,32.07,29.85,31.54,437930713.34,31.54,29.88
2026-06-23T14:07:38,2026-06-23 14:07:34,600183,生益科技,168.27,-8.7967,179.0,180.0,168.25,184.5,13527406860.0,184.075,169.349
2026-06-23T14:08:39,2026-06-23 14:08:36,603616,韩建河山,6.64,0.9119,6.58,6.84,6.57,6.58,273885927.0,6.58,5.91
2026-06-23T14:08:39,2026-06-23 14:08:36,000839,国安股份,2.82,-4.0816,2.9,2.91,2.81,2.94,208042320.83,2.94,2.59
2026-06-23T14:08:39,2026-06-23 14:08:36,002907,华森制药,13.45,2.7502,13.02,14.32,13.02,13.09,162653916.96,13.09,12.09
2026-06-23T14:08:39,2026-06-23 14:08:36,002158,汉钟精机,32.61,-5.0379,35.2,35.4,32.0,34.34,513423983.76,34.34,31.23
2026-06-23T14:08:39,2026-06-23 14:08:35,603956,威派格,4.97,-3.8685,5.17,5.18,4.94,5.17,103693556.0,5.17,4.53
2026-06-23T14:08:39,2026-06-23 14:08:36,000534,万泽股份,29.98,-4.9461,31.48,32.07,29.85,31.54,439382511.34,31.54,29.88
2026-06-23T14:08:39,2026-06-23 14:08:37,600183,生益科技,168.11,-8.8835,179.0,180.0,168.11,184.5,13594229969.0,184.075,169.349
2026-06-23T14:09:41,2026-06-23 14:09:39,603616,韩建河山,6.63,0.7599,6.58,6.84,6.57,6.58,274424779.0,6.58,5.91
2026-06-23T14:09:41,2026-06-23 14:09:39,000839,国安股份,2.81,-4.4218,2.9,2.91,2.81,2.94,211066624.33,2.94,2.59
2026-06-23T14:09:41,2026-06-23 14:09:33,002907,华森制药,13.46,2.8266,13.02,14.32,13.02,13.09,162800567.96,13.09,12.09
2026-06-23T14:09:41,2026-06-23 14:09:39,002158,汉钟精机,32.59,-5.0961,35.2,35.4,32.0,34.34,515402507.76,34.34,31.23
2026-06-23T14:09:41,2026-06-23 14:09:38,603956,威派格,4.97,-3.8685,5.17,5.18,4.94,5.17,103880428.0,5.17,4.53
2026-06-23T14:09:41,2026-06-23 14:09:39,000534,万泽股份,29.97,-4.9778,31.48,32.07,29.85,31.54,442142474.34,31.54,29.88
2026-06-23T14:09:41,2026-06-23 14:09:37,600183,生益科技,168.11,-8.8835,179.0,180.0,168.01,184.5,13664422908.0,184.075,169.349
2026-06-23T14:10:42,2026-06-23 14:10:39,603616,韩建河山,6.64,0.9119,6.58,6.84,6.57,6.58,274821632.0,6.58,5.91
2026-06-23T14:10:42,2026-06-23 14:10:39,000839,国安股份,2.81,-4.4218,2.9,2.91,2.8,2.94,214509521.33,2.94,2.59
2026-06-23T14:10:42,2026-06-23 14:10:39,002907,华森制药,13.45,2.7502,13.02,14.32,13.02,13.09,163000978.96,13.09,12.09
2026-06-23T14:10:42,2026-06-23 14:10:39,002158,汉钟精机,32.52,-5.2999,35.2,35.4,32.0,34.34,517346163.76,34.34,31.23
2026-06-23T14:10:42,2026-06-23 14:10:38,603956,威派格,4.98,-3.675,5.17,5.18,4.94,5.17,103892876.0,5.17,4.53
2026-06-23T14:10:42,2026-06-23 14:10:39,000534,万泽股份,29.91,-5.168,31.48,32.07,29.85,31.54,443136252.34,31.54,29.88
2026-06-23T14:10:42,2026-06-23 14:10:40,600183,生益科技,168.32,-8.7696,179.0,180.0,168.01,184.5,13719492806.0,184.075,169.349
2026-06-23T14:11:44,2026-06-23 14:11:42,603616,韩建河山,6.64,0.9119,6.58,6.84,6.57,6.58,275121457.0,6.58,5.91
2026-06-23T14:11:44,2026-06-23 14:11:42,000839,国安股份,2.81,-4.4218,2.9,2.91,2.8,2.94,214682912.33,2.94,2.59
2026-06-23T14:11:44,2026-06-23 14:11:42,002907,华森制药,13.44,2.6738,13.02,14.32,13.02,13.09,163182452.96,13.09,12.09
2026-06-23T14:11:44,2026-06-23 14:11:42,002158,汉钟精机,32.55,-5.2126,35.2,35.4,32.0,34.34,520473920.76,34.34,31.23
2026-06-23T14:11:44,2026-06-23 14:11:29,603956,威派格,4.98,-3.675,5.17,5.18,4.94,5.17,103901337.0,5.17,4.53
2026-06-23T14:11:44,2026-06-23 14:11:42,000534,万泽股份,29.88,-5.2632,31.48,32.07,29.85,31.54,446302271.34,31.54,29.88
2026-06-23T14:11:44,2026-06-23 14:11:43,600183,生益科技,168.25,-8.8076,179.0,180.0,168.01,184.5,13768287850.0,184.075,169.349
2026-06-23T14:12:45,2026-06-23 14:12:42,603616,韩建河山,6.63,0.7599,6.58,6.84,6.57,6.58,275474945.0,6.58,5.91
2026-06-23T14:12:45,2026-06-23 14:12:42,000839,国安股份,2.81,-4.4218,2.9,2.91,2.8,2.94,215062875.33,2.94,2.59
2026-06-23T14:12:45,2026-06-23 14:12:42,002907,华森制药,13.44,2.6738,13.02,14.32,13.02,13.09,163548061.96,13.09,12.09
2026-06-23T14:12:45,2026-06-23 14:12:42,002158,汉钟精机,32.55,-5.2126,35.2,35.4,32.0,34.34,521264677.76,34.34,31.23
2026-06-23T14:12:45,2026-06-23 14:12:38,603956,威派格,4.97,-3.8685,5.17,5.18,4.94,5.17,103959601.0,5.17,4.53
2026-06-23T14:12:45,2026-06-23 14:12:42,000534,万泽股份,29.9,-5.1997,31.48,32.07,29.85,31.54,447847702.34,31.54,29.88
2026-06-23T14:12:45,2026-06-23 14:12:43,600183,生益科技,168.21,-8.8293,179.0,180.0,168.01,184.5,13801025182.0,184.075,169.349
2026-06-23T14:13:46,2026-06-23 14:13:45,603616,韩建河山,6.64,0.9119,6.58,6.84,6.57,6.58,276140800.0,6.58,5.91
2026-06-23T14:13:46,2026-06-23 14:13:45,000839,国安股份,2.81,-4.4218,2.9,2.91,2.8,2.94,215598097.33,2.94,2.59
2026-06-23T14:13:46,2026-06-23 14:13:45,002907,华森制药,13.44,2.6738,13.02,14.32,13.02,13.09,163693162.96,13.09,12.09
2026-06-23T14:13:46,2026-06-23 14:13:45,002158,汉钟精机,32.57,-5.1543,35.2,35.4,32.0,34.34,522306561.76,34.34,31.23
2026-06-23T14:13:46,2026-06-23 14:13:44,603956,威派格,4.98,-3.675,5.17,5.18,4.94,5.17,103994456.0,5.17,4.53
2026-06-23T14:13:46,2026-06-23 14:13:45,000534,万泽股份,29.9,-5.1997,31.48,32.07,29.85,31.54,449635760.34,31.54,29.88
2026-06-23T14:13:46,2026-06-23 14:13:43,600183,生益科技,168.16,-8.8564,179.0,180.0,168.01,184.5,13842299482.0,184.075,169.349
2026-06-23T14:14:47,2026-06-23 14:14:45,603616,韩建河山,6.63,0.7599,6.58,6.84,6.57,6.58,276542845.0,6.58,5.91
2026-06-23T14:14:47,2026-06-23 14:14:45,000839,国安股份,2.81,-4.4218,2.9,2.91,2.8,2.94,215706368.33,2.94,2.59
2026-06-23T14:14:47,2026-06-23 14:14:45,002907,华森制药,13.45,2.7502,13.02,14.32,13.02,13.09,163888073.96,13.09,12.09
2026-06-23T14:14:47,2026-06-23 14:14:45,002158,汉钟精机,32.59,-5.0961,35.2,35.4,32.0,34.34,523492567.76,34.34,31.23
2026-06-23T14:14:47,2026-06-23 14:14:44,603956,威派格,4.98,-3.675,5.17,5.18,4.94,5.17,104163270.0,5.17,4.53
2026-06-23T14:14:47,2026-06-23 14:14:45,000534,万泽股份,29.91,-5.168,31.48,32.07,29.85,31.54,451269072.34,31.54,29.88
2026-06-23T14:14:47,2026-06-23 14:14:43,600183,生益科技,168.16,-8.8564,179.0,180.0,168.01,184.5,13903513792.0,184.075,169.349
2026-06-23T14:15:49,2026-06-23 14:15:48,603616,韩建河山,6.63,0.7599,6.58,6.84,6.57,6.58,278045306.0,6.58,5.91
2026-06-23T14:15:49,2026-06-23 14:15:45,000839,国安股份,2.81,-4.4218,2.9,2.91,2.8,2.94,216058542.33,2.94,2.59
2026-06-23T14:15:49,2026-06-23 14:15:42,002907,华森制药,13.45,2.7502,13.02,14.32,13.02,13.09,164070993.96,13.09,12.09
2026-06-23T14:15:49,2026-06-23 14:15:45,002158,汉钟精机,32.59,-5.0961,35.2,35.4,32.0,34.34,524776547.76,34.34,31.23
2026-06-23T14:15:49,2026-06-23 14:15:44,603956,威派格,4.97,-3.8685,5.17,5.18,4.94,5.17,104407194.0,5.17,4.53
2026-06-23T14:15:49,2026-06-23 14:15:45,000534,万泽股份,29.95,-5.0412,31.48,32.07,29.85,31.54,454617146.34,31.54,29.88
2026-06-23T14:15:49,2026-06-23 14:15:46,600183,生益科技,168.01,-8.9377,179.0,180.0,168.01,184.5,13947732203.0,184.075,169.349
2026-06-23T14:16:51,2026-06-23 14:16:48,603616,韩建河山,6.64,0.9119,6.58,6.84,6.57,6.58,279543571.0,6.58,5.91
2026-06-23T14:16:51,2026-06-23 14:16:48,000839,国安股份,2.82,-4.0816,2.9,2.91,2.8,2.94,216346925.33,2.94,2.59
2026-06-23T14:16:51,2026-06-23 14:16:48,002907,华森制药,13.43,2.5974,13.02,14.32,13.02,13.09,164280713.96,13.09,12.09
2026-06-23T14:16:51,2026-06-23 14:16:48,002158,汉钟精机,32.58,-5.1252,35.2,35.4,32.0,34.34,526229966.76,34.34,31.23
2026-06-23T14:16:51,2026-06-23 14:16:50,603956,威派格,4.97,-3.8685,5.17,5.18,4.94,5.17,104575508.0,5.17,4.53
2026-06-23T14:16:51,2026-06-23 14:16:48,000534,万泽股份,29.93,-5.1046,31.48,32.07,29.85,31.54,455856480.34,31.54,29.88
2026-06-23T14:16:51,2026-06-23 14:16:49,600183,生益科技,168.01,-8.9377,179.0,180.0,168.0,184.5,14037547945.0,184.075,169.349
2026-06-23T14:17:52,2026-06-23 14:17:51,603616,韩建河山,6.63,0.7599,6.58,6.84,6.57,6.58,280144004.0,6.58,5.91
2026-06-23T14:17:52,2026-06-23 14:17:51,000839,国安股份,2.82,-4.0816,2.9,2.91,2.8,2.94,216628271.33,2.94,2.59
2026-06-23T14:17:52,2026-06-23 14:17:45,002907,华森制药,13.44,2.6738,13.02,14.32,13.02,13.09,164384167.96,13.09,12.09
2026-06-23T14:17:52,2026-06-23 14:17:51,002158,汉钟精机,32.56,-5.1835,35.2,35.4,32.0,34.34,528006006.76,34.34,31.23
2026-06-23T14:17:52,2026-06-23 14:17:50,603956,威派格,4.97,-3.8685,5.17,5.18,4.94,5.17,104630178.0,5.17,4.53
2026-06-23T14:17:52,2026-06-23 14:17:51,000534,万泽股份,29.9,-5.1997,31.48,32.07,29.85,31.54,457229493.34,31.54,29.88
2026-06-23T14:17:52,2026-06-23 14:17:49,600183,生益科技,167.7,-9.1057,179.0,180.0,167.67,184.5,14145376991.0,184.075,169.349
2026-06-23T14:18:53,2026-06-23 14:18:51,603616,韩建河山,6.62,0.6079,6.58,6.84,6.57,6.58,280557874.0,6.58,5.91
2026-06-23T14:18:53,2026-06-23 14:18:51,000839,国安股份,2.81,-4.4218,2.9,2.91,2.8,2.94,216691872.33,2.94,2.59
2026-06-23T14:18:53,2026-06-23 14:18:48,002907,华森制药,13.44,2.6738,13.02,14.32,13.02,13.09,164548135.96,13.09,12.09
2026-06-23T14:18:53,2026-06-23 14:18:51,002158,汉钟精机,32.56,-5.1835,35.2,35.4,32.0,34.34,528888375.76,34.34,31.23
2026-06-23T14:18:53,2026-06-23 14:18:50,603956,威派格,4.98,-3.675,5.17,5.18,4.94,5.17,104707865.0,5.17,4.53
2026-06-23T14:18:53,2026-06-23 14:18:51,000534,万泽股份,29.92,-5.1363,31.48,32.07,29.85,31.54,458925035.34,31.54,29.88
2026-06-23T14:18:53,2026-06-23 14:18:52,600183,生益科技,167.6,-9.1599,179.0,180.0,167.5,184.5,14270479056.0,184.075,169.349
2026-06-23T14:19:54,2026-06-23 14:19:51,603616,韩建河山,6.61,0.4559,6.58,6.84,6.57,6.58,281758181.0,6.58,5.91
2026-06-23T14:19:54,2026-06-23 14:19:51,000839,国安股份,2.8,-4.7619,2.9,2.91,2.8,2.94,217757779.33,2.94,2.59
2026-06-23T14:19:54,2026-06-23 14:19:51,002907,华森制药,13.44,2.6738,13.02,14.32,13.02,13.09,164730864.96,13.09,12.09
2026-06-23T14:19:54,2026-06-23 14:19:51,002158,汉钟精机,32.48,-5.4164,35.2,35.4,32.0,34.34,530338040.76,34.34,31.23
2026-06-23T14:19:54,2026-06-23 14:19:53,603956,威派格,4.97,-3.8685,5.17,5.18,4.94,5.17,105386104.0,5.17,4.53
2026-06-23T14:19:54,2026-06-23 14:19:51,000534,万泽股份,29.88,-5.2632,31.48,32.07,29.85,31.54,460638111.34,31.54,29.88
2026-06-23T14:19:54,2026-06-23 14:19:52,600183,生益科技,167.34,-9.3008,179.0,180.0,167.15,184.5,14368521840.0,184.075,169.349
2026-06-23T14:20:56,2026-06-23 14:20:54,603616,韩建河山,6.63,0.7599,6.58,6.84,6.57,6.58,282744442.0,6.58,5.91
2026-06-23T14:20:56,2026-06-23 14:20:54,000839,国安股份,2.8,-4.7619,2.9,2.91,2.8,2.94,218163093.33,2.94,2.59
2026-06-23T14:20:56,2026-06-23 14:20:51,002907,华森制药,13.44,2.6738,13.02,14.32,13.02,13.09,164869242.96,13.09,12.09
2026-06-23T14:20:56,2026-06-23 14:20:54,002158,汉钟精机,32.46,-5.4747,35.2,35.4,32.0,34.34,533441881.76,34.34,31.23
2026-06-23T14:20:56,2026-06-23 14:20:53,603956,威派格,4.96,-4.0619,5.17,5.18,4.94,5.17,105406944.0,5.17,4.53
2026-06-23T14:20:56,2026-06-23 14:20:54,000534,万泽股份,29.89,-5.2315,31.48,32.07,29.85,31.54,463895607.34,31.54,29.88
2026-06-23T14:20:56,2026-06-23 14:20:52,600183,生益科技,167.95,-8.9702,179.0,180.0,167.15,184.5,14448402285.0,184.075,169.349
2026-06-23T14:21:58,2026-06-23 14:21:57,603616,韩建河山,6.63,0.7599,6.58,6.84,6.57,6.58,283907889.0,6.58,5.91
2026-06-23T14:21:58,2026-06-23 14:21:57,000839,国安股份,2.81,-4.4218,2.9,2.91,2.8,2.94,218366135.33,2.94,2.59
2026-06-23T14:21:58,2026-06-23 14:21:54,002907,华森制药,13.42,2.521,13.02,14.32,13.02,13.09,165098832.96,13.09,12.09
2026-06-23T14:21:58,2026-06-23 14:21:54,002158,汉钟精机,32.44,-5.5329,35.2,35.4,32.0,34.34,535316837.76,34.34,31.23
2026-06-23T14:21:58,2026-06-23 14:21:56,603956,威派格,4.97,-3.8685,5.17,5.18,4.94,5.17,105548589.0,5.17,4.53
2026-06-23T14:21:58,2026-06-23 14:21:57,000534,万泽股份,29.89,-5.2315,31.48,32.07,29.85,31.54,465506004.34,31.54,29.88
2026-06-23T14:21:58,2026-06-23 14:21:55,600183,生益科技,167.83,-9.0352,179.0,180.0,167.15,184.5,14489695155.0,184.075,169.349
2026-06-23T14:22:59,2026-06-23 14:22:57,603616,韩建河山,6.62,0.6079,6.58,6.84,6.57,6.58,284021247.0,6.58,5.91
2026-06-23T14:22:59,2026-06-23 14:22:57,000839,国安股份,2.81,-4.4218,2.9,2.91,2.8,2.94,218508974.33,2.94,2.59
2026-06-23T14:22:59,2026-06-23 14:22:57,002907,华森制药,13.42,2.521,13.02,14.32,13.02,13.09,165268001.96,13.09,12.09
2026-06-23T14:22:59,2026-06-23 14:22:57,002158,汉钟精机,32.41,-5.6203,35.2,35.4,32.0,34.34,538146726.76,34.34,31.23
2026-06-23T14:22:59,2026-06-23 14:22:56,603956,威派格,4.97,-3.8685,5.17,5.18,4.94,5.17,105740926.0,5.17,4.53
2026-06-23T14:22:59,2026-06-23 14:22:57,000534,万泽股份,29.87,-5.2949,31.48,32.07,29.85,31.54,466752263.34,31.54,29.88
2026-06-23T14:22:59,2026-06-23 14:22:58,600183,生益科技,167.6,-9.1599,179.0,180.0,167.15,184.5,14527228536.0,184.075,169.349
2026-06-23T14:24:00,2026-06-23 14:23:57,603616,韩建河山,6.62,0.6079,6.58,6.84,6.57,6.58,284731624.0,6.58,5.91
2026-06-23T14:24:00,2026-06-23 14:24:00,000839,国安股份,2.8,-4.7619,2.9,2.91,2.8,2.94,218721789.33,2.94,2.59
2026-06-23T14:24:00,2026-06-23 14:23:57,002907,华森制药,13.41,2.4446,13.02,14.32,13.02,13.09,165694503.96,13.09,12.09
2026-06-23T14:24:00,2026-06-23 14:23:57,002158,汉钟精机,32.42,-5.5911,35.2,35.4,32.0,34.34,540984695.76,34.34,31.23
2026-06-23T14:24:00,2026-06-23 14:23:56,603956,威派格,4.97,-3.8685,5.17,5.18,4.94,5.17,106097813.0,5.17,4.53
2026-06-23T14:24:00,2026-06-23 14:24:00,000534,万泽股份,29.85,-5.3583,31.48,32.07,29.82,31.54,471402973.34,31.54,29.88
2026-06-23T14:24:00,2026-06-23 14:23:58,600183,生益科技,167.22,-9.3659,179.0,180.0,167.1,184.5,14602391890.0,184.075,169.349
2026-06-23T14:25:02,2026-06-23 14:25:00,603616,韩建河山,6.61,0.4559,6.58,6.84,6.57,6.58,285573845.0,6.58,5.91
2026-06-23T14:25:02,2026-06-23 14:25:00,000839,国安股份,2.81,-4.4218,2.9,2.91,2.8,2.94,219559834.33,2.94,2.59
2026-06-23T14:25:02,2026-06-23 14:25:00,002907,华森制药,13.42,2.521,13.02,14.32,13.02,13.09,166088721.96,13.09,12.09
2026-06-23T14:25:02,2026-06-23 14:25:00,002158,汉钟精机,32.4,-5.6494,35.2,35.4,32.0,34.34,542439641.76,34.34,31.23
2026-06-23T14:25:02,2026-06-23 14:24:59,603956,威派格,4.96,-4.0619,5.17,5.18,4.94,5.17,106260784.0,5.17,4.53
2026-06-23T14:25:02,2026-06-23 14:25:00,000534,万泽股份,29.84,-5.39,31.48,32.07,29.81,31.54,472876768.34,31.54,29.88
2026-06-23T14:25:02,2026-06-23 14:24:58,600183,生益科技,167.36,-9.29,179.0,180.0,167.1,184.5,14689130490.0,184.075,169.349
2026-06-23T14:26:04,2026-06-23 14:26:03,603616,韩建河山,6.6,0.304,6.58,6.84,6.57,6.58,286404832.0,6.58,5.91
2026-06-23T14:26:04,2026-06-23 14:26:03,000839,国安股份,2.81,-4.4218,2.9,2.91,2.8,2.94,219846073.33,2.94,2.59
2026-06-23T14:26:04,2026-06-23 14:26:00,002907,华森制药,13.41,2.4446,13.02,14.32,13.02,13.09,166410651.96,13.09,12.09
2026-06-23T14:26:04,2026-06-23 14:26:00,002158,汉钟精机,32.37,-5.7368,35.2,35.4,32.0,34.34,543592619.76,34.34,31.23
2026-06-23T14:26:04,2026-06-23 14:26:02,603956,威派格,4.96,-4.0619,5.17,5.18,4.94,5.17,106301460.0,5.17,4.53
2026-06-23T14:26:04,2026-06-23 14:26:03,000534,万泽股份,29.78,-5.5802,31.48,32.07,29.77,31.54,475689941.34,31.54,29.88
2026-06-23T14:26:04,2026-06-23 14:26:01,600183,生益科技,167.18,-9.3875,179.0,180.0,167.1,184.5,14726859168.0,184.075,169.349
2026-06-23T14:27:05,2026-06-23 14:27:03,603616,韩建河山,6.61,0.4559,6.58,6.84,6.57,6.58,286847823.0,6.58,5.91
2026-06-23T14:27:05,2026-06-23 14:27:03,000839,国安股份,2.8,-4.7619,2.9,2.91,2.8,2.94,220053467.33,2.94,2.59
2026-06-23T14:27:05,2026-06-23 14:27:03,002907,华森制药,13.41,2.4446,13.02,14.32,13.02,13.09,166650631.96,13.09,12.09
2026-06-23T14:27:05,2026-06-23 14:27:03,002158,汉钟精机,32.34,-5.8241,35.2,35.4,32.0,34.34,545929448.76,34.34,31.23
2026-06-23T14:27:05,2026-06-23 14:27:02,603956,威派格,4.96,-4.0619,5.17,5.18,4.94,5.17,106343628.0,5.17,4.53
2026-06-23T14:27:05,2026-06-23 14:27:03,000534,万泽股份,29.77,-5.6119,31.48,32.07,29.76,31.54,477176127.34,31.54,29.88
2026-06-23T14:27:05,2026-06-23 14:27:04,600183,生益科技,167.04,-9.4634,179.0,180.0,167.0,184.5,14800869981.0,184.075,169.349
2026-06-23T14:28:06,2026-06-23 14:28:03,603616,韩建河山,6.6,0.304,6.58,6.84,6.57,6.58,287306085.0,6.58,5.91
2026-06-23T14:28:06,2026-06-23 14:28:06,000839,国安股份,2.79,-5.102,2.9,2.91,2.79,2.94,225518254.33,2.94,2.59
2026-06-23T14:28:06,2026-06-23 14:28:03,002907,华森制药,13.4,2.3682,13.02,14.32,13.02,13.09,166831540.96,13.09,12.09
2026-06-23T14:28:06,2026-06-23 14:28:06,002158,汉钟精机,32.31,-5.9115,35.2,35.4,32.0,34.34,547787142.76,34.34,31.23
2026-06-23T14:28:06,2026-06-23 14:28:02,603956,威派格,4.96,-4.0619,5.17,5.18,4.94,5.17,107570619.0,5.17,4.53
2026-06-23T14:28:06,2026-06-23 14:28:06,000534,万泽股份,29.71,-5.8022,31.48,32.07,29.71,31.54,478419118.34,31.54,29.88
2026-06-23T14:28:06,2026-06-23 14:28:04,600183,生益科技,166.92,-9.5285,179.0,180.0,166.9,184.5,14878864713.0,184.075,169.349
2026-06-23T14:29:07,2026-06-23 14:29:06,603616,韩建河山,6.6,0.304,6.58,6.84,6.57,6.58,288311001.0,6.58,5.91
2026-06-23T14:29:07,2026-06-23 14:29:06,000839,国安股份,2.79,-5.102,2.9,2.91,2.79,2.94,225827927.33,2.94,2.59
2026-06-23T14:29:07,2026-06-23 14:29:06,002907,华森制药,13.41,2.4446,13.02,14.32,13.02,13.09,166991063.96,13.09,12.09
2026-06-23T14:29:07,2026-06-23 14:29:06,002158,汉钟精机,32.34,-5.8241,35.2,35.4,32.0,34.34,550375975.76,34.34,31.23
2026-06-23T14:29:07,2026-06-23 14:29:02,603956,威派格,4.96,-4.0619,5.17,5.18,4.94,5.17,108614641.0,5.17,4.53
2026-06-23T14:29:07,2026-06-23 14:29:06,000534,万泽股份,29.75,-5.6753,31.48,32.07,29.71,31.54,481209173.34,31.54,29.88
2026-06-23T14:29:07,2026-06-23 14:29:04,600183,生益科技,166.75,-9.6206,179.0,180.0,166.67,184.5,14995421879.0,184.075,169.349
2026-06-23T14:30:09,2026-06-23 14:30:06,603616,韩建河山,6.59,0.152,6.58,6.84,6.57,6.58,289751837.0,6.58,5.91
2026-06-23T14:30:09,2026-06-23 14:30:06,000839,国安股份,2.79,-5.102,2.9,2.91,2.79,2.94,226327610.33,2.94,2.59
2026-06-23T14:30:09,2026-06-23 14:30:06,002907,华森制药,13.39,2.2918,13.02,14.32,13.02,13.09,167299301.96,13.09,12.09
2026-06-23T14:30:09,2026-06-23 14:30:06,002158,汉钟精机,32.37,-5.7368,35.2,35.4,32.0,34.34,552122817.76,34.34,31.23
2026-06-23T14:30:09,2026-06-23 14:30:05,603956,威派格,4.96,-4.0619,5.17,5.18,4.94,5.17,108870081.0,5.17,4.53
2026-06-23T14:30:09,2026-06-23 14:30:06,000534,万泽股份,29.74,-5.707,31.48,32.07,29.7,31.54,482740052.34,31.54,29.88
2026-06-23T14:30:09,2026-06-23 14:30:07,600183,生益科技,166.58,-9.7127,179.0,180.0,166.56,184.5,15068958325.0,184.075,169.349
2026-06-23T14:31:13,2026-06-23 14:31:09,603616,韩建河山,6.6,0.304,6.58,6.84,6.57,6.58,291487074.0,6.58,5.91
2026-06-23T14:31:13,2026-06-23 14:31:12,000839,国安股份,2.8,-4.7619,2.9,2.91,2.79,2.94,226858107.33,2.94,2.59
2026-06-23T14:31:13,2026-06-23 14:31:09,002907,华森制药,13.4,2.3682,13.02,14.32,13.02,13.09,167552531.96,13.09,12.09
2026-06-23T14:31:13,2026-06-23 14:31:09,002158,汉钟精机,32.33,-5.8532,35.2,35.4,32.0,34.34,553264463.76,34.34,31.23
2026-06-23T14:31:13,2026-06-23 14:31:11,603956,威派格,4.96,-4.0619,5.17,5.18,4.94,5.17,109164291.0,5.17,4.53
2026-06-23T14:31:13,2026-06-23 14:31:12,000534,万泽股份,29.74,-5.707,31.48,32.07,29.69,31.54,486129996.34,31.54,29.88
2026-06-23T14:31:13,2026-06-23 14:31:10,600183,生益科技,167.59,-9.1653,179.0,180.0,166.53,184.5,15258958163.0,184.075,169.349
2026-06-23T14:32:14,2026-06-23 14:32:12,603616,韩建河山,6.6,0.304,6.58,6.84,6.57,6.58,292943594.0,6.58,5.91
2026-06-23T14:32:14,2026-06-23 14:32:12,000839,国安股份,2.79,-5.102,2.9,2.91,2.79,2.94,227654819.33,2.94,2.59
2026-06-23T14:32:14,2026-06-23 14:32:12,002907,华森制药,13.41,2.4446,13.02,14.32,13.02,13.09,167941274.96,13.09,12.09
2026-06-23T14:32:14,2026-06-23 14:32:12,002158,汉钟精机,32.38,-5.7076,35.2,35.4,32.0,34.34,557759328.76,34.34,31.23
2026-06-23T14:32:14,2026-06-23 14:32:11,603956,威派格,4.96,-4.0619,5.17,5.18,4.94,5.17,109599779.0,5.17,4.53
2026-06-23T14:32:14,2026-06-23 14:32:12,000534,万泽股份,29.8,-5.5168,31.48,32.07,29.69,31.54,488226180.34,31.54,29.88
2026-06-23T14:32:14,2026-06-23 14:32:13,600183,生益科技,168.22,-8.8238,179.0,180.0,166.53,184.5,15369620957.0,184.075,169.349
2026-06-23T14:33:15,2026-06-23 14:33:12,603616,韩建河山,6.6,0.304,6.58,6.84,6.57,6.58,293597177.0,6.58,5.91
2026-06-23T14:33:15,2026-06-23 14:33:12,000839,国安股份,2.8,-4.7619,2.9,2.91,2.79,2.94,229619745.33,2.94,2.59
2026-06-23T14:33:15,2026-06-23 14:33:12,002907,华森制药,13.41,2.4446,13.02,14.32,13.02,13.09,168116927.96,13.09,12.09
2026-06-23T14:33:15,2026-06-23 14:33:12,002158,汉钟精机,32.41,-5.6203,35.2,35.4,32.0,34.34,559428569.76,34.34,31.23
2026-06-23T14:33:15,2026-06-23 14:33:11,603956,威派格,4.96,-4.0619,5.17,5.18,4.94,5.17,109612678.0,5.17,4.53
2026-06-23T14:33:15,2026-06-23 14:33:12,000534,万泽股份,29.82,-5.4534,31.48,32.07,29.69,31.54,490227117.34,31.54,29.88
2026-06-23T14:33:15,2026-06-23 14:33:13,600183,生益科技,168.3,-8.7805,179.0,180.0,166.53,184.5,15459428386.0,184.075,169.349
2026-06-23T14:34:16,2026-06-23 14:34:15,603616,韩建河山,6.58,0.0,6.58,6.84,6.57,6.58,295051429.0,6.58,5.91
2026-06-23T14:34:16,2026-06-23 14:34:15,000839,国安股份,2.8,-4.7619,2.9,2.91,2.79,2.94,230408569.33,2.94,2.59
2026-06-23T14:34:16,2026-06-23 14:34:12,002907,华森制药,13.4,2.3682,13.02,14.32,13.02,13.09,168443803.96,13.09,12.09
2026-06-23T14:34:16,2026-06-23 14:34:12,002158,汉钟精机,32.38,-5.7076,35.2,35.4,32.0,34.34,561124764.76,34.34,31.23
2026-06-23T14:34:16,2026-06-23 14:34:14,603956,威派格,4.97,-3.8685,5.17,5.18,4.94,5.17,109960884.0,5.17,4.53
2026-06-23T14:34:16,2026-06-23 14:34:15,000534,万泽股份,29.79,-5.5485,31.48,32.07,29.69,31.54,492395407.34,31.54,29.88
2026-06-23T14:34:16,2026-06-23 14:34:13,600183,生益科技,167.92,-8.9864,179.0,180.0,166.53,184.5,15505078726.0,184.075,169.349
2026-06-23T14:35:18,2026-06-23 14:35:15,603616,韩建河山,6.59,0.152,6.58,6.84,6.57,6.58,296373219.0,6.58,5.91
2026-06-23T14:35:18,2026-06-23 14:35:15,000839,国安股份,2.8,-4.7619,2.9,2.91,2.79,2.94,231126643.33,2.94,2.59
2026-06-23T14:35:18,2026-06-23 14:35:12,002907,华森制药,13.4,2.3682,13.02,14.32,13.02,13.09,168528223.96,13.09,12.09
2026-06-23T14:35:18,2026-06-23 14:35:15,002158,汉钟精机,32.46,-5.4747,35.2,35.4,32.0,34.34,562456258.76,34.34,31.23
2026-06-23T14:35:18,2026-06-23 14:35:14,603956,威派格,4.97,-3.8685,5.17,5.18,4.94,5.17,110000073.0,5.17,4.53
2026-06-23T14:35:18,2026-06-23 14:35:15,000534,万泽股份,29.82,-5.4534,31.48,32.07,29.69,31.54,493551614.34,31.54,29.88
2026-06-23T14:35:18,2026-06-23 14:35:16,600183,生益科技,168.37,-8.7425,179.0,180.0,166.53,184.5,15555813579.0,184.075,169.349
2026-06-23T14:36:20,2026-06-23 14:36:18,603616,韩建河山,6.6,0.304,6.58,6.84,6.57,6.58,297929531.0,6.58,5.91
2026-06-23T14:36:20,2026-06-23 14:36:18,000839,国安股份,2.8,-4.7619,2.9,2.91,2.79,2.94,231446233.33,2.94,2.59
2026-06-23T14:36:20,2026-06-23 14:36:18,002907,华森制药,13.4,2.3682,13.02,14.32,13.02,13.09,168729259.96,13.09,12.09
2026-06-23T14:36:20,2026-06-23 14:36:18,002158,汉钟精机,32.48,-5.4164,35.2,35.4,32.0,34.34,564128684.76,34.34,31.23
2026-06-23T14:36:20,2026-06-23 14:36:17,603956,威派格,4.96,-4.0619,5.17,5.18,4.94,5.17,110041747.0,5.17,4.53
2026-06-23T14:36:20,2026-06-23 14:36:18,000534,万泽股份,29.86,-5.3266,31.48,32.07,29.69,31.54,496685192.34,31.54,29.88
2026-06-23T14:36:20,2026-06-23 14:36:19,600183,生益科技,168.09,-8.8943,179.0,180.0,166.53,184.5,15598765186.0,184.075,169.349
2026-06-23T14:37:21,2026-06-23 14:37:18,603616,韩建河山,6.59,0.152,6.58,6.84,6.57,6.58,298655271.0,6.58,5.91
2026-06-23T14:37:21,2026-06-23 14:37:18,000839,国安股份,2.81,-4.4218,2.9,2.91,2.79,2.94,231819021.33,2.94,2.59
2026-06-23T14:37:21,2026-06-23 14:37:18,002907,华森制药,13.4,2.3682,13.02,14.32,13.02,13.09,169395023.96,13.09,12.09
2026-06-23T14:37:21,2026-06-23 14:37:18,002158,汉钟精机,32.42,-5.5911,35.2,35.4,32.0,34.34,565764294.76,34.34,31.23
2026-06-23T14:37:21,2026-06-23 14:37:17,603956,威派格,4.97,-3.8685,5.17,5.18,4.94,5.17,110102824.0,5.17,4.53
2026-06-23T14:37:21,2026-06-23 14:37:18,000534,万泽股份,29.82,-5.4534,31.48,32.07,29.69,31.54,498628268.34,31.54,29.88
2026-06-23T14:37:21,2026-06-23 14:37:19,600183,生益科技,168.01,-8.9377,179.0,180.0,166.53,184.5,15651430247.0,184.075,169.349
2026-06-23T14:38:22,2026-06-23 14:38:21,603616,韩建河山,6.58,0.0,6.58,6.84,6.57,6.58,299941230.0,6.58,5.91
2026-06-23T14:38:22,2026-06-23 14:38:21,000839,国安股份,2.8,-4.7619,2.9,2.91,2.79,2.94,233745992.33,2.94,2.59
2026-06-23T14:38:22,2026-06-23 14:38:21,002907,华森制药,13.39,2.2918,13.02,14.32,13.02,13.09,169649461.96,13.09,12.09
2026-06-23T14:38:22,2026-06-23 14:38:21,002158,汉钟精机,32.4,-5.6494,35.2,35.4,32.0,34.34,567390460.76,34.34,31.23
2026-06-23T14:38:22,2026-06-23 14:38:20,603956,威派格,4.96,-4.0619,5.17,5.18,4.94,5.17,110900059.0,5.17,4.53
2026-06-23T14:38:22,2026-06-23 14:38:21,000534,万泽股份,29.82,-5.4534,31.48,32.07,29.69,31.54,499760726.34,31.54,29.88
2026-06-23T14:38:22,2026-06-23 14:38:19,600183,生益科技,167.65,-9.1328,179.0,180.0,166.53,184.5,15690493905.0,184.075,169.349
2026-06-23T14:39:24,2026-06-23 14:39:21,603616,韩建河山,6.61,0.4559,6.58,6.84,6.57,6.58,301280450.0,6.58,5.91
2026-06-23T14:39:24,2026-06-23 14:39:21,000839,国安股份,2.8,-4.7619,2.9,2.91,2.79,2.94,234171541.33,2.94,2.59
2026-06-23T14:39:24,2026-06-23 14:39:21,002907,华森制药,13.42,2.521,13.02,14.32,13.02,13.09,170335431.38,13.09,12.09
2026-06-23T14:39:24,2026-06-23 14:39:21,002158,汉钟精机,32.45,-5.5038,35.2,35.4,32.0,34.34,568829148.76,34.34,31.23
2026-06-23T14:39:24,2026-06-23 14:39:20,603956,威派格,4.96,-4.0619,5.17,5.18,4.94,5.17,111438168.0,5.17,4.53
2026-06-23T14:39:24,2026-06-23 14:39:21,000534,万泽股份,29.89,-5.2315,31.48,32.07,29.69,31.54,502137291.34,31.54,29.88
2026-06-23T14:39:24,2026-06-23 14:39:22,600183,生益科技,167.58,-9.1707,179.0,180.0,166.53,184.5,15749369732.0,184.075,169.349
2026-06-23T14:40:25,2026-06-23 14:40:24,603616,韩建河山,6.6,0.304,6.58,6.84,6.57,6.58,301694054.0,6.58,5.91
2026-06-23T14:40:25,2026-06-23 14:40:24,000839,国安股份,2.8,-4.7619,2.9,2.91,2.79,2.94,234614148.33,2.94,2.59
2026-06-23T14:40:25,2026-06-23 14:40:21,002907,华森制药,13.45,2.7502,13.02,14.32,13.02,13.09,170893487.38,13.09,12.09
2026-06-23T14:40:25,2026-06-23 14:40:24,002158,汉钟精机,32.44,-5.5329,35.2,35.4,32.0,34.34,570074573.76,34.34,31.23
2026-06-23T14:40:25,2026-06-23 14:40:23,603956,威派格,4.96,-4.0619,5.17,5.18,4.94,5.17,111588460.0,5.17,4.53
2026-06-23T14:40:25,2026-06-23 14:40:24,000534,万泽股份,29.9,-5.1997,31.48,32.07,29.69,31.54,505121100.34,31.54,29.88
2026-06-23T14:40:25,2026-06-23 14:40:22,600183,生益科技,167.48,-9.2249,179.0,180.0,166.53,184.5,15796811558.0,184.075,169.349
2026-06-23T14:41:27,2026-06-23 14:41:24,603616,韩建河山,6.6,0.304,6.58,6.84,6.57,6.58,302446900.0,6.58,5.91
2026-06-23T14:41:27,2026-06-23 14:41:24,000839,国安股份,2.8,-4.7619,2.9,2.91,2.79,2.94,234912337.33,2.94,2.59
2026-06-23T14:41:27,2026-06-23 14:41:24,002907,华森制药,13.45,2.7502,13.02,14.32,13.02,13.09,171533893.38,13.09,12.09
2026-06-23T14:41:27,2026-06-23 14:41:24,002158,汉钟精机,32.38,-5.7076,35.2,35.4,32.0,34.34,571773011.76,34.34,31.23
2026-06-23T14:41:27,2026-06-23 14:41:26,603956,威派格,4.96,-4.0619,5.17,5.18,4.94,5.17,111749191.0,5.17,4.53
2026-06-23T14:41:27,2026-06-23 14:41:24,000534,万泽股份,29.84,-5.39,31.48,32.07,29.69,31.54,507461282.34,31.54,29.88
2026-06-23T14:41:27,2026-06-23 14:41:25,600183,生益科技,167.22,-9.3659,179.0,180.0,166.53,184.5,15853906296.0,184.075,169.349
2026-06-23T14:42:28,2026-06-23 14:42:27,603616,韩建河山,6.59,0.152,6.58,6.84,6.57,6.58,303389551.0,6.58,5.91
2026-06-23T14:42:28,2026-06-23 14:42:27,000839,国安股份,2.8,-4.7619,2.9,2.91,2.79,2.94,234960270.33,2.94,2.59
2026-06-23T14:42:28,2026-06-23 14:42:27,002907,华森制药,13.45,2.7502,13.02,14.32,13.02,13.09,171984393.38,13.09,12.09
2026-06-23T14:42:28,2026-06-23 14:42:27,002158,汉钟精机,32.38,-5.7076,35.2,35.4,32.0,34.34,573048856.76,34.34,31.23
2026-06-23T14:42:28,2026-06-23 14:42:26,603956,威派格,4.95,-4.2553,5.17,5.18,4.94,5.17,112031799.0,5.17,4.53
2026-06-23T14:42:28,2026-06-23 14:42:27,000534,万泽股份,29.84,-5.39,31.48,32.07,29.69,31.54,509751998.34,31.54,29.88
2026-06-23T14:42:28,2026-06-23 14:42:25,600183,生益科技,167.2,-9.3767,179.0,180.0,166.53,184.5,15938006123.0,184.075,169.349
2026-06-23T14:43:29,2026-06-23 14:43:27,603616,韩建河山,6.6,0.304,6.58,6.84,6.57,6.58,304268493.0,6.58,5.91
2026-06-23T14:43:29,2026-06-23 14:43:27,000839,国安股份,2.81,-4.4218,2.9,2.91,2.79,2.94,235333408.33,2.94,2.59
2026-06-23T14:43:29,2026-06-23 14:43:27,002907,华森制药,13.47,2.903,13.02,14.32,13.02,13.09,172517595.38,13.09,12.09
2026-06-23T14:43:29,2026-06-23 14:43:27,002158,汉钟精机,32.42,-5.5911,35.2,35.4,32.0,34.34,574568309.76,34.34,31.23
2026-06-23T14:43:29,2026-06-23 14:43:26,603956,威派格,4.96,-4.0619,5.17,5.18,4.94,5.17,112080856.0,5.17,4.53
2026-06-23T14:43:29,2026-06-23 14:43:27,000534,万泽股份,29.87,-5.2949,31.48,32.07,29.69,31.54,512360292.34,31.54,29.88
2026-06-23T14:43:29,2026-06-23 14:43:28,600183,生益科技,167.28,-9.3333,179.0,180.0,166.53,184.5,15996486802.0,184.075,169.349
2026-06-23T14:44:31,2026-06-23 14:44:27,603616,韩建河山,6.6,0.304,6.58,6.84,6.57,6.58,305022608.0,6.58,5.91
2026-06-23T14:44:31,2026-06-23 14:44:27,000839,国安股份,2.8,-4.7619,2.9,2.91,2.79,2.94,235707925.33,2.94,2.59
2026-06-23T14:44:31,2026-06-23 14:44:27,002907,华森制药,13.47,2.903,13.02,14.32,13.02,13.09,173097022.38,13.09,12.09
2026-06-23T14:44:31,2026-06-23 14:44:27,002158,汉钟精机,32.47,-5.4455,35.2,35.4,32.0,34.34,576432965.76,34.34,31.23
2026-06-23T14:44:31,2026-06-23 14:44:26,603956,威派格,4.96,-4.0619,5.17,5.18,4.94,5.17,113058559.0,5.17,4.53
2026-06-23T14:44:31,2026-06-23 14:44:27,000534,万泽股份,29.96,-5.0095,31.48,32.07,29.69,31.54,514163284.34,31.54,29.88
2026-06-23T14:44:31,2026-06-23 14:44:28,600183,生益科技,167.54,-9.1924,179.0,180.0,166.53,184.5,16060408972.0,184.075,169.349
2026-06-23T14:45:32,2026-06-23 14:45:30,603616,韩建河山,6.6,0.304,6.58,6.84,6.57,6.58,305840206.0,6.58,5.91
2026-06-23T14:45:32,2026-06-23 14:45:30,000839,国安股份,2.8,-4.7619,2.9,2.91,2.79,2.94,235915993.33,2.94,2.59
2026-06-23T14:45:32,2026-06-23 14:45:30,002907,华森制药,13.48,2.9794,13.02,14.32,13.02,13.09,173493388.38,13.09,12.09
2026-06-23T14:45:32,2026-06-23 14:45:30,002158,汉钟精机,32.47,-5.4455,35.2,35.4,32.0,34.34,577517161.76,34.34,31.23
2026-06-23T14:45:32,2026-06-23 14:45:29,603956,威派格,4.97,-3.8685,5.17,5.18,4.94,5.17,113146912.0,5.17,4.53
2026-06-23T14:45:32,2026-06-23 14:45:30,000534,万泽股份,29.94,-5.0729,31.48,32.07,29.69,31.54,516373100.34,31.54,29.88
2026-06-23T14:45:32,2026-06-23 14:45:28,600183,生益科技,168.13,-8.8726,179.0,180.0,166.53,184.5,16143290812.0,184.075,169.349
2026-06-23T14:46:34,2026-06-23 14:46:33,603616,韩建河山,6.61,0.4559,6.58,6.84,6.57,6.58,308036255.0,6.58,5.91
2026-06-23T14:46:34,2026-06-23 14:46:33,000839,国安股份,2.81,-4.4218,2.9,2.91,2.79,2.94,236701552.33,2.94,2.59
2026-06-23T14:46:34,2026-06-23 14:46:33,002907,华森制药,13.49,3.0558,13.02,14.32,13.02,13.09,174219334.38,13.09,12.09
2026-06-23T14:46:34,2026-06-23 14:46:33,002158,汉钟精机,32.49,-5.3873,35.2,35.4,32.0,34.34,579398449.76,34.34,31.23
2026-06-23T14:46:34,2026-06-23 14:46:32,603956,威派格,4.97,-3.8685,5.17,5.18,4.94,5.17,113332090.0,5.17,4.53
2026-06-23T14:46:34,2026-06-23 14:46:33,000534,万泽股份,29.94,-5.0729,31.48,32.07,29.69,31.54,517426623.96,31.54,29.88
2026-06-23T14:46:34,2026-06-23 14:46:31,600183,生益科技,168.11,-8.8835,179.0,180.0,166.53,184.5,16200690194.0,184.075,169.349
2026-06-23T14:47:35,2026-06-23 14:47:33,603616,韩建河山,6.6,0.304,6.58,6.84,6.57,6.58,308827581.0,6.58,5.91
2026-06-23T14:47:35,2026-06-23 14:47:33,000839,国安股份,2.81,-4.4218,2.9,2.91,2.79,2.94,237042204.33,2.94,2.59
2026-06-23T14:47:35,2026-06-23 14:47:33,002907,华森制药,13.48,2.9794,13.02,14.32,13.02,13.09,174881316.38,13.09,12.09
2026-06-23T14:47:35,2026-06-23 14:47:33,002158,汉钟精机,32.44,-5.5329,35.2,35.4,32.0,34.34,581301501.76,34.34,31.23
2026-06-23T14:47:35,2026-06-23 14:47:32,603956,威派格,4.96,-4.0619,5.17,5.18,4.94,5.17,113429908.0,5.17,4.53
2026-06-23T14:47:35,2026-06-23 14:47:33,000534,万泽股份,29.92,-5.1363,31.48,32.07,29.69,31.54,518549274.34,31.54,29.88
2026-06-23T14:47:35,2026-06-23 14:47:31,600183,生益科技,168.1,-8.8889,179.0,180.0,166.53,184.5,16268071692.0,184.075,169.349
2026-06-23T14:48:36,2026-06-23 14:48:33,603616,韩建河山,6.6,0.304,6.58,6.84,6.57,6.58,309395606.0,6.58,5.91
2026-06-23T14:48:36,2026-06-23 14:48:33,000839,国安股份,2.8,-4.7619,2.9,2.91,2.79,2.94,237468209.33,2.94,2.59
2026-06-23T14:48:36,2026-06-23 14:48:33,002907,华森制药,13.47,2.903,13.02,14.32,13.02,13.09,174966224.38,13.09,12.09
2026-06-23T14:48:36,2026-06-23 14:48:33,002158,汉钟精机,32.46,-5.4747,35.2,35.4,32.0,34.34,582830830.76,34.34,31.23
2026-06-23T14:48:36,2026-06-23 14:48:35,603956,威派格,4.97,-3.8685,5.17,5.18,4.94,5.17,113599237.0,5.17,4.53
2026-06-23T14:48:36,2026-06-23 14:48:33,000534,万泽股份,29.91,-5.168,31.48,32.07,29.69,31.54,519924993.34,31.54,29.88
2026-06-23T14:48:36,2026-06-23 14:48:34,600183,生益科技,168.04,-8.9214,179.0,180.0,166.53,184.5,16336263219.0,184.075,169.349
2026-06-23T14:49:37,2026-06-23 14:49:36,603616,韩建河山,6.6,0.304,6.58,6.84,6.57,6.58,313222355.0,6.58,5.91
2026-06-23T14:49:37,2026-06-23 14:49:36,000839,国安股份,2.8,-4.7619,2.9,2.91,2.79,2.94,237726208.33,2.94,2.59
2026-06-23T14:49:37,2026-06-23 14:49:36,002907,华森制药,13.47,2.903,13.02,14.32,13.02,13.09,175490347.38,13.09,12.09
2026-06-23T14:49:37,2026-06-23 14:49:36,002158,汉钟精机,32.47,-5.4455,35.2,35.4,32.0,34.34,586422030.76,34.34,31.23
2026-06-23T14:49:37,2026-06-23 14:49:35,603956,威派格,4.97,-3.8685,5.17,5.18,4.94,5.17,113760695.0,5.17,4.53
2026-06-23T14:49:37,2026-06-23 14:49:36,000534,万泽股份,29.93,-5.1046,31.48,32.07,29.69,31.54,521304383.34,31.54,29.88
2026-06-23T14:49:37,2026-06-23 14:49:34,600183,生益科技,167.93,-8.981,179.0,180.0,166.53,184.5,16398828543.0,184.075,169.349
2026-06-23T14:50:39,2026-06-23 14:50:36,603616,韩建河山,6.61,0.4559,6.58,6.84,6.57,6.58,315444320.0,6.58,5.91
2026-06-23T14:50:39,2026-06-23 14:50:36,000839,国安股份,2.8,-4.7619,2.9,2.91,2.79,2.94,238142335.33,2.94,2.59
2026-06-23T14:50:39,2026-06-23 14:50:36,002907,华森制药,13.48,2.9794,13.02,14.32,13.02,13.09,175825621.38,13.09,12.09
2026-06-23T14:50:39,2026-06-23 14:50:36,002158,汉钟精机,32.54,-5.2417,35.2,35.4,32.0,34.34,591288581.76,34.34,31.23
2026-06-23T14:50:39,2026-06-23 14:50:35,603956,威派格,4.97,-3.8685,5.17,5.18,4.94,5.17,114886557.0,5.17,4.53
2026-06-23T14:50:39,2026-06-23 14:50:36,000534,万泽股份,29.95,-5.0412,31.48,32.07,29.69,31.54,524129950.34,31.54,29.88
2026-06-23T14:50:39,2026-06-23 14:50:37,600183,生益科技,168.71,-8.5583,179.0,180.0,166.53,184.5,16504309799.0,184.075,169.349
2026-06-23T14:51:41,2026-06-23 14:51:39,603616,韩建河山,6.61,0.4559,6.58,6.84,6.57,6.58,316473171.0,6.58,5.91
2026-06-23T14:51:41,2026-06-23 14:51:39,000839,国安股份,2.8,-4.7619,2.9,2.91,2.79,2.94,238892089.33,2.94,2.59
2026-06-23T14:51:41,2026-06-23 14:51:39,002907,华森制药,13.49,3.0558,13.02,14.32,13.02,13.09,176088533.38,13.09,12.09
2026-06-23T14:51:41,2026-06-23 14:51:39,002158,汉钟精机,32.64,-4.9505,35.2,35.4,32.0,34.34,594778766.76,34.34,31.23
2026-06-23T14:51:41,2026-06-23 14:51:38,603956,威派格,4.97,-3.8685,5.17,5.18,4.94,5.17,115060515.0,5.17,4.53
2026-06-23T14:51:41,2026-06-23 14:51:39,000534,万泽股份,29.94,-5.0729,31.48,32.07,29.69,31.54,526052277.34,31.54,29.88
2026-06-23T14:51:41,2026-06-23 14:51:37,600183,生益科技,168.43,-8.71,179.0,180.0,166.53,184.5,16568758943.0,184.075,169.349
2026-06-23T14:52:43,2026-06-23 14:52:39,603616,韩建河山,6.62,0.6079,6.58,6.84,6.57,6.58,318532615.0,6.58,5.91
2026-06-23T14:52:43,2026-06-23 14:52:42,000839,国安股份,2.8,-4.7619,2.9,2.91,2.79,2.94,239504775.33,2.94,2.59
2026-06-23T14:52:43,2026-06-23 14:52:39,002907,华森制药,13.49,3.0558,13.02,14.32,13.02,13.09,176370440.38,13.09,12.09
2026-06-23T14:52:43,2026-06-23 14:52:39,002158,汉钟精机,32.65,-4.9214,35.2,35.4,32.0,34.34,598472359.76,34.34,31.23
2026-06-23T14:52:43,2026-06-23 14:52:41,603956,威派格,4.97,-3.8685,5.17,5.18,4.94,5.17,115284053.0,5.17,4.53
2026-06-23T14:52:43,2026-06-23 14:52:39,000534,万泽股份,29.92,-5.1363,31.48,32.07,29.69,31.54,527781553.34,31.54,29.88
2026-06-23T14:52:43,2026-06-23 14:52:40,600183,生益科技,168.46,-8.6938,179.0,180.0,166.53,184.5,16656314489.0,184.075,169.349
2026-06-23T14:53:44,2026-06-23 14:53:42,603616,韩建河山,6.61,0.4559,6.58,6.84,6.57,6.58,319863401.0,6.58,5.91
2026-06-23T14:53:44,2026-06-23 14:53:42,000839,国安股份,2.8,-4.7619,2.9,2.91,2.79,2.94,240271024.33,2.94,2.59
2026-06-23T14:53:44,2026-06-23 14:53:42,002907,华森制药,13.48,2.9794,13.02,14.32,13.02,13.09,177348000.38,13.09,12.09
2026-06-23T14:53:44,2026-06-23 14:53:42,002158,汉钟精机,32.65,-4.9214,35.2,35.4,32.0,34.34,600578337.76,34.34,31.23
2026-06-23T14:53:44,2026-06-23 14:53:41,603956,威派格,4.97,-3.8685,5.17,5.18,4.94,5.17,115635674.0,5.17,4.53
2026-06-23T14:53:44,2026-06-23 14:53:42,000534,万泽股份,29.91,-5.168,31.48,32.07,29.69,31.54,529684488.34,31.54,29.88
2026-06-23T14:53:44,2026-06-23 14:53:43,600183,生益科技,168.99,-8.4065,179.0,180.0,166.53,184.5,16723405445.0,184.075,169.349
2026-06-23T14:54:45,2026-06-23 14:54:42,603616,韩建河山,6.62,0.6079,6.58,6.84,6.57,6.58,321925940.0,6.58,5.91
2026-06-23T14:54:45,2026-06-23 14:54:42,000839,国安股份,2.8,-4.7619,2.9,2.91,2.79,2.94,241092020.33,2.94,2.59
2026-06-23T14:54:45,2026-06-23 14:54:42,002907,华森制药,13.47,2.903,13.02,14.32,13.02,13.09,178476228.38,13.09,12.09
2026-06-23T14:54:45,2026-06-23 14:54:42,002158,汉钟精机,32.6,-5.067,35.2,35.4,32.0,34.34,602075811.76,34.34,31.23
2026-06-23T14:54:45,2026-06-23 14:54:41,603956,威派格,4.97,-3.8685,5.17,5.18,4.94,5.17,115998852.0,5.17,4.53
2026-06-23T14:54:45,2026-06-23 14:54:42,000534,万泽股份,29.91,-5.168,31.48,32.07,29.69,31.54,531381761.64,31.54,29.88
2026-06-23T14:54:45,2026-06-23 14:54:43,600183,生益科技,168.91,-8.4499,179.0,180.0,166.53,184.5,16796487924.0,184.075,169.349
2026-06-23T14:55:46,2026-06-23 14:55:45,603616,韩建河山,6.62,0.6079,6.58,6.84,6.57,6.58,324715188.0,6.58,5.91
2026-06-23T14:55:46,2026-06-23 14:55:45,000839,国安股份,2.8,-4.7619,2.9,2.91,2.79,2.94,242642504.33,2.94,2.59
2026-06-23T14:55:46,2026-06-23 14:55:45,002907,华森制药,13.47,2.903,13.02,14.32,13.02,13.09,179545724.38,13.09,12.09
2026-06-23T14:55:46,2026-06-23 14:55:45,002158,汉钟精机,32.62,-5.0087,35.2,35.4,32.0,34.34,603732863.76,34.34,31.23
2026-06-23T14:55:46,2026-06-23 14:55:44,603956,威派格,4.96,-4.0619,5.17,5.18,4.94,5.17,117129478.0,5.17,4.53
2026-06-23T14:55:46,2026-06-23 14:55:45,000534,万泽股份,29.95,-5.0412,31.48,32.07,29.69,31.54,534264864.64,31.54,29.88
2026-06-23T14:55:46,2026-06-23 14:55:43,600183,生益科技,168.95,-8.4282,179.0,180.0,166.53,184.5,16867663527.0,184.075,169.349
2026-06-23T14:56:50,2026-06-23 14:56:48,603616,韩建河山,6.62,0.6079,6.58,6.84,6.57,6.58,327844361.0,6.58,5.91
2026-06-23T14:56:50,2026-06-23 14:56:48,000839,国安股份,2.8,-4.7619,2.9,2.91,2.79,2.94,244862953.33,2.94,2.59
2026-06-23T14:56:50,2026-06-23 14:56:48,002907,华森制药,13.5,3.1322,13.02,14.32,13.02,13.09,180477209.58,13.09,12.09
2026-06-23T14:56:50,2026-06-23 14:56:48,002158,汉钟精机,32.62,-5.0087,35.2,35.4,32.0,34.34,606035663.76,34.34,31.23
2026-06-23T14:56:50,2026-06-23 14:56:47,603956,威派格,4.95,-4.2553,5.17,5.18,4.94,5.17,117990199.0,5.17,4.53
2026-06-23T14:56:50,2026-06-23 14:56:48,000534,万泽股份,29.99,-4.9144,31.48,32.07,29.69,31.54,536912846.64,31.54,29.88
2026-06-23T14:56:50,2026-06-23 14:56:49,600183,生益科技,168.0,-8.9431,179.0,180.0,166.53,184.5,16969790206.0,184.075,169.349
2026-06-23T14:57:51,2026-06-23 14:57:48,603616,韩建河山,6.61,0.4559,6.58,6.84,6.57,6.58,328188719.0,6.58,5.91
2026-06-23T14:57:51,2026-06-23 14:57:45,000839,国安股份,2.81,-4.4218,2.9,2.91,2.79,2.94,245150912.33,2.94,2.59
2026-06-23T14:57:51,2026-06-23 14:57:45,002907,华森制药,13.49,3.0558,13.02,14.32,13.02,13.09,180930544.58,13.09,12.09
2026-06-23T14:57:51,2026-06-23 14:57:45,002158,汉钟精机,32.62,-5.0087,35.2,35.4,32.0,34.34,606179184.76,34.34,31.23
2026-06-23T14:57:51,2026-06-23 14:57:50,603956,威派格,4.96,-4.0619,5.17,5.18,4.94,5.17,118153155.0,5.17,4.53
2026-06-23T14:57:51,2026-06-23 14:57:45,000534,万泽股份,29.98,-4.9461,31.48,32.07,29.69,31.54,537524686.64,31.54,29.88
2026-06-23T14:57:51,2026-06-23 14:57:48,600183,生益科技,167.85,-9.0244,179.0,180.0,166.53,184.5,16981178471.0,184.075,169.349
2026-06-23T14:58:53,2026-06-23 14:58:51,603616,韩建河山,6.61,0.4559,6.58,6.84,6.57,6.58,328188719.0,6.58,5.91
2026-06-23T14:58:53,2026-06-23 14:58:48,000839,国安股份,2.81,-4.4218,2.9,2.91,2.79,2.94,245150912.33,2.94,2.59
2026-06-23T14:58:53,2026-06-23 14:58:48,002907,华森制药,13.49,3.0558,13.02,14.32,13.02,13.09,180930544.58,13.09,12.09
2026-06-23T14:58:53,2026-06-23 14:58:48,002158,汉钟精机,32.62,-5.0087,35.2,35.4,32.0,34.34,606179184.76,34.34,31.23
2026-06-23T14:58:53,2026-06-23 14:58:47,603956,威派格,4.96,-4.0619,5.17,5.18,4.94,5.17,118153155.0,5.17,4.53
2026-06-23T14:58:53,2026-06-23 14:58:48,000534,万泽股份,29.98,-4.9461,31.48,32.07,29.69,31.54,537524686.64,31.54,29.88
2026-06-23T14:58:53,2026-06-23 14:58:52,600183,生益科技,167.85,-9.0244,179.0,180.0,166.53,184.5,16981178471.0,184.075,169.349
2026-06-23T14:59:54,2026-06-23 14:59:51,603616,韩建河山,6.61,0.4559,6.58,6.84,6.57,6.58,328188719.0,6.58,5.91
2026-06-23T14:59:54,2026-06-23 14:59:51,000839,国安股份,2.81,-4.4218,2.9,2.91,2.79,2.94,245150912.33,2.94,2.59
2026-06-23T14:59:54,2026-06-23 14:59:51,002907,华森制药,13.49,3.0558,13.02,14.32,13.02,13.09,180930544.58,13.09,12.09
2026-06-23T14:59:54,2026-06-23 14:59:51,002158,汉钟精机,32.62,-5.0087,35.2,35.4,32.0,34.34,606179184.76,34.34,31.23
2026-06-23T14:59:54,2026-06-23 14:59:50,603956,威派格,4.96,-4.0619,5.17,5.18,4.94,5.17,118153155.0,5.17,4.53
2026-06-23T14:59:54,2026-06-23 14:59:51,000534,万泽股份,29.98,-4.9461,31.48,32.07,29.69,31.54,537524686.64,31.54,29.88
2026-06-23T14:59:54,2026-06-23 14:59:52,600183,生益科技,167.85,-9.0244,179.0,180.0,166.53,184.5,16981178471.0,184.075,169.349
